date,type,currency,fcy_amount,volume_kwd,gross_profit_kwd,till
2025-12-20,sell,EUR,550,197.575,-0.253,WSL030330
2025-12-20,sell,GBP,14975,6119.344,-35.388,WSL030330
2025-12-20,sell,SAR,3000000,245310.668,-209.332,WSL030330
2025-12-20,sell,USD,32000,9801.158,-19.642,WSL030330
2025-12-06,sell,JOD,4410,1901.754,-12.859,WSL030330
2025-11-29,sell,BHD,170000,138284.692,-47.669,WSL030330
2025-11-29,sell,GBP,3140,1269.506,-6.745,WSL030330
2025-11-29,sell,MAD,100000,3835.875,-149.45,WSL030330
2025-11-29,sell,SAR,350000,28618.305,-22.895,WSL030330
2025-11-29,sell,USD,16300,4991.977,-10.004,WSL030330
2025-11-23,sell,BHD,72000,58653.519,-20.218,WSL030330
2025-11-23,sell,CHF,3040,1153.398,-2.855,WSL030330
2025-11-23,sell,SAR,1000000,81886.491,-65.509,WSL030330
2025-11-23,sell,USD,74800,22941.561,-45.975,WSL030330
2025-06-21,sell,EUR,3010,1053.963,-8.485,WSL010420
2025-06-21,sell,GBP,2950,1209.12,-6.508,WSL010420
2025-06-21,sell,IQD,250000000,55764.8,-2045.2,WSL010420
2025-06-21,sell,SAR,1000000,81597.87,-108.8,WSL010420
2025-06-21,sell,USD,6600,2018.802,-3.438,WSL010420
2025-05-19,sell,EUR,50000,17245.409,55.323,WSL030330
2025-05-19,sell,SAR,4500000,368456.456,127.541,WSL030330
2025-05-19,sell,USD,83300,25545.93,-56.325,WSL030330
2025-05-12,sell,CHF,9800,3587.688,-21.076,WSL030330
2025-05-12,sell,EUR,17000,5835.082,-28.196,WSL030330
2025-05-12,sell,GBP,10000,4063.594,-20.272,WSL030330
2025-05-12,sell,SAR,3000000,245477.795,84.995,WSL030330
2025-05-04,sell,BHD,7,5.694,-0.003,WSL030330
2025-05-04,sell,GBP,8000,3240.864,-19.396,WSL030330
2025-05-04,sell,SAR,4500000,367916.989,127.354,WSL030330
2025-05-04,sell,USD,1500,459.199,-1.151,WSL030330
2025-02-15,sell,SAR,3700000,304595.711,-81.159,WSL030330
2025-02-09,sell,CHF,200,67.277,-0.629,WSL030330
2025-02-09,sell,EUR,1320,417.806,-3.302,WSL030330
2025-02-09,sell,GBP,60,22.836,-0.159,WSL030330
2025-02-09,sell,SAR,4000000,329070.759,-96.481,WSL030330
2025-02-09,sell,SAR,5000000,411316.533,-142.517,WSL030330
2025-02-04,sell,BHD,1000,818.579,-0.391,WSL030330
2025-02-04,sell,SAR,5000000,411383.132,-142.518,WSL030330
2025-01-04,sell,CHF,7710,2597.385,-16.857,WSL030330
2025-01-04,sell,IQD,235000000,50585.719,-1570.181,WSL030330
2025-01-04,sell,IQD,465000000,99905.366,-3296.734,WSL030330
2025-12-31,sell,USD,200000,61600,42,WSL030330
2025-12-31,sell,EUR,10000,3626.5,15.2,WSL030330
2025-12-31,sell,RUB,155000,616.9,-27.795,WSL030330
2025-12-31,sell,GEL,10000,1162,-35.626,WSL030330
2025-12-31,buy,AED,110,9.102,0.091,WSL030330
2025-12-31,buy,BHD,100,80.616,1,WSL030330
2025-12-31,buy,EUR,2070,672.75,75.044,WSL030330
2025-12-31,buy,QAR,6000,500.766,4.913,WSL030330
2025-12-31,buy,SAR,1000,79.5,2.577,WSL030330
2025-12-31,buy,USD,2420,730.84,14.012,WSL030330
2025-12-31,sell,USD,100000,30850,71,WSL030330
2025-12-31,sell,EUR,100000,36300,174.688,WSL030330
2025-12-30,sell,RUB,300000,1200,-47.796,WSL010420
2025-12-30,sell,USD,300000,92325,195,WSL030330
2025-12-30,sell,USD,50000,15387.5,32.5,WSL010420
2025-12-30,sell,BDT,100000,260,-9.388,WSL030330
2025-12-30,sell,THB,100000,990,-8.689,WSL030330
2025-12-30,sell,USD,50000,15400,45,WSL010420
2025-12-30,sell,VND,240000000,2796,-9.6,WSL030330
2025-12-30,sell,EUR,5000,1812.5,5.063,WSL030330
2025-12-30,sell,GBP,5000,2086.25,12.097,WSL010420
2025-12-30,sell,THB,500000,4950,-43.445,WSL030330
2025-12-30,sell,TRY,500000,3725,-187.1,WSL030330
2025-12-30,sell,EUR,20000,7260,27.181,WSL030330
2025-12-30,sell,GBP,20000,8320,17.244,WSL030330
2025-12-30,sell,USD,50000,15410,55,WSL030330
2025-12-30,sell,EGP,400000,2748,-225.956,WSL030330
2025-12-30,sell,INR,6000000,20580,-720.48,WSL030330
2025-12-30,sell,TRY,500000,3635,-277.1,WSL030330
2025-12-30,buy,AED,400000,33466.83,-58.03,WSL030330
2025-12-30,buy,BHD,5000,4070.785,0.863,WSL030330
2025-12-30,buy,CHF,10000,3897.208,-3.459,WSL030330
2025-12-30,buy,EGP,3000000,20564.733,1739.937,WSL030330
2025-12-30,buy,INR,6000000,20473.332,827.148,WSL030330
2025-12-30,buy,LKR,1000000,1062.63,74.78,WSL030330
2025-12-29,buy,BHD,3500,2838.5,11.654,WSL010420
2025-12-29,sell,USD,10000,3084,13,WSL030330
2025-12-29,sell,USD,17000,5237.7,17,WSL030330
2025-12-29,sell,EGP,10000,68.65,-5.699,WSL030330
2025-12-29,sell,RUB,75000,299.25,-11.645,WSL030330
2025-12-29,sell,JOD,5000,2176.25,6.761,WSL030330
2025-12-29,sell,THB,200000,1988,-7.102,WSL030330
2025-12-29,sell,USD,30000,9228,25.5,WSL030330
2025-12-29,sell,EGP,200000,1380,-105.284,WSL010420
2025-12-29,sell,TRY,600000,4359,-330.174,WSL010420
2025-12-29,sell,USD,20000,6164,29,WSL010420
2025-12-29,sell,USD,50000,15395,57.5,WSL010420
2025-12-29,sell,THB,900000,8941.5,-36.459,WSL030330
2025-12-29,sell,NPR,200000,470,-32.868,WSL030330
2025-12-29,sell,EUR,7500,2719.5,10.974,WSL030330
2025-12-29,sell,USD,9700,2985.66,10.185,WSL030330
2025-12-29,sell,USD,9700,2986.63,11.155,WSL030330
2025-12-29,sell,USD,9700,2986.63,11.155,WSL030330
2025-12-29,sell,BDT,100000,260,-9.081,WSL030330
2025-12-29,sell,GEL,10000,1160,-33.58,WSL030330
2025-12-29,sell,RUB,60000,239.4,-9.316,WSL030330
2025-12-29,sell,THB,200000,1986,-9.102,WSL030330
2025-12-29,sell,EUR,200000,72600,433.996,WSL030330
2025-12-29,sell,GBP,100000,41600,188.75,WSL030330
2025-12-29,sell,USD,200000,61590,240,WSL030330
2025-12-29,sell,CHF,30000,11910,261.266,WSL030330
2025-12-29,sell,CHF,100000,39700,870.886,WSL030330
2025-12-29,buy,CHF,38000,14864.308,-109.245,WSL030330
2025-12-28,buy,CHF,85000,33171.25,-128.86,WSL030330
2025-12-28,buy,USD,200000,61500,-150,WSL030330
2025-12-28,sell,JPY,300000,596.1,8.157,WSL030330
2025-12-28,sell,THB,500000,4975,-12.755,WSL030330
2025-12-28,buy,SAR,35575,2908.256,1.779,WSL030330
2025-12-28,buy,KRW,3000000,341.7,297.75,WSL030330
2025-12-28,sell,KRW,3000000,641.7,2.25,WSL030330
2025-12-28,sell,USD,9700,2981.78,6.305,WSL030330
2025-12-28,sell,USD,5350,1646.463,5.351,WSL030330
2025-12-28,sell,USD,12702,3909.104,12.766,WSL030330
2025-12-28,sell,USD,19496,5999.894,19.496,WSL030330
2025-12-28,sell,PHP,100000,539,-28.794,WSL030330
2025-12-28,sell,USD,14278,4393.999,14.223,WSL030330
2025-12-28,sell,BDT,100000,259,-10.081,WSL030330
2025-12-28,sell,GEL,10000,1160,-33.58,WSL030330
2025-12-28,sell,TRY,400000,2906,-220.116,WSL010420
2025-12-28,sell,EGP,80000,551.2,-42.914,WSL030330
2025-12-28,sell,INR,100000,342,-12.603,WSL030330
2025-12-28,sell,JOD,10000,4350,11.021,WSL030330
2025-12-28,sell,SAR,80000,6556,12,WSL030330
2025-12-28,sell,TRY,40000,290.4,-22.212,WSL030330
2025-12-28,sell,USD,20000,6154,19,WSL010420
2025-12-28,sell,GBP,100000,41600,173.412,WSL030330
2025-12-28,sell,USD,250000,77037.5,350,WSL030330
2025-12-28,sell,RUB,300000,1182,-61.581,WSL030330
2025-12-28,buy,EUR,300000,108405.45,-9.204,WSL030330
2025-12-28,buy,GBP,250000,103643.156,-76.686,WSL030330
2025-12-28,buy,KWD,25000,24930.917,69.083,WSL030330
2025-12-28,buy,MAD,200000,7303.571,663.961,WSL030330
2025-12-28,buy,TRY,10000000,72295.55,5857.35,WSL030330
2025-12-28,buy,USD,580000,177915,0,WSL030330
2025-12-27,buy,USD,150000,46147.5,-135,WSL030330
2025-12-27,sell,JPY,1000000,1985,25.19,WSL030330
2025-12-27,sell,LKR,1100000,1188,-61.721,WSL010420
2025-12-27,sell,TRY,500000,3635,-272.645,WSL030330
2025-12-27,sell,USD,7000,2261,113.75,WSL030330
2025-12-27,sell,BDT,200000,515,-23.162,WSL030330
2025-12-27,sell,EGP,200000,1380,-105.284,WSL030330
2025-12-27,sell,USD,40000,12310,40,WSL030330
2025-12-27,sell,JOD,5000,2173.75,4.261,WSL030330
2025-12-27,sell,TRY,300000,2181,-163.587,WSL030330
2025-12-27,sell,EGP,200000,1378,-107.284,WSL030330
2025-12-27,sell,IDR,10000000,190,-11.1,WSL030330
2025-12-27,sell,KRW,3000000,341.7,-297.75,WSL030330
2025-12-27,sell,SGD,3000,718.5,1.739,WSL030330
2025-12-27,sell,TRY,50000,363.5,-27.264,WSL030330
2025-12-27,sell,INR,200000,686,-23.206,WSL010420
2025-12-27,sell,USD,60000,18462,57,WSL010420
2025-12-27,sell,THB,500000,4970,-17.755,WSL010420
2025-12-27,sell,USD,60000,18465,60,WSL010420
2025-12-27,sell,USD,13085,4027,13.176,WSL030330
2025-12-27,sell,AED,70000,5846.4,-0.14,WSL030330
2025-12-27,sell,PHP,200000,1084,-51.588,WSL030330
2025-12-27,sell,RUB,500000,1970,-102.635,WSL030330
2025-12-27,sell,USD,9703,2986.098,9.703,WSL030330
2025-12-27,sell,USD,48996,15078.519,48.996,WSL030330
2025-12-27,sell,TRY,200000,1456,-107.058,WSL030330
2025-12-27,sell,USD,11000,3385.25,11,WSL030330
2025-12-27,sell,CNY,20000,888,5.266,WSL010420
2025-12-27,sell,EGP,200000,1376,-109.284,WSL010420
2025-12-27,sell,INR,100000,343,-11.603,WSL010420
2025-12-27,sell,TRY,200000,1456,-107.058,WSL030330
2025-12-27,sell,USD,10000,3077.5,10,WSL030330
2025-12-27,sell,USD,9700,2984.205,8.73,WSL030330
2025-12-27,sell,THB,500000,4950,-37.755,WSL030330
2025-12-27,sell,EUR,20000,7252,25.584,WSL030330
2025-12-27,sell,USD,50000,15387.5,50,WSL030330
2025-12-27,sell,EUR,80000,29008,102.334,WSL030330
2025-12-27,sell,GBP,40000,16636,65.365,WSL030330
2025-12-27,buy,EUR,100000,36252.18,-120.098,WSL030330
2025-12-27,buy,EUR,100000,36258.33,-126.248,WSL030330
2025-12-27,sell,NPR,200000,464,-38.868,WSL010420
2025-12-27,buy,AED,500000,41768.791,-7.791,WSL030330
2025-12-27,buy,BDT,1000000,2540.373,150.437,WSL030330
2025-12-27,buy,CNY,200000,8833.695,-6.357,WSL030330
2025-12-27,buy,KWD,16498,16452.411,45.589,WSL030330
2025-12-27,buy,PHP,2000000,10744.308,611.572,WSL030330
2025-12-27,buy,RUB,1000000,3907.643,237.627,WSL030330
2025-12-27,buy,RUB,1400000,5368.125,435.253,WSL030330
2025-12-27,buy,THB,10000000,98728.68,1026.42,WSL030330
2025-12-25,sell,EUR,10000,3627.5,11.838,WSL010420
2025-12-25,sell,IDR,30000000,562.5,-40.8,WSL010420
2025-12-25,sell,USD,9700,2985.175,9.7,WSL010420
2025-12-25,buy,USD,150000,46147.5,-135,WSL030330
2025-12-25,sell,USD,160000,49240,160,WSL030330
2025-12-25,sell,USD,150000,46147.5,135,WSL030330
2025-12-25,sell,THB,5000000,49500,262,WSL030330
2025-12-25,sell,USD,50000,15387.5,31,WSL010420
2025-12-25,sell,AZN,10000,1828,-67.864,WSL010420
2025-12-25,sell,AZN,100000,18250,-708.642,WSL030330
2025-12-25,sell,GEL,100000,11570,-380.584,WSL030330
2025-12-25,sell,INR,2000000,6850,-250.84,WSL030330
2025-12-25,sell,USD,13600,4185.4,8.432,WSL030330
2025-12-25,sell,RUB,624910,2462.145,-131.488,WSL010420
2025-12-25,sell,BDT,200000,518,-20.828,WSL030330
2025-12-25,buy,EGP,4000000,27433.6,2308.88,WSL030330
2025-12-25,sell,EGP,43000,296.7,-23.032,WSL030330
2025-12-25,sell,USD,10000,3077.5,6.2,WSL030330
2025-12-25,sell,USD,21680,6672.02,13.442,WSL030330
2025-12-25,sell,USD,7220,2221.955,4.476,WSL030330
2025-12-25,sell,EUR,15000,5441.25,11.038,WSL030330
2025-12-25,sell,GBP,10000,4163,9.374,WSL030330
2025-12-25,sell,JOD,10000,4349,4.646,WSL030330
2025-12-25,sell,THB,500000,4970,40.105,WSL030330
2025-12-25,sell,USD,64490,19846.752,39.938,WSL030330
2025-12-25,sell,SAR,15000,1231.5,2.98,WSL010420
2025-12-25,sell,USD,60000,18489,61.2,WSL010420
2025-12-25,sell,USD,100000,30775,62,WSL010420
2025-12-25,sell,USD,150000,46147.5,78,WSL030330
2025-12-25,buy,GBP,40000,16590,23.276,WSL010420
2025-12-25,sell,HUF,195500,183.77,2.115,WSL030330
2025-12-24,sell,QAR,200000,16860,34.152,WSL010420
2025-12-24,sell,IDR,50000000,940,-67.5,WSL010420
2025-12-24,sell,USD,20000,6151,6.2,WSL010420
2025-12-24,sell,EUR,10000,3629,7.562,WSL030330
2025-12-24,sell,INR,200000,684,-26.338,WSL030330
2025-12-24,sell,THB,100000,993,6.667,WSL030330
2025-12-24,sell,TRY,200000,1452,-113.554,WSL030330
2025-12-24,sell,USD,10000,3074.5,2.1,WSL030330
2025-12-24,sell,CNY,50000,2212.5,3.651,WSL010420
2025-12-24,sell,EGP,500000,3445,-271.6,WSL010420
2025-12-24,sell,TRY,800000,5816,-441.936,WSL010420
2025-12-24,sell,USD,50000,15377.5,26,WSL010420
2025-12-24,sell,EGP,200000,1376,-110.64,WSL010420
2025-12-24,sell,EUR,10000,3630,7.967,WSL030330
2025-12-24,sell,USD,40000,12302,20.8,WSL030330
2025-12-24,sell,USD,10000,3080,9.7,WSL030330
2025-12-24,sell,USD,40000,12302,20.8,WSL030330
2025-12-24,sell,USD,50000,15377.5,26,WSL030330
2025-12-24,sell,EGP,400000,2756,-217.28,WSL030330
2025-12-24,sell,JOD,5000,2173,1.53,WSL030330
2025-12-24,sell,CNY,50000,2210,1.151,WSL010420
2025-12-24,sell,USD,50000,15375,23.5,WSL010420
2025-12-24,sell,INR,50000,171.75,-5.714,WSL030330
2025-12-24,sell,JOD,7000,3042.2,2.142,WSL030330
2025-12-24,sell,USD,70000,21528.5,36.4,WSL030330
2025-12-24,sell,THB,200000,1988,16.684,WSL030330
2025-12-24,sell,USD,20000,6151,10.4,WSL030330
2025-12-24,sell,MYR,39500,2998.05,89.732,WSL030330
2025-12-24,sell,EUR,10000,3628,6.581,WSL030330
2025-12-24,sell,USD,50000,15375,23.5,WSL030330
2025-12-24,sell,EUR,10000,3631.5,10.081,WSL030330
2025-12-24,sell,JOD,10000,4346,3.061,WSL030330
2025-12-24,sell,USD,36431,11204.5,19.09,WSL030330
2025-12-24,sell,CNY,10000,442,0.23,WSL030330
2025-12-24,sell,GEL,10000,1158,-36.669,WSL030330
2025-12-24,sell,USD,20000,6151,10.4,WSL010420
2025-12-24,sell,EUR,50000,18150,32.16,WSL030330
2025-12-24,sell,GBP,40000,16640,28.449,WSL030330
2025-12-24,sell,USD,500000,153950,435,WSL030330
2025-12-24,buy,JOD,100000,43383.339,46.055,WSL030330
2025-12-24,buy,KWD,45000,44931.219,68.781,WSL030330
2025-12-24,buy,SAR,100000,8184.193,3.274,WSL030330
2025-12-24,buy,SAR,1000000,81831.023,43.647,WSL030330
2025-12-24,buy,USD,500000,153515,0,WSL030330
2025-12-24,buy,USD,700000,215221.889,-300.889,WSL030330
2025-12-23,sell,JPY,122000,242.8,3.331,WSL030330
2025-12-23,sell,JOD,10000,4346.5,3.561,WSL010420
2025-12-23,sell,USD,50000,15385,33.5,WSL010420
2025-12-23,sell,EGP,100000,690,-53.368,WSL030330
2025-12-23,sell,PKR,100000,110,-12.82,WSL030330
2025-12-23,sell,THB,200000,1974,2.554,WSL030330
2025-12-23,sell,TRY,200000,1452,-112.586,WSL030330
2025-12-23,sell,EGP,100000,690,-53.368,WSL030330
2025-12-23,sell,TRY,300000,2172,-174.879,WSL010420
2025-12-23,sell,USD,50000,15385,32.5,WSL010420
2025-12-23,sell,USD,50000,15382.5,30,WSL010420
2025-12-23,sell,THB,300000,2964,6.831,WSL030330
2025-12-23,sell,TRY,400000,2908,-221.172,WSL030330
2025-12-23,sell,USD,9750,2999.6,5.862,WSL010420
2025-12-23,sell,USD,80000,24640,76,WSL030330
2025-12-23,sell,BDT,400000,1032,-45.376,WSL030330
2025-12-23,sell,USD,9873,3038.001,6.496,WSL030330
2025-12-23,sell,USD,8000,2461.6,5.2,WSL030330
2025-12-23,sell,USD,40000,12308,26,WSL030330
2025-12-23,sell,USD,9600,2953.92,6.24,WSL030330
2025-12-23,sell,EUR,30000,10867.5,23.722,WSL030330
2025-12-23,sell,USD,50000,15397.5,45,WSL030330
2025-12-23,sell,AED,700000,58548,63,WSL030330
2025-12-23,sell,EGP,1000000,6890,-543.68,WSL030330
2025-12-23,sell,EUR,250000,90250,-153.195,WSL030330
2025-12-23,sell,GBP,50000,20670,-45.128,WSL030330
2025-12-23,sell,INR,8000000,27400,-996,WSL030330
2025-12-23,sell,JOD,50000,21735,18.889,WSL030330
2025-12-23,sell,PHP,1000000,5370,-313.5,WSL030330
2025-12-23,sell,SAR,800000,65624,120,WSL030330
2025-12-23,sell,THB,1500000,14775,-10.845,WSL030330
2025-12-23,sell,TRY,1500000,10897.5,-836.895,WSL030330
2025-12-23,sell,USD,2000000,616400,2300,WSL030330
2025-12-23,buy,AED,150000,12542.892,-10.392,WSL030330
2025-12-23,buy,AUD,40,8.069,0.119,WSL030330
2025-12-23,buy,INR,10000000,34041.02,1453.98,WSL030330
2025-12-23,buy,PHP,1000000,5353.967,329.533,WSL030330
2025-12-23,buy,QAR,100000,8389.344,18.378,WSL030330
2025-12-23,buy,RUB,608000,2333.58,189.207,WSL030330
2025-12-23,buy,SAR,400000,32734.542,17.458,WSL030330
2025-12-23,buy,THB,2000000,19657.49,56.97,WSL030330
2025-12-23,buy,USD,500000,153970,-445,WSL030330
2025-12-23,buy,AED,800000,66922.762,-82.762,WSL030330
2025-12-23,buy,AZN,150000,27333.828,1096.728,WSL030330
2025-12-23,buy,EGP,1500000,10280.692,869.828,WSL030330
2025-12-23,buy,EUR,200000,72138.327,184.229,WSL030330
2025-12-23,buy,GBP,50000,20641.436,73.692,WSL030330
2025-12-23,buy,SAR,500000,40940,0,WSL030330
2025-12-23,buy,USD,400000,122820,0,WSL030330
2025-12-22,sell,USD,60000,18450,24,WSL030330
2025-12-22,sell,THB,500000,4920,-7.97,WSL030330
2025-12-22,sell,AED,200000,16728,-1,WSL030330
2025-12-22,sell,BDT,200000,518,-20.618,WSL030330
2025-12-22,sell,USD,100000,30750,49,WSL030330
2025-12-22,sell,AED,33000,2760.12,-0.165,WSL030330
2025-12-22,sell,EUR,15000,5412.75,11.37,WSL010420
2025-12-22,sell,AED,100000,8364,-0.5,WSL010420
2025-12-22,sell,CNY,30000,1323,-2.223,WSL010420
2025-12-22,sell,JOD,10000,4348,5.344,WSL010420
2025-12-22,sell,USD,20000,6150,9.8,WSL010420
2025-12-22,sell,TRY,100000,726.5,-55.691,WSL010420
2025-12-22,sell,USD,50000,15380,29.5,WSL030330
2025-12-22,sell,BDT,100000,258,-11.309,WSL030330
2025-12-22,sell,USD,36000,11070,17.64,WSL030330
2025-12-22,sell,AED,30000,2509.2,-0.15,WSL030330
2025-12-22,sell,EGP,60000,413.4,-32.563,WSL030330
2025-12-22,sell,EUR,10000,3608.5,7.273,WSL030330
2025-12-22,sell,USD,250000,76862.5,110,WSL030330
2025-12-22,sell,PKR,100000,109,-13.804,WSL030330
2025-12-22,sell,USD,16350,5029.252,9.638,WSL030330
2025-12-22,sell,USD,10000,3076,5.9,WSL030330
2025-12-22,sell,AED,130000,10873.2,-0.65,WSL030330
2025-12-22,sell,EUR,5000,1802.5,3.268,WSL030330
2025-12-22,sell,GBP,50000,20650,69.584,WSL030330
2025-12-22,sell,USD,30000,9226.5,16.2,WSL010420
2025-12-22,buy,EUR,100000,36006.133,-30.701,WSL030330
2025-12-22,buy,GBP,74000,30511.268,-70.428,WSL030330
2025-12-22,buy,JOD,150000,65070.769,69.077,WSL030330
2025-12-22,buy,KWD,30000,29966.813,33.187,WSL030330
2025-12-22,buy,QAR,700000,58878.63,-32.241,WSL030330
2025-12-22,buy,USD,300000,92231.944,-128.944,WSL030330
2025-12-22,buy,USD,2000000,614020,0,WSL030330
2025-12-22,buy,EUR,100000,36003.063,-27.631,WSL030330
2025-12-21,sell,AZN,10000,1827.5,-67.624,WSL010420
2025-12-21,sell,INR,100000,343,-11.904,WSL010420
2025-12-21,sell,THB,200000,1960,-11.188,WSL010420
2025-12-21,sell,TRY,179100,1298.475,-102.384,WSL030330
2025-12-21,sell,INR,800000,2748,-91.136,WSL010420
2025-12-21,sell,AED,50000,4181.5,-0.75,WSL030330
2025-12-21,sell,BHD,1600,1302.88,0.377,WSL030330
2025-12-21,sell,EUR,10000,3603,4.96,WSL030330
2025-12-21,sell,GBP,4000,1648.8,4.262,WSL030330
2025-12-21,sell,PHP,100000,539,-29.257,WSL030330
2025-12-21,sell,AZN,20000,3656,-134.123,WSL010420
2025-12-21,sell,CNY,50000,2202.5,-6.133,WSL010420
2025-12-21,sell,TRY,300000,2176.5,-169.998,WSL010420
2025-12-21,sell,USD,20000,6153,13,WSL010420
2025-12-21,sell,USD,60000,18441,21,WSL010420
2025-12-21,sell,AED,100000,8364,-0.5,WSL030330
2025-12-21,sell,USD,50000,15370,20,WSL030330
2025-12-21,sell,USD,100000,30730,30,WSL030330
2025-12-21,sell,TRY,300000,2176.5,-169.998,WSL030330
2025-12-21,sell,TRY,300000,2172,-174.498,WSL010420
2025-12-21,sell,USD,30000,9219,9,WSL010420
2025-12-21,sell,THB,260000,2548,-14.461,WSL030330
2025-12-21,sell,TRY,1000000,7255,-566.66,WSL010420
2025-12-21,sell,USD,57000,17568.5,69.5,WSL010420
2025-12-21,sell,USD,9700,2981.295,3.395,WSL030330
2025-12-21,sell,USD,9700,2981.295,3.395,WSL030330
2025-12-21,sell,USD,37244,11447,13.092,WSL030330
2025-12-21,sell,USD,11100,3411.585,3.885,WSL030330
2025-12-21,sell,USD,14798,4548.165,5.179,WSL030330
2025-12-21,sell,AED,50000,4181.5,-0.75,WSL030330
2025-12-21,sell,EUR,10000,3604.5,6.46,WSL030330
2025-12-21,sell,INR,200000,688,-21.784,WSL030330
2025-12-21,sell,TRY,200000,1452,-112.332,WSL030330
2025-12-21,sell,USD,70000,21514.5,24.5,WSL030330
2025-12-21,buy,EUR,100000,35983.47,-3.07,WSL030330
2025-12-21,sell,EGP,250000,1720,-138.118,WSL030330
2025-12-21,sell,IQD,300000,68.4,-1.107,WSL030330
2025-12-21,sell,USD,2000,655,41,WSL010420
2025-12-21,sell,USD,510000,156901.5,331.5,WSL030330
2025-12-21,buy,AED,1500000,125367.646,58.979,WSL030330
2025-12-21,buy,INR,7000000,23909.851,924.469,WSL030330
2025-12-21,buy,KWD,8044,8028.304,15.696,WSL030330
2025-12-21,buy,THB,4000000,39132.928,276.712,WSL030330
2025-12-20,sell,RUB,450000,1746,-120.285,WSL010420
2025-12-20,sell,USD,2000,649,35.2,WSL010420
2025-12-20,buy,BHD,3500,2838.5,9.798,WSL010420
2025-12-20,sell,AED,25000,2090,0.225,WSL010420
2025-12-20,sell,AED,40000,3346,2.36,WSL030330
2025-12-20,sell,QAR,80000,6742.4,19.509,WSL030330
2025-12-20,sell,EUR,10000,3605,8.132,WSL030330
2025-12-20,sell,TRY,60000,435,-34.147,WSL030330
2025-12-20,sell,USD,43000,13218.2,21.5,WSL030330
2025-12-20,sell,EUR,10000,3604.5,7.632,WSL030330
2025-12-20,sell,JOD,15000,6516.75,5.099,WSL030330
2025-12-20,sell,RUB,50000,194.5,-12.865,WSL030330
2025-12-20,sell,SAR,200000,16388,20,WSL030330
2025-12-20,sell,PKR,50000,54.25,-7.13,WSL030330
2025-12-20,sell,RUB,170000,661.3,-43.741,WSL030330
2025-12-20,sell,THB,100000,980,2.309,WSL010420
2025-12-20,sell,TRY,200000,1450,-113.822,WSL010420
2025-12-20,sell,CNY,100000,4402.5,-13.327,WSL030330
2025-12-20,sell,EGP,600000,4128,-330.03,WSL030330
2025-12-20,sell,JOD,10000,4344,2.9,WSL030330
2025-12-20,sell,MYR,20000,1514,42.058,WSL030330
2025-12-20,sell,TRY,600000,4350,-341.466,WSL030330
2025-12-20,sell,USD,100000,30740,50,WSL030330
2025-12-20,sell,EUR,50000,18022.5,38.16,WSL030330
2025-12-20,sell,USD,50000,15395,50,WSL030330
2025-12-20,buy,USD,10000,3077.675,-8.675,WSL030330
2025-12-20,buy,USD,10000,3162.1,-93.1,WSL030330
2025-12-20,sell,USD,50000,15355,10,WSL010420
2025-12-20,buy,BHD,15000,12195,11.99,WSL010420
2025-12-20,sell,EUR,8300,2992.15,6.75,WSL010420
2025-12-20,sell,USD,19500,5994.3,9.75,WSL010420
2025-12-20,sell,EUR,100000,36075,106.32,WSL030330
2025-12-20,buy,CHF,20000,7749.022,-27.296,WSL030330
2025-12-20,buy,CNY,500000,21968.504,110.631,WSL030330
2025-12-20,buy,EUR,100000,35971.749,-3.069,WSL030330
2025-12-20,buy,EUR,100000,36073.026,-104.346,WSL030330
2025-12-20,buy,JPY,1000000,1985.637,-38.057,WSL030330
2025-12-20,buy,KWD,21905.5,21862.758,42.742,WSL030330
2025-12-20,buy,USD,1000000,307391.04,-491.04,WSL030330
2025-12-20,buy,EGP,2000000,13700.892,1159.208,WSL030330
2025-12-20,buy,KWD,75000,74914.565,85.435,WSL030330
2025-12-20,buy,TRY,10000000,72347.95,5843.15,WSL030330
2025-12-18,sell,GBP,15,6,-0.178,WSL030330
2025-12-18,sell,MYR,20000,1508,36.058,WSL030330
2025-12-18,sell,PHP,200000,1080,-56.144,WSL030330
2025-12-18,sell,AED,40000,3344,0.36,WSL010420
2025-12-18,sell,CAD,5000,1117,3.106,WSL010420
2025-12-18,sell,THB,500000,4890,1.545,WSL010420
2025-12-18,sell,PHP,200000,1080,-56.328,WSL030330
2025-12-18,sell,USD,50000,15355,7.5,WSL030330
2025-12-18,sell,AED,50000,4179.5,-0.05,WSL030330
2025-12-18,sell,AED,50000,4180,0.45,WSL030330
2025-12-18,sell,AZN,10000,1826,-68.753,WSL030330
2025-12-18,sell,BHD,3000,2442,0.204,WSL030330
2025-12-18,sell,RUB,500000,1940,-133.985,WSL030330
2025-12-18,sell,THB,300000,2931,-2.553,WSL030330
2025-12-18,sell,THB,500000,4890,0.745,WSL030330
2025-12-18,sell,TRY,300000,2173.5,-184.632,WSL030330
2025-12-18,sell,USD,20000,6142,3,WSL030330
2025-12-18,sell,USD,50000,15355,7.5,WSL030330
2025-12-18,sell,USD,50000,15355,7.5,WSL030330
2025-12-18,sell,USD,60000,18426,9,WSL030330
2025-12-18,sell,JOD,5000,2171.25,0.346,WSL030330
2025-12-18,sell,TRY,130000,941.85,-80.007,WSL030330
2025-12-18,sell,USD,20000,6142,3,WSL030330
2025-12-18,sell,EUR,20000,7220,25.092,WSL030330
2025-12-18,sell,USD,130000,39910,6.5,WSL030330
2025-12-18,sell,EGP,100000,688,-55.126,WSL010420
2025-12-18,sell,THB,200000,1956,0.298,WSL010420
2025-12-18,sell,TRY,300000,2173.5,-184.632,WSL010420
2025-12-18,sell,USD,30000,9213,4.5,WSL010420
2025-12-18,sell,EGP,200000,1378,-108.252,WSL010420
2025-12-18,sell,TRY,300000,2173.5,-184.632,WSL010420
2025-12-18,sell,USD,20000,6152,13,WSL010420
2025-12-18,sell,USD,50000,15355,7.5,WSL010420
2025-12-18,sell,THB,400000,3912,0.596,WSL030330
2025-12-18,sell,USD,150000,46065,22.5,WSL030330
2025-12-18,sell,THB,300000,2931,-2.553,WSL010420
2025-12-18,sell,USD,100000,30710,15,WSL010420
2025-12-18,sell,EUR,50000,18050,39.709,WSL010420
2025-12-18,sell,USD,30000,9213,4.5,WSL010420
2025-12-18,sell,USD,100000,30710,15,WSL030330
2025-12-18,sell,USD,20000,6142,3,WSL030330
2025-12-18,buy,USD,27000,8221.5,66.15,WSL030330
2025-12-18,sell,EGP,100000,689,-54.126,WSL030330
2025-12-18,sell,EUR,5000,1805,3.971,WSL030330
2025-12-18,sell,AZN,10000,1825,-69.753,WSL030330
2025-12-18,sell,GEL,10000,1154,-40.358,WSL030330
2025-12-18,sell,AED,16000,1337.44,-0.016,WSL030330
2025-12-18,sell,USD,30000,9213,4.5,WSL010420
2025-12-18,sell,EUR,30000,10836,21.538,WSL030330
2025-12-18,sell,AUD,90000,18152.91,-107.546,WSL030330
2025-12-18,sell,IQD,165000000,37383.72,-840.18,WSL030330
2025-12-18,sell,SAR,100000,8191.035,5.702,WSL030330
2025-12-18,buy,AUD,51365,10324.365,97.283,WSL030330
2025-12-18,buy,GBP,5610,2244,58.989,WSL030330
2025-12-18,buy,IQD,165000000,36960,1263.9,WSL030330
2025-12-18,buy,USD,3400,1035.3,8.33,WSL030330
2025-12-18,sell,EUR,200000,72200,103.584,WSL010420
2025-12-18,buy,EUR,200000,72100,-3.584,WSL010420
2025-12-18,buy,CAD,30000,6688.803,-1.925,WSL030330
2025-12-18,buy,EUR,40000,14429.785,-10.502,WSL030330
2025-12-18,buy,JOD,150000,65038.977,88.14,WSL030330
2025-12-18,buy,PKR,1000000,1058.138,169.662,WSL030330
2025-12-18,buy,RUB,385000,1476.764,120.204,WSL030330
2025-12-18,buy,SAR,300000,24538.985,17.014,WSL030330
2025-12-18,buy,USD,500000,153644.802,-169.802,WSL030330
2025-12-18,buy,USD,1000000,306860,90,WSL030330
2025-12-18,sell,USD,19258,5914.001,2.758,WSL030330
2025-12-18,sell,TRY,122000,883.89,-75.084,WSL030330
2025-12-18,sell,AED,110000,9194.9,-0.11,WSL030330
2025-12-18,sell,JPY,300000,596.1,5.28,WSL030330
2025-12-18,sell,EUR,50000,18050,24.361,WSL030330
2025-12-18,sell,USD,300000,92250,165,WSL030330
2025-12-18,sell,AZN,5000,915,-32.377,WSL010420
2025-12-18,sell,CNY,30000,1320,-1.162,WSL010420
2025-12-18,buy,AED,200000,16713.507,-0.907,WSL030330
2025-12-18,buy,BDT,1000000,2546.554,145.226,WSL030330
2025-12-18,buy,BHD,22600,18370.956,18.511,WSL030330
2025-12-18,buy,KWD,1651,1648.1,2.9,WSL030330
2025-12-18,buy,PHP,3000000,16010.082,1029.858,WSL030330
2025-12-18,buy,QAR,150000,12610.685,-6.907,WSL030330
2025-12-18,buy,CHF,5200,2017.6,-10.718,WSL030330
2025-12-17,buy,AUD,41830,8407.83,80.586,WSL030330
2025-12-17,sell,TRY,200000,1450,-121.626,WSL010420
2025-12-17,sell,RUB,300000,1167,-77.028,WSL010420
2025-12-17,sell,AED,24000,2005.92,0.408,WSL010420
2025-12-17,sell,AED,35000,2926,1.295,WSL010420
2025-12-17,sell,EGP,200000,1377,-108.478,WSL030330
2025-12-17,sell,RUB,500000,1942.5,-130.405,WSL030330
2025-12-17,sell,TRY,400000,2898,-244.536,WSL030330
2025-12-17,sell,AZN,10000,1826,-67.765,WSL010420
2025-12-17,sell,TRY,500000,3625,-303.17,WSL010420
2025-12-17,sell,EGP,200000,1380,-105.478,WSL030330
2025-12-17,sell,TRY,150000,1088.25,-90.201,WSL010420
2025-12-17,sell,OMR,1000,797,0.143,WSL030330
2025-12-17,sell,EGP,100000,689,-53.739,WSL030330
2025-12-17,sell,EUR,10000,3603.5,7.921,WSL030330
2025-12-17,sell,JOD,10000,4342.5,2.955,WSL010420
2025-12-17,sell,USD,3000,921.3,0.93,WSL010420
2025-12-17,sell,AED,60000,5019,5.22,WSL030330
2025-12-17,sell,JOD,4600,1997.55,1.359,WSL030330
2025-12-17,sell,JPY,500000,995,8.41,WSL030330
2025-12-17,sell,JOD,10000,4342,2.455,WSL010420
2025-12-17,sell,USD,20000,6150,14.2,WSL010420
2025-12-17,sell,USD,50000,15355,15.5,WSL010420
2025-12-17,sell,RUB,500000,1945.5,-127.405,WSL010420
2025-12-17,sell,USD,80000,24560,16.8,WSL030330
2025-12-17,buy,QAR,89000,7476,0.536,WSL030330
2025-12-17,buy,AMD,220000,183.48,4.002,WSL030330
2025-12-17,sell,EUR,20000,7202,12.683,WSL010420
2025-12-17,sell,USD,50000,15350,10.5,WSL010420
2025-12-17,sell,USD,50000,15350,10.5,WSL010420
2025-12-17,sell,EUR,6000,2162.4,6.341,WSL010420
2025-12-17,sell,AED,50000,4180,1.85,WSL010420
2025-12-17,buy,KWD,3255.75,3249.289,6.461,WSL030330
2025-12-17,buy,PHP,2000000,10661.686,695.674,WSL030330
2025-12-17,buy,RUB,1500000,5781.219,437.496,WSL030330
2025-12-17,buy,THB,4000000,38858.772,234.868,WSL030330
2025-12-17,buy,AED,300000,25074.785,-5.885,WSL030330
2025-12-17,buy,EUR,50000,18045.388,-50.62,WSL030330
2025-12-17,buy,GBP,25000,10298.94,-23.776,WSL030330
2025-12-17,buy,INR,1000000,3420.178,126.312,WSL030330
2025-12-17,buy,SAR,1000000,81734.381,76.289,WSL030330
2025-12-17,buy,USD,400000,122716,0,WSL030330
2025-12-17,sell,TRY,400000,2902,-240.536,WSL010420
2025-12-17,sell,CHF,100000,39300,773.063,WSL030330
2025-12-16,sell,RUB,500000,1945,-127.905,WSL010420
2025-12-16,buy,CHF,80000,30920,-24.733,WSL030330
2025-12-16,sell,USD,20000,6142,6.2,WSL010420
2025-12-16,sell,AZN,5000,913,-33.821,WSL030330
2025-12-16,sell,PHP,300000,1620,-83.493,WSL030330
2025-12-16,sell,THB,300000,2925,-6.831,WSL030330
2025-12-16,sell,TRY,100000,725.5,-60.083,WSL030330
2025-12-16,sell,TRY,200000,1451,-120.166,WSL030330
2025-12-16,sell,USD,30000,9213,9.9,WSL030330
2025-12-16,sell,BDT,300000,774,-33.297,WSL010420
2025-12-16,sell,EUR,15000,5417.25,9.508,WSL010420
2025-12-16,sell,INR,1000000,3435,-111.26,WSL010420
2025-12-16,sell,JOD,5000,2171.75,2.119,WSL010420
2025-12-16,sell,PKR,300000,345,-23.124,WSL010420
2025-12-16,sell,THB,500000,4875,-11.385,WSL010420
2025-12-16,sell,JPY,1000000,1993,12.05,WSL010420
2025-12-16,sell,THB,1000000,9745,-27.77,WSL010420
2025-12-16,sell,USD,5000,1535.5,1.65,WSL010420
2025-12-16,buy,SAR,180000,14724,0.959,WSL010420
2025-12-16,sell,CNY,100000,4398,-3.291,WSL030330
2025-12-16,sell,EUR,40000,14440,15.674,WSL030330
2025-12-16,sell,USD,7200,2211.12,2.376,WSL030330
2025-12-16,sell,USD,31895,9795.002,10.573,WSL030330
2025-12-16,sell,EUR,5000,1805,2.113,WSL030330
2025-12-16,sell,USD,28261,8678.998,9.371,WSL030330
2025-12-16,sell,AED,50000,4179.5,1.35,WSL030330
2025-12-16,sell,CHF,5000,1932.5,7.004,WSL030330
2025-12-16,sell,USD,50000,15352.5,14,WSL030330
2025-12-16,sell,EUR,5000,1805.5,2.613,WSL030330
2025-12-16,sell,SAR,30000,2455.8,1.64,WSL030330
2025-12-16,sell,THB,100000,975,-2.277,WSL030330
2025-12-16,sell,USD,70000,21497,23.1,WSL030330
2025-12-16,sell,EUR,50000,18050,21.127,WSL030330
2025-12-16,sell,GBP,50000,20565,58.96,WSL030330
2025-12-16,sell,USD,350000,107639,269.5,WSL030330
2025-12-16,sell,USD,50000,15377,38.5,WSL030330
2025-12-16,buy,SAR,950,75.525,2.19,WSL030330
2025-12-16,buy,USD,4170,1259.34,19.891,WSL030330
2025-12-16,sell,AED,700000,58506,11.9,WSL030330
2025-12-16,sell,BHD,10000,8140,5.454,WSL030330
2025-12-16,sell,CAD,20000,4472,16.695,WSL030330
2025-12-16,sell,EGP,600000,4140,-316.14,WSL030330
2025-12-16,sell,EUR,150000,54112.5,53.49,WSL030330
2025-12-16,sell,INR,8000000,27400,-970.08,WSL030330
2025-12-16,sell,PHP,2000000,10720,-636.62,WSL030330
2025-12-16,sell,SAR,300000,24570,28.401,WSL030330
2025-12-16,sell,THB,500000,4890,3.615,WSL030330
2025-12-16,sell,TRY,600000,4353,-360.498,WSL030330
2025-12-16,sell,USD,1200000,369048,924,WSL030330
2025-12-16,buy,AED,200000,16715.434,-2.834,WSL030330
2025-12-16,buy,CAD,20000,4462.109,-6.804,WSL030330
2025-12-16,buy,EGP,4000000,27420.784,2286.816,WSL030330
2025-12-16,buy,EUR,100000,36033.204,15.339,WSL030330
2025-12-16,buy,GBP,30000,12327.552,-28.529,WSL030330
2025-12-16,buy,INR,10000000,34123.47,1339.13,WSL030330
2025-12-16,buy,KWD,4000,3994.401,5.599,WSL030330
2025-12-16,buy,SAR,1000000,81729.053,76.277,WSL030330
2025-12-16,buy,USD,500000,153385,0,WSL030330
2025-12-16,buy,AZN,200000,36433.492,1439.348,WSL030330
2025-12-16,buy,CNY,100000,4388.698,12.593,WSL030330
2025-12-16,buy,EUR,100000,36076.152,-27.609,WSL030330
2025-12-16,buy,SAR,500000,40902.667,-0.002,WSL030330
2025-12-16,buy,USD,1700000,522291.264,-782.264,WSL030330
2025-12-15,sell,AZN,10000,1829,-64.642,WSL010420
2025-12-15,sell,EGP,300000,2070,-158.07,WSL010420
2025-12-15,sell,USD,50000,15352.5,14,WSL010420
2025-12-15,sell,USD,9700,2978.385,2.716,WSL010420
2025-12-15,sell,EGP,500000,3450,-263.45,WSL010420
2025-12-15,sell,EUR,15000,5409,2.179,WSL010420
2025-12-15,sell,JOD,15000,6514.5,5.608,WSL010420
2025-12-15,sell,USD,50000,15355,16.5,WSL010420
2025-12-15,sell,CAD,5000,1117,1.439,WSL010420
2025-12-15,sell,JOD,5000,2171.75,0.634,WSL010420
2025-12-15,buy,MAD,80000,2976,213.402,WSL030330
2025-12-15,sell,MAD,80000,2999.2,-190.202,WSL030330
2025-12-15,sell,INR,500000,1712.5,-61.845,WSL010420
2025-12-15,sell,RUB,400000,1556,-103.352,WSL010420
2025-12-15,sell,USD,30000,9211.5,2.1,WSL010420
2025-12-15,sell,CNY,50000,2195,11.643,WSL010420
2025-12-15,sell,EGP,500000,3445,-270.995,WSL010420
2025-12-15,sell,JOD,10000,4342.5,0.268,WSL010420
2025-12-15,sell,USD,50000,15352.5,3.5,WSL010420
2025-12-15,sell,VND,100000000,1150,-16,WSL010420
2025-12-15,buy,GBP,950,370.5,19.44,WSL030330
2025-12-15,sell,EUR,5000,1803,1.795,WSL010420
2025-12-15,sell,IDR,20000000,374,-28.6,WSL010420
2025-12-15,sell,USD,30000,9211.5,2.1,WSL010420
2025-12-15,sell,AED,35700,2984.163,-0.036,WSL030330
2025-12-15,sell,AED,23800,1989.442,-0.024,WSL030330
2025-12-15,sell,INR,200000,688,-21.738,WSL030330
2025-12-15,sell,USD,11000,3378.1,1.32,WSL030330
2025-12-15,sell,EUR,10000,3606,3.59,WSL030330
2025-12-15,sell,USD,23875,7332.001,2.853,WSL030330
2025-12-15,sell,USD,7000,2152.5,3.64,WSL030330
2025-12-15,sell,SYP,10000000,290,-71.2,WSL030330
2025-12-15,sell,USD,400000,122992,200,WSL030330
2025-12-15,buy,SAR,100,7.95,0.236,WSL030330
2025-12-15,buy,SAR,100,7.95,0.236,WSL030330
2025-12-15,buy,USD,41,12.382,0.204,WSL030330
2025-12-15,buy,USD,800,241.6,3.984,WSL030330
2025-12-15,buy,EUR,100000,36000,24.103,WSL030330
2025-12-15,buy,SYP,10000000,275,86.2,WSL030330
2025-12-15,buy,USD,300000,92210.52,-116.52,WSL030330
2025-12-14,sell,CHF,10000,3869,12.467,WSL010420
2025-12-14,sell,JPY,1000000,1995,26.17,WSL010420
2025-12-14,sell,THB,1000000,9740,-39.46,WSL010420
2025-12-14,sell,TRY,400000,2902,-242.48,WSL010420
2025-12-14,sell,USD,50000,15355,6,WSL010420
2025-12-14,sell,BDT,100000,258,-11.283,WSL030330
2025-12-14,sell,EGP,500000,3450,-265.995,WSL010420
2025-12-14,sell,RUB,200000,780,-49.676,WSL010420
2025-12-14,sell,TRY,200000,1452,-120.24,WSL010420
2025-12-14,sell,USD,20000,6143,3.4,WSL010420
2025-12-14,sell,EGP,200000,1380,-106.398,WSL010420
2025-12-14,sell,USD,30000,9214.5,5.1,WSL010420
2025-12-14,sell,JOD,2000,868.5,0.054,WSL030330
2025-12-14,sell,TRY,200000,1452,-120.24,WSL030330
2025-12-14,sell,EUR,5000,1805,2.874,WSL030330
2025-12-14,sell,JOD,5000,2172,0.884,WSL030330
2025-12-14,sell,TRY,100000,726,-60.12,WSL030330
2025-12-14,sell,USD,20000,6151,11.4,WSL030330
2025-12-14,sell,JPY,1000000,1983,14.17,WSL010420
2025-12-14,sell,RUB,500000,1950,-124.19,WSL010420
2025-12-14,sell,USD,20000,6142,2.4,WSL010420
2025-12-14,sell,GBP,8150,3353.73,9.708,WSL030330
2025-12-14,sell,USD,50000,15380,31,WSL030330
2025-12-14,sell,USD,200000,61400,4,WSL030330
2025-12-14,sell,EGP,200000,1380,-106.398,WSL030330
2025-12-14,sell,JOD,3650,1585.56,0.645,WSL030330
2025-12-14,sell,SAR,100000,8189,2.867,WSL030330
2025-12-14,sell,BHD,1000,814.35,0.339,WSL030330
2025-12-14,sell,EUR,5000,1804.5,2.374,WSL030330
2025-12-14,sell,TRY,50000,363,-30.06,WSL030330
2025-12-14,sell,AED,15000,1253.85,-0.015,WSL010420
2025-12-14,sell,SGD,4000,953,2.598,WSL010420
2025-12-14,sell,JOD,5000,2171.75,0.634,WSL010420
2025-12-14,sell,TRY,400000,2902,-242.48,WSL030330
2025-12-14,buy,GBP,8150,3097,247.022,WSL030330
2025-12-14,sell,USD,300000,92250,156,WSL030330
2025-12-14,buy,SAR,14400,1177.2,1.603,WSL030330
2025-12-14,buy,SAR,11600,948.3,1.291,WSL030330
2025-12-14,buy,SAR,24343,1989.999,2.751,WSL030330
2025-12-14,buy,USD,400000,122947.36,-155.36,WSL030330
2025-12-14,sell,TRY,250000,1815,-150.3,WSL010420
2025-12-14,sell,EUR,10000,3610,5.748,WSL030330
2025-12-14,sell,USD,20163,6193.001,3.363,WSL030330
2025-12-14,sell,AZN,16100,2939.86,-110.991,WSL030330
2025-12-14,sell,USD,27342,8398.14,4.693,WSL030330
2025-12-14,sell,TRY,100000,726,-60.12,WSL030330
2025-12-14,sell,USD,9000,2764.35,1.53,WSL030330
2025-12-14,sell,EUR,30000,10821,8.243,WSL030330
2025-12-14,sell,USD,50000,15370,21,WSL030330
2025-12-14,sell,USD,250000,76850,105,WSL030330
2025-12-14,sell,EGP,200000,1378,-108.398,WSL010420
2025-12-14,sell,SAR,700000,57330,27.069,WSL030330
2025-12-14,sell,AED,35000,2925.65,-0.035,WSL010420
2025-12-14,buy,USD,300000,92210.52,-116.52,WSL030330
2025-12-14,buy,AED,2000000,167200.436,-18.436,WSL030330
2025-12-14,buy,BDT,3000000,7690.521,387.969,WSL030330
2025-12-14,buy,KWD,10560,10547.287,12.713,WSL030330
2025-12-14,buy,THB,2000000,19441.418,117.502,WSL030330
2025-12-14,buy,THB,3000000,29033.418,304.962,WSL030330
2025-12-14,buy,JPY,2000000,3955.928,-18.268,WSL030330
2025-12-14,buy,MYR,100000,7487.317,-125.686,WSL030330
2025-12-14,buy,SAR,855000,69916.862,74.575,WSL030330
2025-12-14,buy,TRY,10000000,72315.67,6296.33,WSL030330
2025-12-14,buy,AED,200000,16726.876,-8.676,WSL030330
2025-12-14,buy,EGP,1000000,6882.96,549.03,WSL030330
2025-12-14,buy,EGP,2000000,13735.124,1128.856,WSL030330
2025-12-14,buy,EUR,100000,36070.15,-27.628,WSL030330
2025-12-14,buy,GBP,30000,12331.387,-22.103,WSL030330
2025-12-14,buy,JPY,2000000,3955.928,-18.268,WSL030330
2025-12-14,buy,KWD,33000,32965.636,34.364,WSL030330
2025-12-14,buy,QAR,100000,8416.176,-10.371,WSL030330
2025-12-14,buy,SAR,1000000,81785.001,76.329,WSL030330
2025-12-14,buy,USD,950000,291631,0,WSL030330
2025-12-13,sell,THB,200000,1946,-3.078,WSL010420
2025-12-13,sell,AED,100000,8363,-0.1,WSL030330
2025-12-13,sell,EUR,10000,3609,4.748,WSL030330
2025-12-13,sell,USD,10000,3085,15.2,WSL030330
2025-12-13,sell,USD,50000,15355,6,WSL030330
2025-12-13,sell,GEL,5000,578,-19.237,WSL010420
2025-12-13,sell,QAR,5000,421,0.71,WSL010420
2025-12-13,sell,RUB,750000,2955,-242.708,WSL010420
2025-12-13,sell,IDR,20000000,374,-28.6,WSL030330
2025-12-13,sell,SAR,50000,4095,1.934,WSL030330
2025-12-13,sell,USD,50000,15355,6,WSL030330
2025-12-13,sell,AZN,10000,1825.5,-69.438,WSL030330
2025-12-13,sell,INR,100000,345,-9.869,WSL030330
2025-12-13,sell,TRY,100000,728,-58.12,WSL030330
2025-12-13,sell,USD,11500,3532.8,2.53,WSL030330
2025-12-13,sell,AZN,10000,1827,-67.938,WSL030330
2025-12-13,sell,JOD,35000,15200.5,2.688,WSL030330
2025-12-13,sell,THB,300000,2919,-4.617,WSL030330
2025-12-13,sell,USD,51289,15753.498,8.801,WSL030330
2025-12-13,sell,AZN,100000,18260,-689.383,WSL030330
2025-12-13,sell,EGP,2000000,13800,-1063.98,WSL030330
2025-12-13,sell,KRW,20000000,4230,67.4,WSL030330
2025-12-13,sell,RUB,5000000,19700,-1618.05,WSL030330
2025-12-13,sell,VND,100000000,1150,-17,WSL030330
2025-12-13,sell,EGP,60000,414,-31.919,WSL030330
2025-12-13,sell,EUR,10000,3608.5,4.248,WSL030330
2025-12-13,sell,JOD,10000,4343,0.768,WSL030330
2025-12-13,sell,USD,50000,15355,6,WSL030330
2025-12-13,sell,AED,35500,2968.865,-0.035,WSL010420
2025-12-13,sell,SAR,25000,2043.75,-2.783,WSL030330
2025-12-13,sell,USD,30000,9213,3.6,WSL030330
2025-12-11,sell,AED,15000,1254.75,0.285,WSL010420
2025-12-11,sell,TRY,600000,4368,-348.72,WSL010420
2025-12-11,sell,BDT,200000,516,-22.566,WSL030330
2025-12-11,sell,EGP,60000,414,-31.919,WSL030330
2025-12-11,sell,INR,200000,688,-21.738,WSL030330
2025-12-11,sell,NPR,200000,464,-39.244,WSL030330
2025-12-11,sell,SAR,100000,8190,3.867,WSL030330
2025-12-11,sell,JOD,5000,2172,1.096,WSL010420
2025-12-11,sell,USD,100000,30710,15,WSL010420
2025-12-11,sell,JOD,5000,2172,1.096,WSL010420
2025-12-11,sell,USD,2000,614.2,0.3,WSL010420
2025-12-11,sell,BDT,220000,567.6,-24.765,WSL030330
2025-12-11,sell,SAR,300000,24567,11.001,WSL030330
2025-12-11,sell,TRY,500000,3640,-290.22,WSL010420
2025-12-11,sell,USD,40000,12284,6,WSL010420
2025-12-11,sell,TRY,400000,2912,-232.176,WSL010420
2025-12-11,sell,RUB,500000,1967.5,-164.095,WSL010420
2025-12-11,sell,VND,50000000,575,-7.5,WSL010420
2025-12-11,sell,SAR,100000,8188,2.667,WSL030330
2025-12-11,sell,VND,50000000,577.5,-5,WSL030330
2025-12-11,sell,AED,50000,4181.5,-0.05,WSL010420
2025-12-11,sell,JOD,10000,4343.5,1.692,WSL010420
2025-12-11,sell,USD,50000,15355,7.5,WSL010420
2025-12-11,sell,EGP,200000,1380,-106.252,WSL030330
2025-12-11,sell,SAR,163500,13390.65,7.631,WSL030330
2025-12-11,sell,TRY,200000,1456,-116.088,WSL030330
2025-12-11,sell,USD,10000,3071,1.5,WSL030330
2025-12-11,sell,CZK,10000,155,6.972,WSL010420
2025-12-11,sell,TRY,300000,2184,-174.132,WSL010420
2025-12-11,sell,AED,35000,2926,-1.085,WSL030330
2025-12-11,sell,BDT,100000,258,-11.257,WSL030330
2025-12-11,sell,JOD,5000,2171.5,0.596,WSL030330
2025-12-11,sell,TRY,100000,728,-58.044,WSL030330
2025-12-11,sell,USD,24773,7607.751,3.679,WSL030330
2025-12-11,sell,EUR,5000,1795,0.11,WSL030330
2025-12-11,sell,USD,34500,10595.002,5.227,WSL030330
2025-12-11,sell,EGP,100000,692.5,-50.626,WSL030330
2025-12-11,sell,USD,12000,3685.2,1.8,WSL030330
2025-12-11,sell,EUR,50000,17950,17.981,WSL030330
2025-12-11,sell,USD,200000,61532,142,WSL030330
2025-12-11,buy,USD,200000,61532,-142,WSL030330
2025-12-11,sell,USD,100000,30710,15,WSL030330
2025-12-11,buy,EUR,100000,35828.74,35.298,WSL030330
2025-12-11,buy,KWD,17000,16972.353,27.647,WSL030330
2025-12-11,buy,OMR,10000,7968.588,4.139,WSL030330
2025-12-11,buy,SAR,300000,24549.454,6.545,WSL030330
2025-12-11,buy,USD,1000000,306950,0,WSL030330
2025-12-11,buy,AED,50,4.14,0.042,WSL030330
2025-12-11,buy,AED,100,8.28,0.083,WSL030330
2025-12-11,buy,EUR,50,16.25,1.69,WSL030330
2025-12-11,buy,QAR,100,8.352,0.053,WSL030330
2025-12-11,buy,SAR,100,7.95,0.235,WSL030330
2025-12-11,buy,USD,10,3.02,0.05,WSL030330
2025-12-11,buy,USD,100,30.2,0.495,WSL030330
2025-12-11,buy,USD,100,30.2,0.495,WSL030330
2025-12-11,sell,EUR,2800,1008,3.377,WSL030330
2025-12-10,sell,GBP,10000,4107.5,13.55,WSL010420
2025-12-10,sell,CHF,10000,3830,11.298,WSL010420
2025-12-10,sell,INR,300000,1033.5,-31.524,WSL010420
2025-12-10,sell,EUR,30000,10747.5,14.166,WSL010420
2025-12-10,sell,USD,10000,3073,3,WSL010420
2025-12-10,sell,AZN,10000,1828,-67.062,WSL030330
2025-12-10,sell,GEL,5000,579,-18.276,WSL030330
2025-12-10,sell,THB,200000,1944,-5.204,WSL030330
2025-12-10,sell,USD,20000,6146,6,WSL030330
2025-12-10,sell,CNY,50000,2180,-3.5,WSL010420
2025-12-10,sell,BDT,200000,514,-24.6,WSL010420
2025-12-10,sell,CAD,3000,666.75,1.672,WSL010420
2025-12-10,sell,CNY,10000,439,2.3,WSL030330
2025-12-10,sell,SAR,66500,5446.35,2.216,WSL030330
2025-12-10,sell,USD,10000,3073,3,WSL030330
2025-12-10,sell,EGP,50000,345,-26.624,WSL030330
2025-12-10,sell,INR,50000,172.5,-4.946,WSL030330
2025-12-10,sell,USD,60000,18438,18,WSL030330
2025-12-10,sell,USD,50000,15365,15,WSL030330
2025-12-10,sell,EGP,500000,3450,-266.235,WSL010420
2025-12-10,sell,TRY,500000,3640,-290.86,WSL010420
2025-12-10,sell,USD,100000,30730,30,WSL010420
2025-12-10,sell,EGP,200000,1380,-106.494,WSL030330
2025-12-10,sell,EGP,180000,1242,-95.845,WSL030330
2025-12-10,sell,EUR,5000,1790,3.874,WSL030330
2025-12-10,sell,USD,10000,3073,3,WSL030330
2025-12-10,sell,USD,9700,2980.81,2.91,WSL030330
2025-12-10,sell,USD,9400,2888.62,2.82,WSL030330
2025-12-10,sell,EGP,150000,1035,-79.87,WSL010420
2025-12-10,sell,JOD,7000,3042.2,2.44,WSL010420
2025-12-10,sell,THB,200000,1940,-9.204,WSL010420
2025-12-10,sell,TRY,200000,1457,-115.344,WSL010420
2025-12-10,sell,USD,13500,4148.55,4.05,WSL030330
2025-12-10,sell,AED,40000,3347.2,0.239,WSL030330
2025-12-10,sell,USD,11480,3527.799,3.439,WSL030330
2025-12-10,sell,AED,110000,9204.8,0.657,WSL030330
2025-12-10,sell,USD,13466,4138.2,4.138,WSL030330
2025-12-10,sell,EGP,500000,3450,-266.235,WSL010420
2025-12-10,sell,EUR,10000,3580,7.748,WSL010420
2025-12-10,sell,THB,200000,1938,-11.204,WSL010420
2025-12-10,sell,TRY,500000,3645,-285.86,WSL010420
2025-12-10,sell,RUB,100000,395,-31.389,WSL030330
2025-12-10,sell,USD,100000,30730,30,WSL010420
2025-12-10,sell,USD,50000,15365,15,WSL030330
2025-12-10,sell,USD,2000000,614322.84,322.84,WSL030330
2025-12-10,sell,CHF,20000,7636,20.968,WSL030330
2025-12-10,sell,EUR,50000,17912.5,63.52,WSL030330
2025-12-10,buy,AED,800000,66877.996,54.684,WSL030330
2025-12-10,buy,CHF,60000,22908.209,-65.347,WSL030330
2025-12-10,buy,KRW,20000000,4190.72,-18.12,WSL030330
2025-12-10,buy,KWD,10203,10183.758,19.242,WSL030330
2025-12-10,buy,PHP,1500000,8092.355,430.66,WSL030330
2025-12-10,buy,PHP,2000000,10752.014,612.006,WSL030330
2025-12-10,buy,RUB,6000000,23462.676,2118.144,WSL030330
2025-12-10,buy,VND,200000000,2282.4,45.6,WSL030330
2025-12-09,sell,THB,400000,3874,-24.028,WSL010420
2025-12-09,buy,EUR,100000,35825,-93.692,WSL030330
2025-12-09,sell,JPY,1000000,1995,31.65,WSL030330
2025-12-09,sell,PHP,300000,1629.999,-74.604,WSL010420
2025-12-09,sell,THB,300000,2901,-22.521,WSL010420
2025-12-09,sell,THB,300000,2905.5,-18.21,WSL010420
2025-12-09,sell,THB,200000,1940,-9.14,WSL030330
2025-12-09,sell,TRY,100000,729,-57.146,WSL030330
2025-12-09,sell,RUB,100000,395,-31.375,WSL030330
2025-12-09,sell,USD,20000,6148,8.2,WSL010420
2025-12-09,sell,CZK,190000,2945,151.375,WSL010420
2025-12-09,sell,AED,500000,41820,-15.65,WSL030330
2025-12-09,sell,BHD,10000,8145,4.62,WSL030330
2025-12-09,sell,EGP,400000,2760,-212.892,WSL030330
2025-12-09,sell,EUR,100000,35880,131.014,WSL030330
2025-12-09,sell,GBP,50000,20540,76.046,WSL030330
2025-12-09,sell,INR,5000000,17225,-519,WSL030330
2025-12-09,sell,JOD,30000,13038,10.879,WSL030330
2025-12-09,sell,PHP,1000000,5430,-252.38,WSL030330
2025-12-09,sell,SAR,300000,24585,25.8,WSL030330
2025-12-09,sell,THB,1000000,9680,-65.7,WSL030330
2025-12-09,sell,TRY,400000,2916,-228.584,WSL030330
2025-12-09,sell,USD,500000,153800,305,WSL030330
2025-12-09,buy,BHD,20000,16288.932,-13.476,WSL030330
2025-12-09,buy,CZK,200000,3071,-128.058,WSL030330
2025-12-09,buy,USD,200000,61518,-140,WSL030330
2025-12-09,buy,INR,12000000,41041.2,1530.6,WSL030330
2025-12-09,sell,EUR,50000,17925,47.123,WSL030330
2025-12-09,sell,GBP,100000,41000,73.15,WSL030330
2025-12-09,buy,BDT,350000,896.59,45.932,WSL030330
2025-12-09,buy,BHD,21220,17257.734,16.152,WSL030330
2025-12-09,buy,JPY,2000000,3982.998,-46.718,WSL030330
2025-12-09,buy,QAR,154900,12988.323,32.693,WSL030330
2025-12-09,buy,RUB,1000000,3836.125,427.625,WSL030330
2025-12-09,buy,RUB,1000000,3845.739,418.011,WSL030330
2025-12-09,buy,THB,2000000,19337.744,153.656,WSL030330
2025-12-09,buy,VND,200000000,2281.8,44.2,WSL030330
2025-12-09,buy,AED,500000,41804.931,17.089,WSL030330
2025-12-09,buy,AZN,100000,18213.056,730.771,WSL030330
2025-12-09,buy,GBP,100000,40929.919,-3.069,WSL030330
2025-12-09,buy,GBP,100000,40975.953,-49.103,WSL030330
2025-12-09,buy,USD,700000,214823,0,WSL030330
2025-12-09,buy,EUR,100000,35838.614,-82.86,WSL030330
2025-12-09,buy,JOD,300000,130067.654,161.116,WSL030330
2025-12-09,buy,KWD,59000,58930.871,69.129,WSL030330
2025-12-09,buy,OMR,10000,7967.03,4.139,WSL030330
2025-12-09,buy,SAR,500000,40907.758,10.907,WSL030330
2025-12-09,buy,USD,300000,92195.894,-128.894,WSL030330
2025-12-09,buy,USD,1500000,460335,0,WSL030330
2025-12-09,sell,USD,500000,153800,355,WSL030330
2025-12-08,sell,AED,100000,8363,-1.404,WSL030330
2025-12-08,sell,PHP,400000,2176,-96.212,WSL030330
2025-12-08,sell,AED,30000,2508.9,0.315,WSL010420
2025-12-08,sell,AZN,10000,1828,-65.827,WSL010420
2025-12-08,sell,JPY,50000,99.5,0.888,WSL010420
2025-12-08,sell,VND,50000000,572.5,-9.5,WSL010420
2025-12-08,sell,RUB,500000,1950,-68.42,WSL010420
2025-12-08,sell,SAR,36000,2945.52,0.24,WSL030330
2025-12-08,sell,RUB,200000,798,-9.368,WSL030330
2025-12-08,sell,TRY,200000,1458,-113.318,WSL010420
2025-12-08,buy,GBP,20000,8212,-33.939,WSL030330
2025-12-08,sell,EUR,200000,71720,161.968,WSL030330
2025-12-08,sell,GBP,300000,123240,569.088,WSL030330
2025-12-08,sell,USD,1000000,307600,800,WSL030330
2025-12-08,sell,USD,30000,9217.5,13.5,WSL010420
2025-12-08,sell,AED,50000,4181,0.024,WSL030330
2025-12-08,sell,INR,200000,688,-21.322,WSL030330
2025-12-08,sell,JOD,10000,4344,4.314,WSL030330
2025-12-08,sell,USD,50000,15362.5,22.5,WSL030330
2025-12-08,sell,CHF,70000,27230,495.281,WSL030330
2025-12-08,sell,USD,100000,30870,190,WSL030330
2025-12-08,sell,USD,200000,61520,160,WSL030330
2025-12-08,sell,THB,300000,2910,-11.901,WSL030330
2025-12-08,buy,EUR,100000,35835,-49.848,WSL030330
2025-12-08,buy,GBP,100000,41050,-144.356,WSL030330
2025-12-08,buy,GBP,50000,20520,-67.178,WSL030330
2025-12-08,buy,USD,1000000,307570,-770,WSL030330
2025-12-08,sell,SYP,5000000,142.5,-37.95,WSL030330
2025-12-07,buy,CHF,50000,19200,-132.256,WSL030330
2025-12-07,sell,AED,85000,7110.25,2.592,WSL010420
2025-12-07,buy,SYP,5000000,135,45.45,WSL030330
2025-12-07,sell,AED,3000,250.92,-0.015,WSL030330
2025-12-07,sell,TRY,300000,2187,-170.976,WSL030330
2025-12-07,sell,EGP,400000,2770,-202.312,WSL010420
2025-12-07,sell,JOD,10000,4344,2.475,WSL010420
2025-12-07,sell,AED,200000,16728,-1,WSL030330
2025-12-07,sell,USD,11820,3631.104,3.191,WSL030330
2025-12-07,sell,USD,9000,2764.8,2.43,WSL030330
2025-12-07,buy,USD,20000,6154.284,-15.684,WSL030330
2025-12-07,buy,USD,20000,6154.898,-16.298,WSL030330
2025-12-07,buy,USD,50000,15384.175,-37.675,WSL030330
2025-12-07,sell,JOD,5000,2172,1.238,WSL030330
2025-12-07,sell,RUB,150605,594.89,-13.336,WSL030330
2025-12-07,sell,USD,20000,6144,5.4,WSL030330
2025-12-07,sell,USD,50000,15362.5,16,WSL030330
2025-12-07,sell,USD,100000,30720,27,WSL030330
2025-12-07,sell,JOD,20000,8688,4.95,WSL030330
2025-12-07,sell,USD,30000,9214.5,6.6,WSL030330
2025-12-07,sell,TRY,300000,2187,-170.976,WSL010420
2025-12-07,buy,USD,350000,107520,-94.5,WSL030330
2025-12-07,sell,JOD,10000,4343,1.475,WSL010420
2025-12-07,sell,OMR,5000,3988.5,2.396,WSL010420
2025-12-07,sell,USD,50000,15382,35.5,WSL010420
2025-12-07,sell,TRY,200000,1458,-113.984,WSL010420
2025-12-07,sell,VND,50000000,570,-11.5,WSL010420
2025-12-07,sell,INR,98000,337.1,-10.615,WSL030330
2025-12-07,sell,THB,100000,968.5,-2.78,WSL030330
2025-12-07,sell,USD,20000,6143,4.4,WSL030330
2025-12-07,sell,VND,12500000,142.5,-2.875,WSL010420
2025-12-07,sell,INR,200000,688,-21.622,WSL030330
2025-12-07,sell,JOD,5000,2172,1.238,WSL030330
2025-12-07,sell,THB,100000,968,-3.28,WSL030330
2025-12-07,sell,USD,30000,9216,8.1,WSL030330
2025-12-07,buy,AED,100000,8362.076,2.424,WSL030330
2025-12-07,buy,EGP,4500000,30898.994,2539.516,WSL030330
2025-12-07,buy,EUR,130000,46484.549,-23.941,WSL030330
2025-12-07,buy,INR,2000000,6858.77,237.45,WSL030330
2025-12-07,buy,KWD,9000,8997.948,2.052,WSL030330
2025-12-07,buy,USD,500000,153465,0,WSL030330
2025-12-06,sell,JPY,950000,1890.5,13.072,WSL010420
2025-12-06,sell,AED,31000,2592.53,-0.465,WSL010420
2025-12-06,sell,BDT,1000000,2550,-239.99,WSL030330
2025-12-06,sell,INR,1000000,3440,-108.11,WSL030330
2025-12-06,sell,NPR,1000000,2300,-215.81,WSL030330
2025-12-06,sell,RUB,750000,2962.5,-66.412,WSL030330
2025-12-06,sell,TRY,200000,1460,-111.984,WSL010420
2025-12-06,sell,USD,50000,15355,8.5,WSL030330
2025-12-06,sell,INR,300000,1032,-32.433,WSL010420
2025-12-06,sell,SAR,50000,4092.5,0.1,WSL010420
2025-12-06,sell,THB,500000,4845,-11.4,WSL010420
2025-12-06,sell,USD,100000,30710,17,WSL010420
2025-12-06,sell,AED,30000,2508,-1.35,WSL030330
2025-12-06,sell,SAR,150000,12274.5,-2.7,WSL030330
2025-12-06,sell,USD,50000,15352.5,6,WSL030330
2025-12-06,sell,GEL,10000,1164,-30.28,WSL010420
2025-12-06,sell,EUR,40000,14324,28.428,WSL030330
2025-12-06,sell,AZN,10000,1832.5,-62.13,WSL030330
2025-12-06,sell,CHF,2000,766.5,3.467,WSL030330
2025-12-06,sell,GEL,10000,1164,-30.28,WSL030330
2025-12-06,sell,JOD,5000,2172,1.238,WSL030330
2025-12-06,sell,QAR,20000,1684,3.113,WSL030330
2025-12-06,sell,TRY,100000,730,-55.992,WSL030330
2025-12-06,sell,AED,50000,4181.5,-0.75,WSL030330
2025-12-06,sell,GEL,10000,1163,-31.28,WSL030330
2025-12-06,sell,USD,62424,19170.498,10.7,WSL030330
2025-12-06,sell,USD,11000,3378.1,1.87,WSL030330
2025-12-06,sell,THB,500000,4842.5,-13.9,WSL010420
2025-12-06,sell,TRY,500000,3650,-279.96,WSL010420
2025-12-06,sell,EUR,50000,17905,35.536,WSL030330
2025-12-06,sell,GBP,50000,20500,33.908,WSL030330
2025-12-06,sell,PHP,200000,1088,-48.254,WSL010420
2025-12-06,sell,THB,1500000,14505,-64.2,WSL030330
2025-12-06,sell,AED,50000,4181,-1.25,WSL030330
2025-12-06,sell,EUR,10000,3581,7.107,WSL030330
2025-12-06,sell,USD,50000,15355,8.5,WSL030330
2025-12-06,sell,BDT,100000,256,-22.999,WSL030330
2025-12-06,sell,THB,100000,968,-3.28,WSL030330
2025-12-06,sell,USD,20000,6142,3.4,WSL030330
2025-12-06,buy,AED,1500000,125379.9,87.6,WSL030330
2025-12-06,buy,BHD,1500,1219.589,1.229,WSL030330
2025-12-06,buy,KRW,20000000,4210.288,-44.688,WSL030330
2025-12-06,buy,QAR,54600,4588.822,0,WSL030330
2025-12-06,buy,THB,5000000,48153.435,410.565,WSL030330
2025-12-06,buy,TRY,200000,1458,113.984,WSL010420
2025-12-04,sell,INR,200000,688,-21.622,WSL010420
2025-12-04,sell,TRY,470000,3431,-263.162,WSL010420
2025-12-04,sell,TRY,200000,1458,-113.984,WSL010420
2025-12-04,sell,TRY,200000,1460,-111.984,WSL010420
2025-12-04,sell,AZN,10000,1830,-65,WSL010420
2025-12-04,sell,THB,500000,4825,-32.35,WSL010420
2025-12-04,sell,USD,60000,18426,6.6,WSL010420
2025-12-04,sell,THB,300000,2895,-19.41,WSL030330
2025-12-04,sell,USD,32000,9827.2,3.52,WSL030330
2025-12-04,sell,RUB,750000,2925,-104.505,WSL030330
2025-12-04,sell,AZN,20000,3655,-135,WSL010420
2025-12-04,sell,CNY,50000,2189,5.572,WSL010420
2025-12-04,sell,USD,50000,15355,5.5,WSL010420
2025-12-04,sell,JPY,1000000,1988,4.99,WSL010420
2025-12-04,sell,VND,87500000,997.5,-21,WSL010420
2025-12-04,sell,RUB,150000,585,-20.901,WSL030330
2025-12-04,sell,USD,30000,9213,3.3,WSL030330
2025-12-04,sell,NPR,200000,464,-39.26,WSL030330
2025-12-04,sell,EUR,4000,1432.4,-1.612,WSL030330
2025-12-04,sell,THB,150000,1450.5,-6.705,WSL030330
2025-12-04,sell,THB,300000,2895,-19.41,WSL030330
2025-12-04,sell,USD,50000,15355,5.5,WSL030330
2025-12-04,sell,GBP,10000,4102.5,1.421,WSL030330
2025-12-04,sell,INR,200000,688,-21.76,WSL030330
2025-12-04,buy,GBP,100000,41000,10.794,WSL030330
2025-12-04,sell,THB,200000,1930,-12.94,WSL030330
2025-12-04,sell,BDT,200000,510,-48.108,WSL010420
2025-12-04,sell,IDR,50000000,932.5,-74,WSL010420
2025-12-04,sell,AZN,5000,913.75,-33.75,WSL010420
2025-12-04,sell,GBP,5000,2051.25,3.78,WSL010420
2025-12-04,sell,USD,40000,12284,4.4,WSL010420
2025-12-04,sell,KRW,10000000,2120,32.5,WSL010420
2025-12-04,sell,GBP,10000,4102.5,7.56,WSL030330
2025-12-04,sell,USD,50000,15355,5.5,WSL030330
2025-12-04,sell,AZN,10000,1830,-65,WSL030330
2025-12-04,sell,PHP,100000,543,-25.238,WSL030330
2025-12-04,sell,USD,10300,3163.645,1.648,WSL030330
2025-12-04,sell,JOD,5000,2172,0.813,WSL030330
2025-12-04,sell,SAR,75235,6157.985,-1.053,WSL030330
2025-12-04,sell,USD,10000,3071.015,1.115,WSL030330
2025-12-04,sell,AED,120000,10034.4,-3,WSL030330
2025-12-04,sell,USD,9700,2978.87,1.067,WSL030330
2025-12-04,sell,USD,56778,17436.524,6.246,WSL030330
2025-12-04,sell,INR,200000,688,-21.76,WSL030330
2025-12-04,sell,USD,100000,30710,11,WSL030330
2025-12-04,sell,USD,20000,6143,3.2,WSL030330
2025-12-04,sell,USD,60000,18426,6.6,WSL030330
2025-12-04,sell,USD,400000,122980,184,WSL030330
2025-12-04,buy,USD,500000,153725,-230,WSL030330
2025-12-04,sell,AUD,15000,3016.177,-27.168,WSL030330
2025-12-04,sell,IQD,100000000,22824.5,-344.5,WSL030330
2025-12-04,sell,IQD,150000000,34753.65,0.15,WSL030330
2025-12-04,sell,SAR,400000,32771.818,26.218,WSL030330
2025-12-04,buy,EUR,100000,35810,-30.316,WSL010420
2025-12-04,buy,AED,500000,41818.554,3.946,WSL030330
2025-12-04,buy,EGP,2000000,13735.57,1128.89,WSL030330
2025-12-04,buy,GBP,20000,8165.934,22.717,WSL030330
2025-12-04,buy,KWD,36000,35957.833,42.167,WSL030330
2025-12-04,buy,SAR,1000000,81776.771,87.229,WSL030330
2025-12-04,buy,USD,1050000,322178.33,161.17,WSL030330
2025-12-03,buy,MAD,50000,1875,118.442,WSL030330
2025-12-03,sell,EUR,20000,7175,11.695,WSL030330
2025-12-03,sell,USD,100000,30730,31,WSL030330
2025-12-03,sell,AED,200000,16734,-0.26,WSL030330
2025-12-03,sell,USD,200000,61440,42,WSL030330
2025-12-03,sell,QAR,150000,12630,20.882,WSL030330
2025-12-03,sell,JOD,200,80,-6.847,WSL030330
2025-12-03,sell,THB,6000,51,-7.288,WSL030330
2025-12-03,sell,USD,50000,15365,18.5,WSL010420
2025-12-03,buy,GBP,160,62.4,2.728,WSL030330
2025-12-03,sell,EGP,150000,1038.75,-75.867,WSL010420
2025-12-03,sell,GBP,5000,2039.5,4.247,WSL010420
2025-12-03,sell,THB,400000,3872,-13.12,WSL010420
2025-12-03,sell,USD,50000,15362.5,16,WSL030330
2025-12-03,sell,PHP,100000,543,-25.127,WSL010420
2025-12-03,sell,TRY,200000,1460,-111.984,WSL010420
2025-12-03,sell,USD,50000,15362.5,16,WSL010420
2025-12-03,sell,TRY,200000,1460,-111.984,WSL010420
2025-12-03,sell,GBP,5000,2038.75,3.497,WSL030330
2025-12-03,sell,USD,30000,9217.5,9.6,WSL030330
2025-12-03,buy,IQD,100000000,22550,614,WSL030330
2025-12-03,buy,IQD,150000000,34275,471,WSL030330
2025-12-03,sell,RUB,500000,1950,-69.275,WSL010420
2025-12-03,sell,USD,60000,18438,22.2,WSL010420
2025-12-03,sell,VND,100000000,1140,-24,WSL010420
2025-12-03,sell,USD,90000,27648,24.3,WSL030330
2025-12-03,sell,USD,60000,18429,13.2,WSL030330
2025-12-03,sell,USD,20000,6144,5.4,WSL030330
2025-12-03,sell,OMR,5000,3987.5,1.396,WSL010420
2025-12-03,sell,USD,20000,6154,15.4,WSL010420
2025-12-03,sell,USD,50000,15362.5,16,WSL010420
2025-12-03,sell,USD,9700,2979.355,2.134,WSL030330
2025-12-03,sell,USD,10900,3347.935,2.398,WSL030330
2025-12-03,sell,USD,45732,14046.401,9.878,WSL030330
2025-12-03,sell,VND,4000000,45.6,-0.96,WSL030330
2025-12-03,sell,EGP,300000,2076,-153.234,WSL010420
2025-12-03,sell,USD,41677,12800.999,9.077,WSL030330
2025-12-03,sell,USD,150000,46125,85.5,WSL030330
2025-12-03,sell,USD,9700,2980.325,3.104,WSL010420
2025-12-03,sell,EGP,200000,1383,-103.156,WSL010420
2025-12-03,sell,USD,150000,46080,40.5,WSL010420
2025-12-03,sell,JOD,10000,4344,2.475,WSL030330
2025-12-03,sell,USD,50000,15365,18.5,WSL030330
2025-12-03,sell,USD,100000,30730,37,WSL030330
2025-12-03,sell,EGP,100000,693,-50.078,WSL030330
2025-12-03,sell,PHP,100000,547,-21.127,WSL030330
2025-12-03,sell,USD,50000,15365,18.5,WSL030330
2025-12-03,sell,USD,50000,15357.5,11,WSL030330
2025-12-03,sell,USD,50000,15357.5,11,WSL030330
2025-12-03,sell,USD,20000,6146,7.4,WSL010420
2025-12-03,buy,AED,1500,124.281,1.201,WSL030330
2025-12-03,buy,EUR,250,81.25,8.09,WSL030330
2025-12-03,buy,USD,1550,468.1,7.642,WSL030330
2025-12-03,buy,USD,200000,61500,-114,WSL030330
2025-12-03,sell,USD,20000,6143,4.4,WSL010420
2025-12-03,sell,QAR,80000,6736,12.451,WSL030330
2025-12-03,buy,AED,400000,33434.64,27.34,WSL030330
2025-12-03,buy,BHD,4325,3517.415,2.611,WSL030330
2025-12-03,buy,PHP,2500000,13509.243,693.932,WSL030330
2025-12-03,buy,QAR,105450,8843.106,19.372,WSL030330
2025-12-03,buy,THB,3000000,28937.46,200.94,WSL030330
2025-12-02,sell,NPR,100000,232,-19.663,WSL030330
2025-12-02,sell,PKR,100000,118,-4.812,WSL030330
2025-12-02,sell,EUR,30000,10716,22.145,WSL010420
2025-12-02,sell,GBP,10000,4070,12.906,WSL010420
2025-12-02,sell,IDR,50000000,932,-74.5,WSL010420
2025-12-02,sell,USD,40000,12287.2,6,WSL010420
2025-12-02,sell,USD,70000,21504,11.9,WSL030330
2025-12-02,sell,PHP,400000,2180,-93.252,WSL030330
2025-12-02,sell,GBP,7000,2849.7,8.659,WSL010420
2025-12-02,sell,USD,30000,9216,5.1,WSL010420
2025-12-02,sell,SYP,5000000,142.5,-38.1,WSL030330
2025-12-02,buy,SYP,5000000,136.25,44.35,WSL030330
2025-12-02,sell,INR,200000,686,-23.854,WSL030330
2025-12-02,sell,PHP,100000,544,-24.313,WSL030330
2025-12-02,sell,USD,30000,9216,5.1,WSL030330
2025-12-02,sell,GBP,10000,4071,12.37,WSL030330
2025-12-02,sell,SAR,50000,4095,1.266,WSL030330
2025-12-02,sell,USD,300000,92160,51,WSL030330
2025-12-02,sell,AZN,10000,1830,-65.247,WSL030330
2025-12-02,sell,BDT,200000,514,-44.18,WSL030330
2025-12-02,sell,CNY,50000,2190,6.288,WSL030330
2025-12-02,sell,PHP,100000,545,-23.313,WSL030330
2025-12-02,sell,THB,200000,1934,-9.192,WSL030330
2025-12-02,sell,USD,30000,9217.5,6.6,WSL030330
2025-12-02,sell,GEL,10000,1161.5,-33.169,WSL030330
2025-12-02,sell,INR,100000,344,-10.927,WSL030330
2025-12-02,sell,THB,100000,967,-4.596,WSL030330
2025-12-02,sell,USD,4000,1228.6,0.48,WSL030330
2025-12-02,sell,AED,500000,41845,3.9,WSL030330
2025-12-02,sell,BDT,500000,1285,-110.45,WSL030330
2025-12-02,sell,EGP,400000,2772,-201.28,WSL030330
2025-12-02,sell,EUR,100000,35690,53.028,WSL030330
2025-12-02,sell,INR,5000000,17225,-521.35,WSL030330
2025-12-02,sell,JOD,30000,13042.5,13.682,WSL030330
2025-12-02,sell,PHP,2000000,10920,-446.26,WSL030330
2025-12-02,sell,SAR,300000,24591,28.599,WSL030330
2025-12-02,sell,THB,1000000,9650,-65.96,WSL030330
2025-12-02,sell,TRY,400000,2920,-224.992,WSL030330
2025-12-02,sell,USD,700000,215453,532,WSL030330
2025-12-02,buy,AED,250000,20903.459,17.091,WSL030330
2025-12-02,buy,KWD,440,439.185,0.815,WSL030330
2025-12-02,buy,LKR,2000000,2081.56,192.74,WSL030330
2025-12-02,buy,PHP,5000000,27122.79,1292.86,WSL030330
2025-12-02,buy,QAR,79650,6681.677,14.637,WSL030330
2025-12-02,buy,RUB,2000000,7675.75,403.99,WSL030330
2025-12-02,buy,INR,5000000,17200,546.35,WSL030330
2025-12-02,buy,AED,200000,16738,-1.56,WSL030330
2025-12-02,buy,USD,700000,215425,-504,WSL030330
2025-12-02,sell,EGP,200000,1390,-96.64,WSL010420
2025-12-01,sell,RUB,250000,962.5,-47.468,WSL010420
2025-12-01,sell,AED,35500,2971.35,0.632,WSL010420
2025-12-01,sell,USD,50000,15362.5,11,WSL010420
2025-12-01,sell,AZN,10000,1831.5,-62.759,WSL030330
2025-12-01,sell,INR,100000,344,-10.742,WSL030330
2025-12-01,sell,CNY,50000,2187.5,4.926,WSL010420
2025-12-01,sell,MYR,20000,1496,24.201,WSL010420
2025-12-01,sell,USD,70000,21507.5,26.6,WSL010420
2025-12-01,sell,GEL,10000,1160,-34.047,WSL010420
2025-12-01,sell,KRW,10000000,2120,30.6,WSL010420
2025-12-01,sell,TRY,200000,1468,-103.678,WSL030330
2025-12-01,sell,AED,39420,3299.001,1.968,WSL030330
2025-12-01,sell,GBP,20000,8145,23.379,WSL030330
2025-12-01,sell,PHP,100000,547,-21.016,WSL030330
2025-12-01,sell,THB,400000,3854,-30.36,WSL030330
2025-12-01,sell,GBP,100000,40734,153.511,WSL030330
2025-12-01,sell,RUB,500000,1920,-98.88,WSL030330
2025-11-30,sell,USD,20000,6140,2.6,WSL010420
2025-11-30,sell,USD,100000,30700,13,WSL010420
2025-11-30,sell,EUR,30000,10695,12.242,WSL010420
2025-11-30,sell,JOD,10000,4343.5,2.824,WSL010420
2025-11-30,sell,MYR,10000,747.5,11.601,WSL010420
2025-11-30,sell,THB,1000000,9620,-90.9,WSL010420
2025-11-30,sell,AZN,10000,1830,-64.259,WSL010420
2025-11-30,buy,IQD,30000000,6660,287.7,WSL030330
2025-11-30,sell,AED,31000,2594.08,1.284,WSL010420
2025-11-30,sell,SAR,200000,16370,3.6,WSL030330
2025-11-30,sell,USD,20000,6140,2.6,WSL030330
2025-11-30,sell,THB,300000,2886,-27.27,WSL010420
2025-11-30,buy,USD,300,87,5.061,WSL030330
2025-11-30,sell,TRY,100000,730.5,-62.446,WSL030330
2025-11-30,sell,USD,7000,2149,0.91,WSL030330
2025-11-30,sell,AED,124920,10452.056,3.923,WSL030330
2025-11-30,sell,EUR,5000,1783,2.54,WSL030330
2025-11-30,sell,PHP,200000,1092,-44.032,WSL030330
2025-11-30,sell,USD,12500,3837.5,1.625,WSL030330
2025-11-30,sell,AZN,100000,18260,-682.593,WSL030330
2025-11-30,sell,CNY,200000,8720,-10.298,WSL030330
2025-11-30,sell,JPY,2000000,3950,18.8,WSL030330
2025-11-30,sell,RUB,3000000,11400,-713.28,WSL030330
2025-11-30,sell,USD,9700,2977.9,1.261,WSL030330
2025-11-30,sell,PHP,450000,2452.5,-103.572,WSL030330
2025-11-30,buy,EUR,200000,71236.802,-18.412,WSL030330
2025-11-30,buy,GBP,200000,81406.474,-116.61,WSL030330
2025-11-30,sell,IQD,10000000,2225,-90.9,WSL030330
2025-11-30,sell,THB,1000000,9620,-90.9,WSL030330
2025-11-30,sell,USD,100000,30700,13,WSL030330
2025-11-30,buy,AED,215,17.819,0.163,WSL030330
2025-11-30,buy,QAR,200,16.72,0.086,WSL030330
2025-11-30,buy,SAR,100,7.95,0.233,WSL030330
2025-11-30,buy,SAR,200,15.9,0.466,WSL030330
2025-11-30,buy,SAR,200,15.9,0.466,WSL030330
2025-11-30,buy,USD,100,30.2,0.487,WSL030330
2025-11-30,buy,USD,200,60.4,0.974,WSL030330
2025-11-30,buy,GEL,100000,11514.822,425.645,WSL030330
2025-11-30,buy,JOD,100000,43391.418,15.344,WSL030330
2025-11-30,buy,KWD,36958.75,36901.03,57.72,WSL030330
2025-11-30,buy,THB,2000000,19209.39,212.41,WSL030330
2025-11-30,buy,USD,1500000,460120.878,184.122,WSL030330
2025-11-29,sell,USD,50000,15350,6.5,WSL030330
2025-11-29,sell,EGP,300000,2079,-149.796,WSL010420
2025-11-29,sell,BDT,100000,257,-21.945,WSL030330
2025-11-29,sell,INR,100000,345,-9.742,WSL030330
2025-11-29,buy,AUD,27590,5462.82,85.306,WSL010420
2025-11-29,sell,GBP,10000,4076,11.507,WSL030330
2025-11-29,sell,USD,20000,6140,2.6,WSL030330
2025-11-29,sell,BHD,2000,1628.8,1.36,WSL030330
2025-11-29,sell,INR,200000,688,-21.484,WSL030330
2025-11-29,sell,SAR,50000,4090,-1.6,WSL030330
2025-11-29,sell,TRY,100000,731,-61.946,WSL030330
2025-11-29,sell,PHP,100000,546,-22.016,WSL030330
2025-11-29,sell,THB,100000,962,-9.09,WSL030330
2025-11-29,sell,EUR,20000,7130,8.161,WSL030330
2025-11-29,sell,PHP,100000,546,-22.016,WSL030330
2025-11-29,sell,SAR,50000,4092.5,0.9,WSL010420
2025-11-29,sell,TRY,500000,3655,-309.73,WSL010420
2025-11-29,sell,USD,150000,46050,19.5,WSL010420
2025-11-29,sell,JOD,5000,2172,1.662,WSL030330
2025-11-29,sell,PKR,200000,232,-13.496,WSL030330
2025-11-29,sell,USD,20000,6140,2.6,WSL030330
2025-11-29,sell,JPY,1000000,1980,14.4,WSL010420
2025-11-29,sell,USD,80000,24560,10.4,WSL010420
2025-11-29,buy,SAR,36500,2976.575,10.293,WSL030330
2025-11-29,buy,SAR,36500,2976.575,10.293,WSL030330
2025-11-29,sell,JOD,5000,2172.5,2.162,WSL030330
2025-11-29,sell,INR,100000,345,-9.742,WSL030330
2025-11-29,sell,TRY,200000,1465,-120.892,WSL030330
2025-11-29,sell,USD,41456,12727,5.397,WSL030330
2025-11-29,sell,EGP,100000,695,-47.932,WSL010420
2025-11-29,sell,TRY,300000,2193,-185.838,WSL010420
2025-11-29,sell,USD,13250,4067.75,1.722,WSL030330
2025-11-29,sell,BDT,100000,257,-21.945,WSL030330
2025-11-29,sell,EUR,10000,3566,5.08,WSL030330
2025-11-29,sell,INR,100000,345,-9.742,WSL030330
2025-11-29,sell,PHP,200000,1092,-44.032,WSL030330
2025-11-29,sell,THB,100000,962,-9.09,WSL030330
2025-11-29,sell,TRY,200000,1462,-123.892,WSL030330
2025-11-29,sell,USD,62000,19034,8.06,WSL030330
2025-11-29,sell,USD,9700,2977.9,1.261,WSL030330
2025-11-29,sell,THB,500000,4800,-55.45,WSL030330
2025-11-29,sell,QAR,150000,12627,22.81,WSL030330
2025-11-29,sell,USD,300000,92211,150,WSL030330
2025-11-29,buy,AZN,150000,27334.026,1079.864,WSL030330
2025-11-29,buy,CNY,300000,13058.298,37.149,WSL030330
2025-11-29,buy,JPY,3000000,5924.13,-27.33,WSL030330
2025-11-29,buy,KWD,38715.5,38655.037,60.463,WSL030330
2025-11-29,buy,THB,3000000,28634.838,497.862,WSL030330
2025-11-29,buy,TRY,10000000,72752.49,6542.11,WSL030330
2025-11-29,buy,USD,300000,92208.298,-147.298,WSL030330
2025-11-29,buy,USD,1000000,306747.252,122.748,WSL030330
2025-11-27,sell,EGP,2000000,13770,-1088.64,WSL030330
2025-11-27,buy,MAD,100000,3735,250.325,WSL030330
2025-11-27,sell,RUB,500000,1925,-93.88,WSL010420
2025-11-27,sell,USD,20000,6142,4.6,WSL010420
2025-11-27,sell,THB,300000,2877,-39.402,WSL010420
2025-11-27,buy,BHD,150000,121762.5,426.723,WSL030330
2025-11-27,buy,GBP,3140,1240.3,34.429,WSL030330
2025-11-27,buy,USD,16300,4959.275,48.085,WSL030330
2025-11-27,sell,GBP,15000,6087,-2.472,WSL030330
2025-11-27,sell,TRY,1400000,10248,-865.172,WSL030330
2025-11-27,sell,TRY,2000000,14650,-1225.96,WSL030330
2025-11-27,sell,CNY,10000,437,0.016,WSL030330
2025-11-27,sell,JOD,7000,3041.5,-0.241,WSL030330
2025-11-27,sell,THB,200000,1918,-26.268,WSL030330
2025-11-27,sell,USD,30000,9213,-3,WSL030330
2025-11-27,sell,AZN,10000,1832.5,-63.796,WSL030330
2025-11-27,sell,INR,200000,690,-20.246,WSL030330
2025-11-27,sell,INR,200000,690,-20.246,WSL030330
2025-11-27,sell,JOD,10000,4345,-0.344,WSL030330
2025-11-27,sell,MYR,20000,1490,16.619,WSL030330
2025-11-27,sell,THB,200000,1918,-26.268,WSL030330
2025-11-27,sell,USD,50000,15355,-5,WSL030330
2025-11-27,sell,USD,50000,15355,-5,WSL030330
2025-11-27,sell,CHF,10000,3820,3.851,WSL030330
2025-11-27,sell,USD,40000,12284,-4,WSL030330
2025-11-27,sell,USD,250000,76775,-25,WSL030330
2025-11-27,sell,THB,500000,4792.5,-68.17,WSL030330
2025-11-27,sell,PHP,400000,2178,-96.508,WSL030330
2025-11-27,sell,USD,100000,30705,-15,WSL030330
2025-11-27,sell,USD,130000,39923,-13,WSL010420
2025-11-27,sell,CNY,50000,2186,1.078,WSL010420
2025-11-27,sell,USD,30000,9213,-3,WSL010420
2025-11-27,sell,CHF,2800,1074.5,5.713,WSL030330
2025-11-27,sell,THB,200000,1917,-27.268,WSL030330
2025-11-27,sell,AZN,5000,915,-33.148,WSL030330
2025-11-27,sell,EUR,10000,3566.5,5.13,WSL030330
2025-11-27,sell,GBP,5000,2039.5,6.143,WSL030330
2025-11-27,sell,GEL,5000,580,-17.665,WSL030330
2025-11-27,sell,PKR,300000,345,-23.64,WSL030330
2025-11-27,sell,USD,100000,30710,-10,WSL010420
2025-11-27,sell,AED,35500,2971.35,-0.462,WSL010420
2025-11-27,sell,INR,100000,345,-10.123,WSL030330
2025-11-27,sell,TRY,100000,732.5,-61.298,WSL030330
2025-11-27,sell,USD,9315,2861.102,-0.466,WSL030330
2025-11-27,sell,USD,30690,9426,-1.968,WSL030330
2025-11-27,sell,VND,6000000,69,-0.9,WSL030330
2025-11-27,sell,EUR,100000,35635.2,36.864,WSL030330
2025-11-27,sell,GBP,100000,40734.7,55.276,WSL030330
2025-11-27,buy,AZN,30000,5469.436,219.453,WSL030330
2025-11-27,buy,EGP,3000000,20617.449,1694.481,WSL030330
2025-11-27,buy,GBP,50000,20290.56,79.872,WSL030330
2025-11-27,buy,GBP,100000,40531.968,208.896,WSL030330
2025-11-27,buy,HKD,50000,1979.381,-4.301,WSL030330
2025-11-27,buy,KWD,12000,11984.395,15.605,WSL030330
2025-11-27,buy,PKR,2000000,2226.086,231.514,WSL030330
2025-11-27,buy,SAR,1300000,106496,0,WSL030330
2025-11-27,buy,USD,317883,97604.831,48.827,WSL030330
2025-11-26,sell,AED,54000,4519.8,-2.214,WSL010420
2025-11-26,sell,USD,9500,2917.45,-1.805,WSL010420
2025-11-26,buy,KWD,125419.75,125313.721,106.029,WSL030330
2025-11-26,sell,USD,30000,9213,-2.4,WSL010420
2025-11-26,sell,THB,10000,95.7,-1.507,WSL030330
2025-11-26,sell,LKR,500000,540,-28.85,WSL010420
2025-11-26,sell,USD,3000,922.5,0.96,WSL030330
2025-11-26,sell,TRY,300000,2196,-185.241,WSL010420
2025-11-26,sell,USD,50000,15355,-4,WSL010420
2025-11-26,sell,USD,200000,61540,104,WSL030330
2025-11-26,buy,IQD,30000000,6660,294.9,WSL010420
2025-11-26,sell,THB,500000,4782.5,-77.855,WSL010420
2025-11-26,sell,USD,100000,30710,-8,WSL010420
2025-11-26,sell,EGP,300000,2079,-152.049,WSL010420
2025-11-26,sell,JPY,2000000,3970,41.86,WSL010420
2025-11-26,sell,THB,500000,4780,-80.355,WSL010420
2025-11-26,sell,PHP,2000000,10900,-471.8,WSL030330
2025-11-26,sell,USD,700000,215355,329,WSL030330
2025-11-26,sell,EUR,5000,1782.5,3.774,WSL030330
2025-11-26,sell,GBP,5000,2030.75,6.587,WSL030330
2025-11-26,sell,TRY,280000,2051,-171.492,WSL030330
2025-11-26,sell,USD,20000,6142,-1.6,WSL030330
2025-11-26,sell,TRY,60000,439.5,-36.748,WSL030330
2025-11-26,sell,USD,70000,21497,-5.6,WSL030330
2025-11-26,sell,AED,27200,2276.64,-0.628,WSL030330
2025-11-26,sell,EUR,10000,3565,7.548,WSL030330
2025-11-26,sell,USD,4500,1381.95,-0.36,WSL030330
2025-11-26,buy,SAR,36500,2980.225,9.66,WSL030330
2025-11-26,buy,SAR,36500,2980.225,9.66,WSL030330
2025-11-26,sell,THB,500000,4785,-75.355,WSL030330
2025-11-26,sell,USD,14610,4487.461,-0.439,WSL030330
2025-11-26,sell,MYR,20000,1490,16.715,WSL010420
2025-11-26,sell,EGP,100000,694,-49.683,WSL030330
2025-11-26,buy,USD,900000,276795,-333,WSL030330
2025-11-26,buy,BHD,20000,16289.54,1.296,WSL030330
2025-11-26,buy,CHF,30000,11436.337,17.056,WSL030330
2025-11-26,buy,EUR,50000,17724.286,78.331,WSL030330
2025-11-26,buy,EUR,150000,53449.32,-41.469,WSL030330
2025-11-26,buy,GBP,20000,8075.762,29.489,WSL030330
2025-11-26,buy,JOD,100000,43435.252,15.359,WSL030330
2025-11-26,buy,AED,1750000,146395.697,119.711,WSL030330
2025-11-26,buy,BHD,10080,8202.316,8.265,WSL030330
2025-11-26,buy,IDR,300000000,5585.1,456.9,WSL030330
2025-11-26,buy,KRW,20000000,4207.94,-16.34,WSL030330
2025-11-26,buy,KWD,6885,6871.132,13.868,WSL030330
2025-11-26,buy,RUB,2000000,7451.304,632.376,WSL030330
2025-11-26,buy,RUB,3000000,10938.159,1187.361,WSL030330
2025-11-26,buy,SGD,20000,4725.846,0.364,WSL030330
2025-11-26,buy,THB,4000000,37982.072,900.768,WSL030330
2025-11-26,buy,VND,200000000,2232.4,93.6,WSL030330
2025-11-26,sell,IQD,100000000,22838.66,-344.34,WSL030330
2025-11-26,sell,MYR,122399,9081.769,65.336,WSL030330
2025-11-26,sell,TRY,6000000,43935.161,-3689.659,WSL030330
2025-11-25,sell,RUB,500000,1925,-95.92,WSL010420
2025-11-25,sell,AED,120000,10046.4,-0.371,WSL030330
2025-11-25,sell,TRY,600000,4395,-367.482,WSL010420
2025-11-25,sell,AED,100000,8372,-0.309,WSL010420
2025-11-25,sell,EGP,300000,2070,-161.049,WSL010420
2025-11-25,sell,AED,75000,6281.25,2.018,WSL010420
2025-11-25,sell,CNY,60000,2619,-2.735,WSL030330
2025-11-25,buy,IQD,100000000,22450,733,WSL030330
2025-11-25,sell,AED,35000,2931.25,0.179,WSL010420
2025-11-25,sell,USD,9200,2827.62,0.828,WSL030330
2025-11-25,sell,AED,150000,12562.5,0.766,WSL030330
2025-11-25,sell,PHP,100000,546,-22.738,WSL030330
2025-11-25,sell,USD,32287,9923.5,2.996,WSL030330
2025-11-25,sell,AZN,5000,913.5,-34.833,WSL030330
2025-11-25,sell,BDT,300000,768,-69.897,WSL030330
2025-11-25,sell,EUR,5000,1773.5,2.761,WSL030330
2025-11-25,sell,USD,10000,3073.5,0.9,WSL030330
2025-11-25,sell,USD,20000,6147,1.8,WSL030330
2025-11-25,sell,EUR,20000,7098,15.042,WSL010420
2025-11-25,sell,AZN,10000,1827,-69.667,WSL030330
2025-11-25,sell,AZN,16400,2996.28,-114.253,WSL030330
2025-11-25,sell,EGP,100000,690,-53.876,WSL010420
2025-11-25,sell,TRY,200000,1465,-122.906,WSL010420
2025-11-25,sell,PKR,500000,560,-54.52,WSL010420
2025-11-25,sell,INR,300000,1032,-33.579,WSL030330
2025-11-25,sell,LKR,100000,108,-5.8,WSL030330
2025-11-25,sell,NPR,100000,232,-19.852,WSL030330
2025-11-25,sell,AZN,10000,1827,-69.667,WSL030330
2025-11-25,sell,EGP,60000,414,-32.326,WSL030330
2025-11-25,sell,EUR,20000,7093,10.042,WSL010420
2025-11-25,sell,GBP,20000,8075,10.654,WSL010420
2025-11-25,sell,TRY,300000,2197.5,-184.359,WSL010420
2025-11-25,sell,USD,60000,18438,2.4,WSL010420
2025-11-25,sell,EGP,200000,1380,-107.752,WSL010420
2025-11-25,sell,CHF,10000,3821,23.916,WSL030330
2025-11-25,sell,GBP,10000,4037.5,5.327,WSL030330
2025-11-25,sell,PHP,100000,546,-22.738,WSL030330
2025-11-25,sell,AZN,100000,18250,-716.667,WSL030330
2025-11-25,sell,EUR,30000,10641,16.564,WSL030330
2025-11-25,sell,GBP,20000,8077,12.654,WSL030330
2025-11-25,sell,EGP,150000,1035,-80.814,WSL010420
2025-11-25,sell,EUR,15000,5319,6.321,WSL010420
2025-11-25,sell,VND,100000000,1140,-25,WSL010420
2025-11-25,sell,EGP,140000,966,-75.426,WSL010420
2025-11-25,sell,JPY,1000000,1975,12.93,WSL010420
2025-11-25,sell,TRY,300000,2197.5,-184.359,WSL010420
2025-11-25,buy,SAR,36500,2983.875,6.789,WSL030330
2025-11-25,sell,EUR,20000,7093,13.73,WSL030330
2025-11-25,sell,INR,200000,688,-22.386,WSL030330
2025-11-25,sell,IQD,10000000,2230,-88.9,WSL030330
2025-11-25,sell,JOD,10000,4347.5,1.307,WSL030330
2025-11-25,sell,TRY,200000,1465,-122.906,WSL030330
2025-11-25,buy,USD,10000,3080.65,-8.05,WSL030330
2025-11-25,buy,USD,20000,6161.92,-16.72,WSL030330
2025-11-25,sell,EUR,100000,35450,53.648,WSL030330
2025-11-25,sell,GBP,50000,20180,42.18,WSL030330
2025-11-25,sell,AED,500000,41875,2.555,WSL030330
2025-11-25,sell,BHD,10000,8152.5,4.961,WSL030330
2025-11-25,sell,EGP,400000,2752,-223.504,WSL030330
2025-11-25,sell,EUR,70000,24839.5,62.054,WSL030330
2025-11-25,sell,GBP,30000,12117,37.995,WSL030330
2025-11-25,sell,INR,5000000,17250,-509.65,WSL030330
2025-11-25,sell,JOD,30000,13048.5,9.922,WSL030330
2025-11-25,sell,PHP,2000000,10920,-454.76,WSL030330
2025-11-25,sell,SAR,200000,16394,6.8,WSL030330
2025-11-25,sell,THB,1000000,9530,-193.24,WSL030330
2025-11-25,sell,TRY,600000,4395,-368.718,WSL030330
2025-11-25,sell,USD,500000,153975,345,WSL030330
2025-11-25,buy,BHD,20000,16293.782,1.296,WSL030330
2025-11-25,buy,CNY,200000,8704.249,37.145,WSL030330
2025-11-25,buy,EGP,500000,3444.619,274.761,WSL030330
2025-11-25,buy,EGP,3000000,20621.478,1694.802,WSL030330
2025-11-25,buy,EUR,100000,35430.151,-33.799,WSL030330
2025-11-25,buy,GBP,50000,20179.301,-47.626,WSL030330
2025-11-25,buy,JOD,50000,21723.282,7.682,WSL030330
2025-11-25,buy,KWD,15131.25,15109.613,21.637,WSL030330
2025-11-25,buy,TRY,12000000,87580.048,7694.312,WSL030330
2025-11-25,buy,USD,400000,122842.548,61.452,WSL030330
2025-11-25,sell,KRW,10000000,2125,38.5,WSL010420
2025-11-25,buy,AED,2000000,167421.332,68.448,WSL030330
2025-11-25,buy,AZN,160000,29158.719,1187.948,WSL030330
2025-11-25,buy,CAD,20000,4359.844,-7.411,WSL030330
2025-11-25,buy,EGP,2000000,13716.964,1160.556,WSL030330
2025-11-25,buy,EUR,100000,35448.586,-61.452,WSL030330
2025-11-25,buy,GBP,50000,20156.256,-26.117,WSL030330
2025-11-25,buy,INR,9000000,30897.653,1069.717,WSL030330
2025-11-25,buy,JPY,2000000,3932.928,-12.048,WSL030330
2025-11-25,buy,KWD,8000,7987.262,12.738,WSL030330
2025-11-25,buy,USD,300000,92150.347,27.653,WSL030330
2025-11-25,buy,KWD,7800,7786.316,13.684,WSL030330
2025-11-25,buy,OMR,12000,9573.205,3.73,WSL030330
2025-11-25,buy,PHP,4000000,21714.482,1035.038,WSL030330
2025-11-25,buy,THB,5000000,47460.6,1155.6,WSL030330
2025-11-24,sell,RUB,750000,2887.5,-144.668,WSL010420
2025-11-24,sell,USD,4000,1230,0.96,WSL010420
2025-11-24,sell,EGP,400000,2760,-215.504,WSL010420
2025-11-24,sell,USD,50000,15367.5,4.5,WSL010420
2025-11-24,sell,AED,40000,3350,-0.45,WSL010420
2025-11-24,sell,EGP,200000,1380,-108.044,WSL010420
2025-11-24,sell,EUR,20000,7094,7.201,WSL010420
2025-11-24,sell,GBP,20000,8078,27.445,WSL010420
2025-11-24,sell,EGP,400000,2756,-220.088,WSL010420
2025-11-24,sell,EGP,400000,2760,-216.088,WSL030330
2025-11-24,sell,TRY,200000,1466,-122.218,WSL030330
2025-11-24,sell,EGP,100000,690,-54.022,WSL030330
2025-11-24,sell,EGP,200000,1380,-108.044,WSL030330
2025-11-24,sell,EUR,20000,7094,7.201,WSL030330
2025-11-24,sell,INR,100000,345,-10.262,WSL030330
2025-11-24,sell,INR,100000,345,-10.262,WSL030330
2025-11-24,sell,USD,50000,15367.5,1.5,WSL030330
2025-11-24,sell,USD,30000,9222,2.4,WSL010420
2025-11-24,sell,GBP,5000,2019.5,7.476,WSL010420
2025-11-24,sell,JOD,5000,2174,0.479,WSL010420
2025-11-24,sell,THB,300000,2856,-61.542,WSL010420
2025-11-24,sell,IDR,200000000,3726,-304,WSL030330
2025-11-24,sell,THB,2000000,19040,-410.28,WSL030330
2025-11-24,sell,TRY,1000000,7325,-616.09,WSL030330
2025-11-24,buy,BHD,6000,4878,11.478,WSL010420
2025-11-24,sell,THB,200000,1906,-39.028,WSL030330
2025-11-24,sell,USD,50000,15367.5,1.5,WSL030330
2025-11-24,sell,USD,9700,2981.78,0.776,WSL030330
2025-11-24,sell,USD,9700,2981.78,0.776,WSL030330
2025-11-24,sell,THB,100000,952,-20.514,WSL030330
2025-11-24,sell,USD,16000,4918.4,1.28,WSL030330
2025-11-24,sell,EUR,10000,3549,8.366,WSL030330
2025-11-24,sell,GBP,10000,4040,13.186,WSL030330
2025-11-24,sell,JOD,10000,4349,1.959,WSL030330
2025-11-24,sell,AED,35000,2932.3,0.657,WSL030330
2025-11-24,sell,TRY,200000,1464,-124.218,WSL030330
2025-11-24,buy,EUR,150000,53174.043,-46.098,WSL030330
2025-11-24,buy,GBP,50000,20183.241,-44.561,WSL030330
2025-11-23,sell,EUR,10000,3545,7.44,WSL010420
2025-11-23,sell,JOD,10000,4347.5,0.459,WSL010420
2025-11-23,sell,TRY,200000,1466,-122.218,WSL010420
2025-11-23,sell,USD,50000,15370,4,WSL010420
2025-11-23,sell,EUR,14000,4963,10.415,WSL030330
2025-11-23,sell,GBP,9500,3834.2,9.019,WSL030330
2025-11-23,sell,PHP,300000,1638,-68.547,WSL030330
2025-11-23,sell,TRY,120000,878.4,-74.531,WSL030330
2025-11-23,sell,EGP,200000,1376,-112.044,WSL030330
2025-11-23,sell,JOD,5600,2435.44,1.097,WSL030330
2025-11-23,sell,THB,200000,1908,-37.028,WSL030330
2025-11-23,sell,TRY,300000,2199,-183.327,WSL030330
2025-11-23,sell,TRY,400000,2932,-244.436,WSL010420
2025-11-23,sell,AED,50000,4187.5,-0.562,WSL030330
2025-11-23,sell,AZN,10000,1826,-71.037,WSL030330
2025-11-23,sell,BHD,5000,4078.5,3.935,WSL030330
2025-11-23,sell,CAD,10000,2188,7.962,WSL030330
2025-11-23,sell,CHF,5000,1918.75,17.017,WSL030330
2025-11-23,sell,CNY,40000,1744,-4.62,WSL030330
2025-11-23,sell,EUR,20000,7092,16.879,WSL030330
2025-11-23,sell,GEL,20000,2312,-79.595,WSL030330
2025-11-23,sell,INR,500000,1705,-71.31,WSL030330
2025-11-23,sell,JOD,10000,4347.5,0.459,WSL030330
2025-11-23,sell,JPY,1000000,1990,24.79,WSL030330
2025-11-23,sell,KRW,5000000,1062.5,18,WSL030330
2025-11-23,sell,MYR,40000,2970,22.086,WSL030330
2025-11-23,sell,OMR,3000,2396.25,1.549,WSL030330
2025-11-23,sell,PHP,500000,2725,-119.245,WSL030330
2025-11-23,sell,QAR,30000,2525.4,0.866,WSL030330
2025-11-23,sell,SGD,10000,2355,4.021,WSL030330
2025-11-23,sell,USD,100000,30735,3,WSL030330
2025-11-23,sell,EGP,200000,1374,-114.044,WSL010420
2025-11-23,sell,IDR,10000000,186.3,-15.2,WSL010420
2025-11-23,sell,INR,750000,2581.875,-82.59,WSL010420
2025-11-23,sell,USD,100000,30740,8,WSL010420
2025-11-23,buy,SGD,1000,236.85,-1.752,WSL030330
2025-11-23,sell,TRY,300000,2197.5,-184.827,WSL010420
2025-11-23,sell,USD,50000,15370,4,WSL010420
2025-11-23,sell,GBP,10000,4035,8.493,WSL010420
2025-11-23,sell,USD,70000,21514.5,2.1,WSL010420
2025-11-23,sell,EUR,100000,35440,64.395,WSL030330
2025-11-23,sell,GBP,70000,28231,45.454,WSL030330
2025-11-23,sell,USD,500000,153860,200,WSL030330
2025-11-23,sell,AED,29000,2428.75,-0.326,WSL010420
2025-11-23,sell,EGP,150000,1030.5,-85.533,WSL030330
2025-11-23,buy,CAD,20000,4366.892,-6.815,WSL030330
2025-11-23,buy,EGP,2000000,13719.642,1160.798,WSL030330
2025-11-23,buy,EUR,50000,17716.998,-29.196,WSL030330
2025-11-23,buy,EUR,100000,35415.557,-39.952,WSL030330
2025-11-23,buy,GBP,100000,40320.384,-55.318,WSL030330
2025-11-23,buy,INR,2000000,6791.602,313.638,WSL030330
2025-11-23,buy,USD,1000000,307258.536,61.464,WSL030330
2025-11-23,sell,USD,6400,1967.36,0.512,WSL030330
2025-11-23,sell,AED,156300,13090.125,-1.757,WSL030330
2025-11-23,sell,JOD,10000,4349,1.959,WSL030330
2025-11-23,sell,IQD,5000000,1115,-44.65,WSL030330
2025-11-23,sell,JOD,10000,4347.5,0.459,WSL030330
2025-11-23,sell,USD,100000,30740,8,WSL030330
2025-11-23,buy,AED,100,8.299,0.077,WSL030330
2025-11-23,buy,AED,100,8.299,0.077,WSL030330
2025-11-23,buy,AED,200,16.598,0.154,WSL030330
2025-11-23,buy,AED,500,41.494,0.387,WSL030330
2025-11-23,buy,BHD,15,12.128,0.096,WSL030330
2025-11-23,buy,SAR,500,39.75,1.226,WSL030330
2025-11-23,buy,SAR,500,39.75,1.226,WSL030330
2025-11-23,buy,USD,10,3.02,0.053,WSL030330
2025-11-23,buy,USD,50,15.1,0.266,WSL030330
2025-11-23,buy,USD,100,30.2,0.532,WSL030330
2025-11-23,buy,USD,100,30.2,0.532,WSL030330
2025-11-23,buy,USD,200,60.4,1.064,WSL030330
2025-11-23,buy,AED,100,8.299,0.077,WSL030330
2025-11-23,buy,EUR,100,32.5,2.876,WSL030330
2025-11-23,buy,USD,150,45.3,0.798,WSL030330
2025-11-23,buy,CNY,300000,13068.179,46.471,WSL030330
2025-11-23,buy,KRW,10000000,2092.04,-3.04,WSL030330
2025-11-23,buy,KWD,7919.25,7906.9,12.35,WSL030330
2025-11-23,buy,LKR,2000000,2076.486,199.954,WSL030330
2025-11-23,buy,PHP,2000000,10897.872,479.108,WSL030330
2025-11-23,buy,QAR,180877,15187.738,33.27,WSL030330
2025-11-23,buy,VND,100000000,1117.5,48.5,WSL030330
2025-11-22,buy,MAD,9950,363.175,33.946,WSL030330
2025-11-22,sell,THB,200000,1908,-37.028,WSL030330
2025-11-22,sell,JOD,15000,6523.5,2.938,WSL030330
2025-11-22,sell,GBP,25000,10087.5,21.234,WSL030330
2025-11-22,sell,GEL,20000,2312,-79.595,WSL030330
2025-11-22,sell,NPR,200000,464,-39.802,WSL030330
2025-11-22,sell,PHP,200000,1092,-45.698,WSL030330
2025-11-22,sell,GBP,7000,2824.5,5.945,WSL030330
2025-11-22,sell,TRY,150000,1099.5,-91.664,WSL030330
2025-11-22,sell,THB,200000,1908,-37.028,WSL030330
2025-11-22,sell,USD,6210,1909.252,0.795,WSL030330
2025-11-22,sell,USD,50100,15403.248,6.516,WSL030330
2025-11-22,sell,EUR,8000,2836.8,6.752,WSL030330
2025-11-22,sell,EUR,10000,3546.5,8.94,WSL010420
2025-11-22,sell,USD,20000,6148,1.6,WSL010420
2025-11-22,sell,USD,50000,15367.5,1.5,WSL030330
2025-11-22,sell,USD,9700,2981.78,0.776,WSL030330
2025-11-20,sell,USD,50000,15370,4,WSL010420
2025-11-20,sell,AED,40000,3350.8,0.35,WSL030330
2025-11-20,sell,MYR,50000,3700,15.108,WSL030330
2025-11-20,buy,CHF,3040,1133.92,24.771,WSL030330
2025-11-20,buy,USD,56200,17098.85,172.534,WSL030330
2025-11-20,sell,USD,5000,1538,1.6,WSL010420
2025-11-20,sell,EGP,200000,1374,-113.85,WSL010420
2025-11-20,sell,EUR,20000,7094,12.425,WSL010420
2025-11-20,sell,GBP,5000,2014.5,6.579,WSL010420
2025-11-20,sell,CAD,10000,2195,9.509,WSL010420
2025-11-20,sell,THB,100000,952.5,-19.888,WSL030330
2025-11-20,sell,USD,30000,9222,3.6,WSL030330
2025-11-20,sell,BDT,100000,258,-21.318,WSL030330
2025-11-20,sell,INR,300000,1030.5,-35.148,WSL030330
2025-11-20,sell,PHP,100000,544,-24.775,WSL030330
2025-11-20,sell,PKR,300000,336,-32.736,WSL030330
2025-11-20,sell,THB,300000,2859,-58.164,WSL030330
2025-11-20,sell,USD,20000,6149,3.4,WSL030330
2025-11-20,sell,AED,91475,7662.998,1.936,WSL030330
2025-11-20,sell,JPY,1000000,1990,40.5,WSL010420
2025-11-20,sell,TRY,250000,1835,-150.012,WSL030330
2025-11-20,sell,USD,14800,4551,3.256,WSL030330
2025-11-20,sell,EGP,100000,687,-56.925,WSL030330
2025-11-20,sell,USD,6050,1860.375,1.331,WSL030330
2025-11-20,sell,TRY,200000,1467,-121.01,WSL030330
2025-11-20,sell,AED,100000,8375,-0.034,WSL010420
2025-11-20,sell,THB,500000,4762.5,-99.44,WSL010420
2025-11-20,sell,USD,20000,6160,14.4,WSL010420
2025-11-20,sell,CNY,200000,8730,-11.964,WSL030330
2025-11-20,sell,EGP,2000000,13680,-1198.5,WSL030330
2025-11-20,sell,IDR,200000000,3730,-300,WSL030330
2025-11-20,sell,INR,2000000,6780,-324.32,WSL030330
2025-11-20,sell,LKR,2000000,2100,-176.14,WSL030330
2025-11-20,sell,THB,2000000,19060,-387.76,WSL030330
2025-11-20,sell,TRY,1000000,7330,-610.05,WSL030330
2025-11-20,sell,EUR,10000,3547,7.442,WSL010420
2025-11-20,sell,GBP,10000,4029,14.08,WSL010420
2025-11-20,sell,IDR,90000000,1687.5,-126,WSL030330
2025-11-20,sell,AED,2000,167.4,-0.101,WSL030330
2025-11-20,sell,AED,29000,2428.75,-0.01,WSL010420
2025-11-20,sell,QAR,500000,42125,54.9,WSL030330
2025-11-20,sell,EGP,500000,3450,-269.625,WSL030330
2025-11-20,sell,EUR,50000,17770,66.063,WSL030330
2025-11-20,sell,GBP,80000,32400,283.094,WSL030330
2025-11-20,sell,USD,300000,92385,201,WSL030330
2025-11-20,buy,USD,300000,92382,-198,WSL030330
2025-11-20,buy,KWD,317239.75,317239.75,0,WSL030330
2025-11-20,buy,EGP,3000000,20462.598,1855.152,WSL030330
2025-11-20,buy,EUR,50000,17711.619,-16.9,WSL030330
2025-11-20,buy,EUR,50000,17768.466,-73.747,WSL030330
2025-11-20,buy,GBP,100000,40493.358,-368.736,WSL030330
2025-11-20,buy,GEL,100000,11530.206,426.214,WSL030330
2025-11-20,buy,JPY,5000000,9941.12,-186.22,WSL030330
2025-11-20,buy,OMR,10000,7979.226,2.073,WSL030330
2025-11-20,buy,TRY,7000000,51152.438,4427.912,WSL030330
2025-11-19,sell,QAR,200000,16836,26.032,WSL030330
2025-11-19,buy,KWD,70363,70294.297,68.703,WSL030330
2025-11-19,sell,AED,35500,2967.8,-2.144,WSL030330
2025-11-19,sell,TRY,100000,732.5,-60.652,WSL030330
2025-11-19,sell,JPY,300000,598.5,8.853,WSL030330
2025-11-19,sell,TRY,200000,1465,-121.304,WSL030330
2025-11-19,sell,CNY,100000,4365,-1.287,WSL030330
2025-11-19,sell,USD,30000,9214.5,0,WSL030330
2025-11-19,sell,AZN,10000,1824,-71.988,WSL030330
2025-11-19,sell,EGP,200000,1372,-115.22,WSL030330
2025-11-19,sell,GEL,10000,1153,-42.136,WSL030330
2025-11-19,sell,PHP,100000,545,-23.535,WSL030330
2025-11-19,sell,INR,200000,684,-26.13,WSL030330
2025-11-19,sell,USD,10300,3164.675,1.03,WSL030330
2025-11-19,sell,USD,43925,13496,4.436,WSL030330
2025-11-19,sell,EGP,200000,1374,-113.22,WSL030330
2025-11-19,sell,USD,32654,10033,3.324,WSL030330
2025-11-19,sell,USD,50000,15350,-7.5,WSL030330
2025-11-19,sell,THB,1000000,9530,-189.76,WSL030330
2025-11-19,sell,EGP,60000,412.2,-33.966,WSL030330
2025-11-19,sell,EUR,20000,7130,14.563,WSL030330
2025-11-19,sell,USD,500000,153820,245,WSL030330
2025-11-19,sell,AUD,2600,521.3,2.935,WSL030330
2025-11-19,sell,JPY,500000,1000,12.06,WSL030330
2025-11-19,sell,PHP,200000,1090,-47.07,WSL030330
2025-11-19,sell,AED,500000,41810,-47.455,WSL030330
2025-11-19,sell,CAD,30000,6576,-7.667,WSL030330
2025-11-19,sell,EGP,400000,2740,-234.44,WSL030330
2025-11-19,sell,EUR,50000,17825,30.265,WSL030330
2025-11-19,sell,GBP,50000,20250,51.816,WSL030330
2025-11-19,sell,INR,5000000,17075,-678.25,WSL030330
2025-11-19,sell,JOD,50000,21710,-13.184,WSL030330
2025-11-19,sell,OMR,15000,11961,-5.883,WSL030330
2025-11-19,sell,PHP,1000000,5440,-245.35,WSL030330
2025-11-19,sell,SGD,10000,2365,7.024,WSL030330
2025-11-19,sell,THB,1000000,9510,-209.76,WSL030330
2025-11-19,sell,TRY,600000,4395,-367.014,WSL030330
2025-11-19,sell,USD,500000,153700,125,WSL030330
2025-11-19,sell,JPY,2000000,3990,38.24,WSL030330
2025-11-19,sell,KRW,10000000,2120,23.3,WSL030330
2025-11-19,buy,BHD,13550,11019.016,16.947,WSL030330
2025-11-19,buy,CAD,20000,4378.475,10.636,WSL030330
2025-11-19,buy,IDR,500000000,9279.5,790.5,WSL030330
2025-11-19,buy,JPY,2000000,3983.788,-32.028,WSL030330
2025-11-19,buy,LKR,3000000,3113.007,299.763,WSL030330
2025-11-19,buy,MAD,7600,292.891,10.27,WSL030330
2025-11-19,buy,PHP,2000000,10853.356,517.344,WSL030330
2025-11-19,buy,QAR,36500,3063.108,6.71,WSL030330
2025-11-19,buy,THB,2000000,19012.69,426.83,WSL030330
2025-11-19,buy,USD,600000,184536,-246,WSL030330
2025-11-19,sell,EUR,50000,17835,40.265,WSL030330
2025-11-19,sell,GBP,50000,20250,51.816,WSL030330
2025-11-19,sell,INR,500000,1705,-70.325,WSL030330
2025-11-19,sell,AZN,10000,1824,-71.988,WSL030330
2025-11-19,sell,TRY,1000000,7330,-606.69,WSL030330
2025-11-19,sell,USD,50000,15357.5,0,WSL030330
2025-11-19,buy,AED,500000,41840.349,17.106,WSL030330
2025-11-19,buy,AZN,40000,7287.07,296.881,WSL030330
2025-11-19,buy,EGP,2000000,13651.111,1221.089,WSL030330
2025-11-19,buy,EUR,50000,17808.557,-13.822,WSL030330
2025-11-19,buy,EUR,50000,17830.058,-35.323,WSL030330
2025-11-19,buy,GBP,100000,40482.37,-86.002,WSL030330
2025-11-19,buy,INR,2000000,6825.556,275.744,WSL030330
2025-11-19,buy,KWD,14000,13993.166,6.834,WSL030330
2025-11-19,buy,OMR,10000,7975.85,2.072,WSL030330
2025-11-19,buy,USD,650000,199647.5,0,WSL030330
2025-11-19,buy,USD,400000,123040,-180,WSL030330
2025-11-19,sell,VND,150000000,1708.5,-37.5,WSL030330
2025-11-18,sell,AED,15000,1254.45,0.771,WSL030330
2025-11-18,sell,AED,100000,8363,5.137,WSL030330
2025-11-18,sell,EGP,100000,687,-55.763,WSL030330
2025-11-18,sell,OMR,1000,797.25,0.367,WSL030330
2025-11-18,sell,THB,100000,952,-18.869,WSL030330
2025-11-18,sell,USD,12500,3837.5,2.5,WSL030330
2025-11-18,sell,KRW,10000000,2130,35.4,WSL030330
2025-11-18,sell,OMR,5000,3986.25,1.834,WSL030330
2025-11-18,sell,SAR,50000,4092.5,1.834,WSL030330
2025-11-18,sell,SYP,50000000,1387.5,-417,WSL030330
2025-11-18,sell,USD,100000,30700,20,WSL030330
2025-11-18,sell,VND,100000000,1135,-28,WSL030330
2025-11-18,buy,SYP,50000000,1370,434.5,WSL030330
2025-11-18,sell,NPR,200000,462,-40.95,WSL030330
2025-11-18,sell,THB,200000,1904,-37.738,WSL030330
2025-11-18,sell,GEL,5000,575.75,-21.137,WSL030330
2025-11-18,sell,TRY,200000,1465,-120.53,WSL030330
2025-11-18,sell,JPY,1000000,1999,19.9,WSL030330
2025-11-18,sell,AED,50000,4181.5,0.524,WSL030330
2025-11-18,sell,THB,500000,4760,-94.345,WSL030330
2025-11-18,sell,TRY,200000,1467,-118.53,WSL030330
2025-11-18,sell,USD,30000,9210,6,WSL030330
2025-11-18,sell,NPR,100000,231,-20.475,WSL030330
2025-11-18,sell,TRY,200000,1467,-118.53,WSL030330
2025-11-18,sell,USD,11350,3484.45,2.27,WSL030330
2025-11-18,sell,USD,23013,7065,4.612,WSL030330
2025-11-18,sell,CNY,10000,436.5,0.085,WSL030330
2025-11-18,sell,EUR,10000,3565,7.04,WSL030330
2025-11-18,sell,GEL,10000,1154,-39.774,WSL030330
2025-11-18,sell,SAR,50000,4092.5,1.834,WSL030330
2025-11-18,sell,USD,35736,10970.998,7.193,WSL030330
2025-11-18,sell,CZK,38200,571.09,8.613,WSL030330
2025-11-18,sell,OMR,2500,1992.5,0.292,WSL030330
2025-11-18,sell,TRY,400000,2932,-239.06,WSL030330
2025-11-18,buy,AED,700000,58475.162,47.813,WSL030330
2025-11-18,buy,BDT,2000000,5070.147,506.453,WSL030330
2025-11-18,buy,CNY,200000,8714.318,12.396,WSL030330
2025-11-18,buy,KWD,3900,3890.412,9.588,WSL030330
2025-11-18,buy,THB,10000000,95084.93,1984.17,WSL030330
2025-11-18,buy,VND,500000000,5567,243,WSL030330
2025-11-17,sell,USD,20,6.04,-0.096,WSL030330
2025-11-17,sell,BHD,1000,814.5,0.992,WSL030330
2025-11-17,sell,JOD,10000,4342.5,2.955,WSL030330
2025-11-17,sell,PHP,100000,546,-21.868,WSL030330
2025-11-17,sell,PKR,100000,112,-10.716,WSL030330
2025-11-17,sell,USD,10000,3074.5,6.6,WSL030330
2025-11-17,buy,INR,3000000,10200,439.47,WSL030330
2025-11-17,sell,EGP,200000,1368,-117.478,WSL030330
2025-11-17,sell,OMR,5000,3985,0.714,WSL030330
2025-11-17,sell,SYP,5000000,147.5,-32.95,WSL030330
2025-11-17,sell,CNY,50000,2182.5,0.494,WSL030330
2025-11-17,sell,EUR,5550,1981.35,4.022,WSL030330
2025-11-17,sell,GBP,10000,4047,6.269,WSL030330
2025-11-17,sell,THB,500000,4762.5,-91.685,WSL030330
2025-11-17,sell,NPR,200000,464,-38.934,WSL030330
2025-11-17,buy,INR,2000000,6820,272.98,WSL030330
2025-11-17,buy,SYP,5000000,137.5,42.95,WSL030330
2025-11-17,sell,EGP,100000,687,-55.739,WSL030330
2025-11-17,sell,USD,12577,3861.139,2.641,WSL030330
2025-11-17,sell,EUR,10000,3566,3.248,WSL030330
2025-11-17,sell,USD,36779,11291.002,7.573,WSL030330
2025-11-17,sell,INR,250000,855,-31.622,WSL030330
2025-11-17,sell,TRY,100000,733.5,-59.239,WSL030330
2025-11-17,sell,USD,12709,3901.498,2.504,WSL030330
2025-11-17,sell,USD,7000,2153.2,5.67,WSL030330
2025-11-17,buy,SAR,1000,79.5,2.311,WSL030330
2025-11-17,buy,USD,1460,440.92,6.993,WSL030330
2025-11-16,sell,EGP,14000,96.18,-7.803,WSL030330
2025-11-16,sell,AED,50000,4181.5,0.66,WSL030330
2025-11-16,sell,BHD,2000,1628.8,1.785,WSL030330
2025-11-16,sell,USD,50000,15350,10.5,WSL030330
2025-11-16,sell,BDT,50000,129,-10.436,WSL030330
2025-11-16,sell,EGP,200000,1374,-111.478,WSL030330
2025-11-16,sell,AED,50000,4182.5,1.66,WSL030330
2025-11-16,sell,INR,300000,1020,-43.947,WSL030330
2025-11-16,sell,LKR,300000,322.5,-18.378,WSL030330
2025-11-16,sell,PKR,300000,336,-32.148,WSL030330
2025-11-16,sell,THB,200000,1907,-34.674,WSL030330
2025-11-16,sell,TRY,200000,1468,-117.478,WSL030330
2025-11-16,sell,INR,100000,338.5,-16.149,WSL030330
2025-11-16,sell,JOD,6500,2823.6,2.896,WSL030330
2025-11-16,sell,GBP,5000,2028.25,8.038,WSL030330
2025-11-16,sell,EUR,10000,3574,9.407,WSL030330
2025-11-16,sell,GBP,10000,4057,16.576,WSL030330
2025-11-16,sell,TRY,300000,2205,-173.217,WSL030330
2025-11-16,sell,USD,9500,2917.45,2.945,WSL030330
2025-11-16,sell,USD,31853,9782.056,9.874,WSL030330
2025-11-16,sell,EUR,20000,7148,18.814,WSL030330
2025-11-16,sell,JOD,20000,8685,5.911,WSL030330
2025-11-16,sell,PHP,100000,548.5,-19.368,WSL030330
2025-11-16,sell,THB,100000,954,-16.837,WSL030330
2025-11-16,sell,TRY,200000,1468,-117.478,WSL030330
2025-11-16,sell,USD,60000,18420,12.6,WSL030330
2025-11-16,sell,USD,11000,3378.1,3.41,WSL030330
2025-11-16,sell,USD,10000,3072,4.1,WSL030330
2025-11-16,sell,USD,30000,9210,6.3,WSL030330
2025-11-16,sell,USD,50000,15350,10.5,WSL030330
2025-11-16,sell,USD,30000,9213,9.3,WSL030330
2025-11-16,sell,INR,2000000,6780,-312.98,WSL030330
2025-11-16,sell,LKR,3000000,3150,-258.78,WSL030330
2025-11-16,sell,PKR,2000000,2220,-234.32,WSL030330
2025-11-16,sell,THB,2000000,19060,-356.74,WSL030330
2025-11-16,sell,USD,100000,30700,21,WSL030330
2025-11-16,sell,VND,300000000,3390,-99,WSL030330
2025-11-16,sell,NPR,200000,464,-38.934,WSL030330
2025-11-16,sell,JOD,10000,4342.5,2.955,WSL030330
2025-11-16,sell,USD,20000,6151,15.2,WSL030330
2025-11-16,sell,USD,60000,18429,21.6,WSL030330
2025-11-16,sell,JPY,1000000,2007,21.95,WSL030330
2025-11-16,sell,GBP,12000,4866,17.491,WSL030330
2025-11-16,sell,CAD,20000,4390,15.41,WSL030330
2025-11-16,sell,EUR,75000,26805,70.552,WSL030330
2025-11-16,sell,GBP,75000,30412.5,109.318,WSL030330
2025-11-16,sell,USD,200000,61510,152,WSL030330
2025-11-16,buy,CAD,50000,10960.7,-24.225,WSL030330
2025-11-16,buy,EGP,2000000,13653.316,1201.464,WSL030330
2025-11-16,buy,EUR,200000,71371.626,-79.766,WSL030330
2025-11-16,buy,GBP,150000,60753.624,-147.26,WSL030330
2025-11-16,buy,INR,4000000,13485.276,700.684,WSL030330
2025-11-16,buy,JOD,70000,30366.074,10.738,WSL030330
2025-11-16,buy,JPY,4000000,7989.324,-49.124,WSL030330
2025-11-16,buy,KWD,11250.5,11230.001,20.499,WSL030330
2025-11-16,buy,PKR,2500000,2758.903,308.997,WSL030330
2025-11-16,buy,QAR,350000,29377.975,24.132,WSL030330
2025-11-16,buy,USD,20000,6134.573,1.227,WSL030330
2025-11-16,buy,USD,1500000,460092.963,92.037,WSL030330
2025-11-16,buy,AED,500000,41785.617,22.773,WSL030330
2025-11-16,buy,JOD,300000,130048.281,138.057,WSL030330
2025-11-16,buy,KWD,42000,41943.945,56.055,WSL030330
2025-11-16,buy,OMR,10000,7964.434,4.137,WSL030330
2025-11-16,buy,QAR,500000,41991.514,11.496,WSL030330
2025-11-16,buy,SAR,700000,57252.199,15.27,WSL030330
2025-11-16,buy,BHD,1420,1154.018,1.163,WSL030330
2025-11-16,buy,KWD,34900,34819.418,80.582,WSL030330
2025-11-16,buy,NPR,6000000,13485.276,1602.744,WSL030330
2025-11-16,buy,OMR,12650,10059.34,20.903,WSL030330
2025-11-16,buy,QAR,57500,4793.594,36.752,WSL030330
2025-11-16,buy,SAR,41000,3350.663,3.574,WSL030330
2025-11-15,sell,TRY,200000,1468,-117.478,WSL030330
2025-11-15,sell,USD,50000,15350,10.5,WSL030330
2025-11-15,sell,AZN,10000,1824,-69.765,WSL030330
2025-11-15,sell,EUR,10000,3573,8.407,WSL030330
2025-11-15,sell,USD,20000,6140,4.2,WSL030330
2025-11-15,sell,EGP,300000,2059.5,-168.717,WSL030330
2025-11-15,sell,AZN,10000,1823,-70.765,WSL030330
2025-11-15,sell,EUR,20000,7145,15.814,WSL030330
2025-11-15,sell,OMR,10000,7972.5,3.929,WSL030330
2025-11-15,sell,AED,250000,20912.5,8.302,WSL030330
2025-11-15,sell,EGP,100000,687,-55.739,WSL030330
2025-11-15,sell,IDR,30000000,559.5,-44.1,WSL030330
2025-11-15,sell,AED,150000,12550.5,7.982,WSL030330
2025-11-15,sell,EUR,20000,7144,14.814,WSL030330
2025-11-15,sell,GBP,15000,6079.5,18.864,WSL030330
2025-11-15,sell,INR,500000,1695,-78.245,WSL030330
2025-11-15,sell,USD,10000,3070,2.1,WSL030330
2025-11-15,sell,THB,260000,2480.4,-43.776,WSL030330
2025-11-15,sell,USD,30805,9457.135,6.469,WSL030330
2025-11-15,sell,EGP,45000,309.6,-24.633,WSL030330
2025-11-15,sell,USD,10000,3070,2.1,WSL030330
2025-11-15,sell,USD,30687,9421,6.535,WSL030330
2025-11-15,sell,EUR,5000,1786.5,4.204,WSL030330
2025-11-15,sell,GBP,15000,6079.5,18.864,WSL030330
2025-11-15,sell,EUR,100000,35556.038,-89.892,WSL030330
2025-11-15,sell,AZN,10000,1822.5,-71.265,WSL030330
2025-11-15,sell,CNY,100000,4365,0.989,WSL030330
2025-11-15,sell,EGP,500000,3430,-283.695,WSL030330
2025-11-15,sell,EUR,10000,3573,8.407,WSL030330
2025-11-15,sell,GBP,5000,2026.5,6.288,WSL030330
2025-11-15,sell,GEL,10000,1150,-43.735,WSL030330
2025-11-15,sell,IDR,100000000,1865,-147,WSL030330
2025-11-15,sell,USD,20000,6140,4.2,WSL030330
2025-11-15,sell,SAR,120000,9828,10.72,WSL030330
2025-11-15,sell,EGP,300000,2061,-167.217,WSL030330
2025-11-15,sell,EUR,10000,3572.5,7.907,WSL030330
2025-11-15,sell,GBP,5000,2026.25,6.038,WSL030330
2025-11-15,sell,TRY,200000,1470,-115.478,WSL030330
2025-11-15,sell,QAR,925000,77866.5,160.932,WSL030330
2025-11-15,sell,AED,50000,4182.5,1.66,WSL030330
2025-11-15,sell,CNY,20000,872,-0.802,WSL030330
2025-11-15,sell,EGP,100000,686,-56.739,WSL030330
2025-11-15,sell,JOD,10000,4342.5,2.955,WSL030330
2025-11-15,sell,USD,120000,36840,25.2,WSL030330
2025-11-15,buy,BHD,32175,26148.26,26.348,WSL030330
2025-11-15,buy,IDR,100000000,1854.8,157.2,WSL030330
2025-11-15,buy,INR,5000000,16912.35,820.1,WSL030330
2025-11-15,buy,KWD,20067,20027.179,39.821,WSL030330
2025-11-15,buy,PHP,2000000,10908.088,449.272,WSL030330
2025-11-15,buy,QAR,347500,29128.285,63.807,WSL030330
2025-11-15,buy,RUB,1000000,3723.18,313.53,WSL030330
2025-11-15,buy,CNY,400000,17381.869,74.175,WSL030330
2025-11-15,buy,PKR,328000,363.274,39.234,WSL030330
2025-11-15,buy,THB,7000000,66343.214,1615.376,WSL030330
2025-11-15,buy,USD,300000,92147.444,-110.444,WSL030330
2025-11-13,sell,EGP,200000,1374,-111.478,WSL030330
2025-11-13,sell,GBP,5000,2021.25,0.884,WSL030330
2025-11-13,sell,JPY,1000000,2010,20.33,WSL030330
2025-11-13,sell,KRW,30000000,6405,106.5,WSL030330
2025-11-13,sell,VND,350000000,3955,-122.5,WSL030330
2025-11-13,sell,USD,9700,2979.355,-0.145,WSL030330
2025-11-13,sell,INR,450000,1523.25,-74.624,WSL030330
2025-11-13,sell,EUR,30000,10692,-26.83,WSL030330
2025-11-13,sell,IDR,100000000,1860,-154,WSL030330
2025-11-13,sell,THB,1000000,9535,-185.24,WSL030330
2025-11-13,sell,TRY,600000,4410,-352.248,WSL030330
2025-11-13,sell,USD,100000,30720,3.5,WSL030330
2025-11-13,sell,GBP,5000,2017.5,-4.106,WSL030330
2025-11-13,sell,USD,10000,3071.5,-0.15,WSL030330
2025-11-13,sell,EGP,20000,136.8,-11.929,WSL030330
2025-11-13,sell,JOD,6500,2822.625,-1.527,WSL030330
2025-11-13,sell,CNY,10000,436.5,-0.435,WSL030330
2025-11-13,sell,JOD,5000,2172.5,0.076,WSL030330
2025-11-13,sell,SYP,5005000,147.648,-33.233,WSL030330
2025-11-13,buy,SYP,5000000,140,40.7,WSL030330
2025-11-13,sell,TRY,10000000,73170,-6200.8,WSL030330
2025-11-13,buy,IQD,30000000,6660,294.6,WSL030330
2025-11-13,sell,AZN,30000,5469,-219.241,WSL030330
2025-11-13,sell,INR,200000,679,-31.166,WSL030330
2025-11-13,sell,IQD,10000000,2225,-93.2,WSL030330
2025-11-13,sell,JOD,20000,8688,-1.698,WSL030330
2025-11-13,sell,THB,1000000,9540,-180.24,WSL030330
2025-11-13,sell,TRY,1000000,7350,-587.08,WSL030330
2025-11-13,sell,USD,120000,36858,-1.8,WSL030330
2025-11-13,sell,TRY,550000,4037,-328.394,WSL030330
2025-11-13,sell,THB,300000,2859,-57.072,WSL030330
2025-11-13,sell,THB,1000000,9515,-205.24,WSL030330
2025-11-13,sell,TRY,100000,735,-58.708,WSL030330
2025-11-13,sell,USD,5000,1536.25,0.425,WSL030330
2025-11-13,sell,JOD,10000,4345,0.151,WSL030330
2025-11-13,sell,RUB,300000,1149,-63.492,WSL030330
2025-11-13,sell,THB,300000,2865,-51.072,WSL030330
2025-11-13,sell,USD,48595,14930.998,4.315,WSL030330
2025-11-13,sell,INR,1000000,3395,-155.83,WSL030330
2025-11-13,sell,NPR,200000,460,-43.548,WSL030330
2025-11-13,sell,TRY,500000,3675,-293.54,WSL030330
2025-11-13,sell,EUR,50000,17825,32.468,WSL030330
2025-11-13,sell,GBP,60000,24240,58.128,WSL030330
2025-11-13,buy,CHF,20000,7703.197,-16.385,WSL030330
2025-11-13,buy,CNY,300000,13052.337,55.701,WSL030330
2025-11-13,buy,KRW,40000000,8432.8,-61.2,WSL030330
2025-11-13,buy,LKR,2000000,2068.452,206.848,WSL030330
2025-11-13,buy,SAR,1000000,81856.096,54.574,WSL030330
2025-11-13,buy,VND,300000000,3351,141,WSL030330
2025-11-13,buy,AZN,50000,9103.883,376.518,WSL030330
2025-11-13,buy,EGP,3000000,20569.086,1740.294,WSL030330
2025-11-13,buy,EUR,100000,35588.137,3.072,WSL030330
2025-11-13,buy,GBP,100000,40349.194,-30.716,WSL030330
2025-11-13,buy,KWD,59000,58935.724,64.276,WSL030330
2025-11-13,buy,SAR,500000,40938.958,16.377,WSL030330
2025-11-13,buy,USD,500000,153582.5,0,WSL030330
2025-11-12,sell,CAD,5915,1300.117,4.289,WSL030330
2025-11-12,sell,EUR,5000,1779.25,3.068,WSL030330
2025-11-12,sell,JOD,10000,4345,5.88,WSL030330
2025-11-12,sell,MYR,10000,742.5,6.864,WSL030330
2025-11-12,sell,PHP,100000,552,-15.813,WSL030330
2025-11-12,sell,THB,300000,2854.5,-57.726,WSL030330
2025-11-12,sell,EGP,200000,1373,-112.332,WSL030330
2025-11-12,sell,CNY,20000,871.6,-1.117,WSL030330
2025-11-12,sell,INR,250000,850,-36.538,WSL030330
2025-11-12,sell,LKR,200000,214,-13.23,WSL030330
2025-11-12,sell,OMR,3000,2393.4,3.062,WSL030330
2025-11-12,sell,THB,1500000,14272.5,-288.63,WSL030330
2025-11-12,sell,CNY,50000,2179,-2.792,WSL030330
2025-11-12,sell,JOD,10000,4345,5.88,WSL030330
2025-11-12,sell,OMR,5000,3989.5,5.604,WSL030330
2025-11-12,sell,THB,1000000,9515,-192.42,WSL030330
2025-11-12,sell,USD,40000,12306,35.6,WSL030330
2025-11-12,sell,EGP,100000,689,-53.666,WSL030330
2025-11-12,sell,TRY,100000,736,-56.662,WSL030330
2025-11-12,sell,IQD,7000000,1557.5,-63.07,WSL030330
2025-11-12,sell,AZN,10000,1822,-71.58,WSL030330
2025-11-12,sell,RUB,300000,1146,-64.896,WSL030330
2025-11-12,sell,LKR,2000000,2130,-142.3,WSL030330
2025-11-12,sell,AZN,20000,3646,-141.16,WSL030330
2025-11-12,sell,JPY,2000000,4026,58.08,WSL030330
2025-11-12,sell,THB,500000,4757.5,-96.21,WSL030330
2025-11-12,sell,THB,500000,4767.5,-86.21,WSL030330
2025-11-12,buy,JPY,2000000,4024,-56.08,WSL030330
2025-11-12,sell,CNY,20000,872,-0.717,WSL030330
2025-11-12,sell,EGP,500000,3435,-278.33,WSL030330
2025-11-12,sell,IQD,5000000,1112.5,-45.05,WSL030330
2025-11-12,sell,EUR,50000,17800,33.994,WSL030330
2025-11-12,sell,GBP,27275,11046.375,50.623,WSL030330
2025-11-12,sell,USD,400000,123060,356,WSL030330
2025-11-12,sell,USD,8250,2533.987,3.217,WSL030330
2025-11-12,sell,LKR,500000,535,-33.075,WSL030330
2025-11-12,sell,THB,300000,2854.5,-57.726,WSL030330
2025-11-12,sell,USD,9700,2979.355,3.783,WSL030330
2025-11-12,sell,USD,26249,8062.38,10.237,WSL030330
2025-11-12,buy,USD,500000,153775,-395,WSL030330
2025-11-12,buy,EUR,50000,17775.208,-15.338,WSL030330
2025-11-11,sell,USD,200000,61530,178,WSL030330
2025-11-11,sell,JPY,2000000,4024,34.4,WSL030330
2025-11-11,sell,SAR,100000,8185,-1.667,WSL030330
2025-11-11,buy,USD,28000,8582,14,WSL030330
2025-11-11,sell,AED,60000,5020.2,-0.242,WSL030330
2025-11-11,sell,JOD,20000,8690,4.97,WSL030330
2025-11-11,sell,EGP,200000,1376,-110.494,WSL030330
2025-11-11,sell,EGP,300000,2061,-168.741,WSL030330
2025-11-11,sell,INR,100000,340,-14.892,WSL030330
2025-11-11,sell,SAR,150000,12277.5,-2.5,WSL030330
2025-11-11,sell,TRY,100000,737,-56.282,WSL030330
2025-11-11,sell,USD,5200,1597.44,1.04,WSL030330
2025-11-11,buy,USD,17900,5414.75,80.55,WSL030330
2025-11-11,sell,JPY,1000000,2015,25.37,WSL030330
2025-11-11,sell,MYR,10000,742.5,6.289,WSL030330
2025-11-11,sell,PHP,10000,55,-1.826,WSL030330
2025-11-11,sell,USD,50000,15365,15,WSL030330
2025-11-11,sell,THB,500000,4770,-87.51,WSL030330
2025-11-11,sell,CNY,50000,2177.5,-6,WSL030330
2025-11-11,sell,THB,300000,2862,-52.506,WSL030330
2025-11-11,sell,GBP,10000,4048,14.941,WSL030330
2025-11-11,sell,VND,50000000,572.5,-11,WSL030330
2025-11-11,sell,CNY,50000,2180,-3.5,WSL030330
2025-11-11,sell,KRW,10000000,2140,44.2,WSL030330
2025-11-11,sell,TRY,200000,1474,-112.564,WSL030330
2025-11-11,sell,VND,100000000,1145,-22,WSL030330
2025-11-11,sell,TRY,200000,1475,-111.564,WSL030330
2025-11-11,sell,IDR,20000000,370,-32.6,WSL030330
2025-11-11,sell,NPR,200000,458,-45.278,WSL030330
2025-11-11,buy,SAR,25000,2037.5,9.167,WSL030330
2025-11-11,sell,CNY,20000,871.6,-1.8,WSL030330
2025-11-11,sell,INR,300000,1018.5,-46.176,WSL030330
2025-11-11,sell,JOD,5000,2172.5,1.242,WSL030330
2025-11-11,sell,USD,53954,16577.399,13.521,WSL030330
2025-11-11,sell,USD,12500,3840.625,3.125,WSL030330
2025-11-11,sell,INR,200000,678,-31.784,WSL030330
2025-11-11,sell,PHP,200000,1104,-32.514,WSL030330
2025-11-11,sell,THB,200000,1908,-35.004,WSL030330
2025-11-11,sell,AED,1000,83.583,-0.091,WSL030330
2025-11-11,sell,BHD,400,325.126,-0.5,WSL030330
2025-11-11,sell,CHF,16050,6095.188,-29.548,WSL030330
2025-11-11,sell,EUR,12100,4291.593,-1.114,WSL030330
2025-11-11,sell,GBP,23700,9558.35,0,WSL030330
2025-11-11,sell,OMR,2000,1592.324,-2.481,WSL030330
2025-11-11,sell,SAR,400000,32716.132,-30.536,WSL030330
2025-11-11,sell,USD,58600,17954.22,-35.98,WSL030330
2025-11-11,sell,USD,390000,119670.135,-59.865,WSL030330
2025-11-11,sell,AED,400000,33476,6.388,WSL030330
2025-11-11,sell,BDT,500000,1290,-105.315,WSL030330
2025-11-11,sell,EGP,500000,3445,-271.235,WSL030330
2025-11-11,sell,EUR,50000,17785,46.54,WSL030330
2025-11-11,sell,INR,5000000,16950,-794.6,WSL030330
2025-11-11,sell,JOD,30000,13042.5,14.955,WSL030330
2025-11-11,sell,PHP,500000,2715,-126.285,WSL030330
2025-11-11,sell,SAR,200000,16380,6.666,WSL030330
2025-11-11,sell,THB,500000,4780,-77.51,WSL030330
2025-11-11,sell,TRY,600000,4416,-343.692,WSL030330
2025-11-11,sell,USD,700000,215432,532,WSL030330
2025-11-11,sell,EUR,30000,10671,30.687,WSL030330
2025-11-11,sell,GBP,10000,4054,16.029,WSL030330
2025-11-11,sell,TRY,1000000,7370,-562.82,WSL030330
2025-11-11,sell,GBP,120000,48899.187,443.535,WSL030330
2025-11-11,buy,AED,350000,29261.982,23.928,WSL030330
2025-11-11,buy,INR,5000000,16886.69,857.91,WSL030330
2025-11-11,buy,KRW,30000000,6356.1,-69.6,WSL030330
2025-11-11,buy,LKR,2000000,2067.34,206.74,WSL030330
2025-11-11,buy,QAR,74650,6261.626,13.717,WSL030330
2025-11-11,buy,VND,500000000,5565.5,269.5,WSL030330
2025-11-11,buy,AED,1309100,109448.174,89.499,WSL030330
2025-11-11,buy,KRW,10000000,2121.631,-26.131,WSL030330
2025-11-11,buy,QAR,241400,20276.279,16.657,WSL030330
2025-11-11,buy,THB,6000000,57116.274,1173.846,WSL030330
2025-11-11,sell,NPR,1000000,2300,-216.39,WSL030330
2025-11-11,buy,AED,400000,33460.49,9.122,WSL030330
2025-11-11,buy,EGP,1800000,12307.349,1071.097,WSL030330
2025-11-11,buy,EUR,100000,35529.11,-61.4,WSL030330
2025-11-11,buy,GBP,50000,20249.72,-59.865,WSL030330
2025-11-11,buy,INR,6000000,20219.538,1073.982,WSL030330
2025-11-11,buy,KWD,20651,20617.421,33.579,WSL030330
2025-11-11,buy,TRY,1500000,11029.94,869.29,WSL030330
2025-11-11,buy,USD,300000,92247.36,-147.36,WSL030330
2025-11-10,sell,AED,50000,4184,-0.95,WSL030330
2025-11-10,buy,IQD,10000000,2225,93.8,WSL030330
2025-11-10,buy,USD,700000,215005,70,WSL030330
2025-11-10,buy,CHF,290,107.3,3.304,WSL030330
2025-11-10,buy,BHD,4000,3244,14.91,WSL030330
2025-11-10,buy,SAR,300000,24495,84.999,WSL030330
2025-11-10,sell,CNY,20000,872,-2.111,WSL030330
2025-11-10,sell,EUR,15000,5343.75,9.583,WSL030330
2025-11-10,sell,GEL,5000,576.5,-21.263,WSL030330
2025-11-10,sell,TRY,250000,1842.5,-142.32,WSL030330
2025-11-10,sell,IQD,5000000,1115,-44.4,WSL030330
2025-11-10,sell,CNY,50000,2180,-5.278,WSL030330
2025-11-10,sell,THB,500000,4770,-91.465,WSL030330
2025-11-10,sell,TRY,250000,1842.5,-142.32,WSL030330
2025-11-10,sell,TRY,200000,1474,-113.856,WSL030330
2025-11-10,sell,USD,30000,9216,-1.5,WSL030330
2025-11-10,sell,BDT,100000,254,-25.29,WSL030330
2025-11-10,sell,NPR,100000,230,-21.844,WSL030330
2025-11-10,sell,THB,300000,2862,-54.879,WSL030330
2025-11-10,sell,TRY,400000,2948,-227.712,WSL030330
2025-11-10,sell,CNY,50000,2180,-5.278,WSL030330
2025-11-10,sell,KRW,5000000,1073.75,16.55,WSL030330
2025-11-10,sell,THB,500000,4775,-86.465,WSL030330
2025-11-10,sell,EGP,300000,2055,-176.556,WSL030330
2025-11-10,sell,EUR,40000,14226,8.928,WSL030330
2025-11-10,sell,GBP,5000,2025,3.756,WSL030330
2025-11-10,sell,TRY,500000,3685,-284.64,WSL030330
2025-11-10,sell,USD,110000,33786.5,-11,WSL030330
2025-11-10,sell,TRY,200000,1475,-112.856,WSL030330
2025-11-10,sell,CNY,50000,2180,-5.278,WSL030330
2025-11-10,sell,EUR,10000,3557.5,3.232,WSL030330
2025-11-10,sell,GBP,10000,4053.5,11.012,WSL030330
2025-11-10,sell,THB,500000,4770,-91.465,WSL030330
2025-11-10,buy,USD,400,120.4,2.5,WSL030330
2025-11-10,sell,JOD,10000,4346,-0.051,WSL030330
2025-11-10,sell,USD,20736,6369,-2.136,WSL030330
2025-11-10,sell,USD,19312,5931.499,-2.113,WSL030330
2025-11-10,sell,INR,100000,339.5,-15.681,WSL030330
2025-11-10,sell,TRY,100000,737.5,-56.428,WSL030330
2025-11-10,sell,USD,6133,1883.751,-0.613,WSL030330
2025-11-10,sell,TRY,100000,737.5,-56.428,WSL030330
2025-11-10,sell,USD,9500,2917.925,-0.95,WSL030330
2025-11-10,sell,EGP,200000,1374,-113.704,WSL030330
2025-11-10,sell,INR,200000,677,-33.362,WSL030330
2025-11-10,buy,CHF,900,333,10.083,WSL030330
2025-11-10,sell,IQD,105000000,24165.75,-181.65,WSL030330
2025-11-10,sell,IQD,200000000,45858.2,-517.8,WSL030330
2025-11-10,sell,MAD,150000,5782.622,-202.768,WSL030330
2025-11-10,sell,SAR,15000,1240.579,11.579,WSL030330
2025-11-10,sell,SAR,50000,4107.62,10.954,WSL030330
2025-11-10,sell,SAR,900000,73818.74,78.743,WSL030330
2025-11-10,sell,TRY,2000000,14771.634,-1106.926,WSL030330
2025-11-10,buy,EUR,20,6.5,0.605,WSL030330
2025-11-10,buy,USD,100,30.2,0.525,WSL030330
2025-11-10,buy,USD,100,30.2,0.525,WSL030330
2025-11-10,buy,USD,110,33.22,0.578,WSL030330
2025-11-10,buy,USD,200,60.4,1.05,WSL030330
2025-11-10,buy,USD,100,30.2,0.525,WSL030330
2025-11-10,buy,USD,250,75.5,1.312,WSL030330
2025-11-09,buy,GBP,11145,4402.275,104.105,WSL030330
2025-11-09,buy,MAD,65000,2421.25,172.419,WSL030330
2025-11-09,buy,USD,50000,15150,212.5,WSL030330
2025-11-09,sell,BHD,1000,814,-0.727,WSL030330
2025-11-09,sell,EGP,80000,550.4,-44.682,WSL030330
2025-11-09,sell,JOD,2000,869,-0.21,WSL030330
2025-11-09,sell,USD,30000,9228,10.5,WSL030330
2025-11-09,sell,TRY,200000,1475,-112.856,WSL030330
2025-11-09,sell,CNY,100000,4357,-13.555,WSL030330
2025-11-09,sell,THB,500000,4770,-91.465,WSL030330
2025-11-09,sell,USD,30000,9213,-4.5,WSL030330
2025-11-09,sell,CHF,5000,1915,8.273,WSL030330
2025-11-09,sell,EUR,30000,10602.999,-52.431,WSL030330
2025-11-09,sell,GBP,10000,4053,9.59,WSL030330
2025-11-09,sell,PHP,100000,540,-28.72,WSL030330
2025-11-09,sell,USD,20000,6143,-2,WSL030330
2025-11-09,sell,THB,1000000,9540,-182.93,WSL030330
2025-11-09,sell,JOD,5000,2172.5,-0.526,WSL030330
2025-11-09,sell,USD,60000,18426,-9,WSL030330
2025-11-09,buy,AED,137320,11493.146,0.401,WSL030330
2025-11-09,buy,AZN,40000,7285.122,301.298,WSL030330
2025-11-09,buy,CNY,500000,21762.997,89.778,WSL030330
2025-11-09,buy,EUR,100000,35585.695,-67.595,WSL030330
2025-11-09,buy,JPY,2000000,4026.868,-25.428,WSL030330
2025-11-09,buy,KWD,20000,19973.996,26.004,WSL030330
2025-11-09,buy,LKR,2000000,2118.966,156.954,WSL030330
2025-11-09,buy,TRY,7000000,51367.33,4207.63,WSL030330
2025-11-09,sell,LKR,1000000,1065,-72.96,WSL030330
2025-11-09,sell,INR,1000000,3385,-166.81,WSL030330
2025-11-09,sell,TRY,400000,2948,-227.712,WSL030330
2025-11-09,sell,USD,30000,9214.5,-3,WSL030330
2025-11-09,sell,GEL,4000,461.6,-16.61,WSL030330
2025-11-09,sell,QAR,123000,10356.6,8.366,WSL030330
2025-11-09,buy,JPY,3000000,6044.262,-42.102,WSL030330
2025-11-09,buy,LKR,1000000,1034.512,103.448,WSL030330
2025-11-09,buy,THB,3000000,28599.132,569.658,WSL030330
2025-11-09,buy,USD,500000,153778.625,-153.625,WSL030330
2025-11-09,buy,SAR,24500,1996.75,10.617,WSL030330
2025-11-09,buy,SAR,36800,2999.2,15.947,WSL030330
2025-11-09,sell,INR,200000,678,-32.362,WSL030330
2025-11-09,sell,TRY,200000,1475,-112.856,WSL030330
2025-11-09,sell,USD,7700,2365.055,-0.77,WSL030330
2025-11-09,sell,USD,14250,4376.888,-1.424,WSL030330
2025-11-09,sell,EUR,10000,3557.5,5.69,WSL030330
2025-11-09,sell,USD,27168,8344.651,-2.717,WSL030330
2025-11-09,sell,AZN,20000,3648,-145.21,WSL030330
2025-11-09,sell,EUR,25000,8893.75,14.225,WSL030330
2025-11-09,sell,IQD,50000000,11150,-444,WSL030330
2025-11-09,sell,SAR,50000,4095,-1.666,WSL030330
2025-11-09,sell,USD,150000,46065,-22.5,WSL030330
2025-11-09,sell,EUR,20000,7114,10.38,WSL030330
2025-11-09,sell,JPY,1000000,2017,16.28,WSL030330
2025-11-09,sell,USD,30000,9214.5,-3,WSL030330
2025-11-09,buy,IQD,50000000,11125,469,WSL030330
2025-11-09,buy,EUR,100000,35570.333,-52.233,WSL030330
2025-11-09,buy,EUR,100000,35588.768,-70.668,WSL030330
2025-11-09,buy,GBP,100000,40526.275,-92.175,WSL030330
2025-11-09,buy,IQD,75000000,17167.575,223.425,WSL030330
2025-11-09,buy,IQD,200000000,45473,903,WSL030330
2025-11-09,buy,JOD,100000,43414.425,46.087,WSL030330
2025-11-09,sell,CNY,10000,435.7,-1.356,WSL030330
2025-11-09,sell,USD,130000,39923,-19.5,WSL030330
2025-11-09,sell,USD,30000,9214.5,-3,WSL030330
2025-11-08,buy,IQD,7500000,1695,44.925,WSL030330
2025-11-08,buy,IQD,25000000,5650,149.75,WSL030330
2025-11-08,buy,MAD,80000,2980,213.694,WSL030330
2025-11-08,sell,INR,1000000,3390,-163.46,WSL030330
2025-11-08,sell,NPR,2000000,4560,-479.22,WSL030330
2025-11-08,sell,VND,168500000,1920.9,-45.495,WSL030330
2025-11-08,sell,USD,500000,153825,128.5,WSL030330
2025-11-08,buy,BHD,10000,8110,41.066,WSL030330
2025-11-08,sell,USD,50000,15360,-9.65,WSL030330
2025-11-08,sell,AZN,5000,912.5,-36.244,WSL030330
2025-11-08,sell,BHD,2000,1629.5,-0.713,WSL030330
2025-11-08,sell,EGP,100000,688,-56.198,WSL030330
2025-11-08,sell,EUR,10000,3557.5,4.037,WSL030330
2025-11-08,sell,JOD,15000,6520.5,-1.611,WSL030330
2025-11-08,sell,THB,200000,1910,-35.49,WSL030330
2025-11-08,sell,CNY,50000,2180,-6.294,WSL030330
2025-11-08,sell,IDR,50000000,935,-73,WSL030330
2025-11-08,sell,RUB,450000,1716.75,-103.338,WSL030330
2025-11-08,buy,RUB,450000,1714.5,105.588,WSL030330
2025-11-08,sell,EUR,200000,70722,-347.262,WSL030330
2025-11-08,sell,KRW,5000000,1070,16,WSL030330
2025-11-08,sell,EGP,500000,3450,-270.99,WSL030330
2025-11-08,sell,EUR,50000,17825,57.684,WSL030330
2025-11-08,sell,USD,50000,15385,15.35,WSL030330
2025-11-08,sell,THB,1000000,9535,-192.45,WSL030330
2025-11-08,sell,AED,50000,4185.5,-2.25,WSL030330
2025-11-08,sell,GBP,5000,2028.75,6.104,WSL030330
2025-11-08,sell,USD,73046,22439.731,-14.098,WSL030330
2025-11-08,sell,USD,15300,4699.854,-3.259,WSL030330
2025-11-08,sell,USD,20000,6144,-3.86,WSL030330
2025-11-08,sell,USD,27765,8529,-5.767,WSL030330
2025-11-08,sell,KRW,5000000,1068.5,14.5,WSL030330
2025-11-08,sell,CAD,10000,2192.5,3.247,WSL030330
2025-11-08,sell,EUR,30000,10674,13.611,WSL030330
2025-11-08,buy,BHD,3000,2433,12.32,WSL030330
2025-11-08,buy,BHD,10000,8110,41.066,WSL030330
2025-11-08,sell,USD,400000,123080,122.8,WSL030330
2025-11-06,sell,RUB,500000,1905,-117.32,WSL030330
2025-11-06,sell,LKR,500000,522.5,-46.745,WSL030330
2025-11-06,sell,TRY,200000,1475,-114.282,WSL030330
2025-11-06,sell,CZK,190000,2848.1,85.586,WSL030330
2025-11-06,sell,GBP,10000,4027,3.022,WSL030330
2025-11-06,sell,GEL,10000,1152.5,-44.099,WSL030330
2025-11-06,buy,USD,500000,153825,-62,WSL030330
2025-11-06,sell,JOD,5000,2175,0.022,WSL030330
2025-11-06,sell,USD,20000,6148,-2.52,WSL030330
2025-11-06,sell,EUR,25000,8855,-3.286,WSL030330
2025-11-06,sell,GBP,30000,12057.099,-14.834,WSL030330
2025-11-06,sell,USD,9700,2980.81,-2.192,WSL030330
2025-11-06,buy,CZK,2300,32.775,0.663,WSL030330
2025-11-06,buy,MAD,14180,517.57,48.757,WSL030330
2025-11-06,buy,USD,100,30,0.753,WSL030330
2025-11-06,buy,USD,500000,153825,-62,WSL030330
2025-11-06,sell,BDT,100000,255,-24.541,WSL030330
2025-11-06,sell,GBP,20000,8047,7.04,WSL030330
2025-11-06,sell,INR,200000,678,-33,WSL030330
2025-11-06,sell,THB,300000,2856,-63.498,WSL030330
2025-11-06,sell,JPY,1000000,2015,16.78,WSL030330
2025-11-06,sell,THB,500000,4760,-105.83,WSL030330
2025-11-06,sell,CAD,5000,1092.5,1.905,WSL030330
2025-11-06,sell,GBP,30000,12066.3,6.36,WSL030330
2025-11-06,sell,TRY,700000,5166,-396.487,WSL030330
2025-11-06,buy,USD,600,181.2,3.316,WSL030330
2025-11-06,sell,MYR,2850,209.76,-0.42,WSL030330
2025-11-06,sell,USD,8143,2502.989,-1.195,WSL030330
2025-11-06,sell,THB,300000,2856,-63.498,WSL030330
2025-11-06,sell,USD,33533,10308.001,-4.268,WSL030330
2025-11-06,sell,INR,100000,339,-16.5,WSL030330
2025-11-06,sell,PHP,100000,539,-30.231,WSL030330
2025-11-06,sell,USD,7555,2322.407,-0.952,WSL030330
2025-11-06,sell,EUR,10000,3542.5,1.953,WSL030330
2025-11-06,sell,CNY,50000,2180,-7.24,WSL030330
2025-11-06,sell,EUR,10000,3543.5,4.491,WSL030330
2025-11-06,sell,EUR,12000,4246.8,-0.011,WSL030330
2025-11-06,sell,JOD,15000,6525,0.067,WSL030330
2025-11-06,sell,JPY,1000000,2015,17.95,WSL030330
2025-11-06,sell,USD,10000,3074,-1.26,WSL030330
2025-11-06,sell,TRY,200000,1473,-116.282,WSL030330
2025-11-06,sell,EUR,100000,35442.3,42.982,WSL030330
2025-11-06,sell,GBP,50000,20112.5,24.902,WSL030330
2025-11-06,sell,USD,192000,59134.08,89.088,WSL030330
2025-11-06,sell,AZN,300,54,-2.949,WSL030330
2025-11-06,buy,EGP,3000000,20593.259,1742.341,WSL030330
2025-11-06,buy,EUR,50000,17679.67,16.914,WSL030330
2025-11-06,buy,EUR,150000,53052.848,36.902,WSL030330
2025-11-06,buy,EUR,200000,70743.281,43.053,WSL030330
2025-11-06,buy,GBP,30000,12039.643,14.761,WSL030330
2025-11-06,buy,GBP,50000,20087.598,3.076,WSL030330
2025-11-06,buy,GBP,70000,28124.79,2.153,WSL030330
2025-11-06,buy,KWD,9000,8991.988,8.012,WSL030330
2025-11-06,buy,SAR,600000,49184.486,19.672,WSL030330
2025-11-05,buy,USD,710,215.13,3.213,WSL030330
2025-11-05,buy,BHD,20000,16240,69.185,WSL030330
2025-11-05,sell,EUR,50000,17702.5,44.357,WSL030330
2025-11-05,sell,JOD,10000,4350,-0.295,WSL030330
2025-11-05,buy,IQD,20000000,4460,182.2,WSL030330
2025-11-05,sell,USD,9700,2981.78,-1.455,WSL030330
2025-11-05,sell,THB,100000,949,-24.242,WSL030330
2025-11-05,sell,TRY,200000,1477,-112.406,WSL030330
2025-11-05,sell,USD,20000,6150,-1,WSL030330
2025-11-05,sell,EGP,300000,2070,-163.737,WSL030330
2025-11-05,sell,THB,200000,1900,-46.484,WSL030330
2025-11-05,sell,TRY,200000,1477,-112.406,WSL030330
2025-11-05,sell,USD,30000,9225,-1.5,WSL030330
2025-11-05,sell,THB,10000,95.3,-2.024,WSL030330
2025-11-05,sell,USD,1500,461.7,0.375,WSL030330
2025-11-05,sell,TRY,2000000,14760,-1134.06,WSL030330
2025-11-05,sell,EGP,200000,1380,-109.158,WSL030330
2025-11-05,sell,JPY,1000000,2015,12.33,WSL030330
2025-11-05,sell,SAR,200000,16385,-17.666,WSL030330
2025-11-05,sell,USD,50000,15370,-7.5,WSL030330
2025-11-05,sell,TRY,200000,1476,-113.406,WSL030330
2025-11-05,sell,USD,13125,4035.998,-0.596,WSL030330
2025-11-05,sell,THB,100000,950,-23.242,WSL030330
2025-11-05,sell,USD,13000,3997.5,-0.65,WSL030330
2025-11-05,sell,THB,200000,1900,-46.484,WSL030330
2025-11-05,sell,USD,18709,5752.999,-0.954,WSL030330
2025-11-05,sell,USD,15000,4612.5,-0.75,WSL030330
2025-11-05,sell,EGP,200000,1380,-109.158,WSL030330
2025-11-05,sell,TRY,200000,1477,-112.406,WSL030330
2025-11-05,sell,GBP,10000,4020,13.854,WSL030330
2025-11-05,sell,TRY,300000,2215.5,-168.609,WSL030330
2025-11-05,sell,SGD,5000,1182.5,6.311,WSL030330
2025-11-05,sell,VND,100000000,1145,-23,WSL030330
2025-11-05,buy,SGD,5000,1181.5,-5.311,WSL030330
2025-11-05,buy,VND,100000000,1144,24,WSL030330
2025-11-05,buy,BHD,5000,4077.831,-0.216,WSL030330
2025-11-05,buy,EUR,100000,35355.948,-24.604,WSL030330
2025-11-05,buy,INR,5000000,16842.825,933.575,WSL030330
2025-11-05,buy,OMR,5000,3993.119,1.037,WSL030330
2025-11-05,buy,QAR,700000,58901.505,48.386,WSL030330
2025-11-05,buy,USD,1000000,307396.225,153.775,WSL030330
2025-11-05,buy,AED,500000,41877.724,-0.224,WSL030330
2025-11-05,buy,CAD,20000,4381.054,-23.279,WSL030330
2025-11-05,buy,INR,5000000,16879.8,896.6,WSL030330
2025-11-05,buy,JPY,3000000,6038.285,-35.345,WSL030330
2025-11-05,buy,KWD,7312,7308.435,3.565,WSL030330
2025-11-05,buy,OMR,10000,7986.237,2.075,WSL030330
2025-11-05,buy,PHP,2500000,13336.948,894.927,WSL030330
2025-11-05,buy,QAR,234550,19709.249,43.175,WSL030330
2025-11-05,buy,SGD,20000,4724.27,-19.512,WSL030330
2025-11-05,buy,THB,5000000,47637.855,1024.245,WSL030330
2025-11-05,buy,USD,43000,13224.65,0,WSL030330
2025-11-05,buy,USD,200000,61583.812,-73.812,WSL030330
2025-11-05,sell,IQD,50000000,11492.9,-112.6,WSL030330
2025-11-05,sell,SAR,100000,8223.262,21.929,WSL030330
2025-11-05,sell,SAR,1200000,98489.539,73.543,WSL030330
2025-11-05,sell,TRY,2000000,14875.454,-1018.606,WSL030330
2025-11-05,sell,TRY,3000000,22232.529,-1608.561,WSL030330
2025-11-04,buy,MAD,70000,2625,169.536,WSL030330
2025-11-04,sell,BDT,100000,230,-49.426,WSL030330
2025-11-04,sell,NPR,100000,255,3.034,WSL030330
2025-11-04,sell,PKR,500000,550,-64.8,WSL030330
2025-11-04,sell,BDT,50000,126.5,-13.213,WSL030330
2025-11-04,sell,INR,1000000,3380,-173.53,WSL030330
2025-11-04,sell,PKR,200000,218,-27.92,WSL030330
2025-11-04,sell,TRY,400000,2952,-225.252,WSL030330
2025-11-04,sell,USD,3500,1075.9,0.004,WSL030330
2025-11-04,sell,EGP,200000,1380,-108.426,WSL030330
2025-11-04,sell,THB,200000,1906,-39.528,WSL030330
2025-11-04,sell,TRY,200000,1476,-112.626,WSL030330
2025-11-04,sell,INR,500000,1690,-86.765,WSL030330
2025-11-04,sell,THB,1000000,9530,-197.64,WSL030330
2025-11-04,sell,TRY,60000,442.8,-33.788,WSL030330
2025-11-04,sell,USD,20000,6148,0.02,WSL030330
2025-11-04,sell,USD,125000,38425,0.125,WSL030330
2025-11-04,buy,USD,600,181.2,3.244,WSL030330
2025-11-04,sell,THB,1000000,9520,-207.89,WSL030330
2025-11-04,sell,TRY,1000000,7380,-563.33,WSL030330
2025-11-04,sell,CAD,6000,1315.5,4.037,WSL030330
2025-11-04,sell,CNY,100000,4360,-12.788,WSL030330
2025-11-04,sell,EUR,35000,12414.5,9.091,WSL030330
2025-11-04,sell,GBP,10000,4046.5,7.172,WSL030330
2025-11-04,sell,JOD,10000,4347,-1.272,WSL030330
2025-11-04,sell,LKR,250000,268.75,-15.885,WSL030330
2025-11-04,sell,NPR,200000,460,-43.944,WSL030330
2025-11-04,sell,OMR,6500,5190.25,0.262,WSL030330
2025-11-04,sell,PKR,500000,560,-54.815,WSL030330
2025-11-04,sell,VND,100000000,1144,-24,WSL030330
2025-11-04,sell,TRY,1000000,7371.8,-571.53,WSL030330
2025-11-04,sell,TRY,400000,2948,-229.332,WSL030330
2025-11-04,sell,SGD,5000,1181.5,3.154,WSL030330
2025-11-04,sell,TRY,300000,2211,-171.999,WSL030330
2025-11-04,sell,OMR,5000,3991.25,-1.049,WSL030330
2025-11-04,sell,THB,500000,4762.5,-101.445,WSL030330
2025-11-04,sell,TRY,1000000,7380,-563.33,WSL030330
2025-11-04,sell,USD,40000,12296,-0.28,WSL030330
2025-11-04,sell,USD,40000,12310,13.72,WSL030330
2025-11-04,sell,EGP,100000,690,-54.232,WSL030330
2025-11-04,sell,TRY,200000,1476,-112.666,WSL030330
2025-11-04,sell,USD,9000,2766.6,-0.063,WSL030330
2025-11-04,sell,USD,11796,3626.09,-0.083,WSL030330
2025-11-04,sell,EUR,5000,1773.5,2.067,WSL030330
2025-11-04,sell,SAR,50000,4095,-3.76,WSL030330
2025-11-04,sell,USD,13216,4062.598,-0.093,WSL030330
2025-11-04,sell,SGD,2000,473.6,2.55,WSL030330
2025-11-04,sell,AED,300000,25101,-25.5,WSL030330
2025-11-04,sell,BHD,10000,8148,-3.437,WSL030330
2025-11-04,sell,EGP,400000,2760,-216.928,WSL030330
2025-11-04,sell,EUR,70000,24836,31.636,WSL030330
2025-11-04,sell,GBP,30000,12145.5,37.66,WSL030330
2025-11-04,sell,INR,5000000,16875,-893.1,WSL030330
2025-11-04,sell,PHP,500000,2680,-165.05,WSL030330
2025-11-04,sell,THB,700000,6685,-124.523,WSL030330
2025-11-04,sell,TRY,600000,4425,-340.998,WSL030330
2025-11-04,sell,USD,700000,215390,205.1,WSL030330
2025-11-04,buy,QAR,100,8.364,0.053,WSL030330
2025-11-04,buy,USD,100,30.2,0.541,WSL030330
2025-11-04,buy,USD,1400,422.8,7.57,WSL030330
2025-11-04,buy,EUR,17780,6301.948,-1.64,WSL030330
2025-11-04,buy,GBP,20000,8081.73,-9.837,WSL030330
2025-11-04,buy,JOD,100000,43468.184,14.536,WSL030330
2025-11-04,buy,MYR,250000,18363.62,66.055,WSL030330
2025-11-04,buy,TRY,15000000,110260.755,8889.195,WSL030330
2025-11-03,sell,THB,100000,954,-18.071,WSL030330
2025-11-03,buy,IQD,50000000,11287.5,304,WSL030330
2025-11-03,sell,USD,10000,3071,-0.8,WSL030330
2025-11-03,sell,THB,300000,2865,-51.213,WSL030330
2025-11-03,sell,TRY,300000,2212.5,-168.741,WSL030330
2025-11-03,buy,SAR,35400,2885.1,14.679,WSL030330
2025-11-03,buy,SAR,36800,2999.2,15.26,WSL030330
2025-11-03,sell,USD,12000,3686.4,0.24,WSL030330
2025-11-03,sell,USD,8288,2545.999,0.091,WSL030330
2025-11-03,sell,GBP,5000,2025,8.056,WSL030330
2025-11-03,sell,USD,38346,11780.002,0.878,WSL030330
2025-11-03,sell,USD,20000,6144,1,WSL030330
2025-11-03,sell,AZN,10000,1820,-75.988,WSL030330
2025-11-03,sell,CNY,100000,4360,-9.132,WSL030330
2025-11-03,sell,EGP,200000,1385,-102.22,WSL030330
2025-11-03,sell,JPY,3000000,6045,70.08,WSL030330
2025-11-03,sell,MYR,50000,3675,-7.854,WSL030330
2025-11-03,sell,THB,1000000,9550,-169.76,WSL030330
2025-11-03,sell,TRY,200000,1474,-113.338,WSL030330
2025-11-03,sell,USD,250000,76787.5,0,WSL030330
2025-11-03,sell,CAD,5000,1098.75,2.803,WSL030330
2025-11-03,sell,EGP,200000,1380,-107.22,WSL030330
2025-11-03,sell,EUR,30000,10647,18.074,WSL030330
2025-11-03,sell,INR,500000,1690,-85.325,WSL030330
2025-11-03,sell,TRY,200000,1475,-112.338,WSL030330
2025-11-03,sell,USD,70000,21500.5,0,WSL030330
2025-11-03,buy,EUR,100000,35466.611,-36.859,WSL030330
2025-11-03,buy,JPY,3000000,6045,-70.08,WSL030330
2025-11-03,sell,OMR,3750,2991.9,0.179,WSL030330
2025-11-03,sell,EGP,200000,1380,-107.22,WSL030330
2025-11-03,sell,EUR,50000,17773.25,58.374,WSL030330
2025-11-03,sell,USD,250000,76922.5,135,WSL030330
2025-11-03,buy,USD,1000000,307629.4,-479.4,WSL030330
2025-11-03,sell,JPY,4000000,8380,408.28,WSL030330
2025-11-03,sell,USD,60000,18504,75,WSL030330
2025-11-03,buy,JPY,2500000,5037.5,-55.175,WSL030330
2025-11-02,sell,EGP,200000,1383,-104.946,WSL030330
2025-11-02,sell,TRY,200000,1472,-116.114,WSL030330
2025-11-02,sell,AED,20000,1672.8,-1.76,WSL030330
2025-11-02,sell,EGP,20000,138.4,-10.395,WSL030330
2025-11-02,sell,INR,100000,338,-17.239,WSL030330
2025-11-02,sell,USD,10000,3071.5,-1.5,WSL030330
2025-11-02,sell,CHF,1000,384.3,2.419,WSL030330
2025-11-02,sell,EGP,20000,139,-9.795,WSL030330
2025-11-02,sell,PHP,100000,537,-31.812,WSL030330
2025-11-02,sell,TRY,100000,737,-57.057,WSL030330
2025-11-02,sell,USD,50000,15357.5,-7.5,WSL030330
2025-11-02,sell,AED,50000,4182,-4.4,WSL030330
2025-11-02,sell,EGP,50000,346.5,-25.486,WSL030330
2025-11-02,sell,TRY,40000,294.8,-22.823,WSL030330
2025-11-02,sell,USD,50000,15358.5,-6.5,WSL030330
2025-11-02,sell,KRW,5000000,1079,3.95,WSL030330
2025-11-02,sell,TRY,200000,1472,-116.114,WSL030330
2025-11-02,buy,AED,100,8.289,0.084,WSL030330
2025-11-02,buy,AED,100,8.289,0.084,WSL030330
2025-11-02,buy,AED,305,25.283,0.254,WSL030330
2025-11-02,buy,EUR,50,16.25,1.46,WSL030330
2025-11-02,buy,USD,100,30.2,0.53,WSL030330
2025-11-02,buy,USD,100,30.2,0.53,WSL030330
2025-11-02,buy,USD,150,45.3,0.795,WSL030330
2025-11-02,buy,USD,200,60.4,1.06,WSL030330
2025-11-02,buy,AED,10,0.829,0.008,WSL030330
2025-11-02,buy,SAR,100,7.95,0.245,WSL030330
2025-11-02,buy,USD,100,30.2,0.53,WSL030330
2025-11-02,sell,USD,15300,4700.16,-1.53,WSL030330
2025-11-02,sell,USD,26260,8067.001,-2.697,WSL030330
2025-11-02,sell,USD,21071,6473.001,-2.117,WSL030330
2025-11-02,sell,AED,50000,4182,-4.4,WSL030330
2025-11-02,sell,EUR,5000,1774.25,4.145,WSL030330
2025-11-02,sell,USD,70000,21504,3.5,WSL030330
2025-11-02,sell,NPR,1500000,3432.6,-343.83,WSL030330
2025-11-02,sell,AED,1100000,91986.115,-114.685,WSL030330
2025-11-02,sell,QAR,500000,42075.343,23.043,WSL030330
2025-11-02,sell,SAR,500000,40922.778,-30.557,WSL030330
2025-11-02,sell,USD,37000,11336.139,-28.411,WSL030330
2025-11-02,sell,JPY,1000000,2020,27.2,WSL030330
2025-11-02,buy,AED,500000,41823.257,40.743,WSL030330
2025-11-02,buy,BDT,1000000,2538.43,253.56,WSL030330
2025-11-02,buy,KRW,20000000,4283.822,14.378,WSL030330
2025-11-02,buy,KWD,7255,7251.459,3.541,WSL030330
2025-11-02,buy,THB,5000000,47664.494,934.306,WSL030330
2025-11-02,buy,AED,200000,16736.139,9.461,WSL030330
2025-11-02,buy,EGP,2000000,13742.73,1129.47,WSL030330
2025-11-02,buy,EGP,4000000,27473.168,2271.232,WSL030330
2025-11-02,buy,EUR,150000,53167.665,-64.501,WSL030330
2025-11-02,buy,GBP,20000,8087.26,-16.587,WSL030330
2025-11-02,buy,KWD,10000,9996.745,3.255,WSL030330
2025-11-02,buy,MAD,17000,661.793,16.33,WSL030330
2025-11-02,buy,SAR,1000000,81863.006,43.664,WSL030330
2025-11-02,buy,USD,200000,61380.856,49.144,WSL030330
2025-11-01,sell,EUR,5000,1773,5.476,WSL030330
2025-11-01,sell,USD,20000,6138,3.96,WSL030330
2025-11-01,sell,INR,200000,674,-35.096,WSL030330
2025-11-01,sell,CAD,5000,1094.5,1.01,WSL030330
2025-11-01,sell,GEL,10000,1149,-44.393,WSL030330
2025-11-01,sell,NPR,300000,687,-67.182,WSL030330
2025-11-01,sell,THB,1000000,9550,-155.58,WSL030330
2025-11-01,sell,EUR,20000,7092,21.905,WSL030330
2025-11-01,sell,USD,50000,15345,9.9,WSL030330
2025-11-01,sell,EGP,2000000,13800,-1050.52,WSL030330
2025-11-01,sell,EGP,3000000,20640,-1635.78,WSL030330
2025-11-01,sell,EUR,100000,35450,99.527,WSL030330
2025-11-01,sell,USD,50000,15370,34.9,WSL030330
2025-11-01,sell,AZN,10000,1820,-73.222,WSL030330
2025-11-01,sell,TRY,200000,1474,-111.024,WSL030330
2025-11-01,sell,CHF,5000,1917.5,11.808,WSL030330
2025-11-01,sell,EGP,100000,695,-47.526,WSL030330
2025-11-01,sell,EUR,20000,7122.4,52.305,WSL030330
2025-11-01,sell,USD,50000,15345,9.9,WSL030330
2025-11-01,sell,EUR,85000,30244.109,196.207,WSL030330
2025-11-01,sell,THB,1500000,14302.5,-255.87,WSL030330
2025-11-01,sell,CNY,20000,869.4,-3.152,WSL030330
2025-11-01,sell,PKR,200000,220,-25.362,WSL030330
2025-11-01,buy,SAR,36800,2995.52,14.249,WSL030330
2025-11-01,buy,SAR,36800,2995.52,14.249,WSL030330
2025-11-01,sell,USD,49834,15294,9.813,WSL030330
2025-11-01,sell,USD,15150,4651.05,4.515,WSL030330
2025-11-01,sell,USD,12818,3934.998,3.692,WSL030330
2025-11-01,sell,THB,300000,2865,-46.674,WSL030330
2025-11-01,sell,USD,50000,15345,9.9,WSL030330
2025-11-01,sell,USD,50000,15370,34.9,WSL030330
2025-11-01,sell,KRW,5000000,1080,7.05,WSL030330
2025-11-01,sell,TRY,200000,1474,-111.024,WSL030330
2025-11-01,buy,IQD,8000000,1776,75.76,WSL030330
2025-11-01,buy,EUR,20000,7109.352,-39.257,WSL030330
2025-11-01,buy,EUR,100000,35516.092,-165.619,WSL030330
2025-11-01,buy,KWD,234457.75,234421.062,36.688,WSL030330
2025-11-01,buy,USD,500000,153289.66,61.34,WSL030330
2025-11-01,buy,AED,700,57.931,0.583,WSL030330
2025-11-01,buy,USD,970,292.94,4.561,WSL030330
2025-10-30,sell,AED,13000,1086.15,-0.533,WSL030330
2025-10-30,sell,CNY,20000,871.4,-1.152,WSL030330
2025-10-30,sell,TRY,100000,737,-55.512,WSL030330
2025-10-30,sell,THB,1000000,9440,-265.58,WSL030330
2025-10-30,sell,USD,50000,15330,-5.1,WSL030330
2025-10-30,sell,AED,100000,8355,-4.1,WSL030330
2025-10-30,sell,USD,10000,3065,-2.9,WSL030330
2025-10-30,sell,USD,9700,2973.05,-2.813,WSL030330
2025-10-30,sell,USD,10000,3065,-2.9,WSL030330
2025-10-30,sell,TRY,60000,441.6,-34.043,WSL030330
2025-10-30,sell,USD,100000,30660,-19,WSL030330
2025-10-30,sell,USD,60000,18396,-11.4,WSL030330
2025-10-30,sell,AED,5000,417.75,-0.205,WSL030330
2025-10-30,sell,TRY,300000,2212.5,-165.717,WSL030330
2025-10-30,buy,MAD,60000,2250,140.572,WSL030330
2025-10-30,buy,USD,36900,11162.25,158.301,WSL030330
2025-10-30,sell,VND,20000000,228,-5,WSL030330
2025-10-30,sell,EGP,200000,1386,-99.478,WSL030330
2025-10-30,sell,EUR,20000,7133,5.655,WSL030330
2025-10-30,sell,GBP,10000,4062.5,12.872,WSL030330
2025-10-30,sell,KRW,5000000,1080,6.1,WSL030330
2025-10-30,buy,SAR,36800,2995.52,15.113,WSL030330
2025-10-30,buy,SAR,36800,2995.52,15.113,WSL030330
2025-10-30,sell,USD,8500,2606.1,-1.615,WSL030330
2025-10-30,sell,JOD,10000,4339,-0.545,WSL030330
2025-10-30,sell,OMR,2000,1593.5,-0.214,WSL030330
2025-10-30,sell,THB,400000,3808,-75.348,WSL030330
2025-10-30,sell,TRY,400000,2950,-220.956,WSL030330
2025-10-30,sell,USD,106717,32719.5,-20.208,WSL030330
2025-10-30,sell,INR,500000,1687.5,-85.745,WSL030330
2025-10-30,sell,THB,500000,4760,-94.185,WSL030330
2025-10-30,sell,TRY,500000,3687.5,-276.195,WSL030330
2025-10-30,sell,EGP,200000,1400,-85.478,WSL030330
2025-10-30,sell,TRY,300000,2211,-167.217,WSL030330
2025-10-30,sell,AED,35000,2924.25,-1.435,WSL030330
2025-10-30,sell,GBP,100000,40620,93.041,WSL030330
2025-10-30,sell,USD,400000,122900,184,WSL030330
2025-10-30,buy,AED,200000,16716.524,1.676,WSL030330
2025-10-30,buy,GBP,50000,20294.159,-30.679,WSL030330
2025-10-30,buy,GBP,100000,40618.996,-92.037,WSL030330
2025-10-30,buy,OMR,10000,7966.502,2.069,WSL030330
2025-10-30,buy,SAR,500000,40883.529,21.806,WSL030330
2025-10-30,buy,USD,700000,214581.198,171.802,WSL030330
2025-10-30,sell,EGP,600000,4159.864,-296.57,WSL030330
2025-10-30,sell,IQD,200000000,45282.66,-1023.34,WSL030330
2025-10-30,sell,SAR,1000000,81854.322,43.652,WSL030330
2025-10-30,sell,TRY,2000000,14785.06,-1069.72,WSL030330
2025-10-30,buy,EGP,8800,61.011,4.35,WSL030330
2025-10-30,buy,IDR,200000000,3727.8,296.2,WSL030330
2025-10-30,buy,JPY,2000000,4054.046,-42.146,WSL030330
2025-10-30,buy,KWD,26352.25,26334.224,18.026,WSL030330
2025-10-30,buy,PHP,2000000,10615.57,741.79,WSL030330
2025-10-30,buy,QAR,346550,29048.654,63.632,WSL030330
2025-10-30,buy,USD,500000,153579.074,-184.074,WSL030330
2025-10-30,buy,VND,200000000,2243.4,86.6,WSL030330
2025-10-30,buy,IQD,200000000,44700,1606,WSL030330
2025-10-30,buy,BHD,2250,1828.065,2.327,WSL030330
2025-10-30,buy,KWD,40250,40209.37,40.63,WSL030330
2025-10-30,buy,NPR,6000000,13584.798,1503.222,WSL030330
2025-10-30,buy,OMR,18950,15069.13,31.313,WSL030330
2025-10-30,buy,QAR,6100,501.721,10.716,WSL030330
2025-10-30,buy,QAR,143000,11921.459,91.402,WSL030330
2025-10-30,buy,AED,1066800,89129.512,45.367,WSL030330
2025-10-30,buy,EGP,800,5.454,0.488,WSL030330
2025-10-30,buy,EGP,1400,9.761,0.637,WSL030330
2025-10-30,buy,INR,7000000,23573.305,1252.125,WSL030330
2025-10-30,buy,QAR,17800,1494.08,1.227,WSL030330
2025-10-30,buy,THB,4000000,37677.616,1155.864,WSL030330
2025-10-29,sell,CNY,500000,21766,-60.46,WSL030330
2025-10-29,sell,AED,100000,8356,-3.1,WSL030330
2025-10-29,sell,JPY,1000000,2032,12.12,WSL030330
2025-10-29,sell,USD,50000,15335,-9,WSL030330
2025-10-29,sell,AZN,5000,910,-37.16,WSL030330
2025-10-29,sell,THB,200000,1906,-36.244,WSL030330
2025-10-29,sell,USD,2000,613.4,-0.36,WSL030330
2025-10-29,sell,THB,300000,2862,-51.366,WSL030330
2025-10-29,sell,USD,20000,6134,-3.6,WSL030330
2025-10-29,sell,EUR,20000,7145,9.426,WSL030330
2025-10-29,sell,EGP,500000,3462.5,-252.28,WSL030330
2025-10-29,sell,EUR,5000,1786.25,1.129,WSL030330
2025-10-29,sell,USD,20000,6134,-3.6,WSL030330
2025-10-29,sell,USD,9500,2912.7,-2.66,WSL030330
2025-10-29,sell,USD,30500,9354.35,-5.49,WSL030330
2025-10-29,sell,PHP,100000,535,-33.035,WSL030330
2025-10-29,buy,SAR,36800,2995.52,15.996,WSL030330
2025-10-29,sell,USD,21500,6594.05,-3.87,WSL030330
2025-10-29,sell,AZN,10000,1820,-74.321,WSL030330
2025-10-29,sell,PHP,100000,536,-32.035,WSL030330
2025-10-29,sell,USD,45344,13907,-8.167,WSL030330
2025-10-29,sell,EGP,160000,1104,-84.73,WSL030330
2025-10-29,sell,TRY,200000,1475,-110.944,WSL030330
2025-10-29,sell,CNY,20000,871.4,-0.418,WSL030330
2025-10-29,sell,EGP,100000,690,-52.956,WSL030330
2025-10-29,sell,EUR,20000,7145,6.357,WSL030330
2025-10-29,sell,INR,100000,338,-16.753,WSL030330
2025-10-29,sell,IQD,5000000,1110,-48,WSL030330
2025-10-29,sell,THB,200000,1904,-38.244,WSL030330
2025-10-29,sell,USD,100000,30670,-18,WSL030330
2025-10-29,buy,EGP,3000000,20625,1663.68,WSL030330
2025-10-29,sell,EUR,20000,7160,21.357,WSL030330
2025-10-29,sell,GBP,10000,4085,25.591,WSL030330
2025-10-29,sell,JOD,20000,8677,-4.635,WSL030330
2025-10-29,sell,OMR,10000,7970,-0.909,WSL030330
2025-10-29,sell,THB,500000,4755,-100.61,WSL030330
2025-10-29,sell,USD,20000,6147,9.4,WSL030330
2025-10-29,sell,USD,35000,10815,74.2,WSL030330
2025-10-29,sell,VND,100000000,1150,-15,WSL030330
2025-10-29,sell,USD,130000,39955.5,61.1,WSL030330
2025-10-29,buy,USD,100000,30735,-47,WSL030330
2025-10-29,buy,THB,2500000,23700,578.05,WSL030330
2025-10-29,buy,MAD,100000,3550,435.455,WSL030330
2025-10-28,sell,AED,250000,20890,-0.75,WSL030330
2025-10-28,sell,CAD,2500,549.375,1.618,WSL030330
2025-10-28,sell,EGP,20000,138,-10.504,WSL030330
2025-10-28,sell,USD,40000,12264,-4,WSL030330
2025-10-28,sell,EGP,300000,2067,-160.563,WSL030330
2025-10-28,sell,JPY,1000000,2020,2.1,WSL030330
2025-10-28,sell,GBP,20000,8200,9.883,WSL030330
2025-10-28,sell,JPY,1000000,2030,13.96,WSL030330
2025-10-28,sell,VND,100000000,1140,-26,WSL030330
2025-10-28,sell,BHD,2000,1627,0.462,WSL030330
2025-10-28,sell,THB,200000,1888,-53.104,WSL030330
2025-10-28,sell,USD,50000,15330,-5,WSL030330
2025-10-28,sell,TRY,100000,736,-56.506,WSL030330
2025-10-28,sell,USD,7613,2334.146,-0.761,WSL030330
2025-10-28,sell,USD,47603,14594.999,-4.841,WSL030330
2025-10-28,sell,EGP,100000,689,-53.521,WSL030330
2025-10-28,sell,JOD,2500,1084.25,-0.318,WSL030330
2025-10-28,sell,TRY,150000,1102.5,-86.259,WSL030330
2025-10-28,sell,THB,50000,472.5,-12.776,WSL030330
2025-10-28,sell,TRY,100000,736,-56.506,WSL030330
2025-10-28,sell,USD,5800,1778.57,-0.29,WSL030330
2025-10-28,sell,EGP,200000,1380,-105.042,WSL030330
2025-10-28,sell,PHP,100000,536,-31.702,WSL030330
2025-10-28,sell,USD,9000,2758.5,-1.8,WSL030330
2025-10-28,sell,EUR,8300,2962.27,-6.93,WSL030330
2025-10-28,sell,EUR,100000,35791.9,18.412,WSL030330
2025-10-28,sell,GBP,50000,20500,3.239,WSL030330
2025-10-28,sell,AED,300000,25071,2.103,WSL030330
2025-10-28,sell,BDT,500000,1275,-118.95,WSL030330
2025-10-28,sell,EGP,300000,2070,-157.563,WSL030330
2025-10-28,sell,EUR,30000,10716,-16.046,WSL030330
2025-10-28,sell,GBP,30000,12306,7.943,WSL030330
2025-10-28,sell,INR,5000000,16900,-827.25,WSL030330
2025-10-28,sell,PHP,500000,2680,-158.51,WSL030330
2025-10-28,sell,SAR,500000,40910,16.665,WSL030330
2025-10-28,sell,THB,700000,6615,-178.864,WSL030330
2025-10-28,sell,TRY,600000,4422,-333.036,WSL030330
2025-10-28,sell,USD,500000,153675,325,WSL030330
2025-10-28,buy,USD,500000,153645,-295,WSL030330
2025-10-28,buy,USD,5000,1537.626,-4.126,WSL030330
2025-10-28,buy,USD,10000,3074.94,-7.94,WSL030330
2025-10-28,buy,USD,20000,6149.274,-15.274,WSL030330
2025-10-28,sell,EGP,100000,690,-52.521,WSL030330
2025-10-28,buy,EGP,2000000,13722.596,1127.824,WSL030330
2025-10-28,buy,KWD,1556.5,1554.473,2.027,WSL030330
2025-10-28,buy,TRY,10000000,73425.9,5824.7,WSL030330
2025-10-28,buy,AZN,40000,7274.237,298.603,WSL030330
2025-10-28,buy,EGP,2000000,13676.7,1173.72,WSL030330
2025-10-28,buy,EUR,50000,17857.608,30.67,WSL030330
2025-10-28,buy,EUR,100000,35684.545,92.01,WSL030330
2025-10-28,buy,GBP,25000,10241.48,6.9,WSL030330
2025-10-28,buy,GBP,50000,20456.89,39.871,WSL030330
2025-10-28,buy,GBP,50000,20478.359,18.402,WSL030330
2025-10-28,buy,JPY,2000000,4030.223,7.697,WSL030330
2025-10-28,buy,KWD,17000,16988.921,11.079,WSL030330
2025-10-28,buy,SAR,200000,16348.614,8.72,WSL030330
2025-10-28,buy,USD,1000000,306454.64,245.36,WSL030330
2025-10-27,buy,EUR,150000,53340,231.344,WSL030330
2025-10-27,sell,AED,20500,1713.8,-0.369,WSL030330
2025-10-27,sell,JOD,5000,2170,-0.38,WSL030330
2025-10-27,sell,USD,600000,184440,314.4,WSL030330
2025-10-27,buy,MAD,90000,3307.5,278.042,WSL030330
2025-10-27,sell,USD,20000,6135,-0.26,WSL030330
2025-10-27,sell,JPY,1000000,2025,19.23,WSL030330
2025-10-27,sell,TRY,100000,737.5,-55.169,WSL030330
2025-10-27,sell,USD,30000,9202.5,-0.39,WSL030330
2025-10-27,sell,THB,100000,945,-25.752,WSL030330
2025-10-27,sell,TRY,100000,738.5,-54.169,WSL030330
2025-10-27,sell,USD,15000,4601.25,-0.195,WSL030330
2025-10-27,sell,USD,30500,9409.25,52.978,WSL030330
2025-10-27,sell,EGP,300000,2085,-143.019,WSL030330
2025-10-27,sell,AZN,10000,1820,-73.599,WSL030330
2025-10-27,sell,CNY,50000,2177.5,-1.214,WSL030330
2025-10-27,sell,EUR,20000,7145,15.214,WSL030330
2025-10-27,sell,GBP,10000,4103,17.53,WSL030330
2025-10-27,sell,IDR,100000000,1870,-141,WSL030330
2025-10-27,buy,USD,400000,122920,-214.8,WSL030330
2025-10-27,buy,AED,1520400,126755.748,364.029,WSL030330
2025-10-27,buy,BHD,970.5,786.105,3.335,WSL030330
2025-10-27,buy,SAR,785580,63985.491,277.679,WSL030330
2025-10-26,sell,BDT,200000,510,-47.696,WSL010420
2025-10-26,sell,USD,200000,61450,97.4,WSL010420
2025-10-26,sell,JPY,1000000,2022,14.91,WSL010420
2025-10-26,sell,EGP,200000,1380,-105.346,WSL010420
2025-10-26,sell,THB,300000,2826,-86.256,WSL010420
2025-10-26,sell,TRY,300000,2215.5,-162.507,WSL010420
2025-10-26,sell,EGP,80000,552,-42.138,WSL010420
2025-10-26,sell,EUR,5000,1785.5,1.366,WSL010420
2025-10-26,sell,INR,100000,339,-15.618,WSL010420
2025-10-26,sell,TRY,80000,590.4,-43.735,WSL010420
2025-10-26,sell,EGP,200000,1380,-105.346,WSL010420
2025-10-26,sell,IDR,20000000,374,-28.2,WSL010420
2025-10-26,sell,JOD,10000,4339,-0.163,WSL010420
2025-10-26,sell,TRY,200000,1476,-109.338,WSL010420
2025-10-26,sell,EUR,500000,178625,211.64,WSL010420
2025-10-26,sell,GBP,200000,81920,235.148,WSL010420
2025-10-26,sell,USD,1000000,306750,-13,WSL010420
2025-10-26,sell,USD,2000,642,28.474,WSL010420
2025-10-26,sell,USD,30000,9202.5,-0.39,WSL010420
2025-10-26,sell,JOD,5000,2169.5,-0.081,WSL010420
2025-10-26,sell,USD,80000,24532,-9.04,WSL010420
2025-10-26,sell,CZK,100000,1510,43.077,WSL010420
2025-10-26,sell,EGP,200000,1380,-105.346,WSL010420
2025-10-26,sell,INR,500000,1695,-78.09,WSL010420
2025-10-26,sell,USD,110000,33797.5,53.57,WSL010420
2025-10-26,buy,EUR,300000,107100,-51.984,WSL010420
2025-10-26,sell,AED,50000,4179,-1.472,WSL010420
2025-10-26,sell,EUR,10000,3571,2.733,WSL010420
2025-10-26,sell,INR,200000,678,-31.236,WSL010420
2025-10-26,sell,PHP,100000,537,-30.818,WSL010420
2025-10-26,sell,USD,19283,5915,-0.311,WSL010420
2025-10-26,sell,JOD,5257,2281.012,-0.086,WSL010420
2025-10-26,sell,TRY,200000,1476.988,-108.35,WSL010420
2025-10-26,sell,USD,16150,4954,-0.222,WSL010420
2025-10-26,sell,TRY,100000,738.5,-54.169,WSL010420
2025-10-26,sell,USD,5267,1615.5,-0.221,WSL010420
2025-10-26,buy,SAR,36800,2995.52,14.848,WSL010420
2025-10-26,buy,SAR,32050,2608.87,12.931,WSL010420
2025-10-26,buy,MAD,10500,385.98,16.646,WSL010420
2025-10-26,sell,EGP,2000000,13780,-1073.46,WSL010420
2025-10-26,sell,TRY,3000000,22170,-1610.07,WSL010420
2025-10-26,buy,USD,500000,153625,-243.5,WSL010420
2025-10-26,buy,GBP,45000,18436.5,-57.408,WSL010420
2025-10-26,buy,GBP,25000,10236.25,-25.644,WSL010420
2025-10-26,sell,CNY,10000,434.7,-1.043,WSL010420
2025-10-26,sell,AED,20000,1671.6,-0.589,WSL010420
2025-10-26,sell,TRY,100000,738.5,-54.169,WSL010420
2025-10-26,sell,USD,20000,6134.5,-0.76,WSL010420
2025-10-26,sell,EGP,200000,1380,-105.346,WSL010420
2025-10-26,sell,TRY,200000,1477,-108.338,WSL010420
2025-10-26,sell,EGP,60000,414,-31.604,WSL010420
2025-10-26,sell,TRY,100000,738,-54.669,WSL010420
2025-10-26,sell,USD,50000,15332.5,-5.65,WSL010420
2025-10-26,sell,AED,300000,25055.514,-27.315,WSL010420
2025-10-26,sell,NPR,1000000,2297.85,-216.59,WSL010420
2025-10-26,sell,QAR,50000,4202.233,2.301,WSL010420
2025-10-26,sell,SAR,400000,32695.232,-26.156,WSL010420
2025-10-26,sell,USD,72400,22165.222,-44.419,WSL010420
2025-10-26,sell,ZAR,130000,2305.156,-7.861,WSL010420
2025-10-26,sell,EGP,2000000,13943.777,-909.683,WSL010420
2025-10-26,sell,SAR,20000,1644.842,8.773,WSL010420
2025-10-26,sell,SAR,60000,4921.331,13.123,WSL010420
2025-10-26,sell,SAR,290000,23748.338,25.332,WSL010420
2025-10-26,buy,AED,300000,25072.578,10.251,WSL010420
2025-10-26,buy,EGP,1000000,6893.55,533.18,WSL010420
2025-10-26,buy,EGP,4000000,27481.56,2225.36,WSL010420
2025-10-26,buy,EUR,150000,53505.603,18.405,WSL010420
2025-10-26,buy,GBP,100000,40891.508,-49.082,WSL010420
2025-10-26,buy,KWD,25000,24988.84,11.16,WSL010420
2025-10-26,buy,SAR,1800000,147187.368,58.878,WSL010420
2025-10-26,buy,USD,7500,2298.882,1.84,WSL010420
2025-10-26,buy,USD,400000,122607.036,98.164,WSL010420
2025-10-25,sell,USD,30000,9201,-1.89,WSL010420
2025-10-25,sell,EUR,10000,3572.5,4.233,WSL010420
2025-10-25,sell,GBP,5000,2048,5.879,WSL010420
2025-10-25,sell,GBP,5000,2048,5.879,WSL010420
2025-10-25,sell,JPY,1000000,2025,17.91,WSL010420
2025-10-25,buy,SAR,36800,2995.52,14.848,WSL010420
2025-10-25,buy,SAR,36800,2995.52,14.848,WSL010420
2025-10-25,sell,PKR,200000,223,-22.41,WSL010420
2025-10-25,sell,AED,50000,4177.5,-2.972,WSL010420
2025-10-25,sell,AZN,10000,1820,-73.599,WSL010420
2025-10-25,sell,JOD,10000,4339,-0.163,WSL010420
2025-10-25,sell,USD,45313,13897.502,-2.85,WSL010420
2025-10-25,sell,INR,150000,508.5,-23.427,WSL010420
2025-10-25,sell,TRY,400000,2954,-216.676,WSL010420
2025-10-25,sell,USD,5949,1824.502,-0.431,WSL010420
2025-10-25,sell,THB,200000,1890,-51.504,WSL010420
2025-10-25,sell,EUR,220000,78632.84,130.962,WSL010420
2025-10-25,sell,GBP,60000,24574.8,69.344,WSL010420
2025-10-25,sell,USD,200000,61450,97.4,WSL010420
2025-10-25,sell,EGP,100000,690,-52.673,WSL010420
2025-10-25,sell,JPY,1000000,2025,17.91,WSL010420
2025-10-25,buy,USD,200000,61448,-95.4,WSL010420
2025-10-25,sell,JOD,5000,2168.75,-0.831,WSL010420
2025-10-25,sell,THB,300000,2824.5,-87.756,WSL010420
2025-10-25,buy,EUR,20000,7139.6,-3.066,WSL010420
2025-10-25,buy,EUR,150000,53547,-22.992,WSL010420
2025-10-25,buy,EUR,150000,53593.05,-69.042,WSL010420
2025-10-25,buy,GBP,10000,4095.9,-11.657,WSL010420
2025-10-25,buy,GBP,50000,20470.3,-49.087,WSL010420
2025-10-25,buy,GBP,50000,20479.5,-58.287,WSL010420
2025-10-25,buy,INR,4000000,13454.52,730.2,WSL010420
2025-10-25,buy,JOD,20000,8675.26,3.065,WSL010420
2025-10-25,buy,JOD,200000,86752.6,30.652,WSL010420
2025-10-25,buy,JPY,3000000,6058.53,-37.26,WSL010420
2025-10-25,buy,USD,500000,153320,61.5,WSL010420
2025-10-23,sell,INR,500000,1697.5,-75.59,WSL010420
2025-10-23,sell,JPY,1000000,2035,24.89,WSL010420
2025-10-23,sell,THB,500000,4705,-148.76,WSL010420
2025-10-23,sell,TRY,1000000,7400,-526.69,WSL010420
2025-10-23,sell,USD,16200,4966.92,-2.641,WSL010420
2025-10-23,sell,INR,300000,1015.5,-48.354,WSL010420
2025-10-23,sell,USD,5000,1533.5,-0.315,WSL010420
2025-10-23,sell,TRY,200000,1479,-106.426,WSL010420
2025-10-23,sell,TRY,100000,739.5,-53.213,WSL010420
2025-10-23,sell,EUR,45000,16038,24.084,WSL010420
2025-10-23,sell,USD,150000,46087.5,70.5,WSL010420
2025-10-23,sell,CZK,50000,757.5,25.852,WSL010420
2025-10-23,sell,EGP,200000,1380,-105.428,WSL010420
2025-10-23,sell,TRY,200000,1480,-105.426,WSL010420
2025-10-23,sell,USD,20000,6145,9.4,WSL010420
2025-10-23,sell,USD,50000,15334,-5,WSL010420
2025-10-23,sell,CZK,25000,378.75,12.926,WSL010420
2025-10-23,sell,JOD,5000,2170,0.298,WSL010420
2025-10-23,sell,TRY,240000,1776,-126.511,WSL010420
2025-10-23,sell,USD,20000,6134,-1.6,WSL010420
2025-10-23,sell,USD,30000,9201,-2.4,WSL010420
2025-10-23,sell,AED,50000,4177,-3.703,WSL010420
2025-10-23,sell,CNY,50000,2172.5,-6.335,WSL010420
2025-10-23,sell,GEL,10000,1150,-43.696,WSL010420
2025-10-23,sell,MYR,20000,1460,-11.367,WSL010420
2025-10-23,sell,TRY,500000,3700,-263.565,WSL010420
2025-10-23,sell,KRW,5000000,1082,15.55,WSL010420
2025-10-23,sell,TRY,400000,2960,-210.852,WSL010420
2025-10-23,sell,TRY,200000,1480,-105.426,WSL010420
2025-10-23,sell,JPY,1000000,2035,23.46,WSL010420
2025-10-23,sell,IDR,200000000,3750,-274,WSL010420
2025-10-23,sell,JPY,2000000,4090,66.92,WSL010420
2025-10-23,sell,LKR,2000000,2120,-152.44,WSL010420
2025-10-23,sell,PHP,3000000,16050,-985.5,WSL010420
2025-10-23,sell,VND,200000000,2330,0,WSL010420
2025-10-23,sell,CZK,100000,1517,53.704,WSL010420
2025-10-23,sell,IDR,50000000,942.5,-63.5,WSL010420
2025-10-23,sell,PHP,100000,536,-31.85,WSL010420
2025-10-23,sell,THB,1000000,9410,-298.05,WSL010420
2025-10-23,sell,EUR,10000,3560,0.125,WSL010420
2025-10-23,sell,THB,200000,1882,-59.61,WSL010420
2025-10-23,sell,USD,20000,6145,9.4,WSL010420
2025-10-23,sell,USD,50000,15335,-4,WSL010420
2025-10-23,buy,SAR,32500,2645.5,13.26,WSL010420
2025-10-23,buy,SAR,32300,2629.22,13.178,WSL010420
2025-10-23,sell,EGP,500000,3466.44,-247.13,WSL010420
2025-10-23,sell,SAR,125000,10253.343,27.343,WSL010420
2025-10-23,sell,SAR,1000000,81851.65,43.65,WSL010420
2025-10-23,sell,TRY,4000000,29604.84,-2103.68,WSL010420
2025-10-23,sell,JPY,10000000,21200,1084.6,WSL010420
2025-10-23,sell,USD,120000,36936,122.4,WSL010420
2025-10-23,sell,AED,50000,4177.5,-3.203,WSL010420
2025-10-23,sell,AZN,10000,1820,-73.704,WSL010420
2025-10-23,sell,GEL,10000,1150,-43.696,WSL010420
2025-10-23,sell,TRY,200000,1480,-105.426,WSL010420
2025-10-23,sell,USD,23223,7122.501,-1.851,WSL010420
2025-10-23,sell,VND,8000000,92.4,-0.8,WSL010420
2025-10-23,sell,EUR,700000,250799.276,1715.392,WSL010420
2025-10-23,buy,CZK,500000,7536.855,-222.815,WSL010420
2025-10-23,buy,TRY,10000000,73737.98,5533.32,WSL010420
2025-10-23,buy,EUR,700000,249690.37,-606.486,WSL010420
2025-10-23,buy,JPY,8000000,16264.015,-161.135,WSL010420
2025-10-23,buy,USD,200000,61450,-94,WSL010420
2025-10-23,buy,AED,210000,17544.608,14.345,WSL010420
2025-10-23,buy,INR,4500000,15137.172,821.538,WSL010420
2025-10-23,buy,JPY,3000000,6111.156,-72.186,WSL010420
2025-10-23,buy,PHP,4000000,21359.792,1354.208,WSL010420
2025-10-23,buy,THB,2000000,18763.302,652.798,WSL010420
2025-10-22,sell,GBP,5000,2052.5,5.819,WSL010420
2025-10-22,sell,PKR,500000,560,-53.1,WSL010420
2025-10-22,buy,SAR,159500,12983.3,55.294,WSL010420
2025-10-22,sell,EUR,20000,7120,9.266,WSL010420
2025-10-22,sell,USD,20000,6144,13,WSL010420
2025-10-22,sell,USD,30000,9195,-1.5,WSL010420
2025-10-22,sell,CNY,50000,2170,-7.202,WSL010420
2025-10-22,sell,USD,20000,6135,4,WSL010420
2025-10-22,sell,THB,200000,1882,-58.154,WSL010420
2025-10-22,sell,GBP,50000,20550,121.508,WSL010420
2025-10-22,sell,EGP,400000,2760,-208.632,WSL010420
2025-10-22,sell,EUR,50000,17825,40.502,WSL010420
2025-10-22,sell,GBP,30000,12312,54.905,WSL010420
2025-10-22,sell,JOD,30000,13011,2.551,WSL010420
2025-10-22,sell,USD,300000,92139,174,WSL010420
2025-10-22,sell,THB,200000,1884,-56.154,WSL010420
2025-10-22,sell,USD,34362,10531.998,-1.673,WSL010420
2025-10-22,sell,USD,10000,3065,-0.5,WSL010420
2025-10-22,buy,SAR,35000,2849,12.133,WSL010420
2025-10-22,buy,SAR,34700,2824.58,12.029,WSL010420
2025-10-22,sell,OMR,30500,24284.1,-1.03,WSL010420
2025-10-22,sell,THB,110000,1036.2,-30.885,WSL010420
2025-10-22,sell,THB,300000,2823,-87.231,WSL010420
2025-10-22,sell,BHD,1500,1219.275,-0.032,WSL010420
2025-10-22,sell,USD,30000,9192,-4.5,WSL010420
2025-10-22,sell,USD,40000,12256,-6,WSL010420
2025-10-22,sell,JPY,1000000,2045,25.7,WSL010420
2025-10-22,sell,KRW,5000000,1082.5,11.15,WSL010420
2025-10-22,sell,THB,100000,942,-28.077,WSL010420
2025-10-22,buy,SAR,200000,16326,23.334,WSL010420
2025-10-22,buy,USD,300000,92118,-153,WSL010420
2025-10-22,sell,EUR,25000,8907.5,10.652,WSL010420
2025-10-22,sell,GBP,10000,4104,16.156,WSL010420
2025-10-22,sell,PHP,200000,1074,-60.848,WSL010420
2025-10-22,buy,CNY,200000,8671.853,36.953,WSL010420
2025-10-22,buy,OMR,10000,7960.27,2.068,WSL010420
2025-10-22,buy,THB,4000000,37671.275,1131.805,WSL010420
2025-10-22,buy,AED,1000000,83483.115,68.265,WSL010420
2025-10-22,buy,IDR,400000000,7463.2,576.8,WSL010420
2025-10-22,buy,INR,3500000,11764.529,638.491,WSL010420
2025-10-22,buy,JPY,5000000,10194.545,-102.045,WSL010420
2025-10-22,buy,KRW,30000000,6458.22,-26.52,WSL010420
2025-10-22,buy,KWD,16842,16833.763,8.237,WSL010420
2025-10-22,buy,LKR,2000000,2078.305,192.435,WSL010420
2025-10-22,buy,OMR,3545,2821.916,0.733,WSL010420
2025-10-22,buy,PHP,2000000,10709.17,639.31,WSL010420
2025-10-22,buy,QAR,99200,8308.678,18.201,WSL010420
2025-10-22,buy,RUB,2000000,7495.11,571.99,WSL010420
2025-10-22,buy,VND,200000000,2270.8,55.2,WSL010420
2025-10-22,buy,CHF,10000,3866.675,-12.639,WSL010420
2025-10-22,buy,EGP,760000,5235.461,404.94,WSL010420
2025-10-22,buy,EUR,50000,17818.219,-15.328,WSL010420
2025-10-22,buy,GBP,50000,20538.85,-24.524,WSL010420
2025-10-22,buy,GBP,50000,20546.514,-32.188,WSL010420
2025-10-22,buy,INR,1000000,3357.612,186.108,WSL010420
2025-10-22,buy,KWD,6000,5995.111,4.889,WSL010420
2025-10-22,buy,OMR,30000,23880.81,6.203,WSL010420
2025-10-22,buy,QAR,100000,8398.63,-4.599,WSL010420
2025-10-22,buy,SAR,900000,73530.823,41.18,WSL010420
2025-10-22,buy,SAR,1000000,81690.028,56.642,WSL010420
2025-10-22,buy,USD,500000,153152.38,122.62,WSL010420
2025-10-21,sell,NPR,200000,458,-43.814,WSL010420
2025-10-21,sell,INR,150000,508.5,-22.29,WSL010420
2025-10-21,sell,JOD,4000,1733.6,1.647,WSL010420
2025-10-21,sell,THB,200000,1886,-51.352,WSL010420
2025-10-21,sell,USD,13050,3996.563,1.867,WSL010420
2025-10-21,sell,IDR,60000000,1128,-76.2,WSL010420
2025-10-21,sell,USD,40000,12250,5.72,WSL010420
2025-10-21,buy,EGP,400000,2720,244.34,WSL010420
2025-10-21,sell,CNY,40000,1735.6,-3.644,WSL010420
2025-10-21,sell,EGP,100000,690,-51.085,WSL010420
2025-10-21,sell,THB,500000,4712.5,-130.88,WSL010420
2025-10-21,sell,USD,30000,9201,17.79,WSL010420
2025-10-21,sell,INR,500000,1695,-74.3,WSL010420
2025-10-21,sell,RUB,500000,1910,-103.86,WSL010420
2025-10-21,sell,THB,1000000,9430,-256.76,WSL010420
2025-10-21,sell,THB,306000,2882.52,-81.629,WSL010420
2025-10-21,sell,JPY,1400000,2982,145.796,WSL010420
2025-10-21,sell,AED,44190,3687.349,0.549,WSL010420
2025-10-21,sell,JOD,10000,4333.5,3.616,WSL010420
2025-10-21,sell,USD,5336,1634.15,0.763,WSL010420
2025-10-21,sell,AED,300000,25020,-9.189,WSL010420
2025-10-21,sell,BHD,15000,12175.5,0.052,WSL010420
2025-10-21,sell,EUR,100000,35745,138.634,WSL010420
2025-10-21,sell,INR,5000000,16900,-793,WSL010420
2025-10-21,sell,PHP,500000,2690,-143.02,WSL010420
2025-10-21,sell,THB,500000,4715,-128.38,WSL010420
2025-10-21,sell,TRY,400000,2952,-211.896,WSL010420
2025-10-21,sell,USD,600000,184008,343.8,WSL010420
2025-10-20,sell,EUR,3500,1251.075,1.488,WSL010420
2025-10-20,sell,INR,100000,339,-14.811,WSL010420
2025-10-20,sell,INR,100000,339,-14.811,WSL010420
2025-10-20,sell,THB,100000,945,-23.543,WSL010420
2025-10-20,sell,USD,40000,12248,5.4,WSL010420
2025-10-20,sell,JOD,10000,4332,2.711,WSL010420
2025-10-20,sell,TRY,500000,3700,-254.33,WSL010420
2025-10-20,buy,MAD,4100,147.6,9.258,WSL010420
2025-10-20,buy,EGP,200000,1360,121.966,WSL010420
2025-10-20,sell,USD,6000,1837.2,0.81,WSL010420
2025-10-20,sell,TRY,100000,740,-50.866,WSL010420
2025-10-20,sell,USD,8096,2479.052,1.15,WSL010420
2025-10-20,sell,TRY,200000,1480,-101.732,WSL010420
2025-10-20,sell,USD,15920,4874.749,2.194,WSL010420
2025-10-20,sell,AED,30000,2502.3,-0.276,WSL010420
2025-10-20,sell,INR,200000,680,-27.622,WSL010420
2025-10-20,sell,JOD,5506,2385.199,1.492,WSL010420
2025-10-20,sell,OMR,2000,1590,0.052,WSL010420
2025-10-20,sell,THB,500000,4705,-137.715,WSL010420
2025-10-20,sell,INR,500000,1687.5,-81.555,WSL010420
2025-10-20,sell,THB,300000,2820,-85.629,WSL010420
2025-10-20,sell,JOD,10000,4332,2.711,WSL010420
2025-10-20,buy,EUR,150000,53604.224,-4.59,WSL010420
2025-10-19,sell,EUR,10000,3570,-0.248,WSL010420
2025-10-19,sell,USD,20000,6127,5.7,WSL010420
2025-10-19,sell,EUR,5000,1785,-0.124,WSL010420
2025-10-19,sell,JOD,5000,2166.5,1.855,WSL010420
2025-10-19,sell,THB,100000,945,-23.543,WSL010420
2025-10-19,sell,TRY,100000,741,-49.866,WSL010420
2025-10-19,sell,USD,6000,1837.5,1.11,WSL010420
2025-10-19,sell,AED,70000,5841.5,2.157,WSL010420
2025-10-19,sell,AZN,10000,1820,-69.29,WSL010420
2025-10-19,sell,EUR,20000,7138,-2.496,WSL010420
2025-10-19,sell,GEL,5000,576.25,-19.207,WSL010420
2025-10-19,sell,INR,200000,680,-27.622,WSL010420
2025-10-19,sell,JOD,5000,2166.25,1.605,WSL010420
2025-10-19,sell,PHP,100000,538,-28.526,WSL010420
2025-10-19,sell,TRY,250000,1850,-127.165,WSL010420
2025-10-19,sell,JOD,5000,2166.25,1.605,WSL010420
2025-10-19,sell,OMR,5000,3975,0.13,WSL010420
2025-10-19,sell,TRY,200000,1480,-101.732,WSL010420
2025-10-19,buy,SAR,250000,20362.5,41.832,WSL010420
2025-10-19,sell,AED,30000,2503.5,0.924,WSL010420
2025-10-19,sell,EUR,17500,6244.875,-3.059,WSL010420
2025-10-19,sell,OMR,1000,795,0.026,WSL010420
2025-10-19,sell,INR,600000,2100,-22.866,WSL010420
2025-10-19,sell,BDT,100000,255,-23.213,WSL010420
2025-10-19,sell,INR,200000,683,-24.622,WSL010420
2025-10-19,sell,TRY,200000,1482,-99.732,WSL010420
2025-10-19,sell,USD,50000,15310,6.75,WSL010420
2025-10-19,sell,AED,10000,834.4,0.208,WSL010420
2025-10-19,sell,CNY,10000,434.5,-0.251,WSL010420
2025-10-19,sell,OMR,1000,795,0.026,WSL010420
2025-10-19,sell,USD,30000,9186,4.05,WSL010420
2025-10-19,sell,CNY,20000,869,-0.503,WSL010420
2025-10-19,sell,CNY,310000,13491.2,13.907,WSL010420
2025-10-19,sell,JOD,6500,2815.475,1.437,WSL010420
2025-10-19,sell,EGP,100000,685,-55.983,WSL010420
2025-10-19,sell,THB,100000,944,-24.543,WSL010420
2025-10-19,sell,USD,5000,1531,0.675,WSL010420
2025-10-19,buy,USD,20100,6082.26,69.646,WSL010420
2025-10-19,buy,USD,2200,663.3,10.043,WSL010420
2025-10-19,sell,AED,121460,10136,3.905,WSL010420
2025-10-19,sell,EGP,2000000,13912.046,-907.614,WSL010420
2025-10-19,sell,MAD,200000,7690.075,38.451,WSL010420
2025-10-19,sell,SAR,70000,5728.489,15.276,WSL010420
2025-10-19,sell,SAR,650000,53107.915,56.651,WSL010420
2025-10-19,buy,AZN,240000,43632.67,1710.292,WSL010420
2025-10-19,buy,CNY,400000,17353.083,36.973,WSL010420
2025-10-19,buy,EUR,50000,17901.742,-50.501,WSL010420
2025-10-19,buy,IDR,100000000,1866.3,140.7,WSL010420
2025-10-19,buy,INR,4000000,13453.408,699.032,WSL010420
2025-10-19,buy,JOD,150000,64916.387,22.954,WSL010420
2025-10-19,buy,KWD,513004,510942.302,2061.698,WSL010420
2025-10-19,buy,SAR,200000,16323.467,-0.001,WSL010420
2025-10-19,buy,TRY,2000000,14714.664,1102.656,WSL010420
2025-10-19,buy,TRY,3000000,22071.996,1653.984,WSL010420
2025-10-19,buy,VND,300000000,3445.5,40.5,WSL010420
2025-10-19,buy,AED,100,8.27,0.072,WSL010420
2025-10-19,buy,AED,100,8.27,0.072,WSL010420
2025-10-19,buy,SAR,50,3.975,0.106,WSL010420
2025-10-19,buy,USD,50,15.1,0.203,WSL010420
2025-10-19,buy,USD,100,30.2,0.406,WSL010420
2025-10-19,buy,USD,200,60.4,0.813,WSL010420
2025-10-19,buy,USD,800,241.6,3.252,WSL010420
2025-10-19,buy,SAR,100,7.95,0.212,WSL010420
2025-10-19,buy,SAR,100,7.95,0.212,WSL010420
2025-10-19,buy,SAR,200,15.9,0.423,WSL010420
2025-10-19,buy,SAR,500,39.75,1.059,WSL010420
2025-10-19,buy,USD,21,6.342,0.085,WSL010420
2025-10-19,buy,USD,100,30.2,0.406,WSL010420
2025-10-19,buy,USD,100,30.2,0.406,WSL010420
2025-10-19,buy,USD,100,30.2,0.406,WSL010420
2025-10-19,buy,USD,540,163.08,2.195,WSL010420
2025-10-19,buy,CNY,500000,21660.641,76.929,WSL010420
2025-10-19,buy,QAR,107800,9027.033,7.415,WSL010420
2025-10-19,buy,THB,4000000,37704.342,1037.378,WSL010420
2025-10-19,buy,AZN,50000,9082.047,364.403,WSL010420
2025-10-19,buy,EGP,2000000,13755.73,1063.93,WSL010420
2025-10-19,buy,EUR,150000,53489.45,64.273,WSL010420
2025-10-19,buy,GBP,50000,20575.22,-19.894,WSL010420
2025-10-19,buy,JOD,60000,25970.227,5.509,WSL010420
2025-10-19,buy,JPY,250000,508.414,-0.272,WSL010420
2025-10-19,buy,KWD,89000,88844.7,155.3,WSL010420
2025-10-19,buy,MAD,19000,717.93,8.974,WSL010420
2025-10-19,buy,SAR,400000,32625.183,21.749,WSL010420
2025-10-19,buy,USD,250000,76455.037,61.213,WSL010420
2025-10-18,sell,AZN,10000,1820,-69.29,WSL010420
2025-10-18,sell,EUR,10000,3572.5,2.252,WSL010420
2025-10-18,sell,TRY,200000,1484,-97.732,WSL010420
2025-10-18,sell,USD,20000,6128,6.7,WSL010420
2025-10-18,sell,MYR,30000,2188.5,-13.406,WSL010420
2025-10-18,sell,EGP,100000,690,-50.983,WSL010420
2025-10-18,sell,EUR,10000,3572.5,2.252,WSL010420
2025-10-18,sell,GBP,5000,2062,6.467,WSL010420
2025-10-18,sell,THB,200000,1890,-47.086,WSL010420
2025-10-18,sell,TRY,100000,742,-48.866,WSL010420
2025-10-18,sell,USD,20000,6128,6.7,WSL010420
2025-10-18,sell,AZN,47000,8554,-325.663,WSL010420
2025-10-18,sell,AED,458360,38264,27.98,WSL010420
2025-10-18,sell,TRY,100000,742,-48.866,WSL010420
2025-10-18,sell,USD,6000,1839,2.61,WSL010420
2025-10-18,sell,USD,19560,5995,8.369,WSL010420
2025-10-18,buy,EGP,2000000,13700,1119.66,WSL010420
2025-10-18,sell,USD,50000,15320,16.75,WSL010420
2025-10-18,sell,AED,30000,2504.4,1.824,WSL010420
2025-10-18,sell,MYR,10000,730,-3.969,WSL010420
2025-10-18,sell,TRY,100000,742,-48.866,WSL010420
2025-10-18,sell,USD,50000,15320,16.75,WSL010420
2025-10-18,sell,EUR,8000,2857.2,1.001,WSL010420
2025-10-18,sell,TRY,200000,1484,-97.732,WSL010420
2025-10-18,sell,USD,50000,15320,16.75,WSL010420
2025-10-18,sell,USD,40000,12260,17.4,WSL010420
2025-10-18,sell,CNY,50000,2172.5,-1.257,WSL010420
2025-10-18,sell,USD,6000,1839,2.61,WSL010420
2025-10-18,sell,CNY,100000,4350,2.486,WSL010420
2025-10-18,sell,EGP,160000,1096,-89.573,WSL010420
2025-10-18,sell,QAR,120000,10080,23.1,WSL010420
2025-10-16,sell,AZN,200000,36400,-1385.802,WSL010420
2025-10-16,sell,NPR,2000000,4570,-448.84,WSL010420
2025-10-16,buy,CHF,5360,2010,49.96,WSL010420
2025-10-16,buy,GBP,3490,1402.98,33.035,WSL010420
2025-10-16,buy,USD,50000,15137.5,170,WSL010420
2025-10-16,sell,EGP,120000,834,-55.427,WSL010420
2025-10-16,sell,GBP,5000,2060,2.825,WSL010420
2025-10-16,sell,JOD,5000,2169,3.754,WSL010420
2025-10-16,sell,THB,100000,947,-21.812,WSL010420
2025-10-16,sell,USD,10000,3065,3.5,WSL010420
2025-10-16,sell,GEL,20000,2300,-82.49,WSL010420
2025-10-16,sell,GBP,5000,2060,2.825,WSL010420
2025-10-16,sell,GBP,10000,4120,12.079,WSL010420
2025-10-16,sell,INR,300000,1024.5,-37.227,WSL010420
2025-10-16,sell,EUR,5000,1787.5,4.482,WSL010420
2025-10-16,sell,GBP,10000,4120,12.079,WSL010420
2025-10-16,sell,USD,15000,4598.25,6,WSL010420
2025-10-16,sell,USD,20418,6258.998,8.027,WSL010420
2025-10-16,sell,EUR,5000,1788.5,5.482,WSL010420
2025-10-16,sell,JOD,5000,2169,3.754,WSL010420
2025-10-16,sell,THB,500000,4735,-109.06,WSL010420
2025-10-16,sell,TRY,300000,2227.5,-145.755,WSL010420
2025-10-16,sell,USD,22672,6950,8.967,WSL010420
2025-10-16,sell,EUR,25000,8940,24.912,WSL010420
2025-10-16,sell,EUR,100000,35770,63.726,WSL010420
2025-10-16,sell,GBP,50000,20590,51.927,WSL010420
2025-10-16,sell,USD,500000,153550,475,WSL010420
2025-10-16,sell,EGP,2000000,13635.54,-1219.72,WSL010420
2025-10-16,sell,MAD,100000,3835,0,WSL010420
2025-10-16,sell,SAR,100000,8203.209,21.876,WSL010420
2025-10-16,sell,SAR,1500000,122851.041,131.046,WSL010420
2025-10-15,sell,AZN,30000,5460,-224.833,WSL010420
2025-10-15,sell,EGP,51000,340.425,-38.608,WSL010420
2025-10-15,sell,EUR,7000,2503.55,6.352,WSL010420
2025-10-15,sell,USD,9700,2976.93,-0.97,WSL010420
2025-10-15,sell,INR,200000,678,-31.784,WSL010420
2025-10-15,sell,USD,20000,6139,-1,WSL010420
2025-10-15,sell,INR,21000,70.875,-3.652,WSL010420
2025-10-15,sell,PHP,200000,1076,-60.514,WSL010420
2025-10-15,sell,THB,200000,1896,-47.004,WSL010420
2025-10-15,sell,TRY,300000,2230.5,-149.346,WSL010420
2025-10-15,sell,USD,100000,30695,-5,WSL010420
2025-10-15,sell,EGP,100000,690,-53.247,WSL010420
2025-10-15,sell,INR,250000,850,-37.23,WSL010420
2025-10-15,sell,EGP,100000,685,-58.247,WSL010420
2025-10-15,sell,EUR,10000,3574,1.748,WSL010420
2025-10-15,sell,INR,200000,680,-29.784,WSL010420
2025-10-15,sell,USD,21951,6738,-0.957,WSL010420
2025-10-15,sell,USD,33761,10363,-1.627,WSL010420
2025-10-15,sell,TRY,200000,1487,-99.564,WSL010420
2025-10-15,sell,USD,15180,4659.501,-0.759,WSL010420
2025-10-15,sell,KRW,10000000,2165,5.2,WSL010420
2025-10-15,sell,PHP,100000,538,-30.257,WSL010420
2025-10-15,sell,JOD,5000,2171,-0.258,WSL010420
2025-10-15,sell,TRY,1000000,7425,-507.82,WSL010420
2025-10-15,sell,VND,100000000,1170,5,WSL010420
2025-10-15,sell,GBP,150000,62010,468.78,WSL010420
2025-10-15,sell,TRY,100000,743.5,-49.782,WSL010420
2025-10-15,sell,TRY,150000,1115.25,-74.673,WSL010420
2025-10-15,sell,EGP,200000,1380,-106.494,WSL010420
2025-10-15,sell,EGP,200000,1379.775,-106.719,WSL010420
2025-10-15,sell,EGP,500000,3373.627,-342.608,WSL010420
2025-10-15,sell,IQD,20000000,4565.06,-68.74,WSL010420
2025-10-15,sell,NPR,8000000,18192.592,-1938.528,WSL010420
2025-10-15,sell,SAR,700000,57337.246,30.577,WSL010420
2025-10-15,sell,TRY,2000000,14830.918,-1034.722,WSL010420
2025-10-15,buy,INR,10000000,33717.718,1771.482,WSL010420
2025-10-15,buy,USD,1000000,307368.396,-368.396,WSL010420
2025-10-15,buy,CHF,9630,3682.165,12.424,WSL010420
2025-10-15,buy,EGP,2100000,14406.704,1201.483,WSL010420
2025-10-15,buy,EUR,50000,17824.42,15.35,WSL010420
2025-10-15,buy,SAR,900000,73640.725,39.278,WSL010420
2025-10-15,buy,SAR,1000000,81812.125,54.545,WSL010420
2025-10-15,buy,USD,500000,153430.925,69.075,WSL010420
2025-10-15,buy,AED,500000,41802.832,-0.832,WSL010420
2025-10-15,buy,GBP,150000,61753.05,-244.065,WSL010420
2025-10-15,buy,PHP,1000000,5343.777,338.793,WSL010420
2025-10-15,buy,QAR,74550,6253.238,13.698,WSL010420
2025-10-15,buy,USD,200000,61473.68,-73.68,WSL010420
2025-10-14,buy,MAD,30000,1102.5,48.982,WSL010420
2025-10-14,sell,KRW,15000000,3247.5,26.55,WSL010420
2025-10-14,sell,CHF,10000,3835,16.585,WSL010420
2025-10-14,sell,CNY,50000,2170,-9.588,WSL010420
2025-10-14,sell,CZK,50000,748.5,19.554,WSL010420
2025-10-14,sell,USD,50000,15347.5,3.2,WSL010420
2025-10-14,sell,USD,40000,12278,2.56,WSL010420
2025-10-14,sell,EGP,449000,2997.075,-338.865,WSL010420
2025-10-14,sell,INR,500000,1695,-78.8,WSL010420
2025-10-14,sell,PHP,100000,537,-31.046,WSL010420
2025-10-14,sell,USD,30000,9210,3.42,WSL010420
2025-10-14,sell,USD,20000,6138,0.28,WSL010420
2025-10-14,sell,AED,100000,8365,4.6,WSL010420
2025-10-14,sell,EUR,10000,3560,13.012,WSL010420
2025-10-14,sell,GBP,5000,2047.5,10.851,WSL010420
2025-10-14,sell,JOD,10000,4343,2.098,WSL010420
2025-10-14,sell,THB,200000,1890,-52.282,WSL010420
2025-10-14,sell,TRY,200000,1487,-98.974,WSL010420
2025-10-14,sell,USD,10762,3303.498,0.791,WSL010420
2025-10-14,sell,USD,8500,2609.075,0.544,WSL010420
2025-10-14,sell,EGP,100000,685,-57.971,WSL010420
2025-10-14,sell,TRY,100000,743,-49.987,WSL010420
2025-10-14,sell,TRY,100000,743,-49.987,WSL010420
2025-10-14,sell,USD,19320,5930,0.962,WSL010420
2025-10-14,sell,RUB,250000,960,-49.492,WSL010420
2025-10-14,sell,THB,200000,1888,-54.282,WSL010420
2025-10-14,sell,THB,500000,4720,-135.705,WSL010420
2025-10-14,sell,TRY,200000,1487,-98.974,WSL010420
2025-10-14,sell,USD,50000,15347.5,3.2,WSL010420
2025-10-14,sell,THB,300000,2832,-81.423,WSL010420
2025-10-14,sell,INR,250000,849,-37.9,WSL010420
2025-10-14,sell,PHP,100000,537,-31.046,WSL010420
2025-10-14,sell,USD,30000,9207,0.42,WSL010420
2025-10-14,sell,AED,400000,33436,-5.6,WSL010420
2025-10-14,sell,BDT,500000,1275,-119.795,WSL010420
2025-10-14,sell,EGP,300000,2055,-173.913,WSL010420
2025-10-14,sell,EUR,50000,17870,130.455,WSL010420
2025-10-14,sell,GBP,30000,12330,121.154,WSL010420
2025-10-14,sell,INR,5000000,17000,-738,WSL010420
2025-10-14,sell,JOD,30000,13023,0.292,WSL010420
2025-10-14,sell,PHP,500000,2695,-145.23,WSL010420
2025-10-14,sell,THB,500000,4750,-105.705,WSL010420
2025-10-14,sell,TRY,400000,2964,-207.948,WSL010420
2025-10-14,sell,USD,500000,153690,247,WSL010420
2025-10-14,buy,KWD,3200,3197.77,2.23,WSL010420
2025-10-14,buy,NPR,9000000,20278.809,2360.241,WSL010420
2025-10-14,buy,SAR,105000,8581.366,11.442,WSL010420
2025-10-14,buy,AED,520000,43476.562,-2.482,WSL010420
2025-10-14,buy,BHD,40000,32530.648,19.84,WSL010420
2025-10-14,buy,KWD,40149.5,40121.522,27.978,WSL010420
2025-10-14,buy,TRY,10000000,73984.09,5314.61,WSL010420
2025-10-13,sell,EUR,30000,10701,47.146,WSL030330
2025-10-13,sell,EGP,450000,3003.75,-339.772,WSL030330
2025-10-13,sell,TRY,400000,2974,-198.092,WSL030330
2025-10-13,sell,USD,9700,2976.445,-0.485,WSL030330
2025-10-13,sell,THB,200000,1892,-50.37,WSL030330
2025-10-13,sell,EUR,10000,3570,13.95,WSL030330
2025-10-13,sell,TRY,100000,744,-49.023,WSL030330
2025-10-13,sell,USD,100000,30685,-5,WSL030330
2025-10-13,sell,AED,100000,8360,-0.393,WSL030330
2025-10-13,sell,EUR,200000,71450,243.062,WSL030330
2025-10-13,sell,SAR,200000,16350,-18,WSL030330
2025-10-13,sell,USD,500000,153700,250,WSL030330
2025-10-13,sell,USD,20000,6137,-1,WSL030330
2025-10-13,buy,EUR,200000,71306.46,-99.522,WSL030330
2025-10-13,buy,USD,700000,215110,-280,WSL030330
2025-10-13,sell,BDT,100000,255,-23.972,WSL030330
2025-10-13,sell,EGP,10000,69,-5.3,WSL030330
2025-10-13,sell,INR,300000,1020,-44.328,WSL030330
2025-10-13,sell,SAR,20000,1636,-0.8,WSL030330
2025-10-13,sell,EGP,100000,685,-58.005,WSL030330
2025-10-13,sell,MYR,10000,731.5,-4.471,WSL030330
2025-10-13,sell,OMR,2000,1593.6,-0.686,WSL030330
2025-10-13,sell,TRY,200000,1487,-99.046,WSL030330
2025-10-13,sell,EGP,400000,2720,-252.02,WSL010420
2025-10-13,sell,IDR,50000000,937.5,-68.5,WSL010420
2025-10-13,sell,OMR,6000,4781.4,-1.457,WSL010420
2025-10-13,sell,THB,1000000,9450,-261.85,WSL010420
2025-10-13,sell,CNY,46300,2009.42,-8.971,WSL030330
2025-10-13,buy,MAD,20000,720,47.25,WSL030330
2025-10-13,sell,USD,33083,10152.999,-0.174,WSL030330
2025-10-13,sell,USD,10300,3161.07,0,WSL030330
2025-10-13,sell,AZN,5000,910,-37.222,WSL030330
2025-10-13,sell,USD,12567,3857.001,0.189,WSL030330
2025-10-13,sell,EUR,5000,1785,2.985,WSL010420
2025-10-13,sell,GBP,5000,2053,5.363,WSL010420
2025-10-13,buy,SYP,10000000,290,71.1,WSL030330
2025-10-13,buy,USD,100000,30730,-25,WSL030330
2025-10-12,buy,SAR,33000,2684.55,15.466,WSL010420
2025-10-12,sell,THB,300000,2835,-77.796,WSL030330
2025-10-12,sell,TRY,200000,1487,-98.634,WSL030330
2025-10-12,sell,USD,10000,3070,1.8,WSL030330
2025-10-12,sell,THB,200000,1894,-47.864,WSL010420
2025-10-12,sell,EGP,50000,333.75,-37.656,WSL030330
2025-10-12,sell,INR,200000,680,-29.368,WSL030330
2025-10-12,sell,TRY,600000,4461,-295.902,WSL030330
2025-10-12,sell,AED,20000,1672,-0.08,WSL030330
2025-10-12,sell,BDT,100000,255,-23.899,WSL030330
2025-10-12,sell,EUR,10000,3571,7.286,WSL030330
2025-10-12,sell,TRY,300000,2227.5,-150.951,WSL030330
2025-10-12,sell,EUR,5000,1785.5,3.643,WSL030330
2025-10-12,sell,USD,20464,6284.501,5.737,WSL030330
2025-10-12,sell,USD,10000,3070,1.8,WSL030330
2025-10-12,sell,TRY,500000,3715,-249.085,WSL010420
2025-10-12,sell,USD,50000,15345,4,WSL010420
2025-10-12,sell,USD,12300,3776.1,2.214,WSL030330
2025-10-12,sell,EGP,40000,272,-25.124,WSL010420
2025-10-12,sell,INR,300000,1017,-47.052,WSL030330
2025-10-12,sell,JOD,4500,1953,0.014,WSL030330
2025-10-12,sell,EGP,400000,2720,-251.244,WSL030330
2025-10-12,sell,JOD,5000,2171.25,1.266,WSL030330
2025-10-12,sell,PHP,100000,537,-30.924,WSL030330
2025-10-12,sell,TRY,150000,1115.25,-73.976,WSL030330
2025-10-12,sell,NPR,100000,230,-21.491,WSL030330
2025-10-12,sell,TRY,200000,1487,-98.634,WSL030330
2025-10-12,sell,EUR,50000,17850,31.428,WSL030330
2025-10-12,buy,EGP,1000000,6710,718.11,WSL030330
2025-10-12,buy,AED,15,1.242,0.012,WSL030330
2025-10-12,buy,BHD,20,16.129,0.143,WSL030330
2025-10-12,buy,EUR,50,16.25,1.569,WSL030330
2025-10-12,buy,SAR,300,23.85,0.696,WSL030330
2025-10-12,buy,SAR,350,27.825,0.812,WSL030330
2025-10-12,buy,USD,100,30.2,0.482,WSL030330
2025-10-12,sell,CNY,300000,12991.673,-83.044,WSL030330
2025-10-12,sell,EUR,18450,6631.661,56.608,WSL030330
2025-10-12,sell,MAD,150000,5738.529,-14.346,WSL030330
2025-10-12,sell,NPR,10000000,22862.89,-2286.21,WSL030330
2025-10-12,sell,QAR,700000,58842.192,32.224,WSL030330
2025-10-12,sell,SAR,1000000,81748.908,-69.762,WSL030330
2025-10-12,sell,USD,4100,1256.075,-1.887,WSL030330
2025-10-12,buy,CAD,20000,4386.276,-2.82,WSL030330
2025-10-12,buy,EGP,400000,2703.26,267.984,WSL030330
2025-10-12,buy,EUR,100000,35661.689,-24.546,WSL030330
2025-10-12,buy,EUR,100000,35692.371,-55.228,WSL030330
2025-10-12,buy,GBP,100000,41046.38,-82.842,WSL030330
2025-10-12,buy,JPY,400000,814.386,-5.102,WSL030330
2025-10-12,buy,USD,650000,199343.255,89.745,WSL030330
2025-10-11,buy,MAD,5000,181,10.762,WSL030330
2025-10-11,sell,AED,35000,2925.3,-0.84,WSL010420
2025-10-11,buy,MAD,135000,4961.25,216.338,WSL030330
2025-10-11,sell,INR,1000000,3400,-146.84,WSL030330
2025-10-11,sell,JPY,2000000,4090,43.58,WSL030330
2025-10-11,sell,TRY,2000000,14860,-996.34,WSL030330
2025-10-11,sell,GBP,15000,6159.75,15.219,WSL010420
2025-10-11,sell,AED,30000,2507.4,-0.72,WSL030330
2025-10-11,sell,AZN,10000,1822.5,-71.451,WSL030330
2025-10-11,sell,NPR,100000,229,-22.491,WSL030330
2025-10-11,sell,GBP,5000,2053.25,5.073,WSL030330
2025-10-11,sell,INR,400000,1360,-58.736,WSL030330
2025-10-11,sell,JOD,5000,2169.5,-0.484,WSL030330
2025-10-11,sell,THB,300000,2832,-80.796,WSL030330
2025-10-11,sell,TRY,100000,743.5,-49.317,WSL030330
2025-10-11,buy,JOD,100000,43370,29.689,WSL030330
2025-10-11,sell,EUR,20000,7108.555,-18.874,WSL030330
2025-10-11,sell,INR,100000,340,-14.684,WSL030330
2025-10-11,sell,JOD,10000,4339,-0.969,WSL030330
2025-10-11,sell,USD,30000,9204,-0.6,WSL030330
2025-10-11,sell,JOD,5000,2170,0.016,WSL030330
2025-10-11,sell,USD,130000,39884,-2.6,WSL030330
2025-10-11,sell,USD,20000,6135,-1.4,WSL010420
2025-10-11,sell,USD,34566,10605.001,-0.539,WSL030330
2025-10-11,sell,USD,18012,5526.001,-0.441,WSL030330
2025-10-11,sell,USD,8500,2607.8,-0.17,WSL030330
2025-10-11,sell,USD,12174,3734.998,-0.229,WSL030330
2025-10-11,sell,USD,9700,2975.96,-0.194,WSL010420
2025-10-11,sell,INR,500000,1700,-73.42,WSL030330
2025-10-11,sell,THB,1000000,9480,-229.32,WSL030330
2025-10-11,sell,USD,50000,15337.5,-3.5,WSL030330
2025-10-11,buy,SAR,750000,61087.5,276.502,WSL030330
2025-10-11,sell,EGP,400000,2676,-295.244,WSL030330
2025-10-11,sell,EGP,200000,1370,-115.622,WSL030330
2025-10-11,sell,EUR,25000,8922.5,13.214,WSL030330
2025-10-11,sell,USD,50000,15365,24,WSL030330
2025-10-11,sell,EUR,50000,17845,26.428,WSL030330
2025-10-11,sell,USD,500000,153650,240,WSL030330
2025-10-11,buy,BHD,4450,3615.625,4.838,WSL030330
2025-10-11,buy,KWD,34650,34616.151,33.849,WSL030330
2025-10-11,buy,NPR,13000000,29283.41,3410.42,WSL030330
2025-10-11,buy,OMR,16112.9,12813.473,27.462,WSL030330
2025-10-11,buy,QAR,66000,5428.633,116.307,WSL030330
2025-10-11,buy,QAR,80500,6711.25,51.896,WSL030330
2025-10-11,buy,SAR,242999,19854.086,27.769,WSL030330
2025-10-11,buy,BHD,8825.5,7172.618,7.696,WSL030330
2025-10-11,buy,CNY,400000,17284.507,148.449,WSL030330
2025-10-11,buy,PHP,1900000,10120.138,670.418,WSL030330
2025-10-11,buy,QAR,80000,6709.677,11.462,WSL030330
2025-10-11,buy,THB,2000000,18822.082,596.558,WSL030330
2025-10-11,buy,THB,5000000,47258.155,1288.445,WSL030330
2025-10-11,buy,CHF,20000,7674.797,-14.829,WSL030330
2025-10-11,buy,EGP,2000000,13339.13,1517.09,WSL030330
2025-10-11,buy,EUR,50000,17763.72,54.852,WSL030330
2025-10-11,buy,EUR,80000,28549.581,-39.867,WSL030330
2025-10-11,buy,GBP,50000,20383.792,97.977,WSL030330
2025-10-11,buy,JPY,2000000,4038.17,8.25,WSL030330
2025-10-11,buy,KWD,6152.25,6146.24,6.01,WSL030330
2025-10-11,buy,TRY,2000000,14821.256,1035.084,WSL030330
2025-10-11,buy,USD,1000000,306738.64,81.36,WSL030330
2025-10-09,sell,EGP,3000000,19920,-2364.33,WSL030330
2025-10-09,sell,EUR,100000,35700,207.062,WSL030330
2025-10-09,sell,GBP,7000,2877,16.64,WSL010420
2025-10-09,sell,IDR,50000000,935,-71,WSL010420
2025-10-09,sell,TRY,300000,2227.5,-150.951,WSL030330
2025-10-09,sell,JOD,5000,2170,0.016,WSL030330
2025-10-09,sell,TRY,200000,1485,-100.634,WSL030330
2025-10-09,sell,JOD,10000,4338,-1.601,WSL030330
2025-10-09,sell,THB,300000,2847,-65.55,WSL030330
2025-10-09,sell,USD,50000,15337.5,-2.2,WSL030330
2025-10-09,sell,USD,50000,15337.5,-2.2,WSL030330
2025-10-09,sell,USD,50000,15338,-1.7,WSL030330
2025-10-09,sell,GBP,8000,3293.6,13.604,WSL010420
2025-10-09,buy,SAR,36000,2930.4,14.822,WSL010420
2025-10-09,sell,GBP,70000,28835.1,135.135,WSL030330
2025-10-09,sell,INR,200000,680,-29.308,WSL030330
2025-10-09,sell,USD,40000,12274,2.24,WSL030330
2025-10-09,buy,IQD,20000000,4490,140.8,WSL030330
2025-10-09,sell,GBP,5000,2055,5.002,WSL030330
2025-10-09,sell,JOD,10000,4337.5,-2.101,WSL030330
2025-10-09,sell,TRY,200000,1486,-99.498,WSL030330
2025-10-09,sell,USD,20000,6135,-0.88,WSL030330
2025-10-09,sell,USD,5000,1533.75,-0.22,WSL010420
2025-10-09,sell,GBP,10000,4109,9.005,WSL010420
2025-10-09,sell,TRY,200000,1487,-98.498,WSL010420
2025-10-09,sell,USD,30000,9202.5,-1.32,WSL010420
2025-10-09,sell,CNY,50000,2162.5,-16.434,WSL010420
2025-10-09,sell,BDT,100000,255,-23.876,WSL030330
2025-10-09,sell,USD,20000,6135,-0.88,WSL030330
2025-10-09,sell,USD,40000,12272,0.24,WSL030330
2025-10-09,sell,EGP,60000,400.8,-44.849,WSL030330
2025-10-09,sell,TRY,100000,743.5,-49.249,WSL030330
2025-10-09,sell,USD,50000,15336.5,-3.2,WSL030330
2025-10-09,buy,SAR,350000,28490,144.106,WSL030330
2025-10-09,sell,USD,17550,5383.463,-0.772,WSL030330
2025-10-09,sell,CHF,10000,3842.5,22.378,WSL030330
2025-10-09,sell,EUR,11500,4108.375,10.804,WSL030330
2025-10-09,sell,USD,26842,8235.002,0.037,WSL030330
2025-10-09,sell,INR,1000000,3400,-146.54,WSL030330
2025-10-09,sell,THB,500000,4740,-114.25,WSL030330
2025-10-09,sell,THB,100000,949,-21.85,WSL030330
2025-10-09,buy,USD,400000,122920,-202.4,WSL030330
2025-10-09,sell,USD,25000,7668.75,-1.1,WSL010420
2025-10-09,sell,USD,20000,6135,-0.88,WSL030330
2025-10-09,sell,USD,7000,2153.2,5.642,WSL030330
2025-10-09,sell,SAR,190000,15564.983,20.754,WSL030330
2025-10-09,sell,SAR,1320000,108020.294,28.81,WSL030330
2025-10-09,sell,TRY,2000000,14874.86,-980.12,WSL030330
2025-10-09,sell,GBP,200,82.6,0.508,WSL030330
2025-10-09,buy,AED,1000000,83549.563,54.647,WSL030330
2025-10-09,buy,BHD,6000,4876.196,4.913,WSL030330
2025-10-09,buy,INR,2000000,6768.754,324.326,WSL030330
2025-10-09,buy,INR,3000000,10169.963,469.657,WSL030330
2025-10-09,buy,OMR,20000,15931.144,6.207,WSL030330
2025-10-09,buy,QAR,112200,9410.138,15.461,WSL030330
2025-10-09,buy,THB,4000000,37864.112,969.888,WSL030330
2025-10-09,sell,EUR,20000,7140,7.653,WSL010420
2025-10-09,sell,GBP,10000,4121.5,16.903,WSL010420
2025-10-09,sell,THB,500000,4750,-104.25,WSL010420
2025-10-09,sell,USD,40000,12270,-1.76,WSL010420
2025-10-09,buy,EGP,3000000,19878.661,2403.779,WSL030330
2025-10-09,buy,EUR,20000,7136.028,-3.681,WSL030330
2025-10-09,buy,EUR,50000,17827.799,3.069,WSL030330
2025-10-09,buy,EUR,50000,17838.537,-7.669,WSL030330
2025-10-09,buy,EUR,60000,21439.378,-42.337,WSL030330
2025-10-09,buy,GBP,50000,20595.081,-72.097,WSL030330
2025-10-09,buy,GBP,50000,20596.615,-73.631,WSL030330
2025-10-09,buy,SAR,400000,32702.891,21.801,WSL030330
2025-10-09,buy,USD,50000,15332.03,7.67,WSL030330
2025-10-09,buy,USD,500000,153335.641,61.359,WSL030330
2025-10-08,sell,TRY,100000,745,-47.749,WSL010420
2025-10-08,sell,THB,1500000,14250,-312.75,WSL010420
2025-10-08,sell,EUR,15000,5352,-2.322,WSL010420
2025-10-08,sell,GBP,15000,6182.25,3.266,WSL010420
2025-10-08,sell,THB,1000000,9500,-208.5,WSL010420
2025-10-08,sell,TRY,500000,3717.5,-246.245,WSL010420
2025-10-08,sell,INR,200000,684,-25.308,WSL030330
2025-10-08,sell,JOD,4000,1735.4,-0.44,WSL030330
2025-10-08,buy,MAD,245550,9023.963,391.345,WSL030330
2025-10-08,sell,EUR,10000,3569,5.178,WSL030330
2025-10-08,sell,EUR,10000,3570,6.178,WSL030330
2025-10-08,sell,GBP,5000,2060,2.934,WSL030330
2025-10-08,sell,JOD,10000,4338.5,-0.479,WSL030330
2025-10-08,sell,THB,400000,3800,-82.84,WSL030330
2025-10-08,sell,THB,190000,1805,-39.349,WSL010420
2025-10-08,sell,GBP,11300,4660.685,11.717,WSL030330
2025-10-08,sell,TRY,300000,2230.5,-147.408,WSL030330
2025-10-08,sell,USD,50000,15317.5,-20,WSL030330
2025-10-08,sell,AED,50000,4178.5,-1.225,WSL030330
2025-10-08,sell,JOD,5000,2169.5,0.011,WSL030330
2025-10-08,sell,INR,200000,682,-27.206,WSL010420
2025-10-08,sell,TRY,300000,2230.5,-147.408,WSL010420
2025-10-08,buy,QAR,510000,42534,303.486,WSL030330
2025-10-08,sell,INR,500000,1700,-73.015,WSL030330
2025-10-08,sell,JOD,10000,4337.5,-1.479,WSL030330
2025-10-08,sell,EUR,40000,14360,94.898,WSL030330
2025-10-08,sell,GBP,30000,12390,38.404,WSL030330
2025-10-08,sell,USD,12362,3792,-0.044,WSL030330
2025-10-08,sell,TRY,100000,743.5,-49.136,WSL030330
2025-10-08,sell,USD,3610,1107.548,0.18,WSL030330
2025-10-08,sell,USD,20736,6362,1.232,WSL030330
2025-10-08,sell,AED,92590,7738.25,-1.765,WSL030330
2025-10-08,sell,JOD,5000,2169.25,-0.239,WSL030330
2025-10-08,sell,THB,300000,2850,-62.13,WSL030330
2025-10-08,sell,USD,38000,11656.5,0,WSL030330
2025-10-08,buy,SAR,300000,24414,126,WSL030330
2025-10-08,sell,INR,200000,684,-25.206,WSL030330
2025-10-08,sell,JOD,5000,2169,-0.489,WSL030330
2025-10-08,sell,USD,20000,6135,0,WSL030330
2025-10-08,sell,AED,35000,2925.3,-0.508,WSL010420
2025-10-08,buy,AED,1000000,83537.582,56.918,WSL030330
2025-10-08,buy,BHD,795,646.26,0.394,WSL030330
2025-10-08,buy,EGP,15800,105.362,11.975,WSL030330
2025-10-08,buy,INR,7000000,23752.764,1069.446,WSL030330
2025-10-08,buy,KWD,1631,1632.33,-1.33,WSL030330
2025-10-08,buy,QAR,127100,10652.438,23.335,WSL030330
2025-10-08,buy,USD,600000,184050,0,WSL030330
2025-10-08,buy,AZN,130000,23638.115,977.625,WSL030330
2025-10-08,buy,CZK,100000,1511.084,-49.743,WSL030330
2025-10-08,buy,EGP,3000000,19832.973,2446.287,WSL030330
2025-10-08,buy,EUR,50000,17967.881,-147.24,WSL030330
2025-10-08,buy,GBP,20000,8263.845,-44.785,WSL030330
2025-10-08,buy,PKR,1000000,1066.957,160.043,WSL030330
2025-10-08,buy,SGD,3650,866.257,-2.273,WSL030330
2025-10-08,buy,TRY,8000000,59275.36,4135.52,WSL030330
2025-10-08,buy,USD,78300,24011.319,7.206,WSL030330
2025-10-08,sell,EUR,10000,3568.5,4.372,WSL030330
2025-10-07,sell,GBP,10000,4129,10.92,WSL010420
2025-10-07,sell,CNY,50000,2162.5,-12.699,WSL010420
2025-10-07,sell,CAD,10000,2200,4.216,WSL030330
2025-10-07,sell,CNY,50000,2162.5,-12.699,WSL010420
2025-10-07,sell,EUR,20000,7168,26.443,WSL010420
2025-10-07,sell,JPY,1000000,2055,27,WSL010420
2025-10-07,sell,OMR,10000,7954,-1.013,WSL010420
2025-10-07,sell,TRY,1000000,7420,-576.55,WSL010420
2025-10-07,sell,USD,250000,76712.5,145.5,WSL030330
2025-10-07,sell,TRY,300000,2229,-169.902,WSL010420
2025-10-07,sell,SGD,5000,1187.5,3.017,WSL010420
2025-10-07,sell,THB,500000,4745,-100.8,WSL010420
2025-10-07,buy,USD,110000,33731.5,-42.9,WSL030330
2025-10-07,sell,USD,18000,5512.5,-0.18,WSL010420
2025-10-07,sell,GBP,7000,2888.9,7.82,WSL030330
2025-10-07,sell,JOD,5000,2161,-5.024,WSL030330
2025-10-07,sell,JOD,5000,2166.5,0.476,WSL030330
2025-10-07,sell,USD,150000,45945,6,WSL030330
2025-10-07,sell,USD,61105,18710.351,-3.666,WSL030330
2025-10-07,buy,SAR,230000,18710.5,73.446,WSL030330
2025-10-07,buy,MAD,11550,418.687,23.476,WSL030330
2025-10-07,sell,TRY,300000,2229,-169.902,WSL030330
2025-10-07,sell,TRY,200000,1486,-113.268,WSL030330
2025-10-07,sell,USD,23425,7173.145,-0.995,WSL030330
2025-10-07,sell,TRY,100000,743,-56.634,WSL030330
2025-10-07,sell,USD,13138,4022.856,-0.788,WSL030330
2025-10-07,sell,GBP,7000,2889.6,8.52,WSL010420
2025-10-07,sell,USD,12730,3898.002,-0.688,WSL030330
2025-10-07,sell,INR,200000,684,-30.198,WSL030330
2025-10-07,sell,USD,10000,3062,-0.6,WSL030330
2025-10-07,sell,INR,300000,1026,-45.297,WSL010420
2025-10-07,sell,THB,200000,1900,-38.32,WSL010420
2025-10-07,sell,USD,50000,15307.5,-5.5,WSL030330
2025-10-07,sell,TRY,200000,1484,-115.268,WSL030330
2025-10-07,sell,EGP,60000,399,-45.873,WSL030330
2025-10-07,sell,THB,200000,1900,-38.32,WSL030330
2025-10-07,sell,USD,100000,30625,-1,WSL030330
2025-10-07,sell,AED,500000,41700,-36.17,WSL030330
2025-10-07,sell,BHD,10000,8120,-1.022,WSL030330
2025-10-07,sell,EUR,50000,17955,49.509,WSL030330
2025-10-07,sell,INR,5000000,17150,-704.95,WSL030330
2025-10-07,sell,JOD,50000,21665,4.762,WSL030330
2025-10-07,sell,OMR,10000,7952.5,-2.305,WSL030330
2025-10-07,sell,PHP,500000,2685,-149.435,WSL030330
2025-10-07,sell,THB,500000,4750,-95.8,WSL030330
2025-10-07,sell,TRY,600000,4458,-339.804,WSL030330
2025-10-07,sell,USD,700000,214690,308,WSL030330
2025-10-07,buy,EGP,1000000,6629.004,785.546,WSL030330
2025-10-07,buy,EUR,50000,17916.21,-10.719,WSL030330
2025-10-07,buy,EUR,50000,17946.836,-41.345,WSL030330
2025-10-07,buy,GEL,150000,17191.131,683.967,WSL030330
2025-10-07,buy,JOD,250000,108262.91,38.282,WSL030330
2025-10-07,buy,JPY,1000000,2050.619,-15.669,WSL030330
2025-10-07,buy,USD,500000,153084.061,45.939,WSL030330
2025-10-06,sell,AED,27000,2252.61,-1.348,WSL010420
2025-10-06,sell,EUR,10000,3580,-3.57,WSL030330
2025-10-06,buy,SAR,160000,13000,64.533,WSL030330
2025-10-06,sell,EUR,10000,3592.5,19.758,WSL030330
2025-10-06,sell,JOD,4062,1759.252,-0.081,WSL030330
2025-10-06,sell,USD,20000,6124,0,WSL030330
2025-10-06,sell,USD,20000,6124,0,WSL030330
2025-10-06,sell,EUR,10000,3580,7.258,WSL030330
2025-10-06,sell,TRY,40000,297.4,-22.391,WSL030330
2025-10-06,sell,TRY,200000,1484,-114.956,WSL030330
2025-10-06,sell,OMR,3000,2385,-0.974,WSL010420
2025-10-06,sell,PKR,700000,770,-87.36,WSL010420
2025-10-06,buy,USD,400000,122658,-178,WSL030330
2025-10-06,buy,USD,2350,707.35,12.22,WSL030330
2025-10-06,sell,USD,12560,3845,-0.872,WSL030330
2025-10-06,sell,AED,80840,6744,-2.578,WSL030330
2025-10-06,sell,USD,7242,2217.138,-0.362,WSL030330
2025-10-06,sell,CZK,193000,2923.95,81.265,WSL030330
2025-10-06,sell,AED,69160,5769.673,-2.14,WSL030330
2025-10-06,sell,THB,300000,2850,-56.91,WSL030330
2025-10-06,sell,USD,51455,15755.521,0,WSL030330
2025-10-06,buy,SAR,300000,24375,120.999,WSL030330
2025-10-06,sell,USD,300000,91950,90,WSL030330
2025-10-05,sell,GBP,6000,2458.63,-15.598,WSL010420
2025-10-05,sell,BDT,100000,255,-22.972,WSL030330
2025-10-05,sell,INR,500000,1720,-73.515,WSL030330
2025-10-05,sell,JOD,5000,2162.5,-0.27,WSL030330
2025-10-05,sell,THB,100000,952,-15.704,WSL030330
2025-10-05,sell,USD,100000,30575,-5,WSL030330
2025-10-05,sell,JOD,10000,4320,-5.541,WSL030330
2025-10-05,sell,EUR,10000,3596,4.685,WSL030330
2025-10-05,sell,INR,100000,343,-15.703,WSL030330
2025-10-05,sell,PLN,10000,850,5.435,WSL030330
2025-10-05,sell,USD,30000,9171,-3,WSL030330
2025-10-05,sell,USD,30000,9171,-3,WSL030330
2025-10-05,sell,GBP,5000,2065.75,3.894,WSL030330
2025-10-05,sell,THB,400000,3800,-70.816,WSL030330
2025-10-05,sell,TRY,400000,2972,-221.732,WSL030330
2025-10-05,sell,TRY,100000,743,-55.433,WSL030330
2025-10-05,sell,USD,30000,9171,-3,WSL030330
2025-10-05,sell,AZN,10000,1816.5,-71.154,WSL010420
2025-10-05,buy,KZT,1350000,931.5,-14.094,WSL030330
2025-10-05,sell,AZN,10000,1816.5,-71.154,WSL030330
2025-10-05,sell,GEL,8000,920,-31.907,WSL030330
2025-10-05,sell,NPR,100000,235,-15.655,WSL030330
2025-10-05,sell,EGP,100000,665,-75.342,WSL010420
2025-10-05,sell,INR,100000,343,-15.703,WSL010420
2025-10-05,sell,JOD,5000,2162.5,-0.27,WSL010420
2025-10-05,sell,OMR,3000,2382.3,-0.557,WSL010420
2025-10-05,sell,THB,100000,951,-16.704,WSL010420
2025-10-05,sell,USD,30000,9171,-3,WSL010420
2025-10-05,sell,CAD,10000,2202.5,10.7,WSL030330
2025-10-05,sell,CNY,20000,865,-3.75,WSL030330
2025-10-05,sell,EUR,20000,7190,7.37,WSL030330
2025-10-05,sell,INR,200000,686,-31.406,WSL030330
2025-10-05,sell,JOD,10000,4325,-0.541,WSL030330
2025-10-05,sell,USD,100000,30570,-10,WSL030330
2025-10-05,sell,AED,282655,23548.002,-10.422,WSL030330
2025-10-05,buy,SAR,290000,23548,100.534,WSL030330
2025-10-05,sell,USD,9400,2873.58,-0.94,WSL030330
2025-10-05,sell,USD,6490,1983.999,-0.643,WSL030330
2025-10-05,sell,USD,8645,2643,-0.641,WSL030330
2025-10-05,sell,USD,8365,2557.181,-0.836,WSL030330
2025-10-05,sell,IDR,50000000,935,-67.5,WSL010420
2025-10-05,sell,INR,500000,1710,-83.515,WSL010420
2025-10-05,sell,USD,20000,6114,-2,WSL010420
2025-10-05,sell,USD,10000,3057,-1,WSL030330
2025-10-05,sell,INR,300000,1029,-47.109,WSL010420
2025-10-05,sell,USD,3000,960,42.6,WSL010420
2025-10-05,sell,USD,27100,8284.47,-2.71,WSL010420
2025-10-05,buy,AED,150,12.389,0.113,WSL030330
2025-10-05,buy,EUR,20,6.5,0.683,WSL030330
2025-10-05,buy,USD,920,277.84,3.496,WSL030330
2025-10-05,buy,GBP,380,148.249,8.452,WSL010420
2025-10-05,sell,EGP,1000000,6647.826,-755.594,WSL030330
2025-10-05,sell,IQD,15000000,3410.415,-51.435,WSL030330
2025-10-05,sell,SAR,10000,819.839,4.372,WSL030330
2025-10-05,sell,SAR,110000,8982.11,11.976,WSL030330
2025-10-05,sell,SAR,1250000,101960.523,27.185,WSL030330
2025-10-05,sell,CNY,300000,12970.451,-60.799,WSL030330
2025-10-05,sell,MAD,150000,5691.067,-42.683,WSL030330
2025-10-05,sell,NPR,2000000,4581.274,-431.826,WSL030330
2025-10-05,sell,QAR,1350000,113073.131,30.962,WSL030330
2025-10-05,sell,USD,64300,19633.446,-29.494,WSL030330
2025-10-05,buy,CAD,30000,6583.423,-8.021,WSL030330
2025-10-05,buy,CHF,10000,3853.812,-9.206,WSL030330
2025-10-05,buy,EGP,2000000,13238.095,1568.745,WSL030330
2025-10-05,buy,EUR,50000,17935.17,21.406,WSL030330
2025-10-05,buy,EUR,100000,35934.558,-21.406,WSL030330
2025-10-05,buy,GBP,30000,12335.36,35.779,WSL030330
2025-10-05,buy,GBP,50000,20641.5,-22.935,WSL030330
2025-10-05,buy,JOD,42000,18162.135,5.137,WSL030330
2025-10-05,buy,SAR,1000000,81498.854,47.816,WSL030330
2025-10-05,buy,USD,500000,152838.84,61.16,WSL030330
2025-10-04,sell,CZK,150000,2265,43.912,WSL010420
2025-10-04,buy,CHF,2340,877.5,21.961,WSL030330
2025-10-04,buy,GBP,3335,1344.005,30.983,WSL030330
2025-10-04,buy,IQD,15000000,3367.5,93.6,WSL030330
2025-10-04,buy,USD,53000,16059,145.22,WSL030330
2025-10-04,sell,GBP,7000,2867.935,-18.098,WSL010420
2025-10-04,sell,EGP,2000000,13230,-1573.94,WSL030330
2025-10-04,sell,EGP,3000000,19875,-2330.91,WSL030330
2025-10-04,sell,GBP,10000,4132,9.096,WSL030330
2025-10-04,sell,INR,1000000,3430,-167.03,WSL030330
2025-10-04,sell,THB,200000,1902,-33.028,WSL030330
2025-10-04,sell,TRY,60000,445.8,-33.166,WSL030330
2025-10-04,sell,USD,110000,33627,-4.4,WSL030330
2025-10-04,buy,MAD,160000,6000,114.8,WSL030330
2025-10-04,sell,OMR,4000,3177,0.481,WSL010420
2025-10-04,sell,CNY,40000,1730,-7.159,WSL010420
2025-10-04,sell,BHD,2000,1621.6,0.153,WSL030330
2025-10-04,sell,JOD,10000,4324,-0.692,WSL030330
2025-10-04,sell,TRY,200000,1486,-110.554,WSL030330
2025-10-04,sell,CAD,9000,1971,-1.233,WSL010420
2025-10-04,sell,CNY,100000,4325,-17.898,WSL010420
2025-10-04,sell,KRW,5000000,1102.5,16,WSL010420
2025-10-04,sell,NPR,200000,464,-37.212,WSL030330
2025-10-04,sell,AED,77910,6489.124,-3.16,WSL030330
2025-10-04,sell,USD,15000,4585.5,-0.6,WSL030330
2025-10-04,sell,EUR,10000,3595,4.389,WSL030330
2025-10-04,sell,TRY,60000,445.8,-33.166,WSL030330
2025-10-04,sell,USD,30000,9171,-1.2,WSL010420
2025-10-04,sell,EGP,300000,1995,-225.591,WSL030330
2025-10-04,sell,JOD,5000,2162,-0.346,WSL030330
2025-10-04,sell,USD,35000,10701,0.1,WSL030330
2025-10-04,buy,QAR,122300,10216.394,22.38,WSL030330
2025-10-04,buy,THB,4000000,37885.996,814.564,WSL030330
2025-10-04,buy,USD,900000,275166,0,WSL030330
2025-10-04,buy,AED,1000000,83262.526,68.034,WSL030330
2025-10-04,buy,BHD,15000,12148.609,12.242,WSL030330
2025-10-04,buy,CNY,400000,17273.445,98.147,WSL030330
2025-10-04,buy,INR,4000000,13588.444,799.676,WSL030330
2025-10-04,buy,KRW,30000000,6598.71,-79.71,WSL030330
2025-10-04,buy,KWD,4079,4072.872,6.128,WSL030330
2025-10-04,buy,OMR,25000,19848.091,5.156,WSL030330
2025-10-04,buy,PHP,2000000,10662.248,656.252,WSL030330
2025-10-04,buy,QAR,492000,41077.029,112.478,WSL030330
2025-10-04,buy,THB,4000000,37862.536,838.024,WSL030330
2025-10-02,sell,CNY,30000,1299,-3.869,WSL010420
2025-10-02,sell,CNY,50000,2165,-6.449,WSL010420
2025-10-02,sell,GBP,7000,2867.465,-8.081,WSL010420
2025-10-02,sell,USD,70000,21399,-2.8,WSL030330
2025-10-02,sell,USD,20000,6114,1,WSL030330
2025-10-02,sell,CAD,10000,2198,5.074,WSL010420
2025-10-02,sell,PHP,200000,1080,-51.516,WSL010420
2025-10-02,sell,THB,1000000,9500,-172.29,WSL010420
2025-10-02,sell,EUR,5000,1798.75,1.986,WSL010420
2025-10-02,sell,JOD,5000,2162,0.29,WSL010420
2025-10-02,sell,BHD,2000,1621.4,0.431,WSL030330
2025-10-02,sell,EGP,200000,1330,-149.958,WSL030330
2025-10-02,sell,EUR,30000,10777.5,-3.081,WSL030330
2025-10-02,sell,JOD,10000,4324,0.581,WSL030330
2025-10-02,sell,TRY,300000,2230.5,-163.626,WSL030330
2025-10-02,sell,USD,50000,15285,2.5,WSL030330
2025-10-02,sell,TRY,200000,1486,-110.084,WSL030330
2025-10-02,sell,USD,30000,9174,4.5,WSL030330
2025-10-02,sell,JPY,1000000,2085,8.57,WSL030330
2025-10-02,sell,USD,110000,33624.8,3.3,WSL030330
2025-10-02,sell,BHD,2000,1621.4,0.431,WSL030330
2025-10-02,sell,USD,30000,9171,1.5,WSL030330
2025-10-02,sell,THB,300000,2850,-51.687,WSL030330
2025-10-02,sell,EGP,100000,664,-75.979,WSL030330
2025-10-02,sell,EUR,5000,1797,1.612,WSL030330
2025-10-02,sell,THB,200000,1902,-32.458,WSL030330
2025-10-02,sell,AED,109485,9118.998,-1.768,WSL030330
2025-10-02,sell,USD,10000,3061,4.5,WSL030330
2025-10-02,buy,SAR,150000,12180,46,WSL030330
2025-10-02,sell,USD,50000,15285,2.5,WSL030330
2025-10-02,sell,THB,200000,1902,-32.458,WSL030330
2025-10-02,sell,USD,10000,3056.8,0.3,WSL030330
2025-10-02,sell,USD,16344,4996.001,0.457,WSL030330
2025-10-02,sell,USD,20000,6114,1,WSL030330
2025-10-02,sell,THB,100000,951,-16.229,WSL030330
2025-10-02,sell,TRY,200000,1486,-110.084,WSL030330
2025-10-02,sell,USD,20284,6207.999,8.194,WSL030330
2025-10-02,sell,EUR,30000,10785,17.256,WSL010420
2025-10-02,sell,THB,400000,3808,-60.916,WSL010420
2025-10-02,sell,EUR,30000,10794,26.256,WSL030330
2025-10-02,sell,GBP,50000,20700,82.379,WSL030330
2025-10-02,sell,USD,400000,122440,180,WSL030330
2025-10-02,buy,AED,200,16.519,0.142,WSL030330
2025-10-02,buy,SAR,500,39.75,1.003,WSL030330
2025-10-02,buy,SAR,800,63.6,1.605,WSL030330
2025-10-02,buy,USD,10,3.02,0.036,WSL030330
2025-10-02,buy,USD,100,30.2,0.365,WSL030330
2025-10-02,buy,AED,200000,16654.407,6.809,WSL030330
2025-10-02,buy,EGP,5000000,32936.42,4062.53,WSL030330
2025-10-02,buy,EUR,40000,14390.002,-41.568,WSL030330
2025-10-02,buy,EUR,62000,22281.763,-41.691,WSL030330
2025-10-02,buy,GBP,70000,28978.065,-134.792,WSL030330
2025-10-02,buy,OMR,20000,15873.799,4.123,WSL030330
2025-10-02,buy,USD,500000,152803.605,21.395,WSL030330
2025-10-01,buy,CHF,6270,2319.9,80.511,WSL030330
2025-10-01,sell,USD,50000,15285,2,WSL010420
2025-10-01,sell,EUR,8000,2875.2,7.131,WSL010420
2025-10-01,sell,TRY,200000,1490,-118.736,WSL010420
2025-10-01,sell,GEL,10000,1152,-37.338,WSL030330
2025-10-01,sell,TRY,200000,1488,-120.736,WSL030330
2025-10-01,sell,USD,60000,18342,2.4,WSL030330
2025-10-01,sell,AED,52000,4331.08,-1.545,WSL030330
2025-10-01,sell,BHD,1500,1216.2,0.274,WSL030330
2025-10-01,sell,EGP,80000,530,-62.08,WSL030330
2025-10-01,sell,INR,400000,1384,-71.132,WSL030330
2025-10-01,sell,JOD,2500,1081,-0.032,WSL030330
2025-10-01,sell,NPR,150000,348,-27.86,WSL030330
2025-10-01,sell,TRY,220000,1636.8,-133.043,WSL030330
2025-10-01,sell,USD,30000,9180,9,WSL030330
2025-10-01,sell,USD,100000,30570,0,WSL030330
2025-10-01,sell,INR,1000000,3450,-187.83,WSL030330
2025-10-01,sell,EGP,160000,1064,-120.16,WSL030330
2025-10-01,sell,EUR,10000,3599,6.414,WSL030330
2025-10-01,sell,IDR,20000000,374,-26.8,WSL030330
2025-10-01,sell,MYR,20000,1463,-3.187,WSL030330
2025-10-01,sell,NPR,300000,696,-55.719,WSL030330
2025-10-01,sell,OMR,4500,3572.1,-1.017,WSL030330
2025-10-01,sell,THB,700000,6671,-122.325,WSL030330
2025-10-01,sell,USD,100000,30570,0,WSL030330
2025-10-01,sell,INR,100000,346,-17.783,WSL030330
2025-10-01,sell,JOD,10000,4324,-0.126,WSL030330
2025-10-01,sell,USD,50000,15285,0,WSL030330
2025-10-01,sell,GBP,10000,4125,6.915,WSL030330
2025-10-01,sell,TRY,200000,1490,-118.948,WSL030330
2025-10-01,sell,EGP,200000,1328,-152.2,WSL030330
2025-10-01,sell,JOD,10000,4323,-1.126,WSL030330
2025-10-01,sell,TRY,200000,1488,-120.948,WSL030330
2025-10-01,sell,USD,30000,9168,-3,WSL030330
2025-10-01,sell,AED,273360,22768,-8.276,WSL030330
2025-10-01,sell,EUR,10000,3598,3.274,WSL030330
2025-10-01,sell,USD,20000,6114,0,WSL030330
2025-10-01,buy,SAR,400000,32480,128,WSL030330
2025-10-01,sell,SAR,165090,13430.001,-28.136,WSL030330
2025-10-01,sell,JOD,5000,2162,-0.063,WSL010420
2025-10-01,sell,THB,300000,2859,-52.425,WSL010420
2025-10-01,sell,TRY,300000,2232,-181.422,WSL010420
2025-10-01,sell,EUR,5000,1799,1.637,WSL030330
2025-10-01,sell,INR,200000,692,-35.566,WSL030330
2025-10-01,sell,USD,40000,12228,0,WSL030330
2025-10-01,sell,INR,150000,519,-26.674,WSL030330
2025-10-01,sell,THB,100000,954,-16.475,WSL030330
2025-10-01,sell,TRY,100000,744,-60.474,WSL030330
2025-10-01,sell,USD,34000,10394,0.2,WSL030330
2025-10-01,sell,KRW,6000000,1326,18.96,WSL010420
2025-10-01,sell,PHP,100000,540,-25.851,WSL010420
2025-10-01,sell,THB,200000,1906,-34.95,WSL010420
2025-10-01,sell,USD,40000,12228,0,WSL010420
2025-09-30,sell,GBP,5000,2047.855,-2.244,WSL010420
2025-09-30,sell,THB,300000,2865,-45.663,WSL010420
2025-09-30,sell,EUR,10000,3592.5,1.418,WSL010420
2025-09-30,sell,INR,500000,1730,-88.62,WSL010420
2025-09-30,sell,KRW,5000000,1105,15.9,WSL010420
2025-09-30,sell,USD,30000,9171,1.5,WSL010420
2025-09-30,sell,AED,10000,832.9,-0.161,WSL010420
2025-09-30,sell,EGP,200000,1330,-149.958,WSL010420
2025-09-30,sell,OMR,1800,1428.75,-0.263,WSL010420
2025-09-30,sell,PHP,100000,544,-21.758,WSL010420
2025-09-30,sell,THB,700000,6678,-114.212,WSL010420
2025-09-30,sell,THB,200000,1912,-28.632,WSL030330
2025-09-30,sell,USD,20000,6115,2,WSL030330
2025-09-30,sell,USD,30000,9171,1.5,WSL030330
2025-09-30,sell,USD,48000,14676,4.8,WSL030330
2025-09-30,sell,INR,100000,347,-16.724,WSL030330
2025-09-30,sell,JOD,20000,8648,1.162,WSL030330
2025-09-30,sell,OMR,2000,1587.5,-0.292,WSL030330
2025-09-30,sell,THB,300000,2865,-45.948,WSL030330
2025-09-30,sell,USD,50000,15287.5,5,WSL030330
2025-09-30,sell,EGP,40000,265.6,-30.392,WSL030330
2025-09-30,sell,USD,23300,7123.975,2.33,WSL030330
2025-09-30,sell,USD,13110,4008.383,1.311,WSL030330
2025-09-30,sell,USD,13237,4048,2.111,WSL030330
2025-09-30,buy,HKD,9930,387.27,2.831,WSL010420
2025-09-30,buy,USD,1800,541.8,8.37,WSL010420
2025-09-30,sell,JPY,1000000,2078,13.77,WSL030330
2025-09-30,sell,NPR,200000,464,-37.064,WSL030330
2025-09-30,sell,GBP,5000,2060,5.421,WSL030330
2025-09-30,sell,USD,28000,8561,2.8,WSL030330
2025-09-30,sell,USD,50000,15285,2.5,WSL030330
2025-09-30,sell,USD,50000,15285,2.5,WSL030330
2025-09-30,sell,EUR,85000,30549,50.784,WSL030330
2025-09-30,sell,GBP,15000,6180,16.262,WSL030330
2025-09-30,sell,USD,20000,6115,2,WSL030330
2025-09-30,sell,EUR,100000,35914,39.86,WSL030330
2025-09-30,sell,GBP,50000,20582.5,44.348,WSL030330
2025-09-30,buy,EGP,2000000,13217.298,1582.282,WSL030330
2025-09-30,buy,EUR,50000,17914.147,22.923,WSL030330
2025-09-30,buy,EUR,100000,35861.915,12.225,WSL030330
2025-09-30,buy,EUR,100000,35913.875,-39.735,WSL030330
2025-09-30,buy,QAR,450000,37528.65,133.592,WSL030330
2025-09-30,buy,TRY,2000000,14855.408,1231.432,WSL030330
2025-09-30,buy,USD,800000,244764.52,-244.52,WSL030330
2025-09-30,sell,AED,700000,58275,-39.256,WSL030330
2025-09-30,sell,BDT,500000,1285,-104.18,WSL030330
2025-09-30,sell,BHD,10000,8104,-0.847,WSL030330
2025-09-30,sell,EGP,500000,3312.5,-387.395,WSL030330
2025-09-30,sell,EUR,150000,53835,23.79,WSL030330
2025-09-30,sell,GBP,50000,20595,56.848,WSL030330
2025-09-30,sell,INR,5000000,17325,-861.2,WSL030330
2025-09-30,sell,OMR,15000,11902.5,-5.942,WSL030330
2025-09-30,sell,PHP,500000,2700,-128.79,WSL030330
2025-09-30,sell,SAR,1000000,81470,-36.67,WSL030330
2025-09-30,sell,THB,700000,6692,-100.212,WSL030330
2025-09-30,sell,TRY,600000,4458,-368.052,WSL030330
2025-09-30,sell,USD,400000,122460,200,WSL030330
2025-09-30,buy,AED,250000,20809.504,17.016,WSL030330
2025-09-30,buy,BHD,490,396.895,0.243,WSL030330
2025-09-30,buy,CNY,500000,21600.707,107.388,WSL030330
2025-09-30,buy,INR,7000000,24134.803,1325.877,WSL030330
2025-09-30,buy,JPY,3000000,6195.609,-12.129,WSL030330
2025-09-30,buy,KWD,963,961.899,1.101,WSL030330
2025-09-30,buy,OMR,5785,4591.496,1.193,WSL030330
2025-09-30,buy,QAR,41050,3428.124,7.509,WSL030330
2025-09-30,buy,SAR,800000,65161.892,43.444,WSL030330
2025-09-30,buy,THB,6000000,57166.458,1052.502,WSL030330
2025-09-30,buy,USD,50000,15282.5,0,WSL030330
2025-09-30,buy,USD,200000,61148.339,-18.339,WSL030330
2025-09-30,buy,AED,600000,49963.22,20.428,WSL030330
2025-09-30,buy,EGP,2000000,13217.298,1582.282,WSL030330
2025-09-30,buy,EUR,100000,35898.593,-24.453,WSL030330
2025-09-30,buy,GBP,50000,20570.245,-32.093,WSL030330
2025-09-30,buy,GBP,50000,20582.471,-44.319,WSL030330
2025-09-30,buy,OMR,10000,7936.9,2.061,WSL030330
2025-09-30,buy,SAR,500000,40726.183,27.152,WSL030330
2025-09-29,sell,THB,1000000,9580,-166.11,WSL010420
2025-09-29,sell,EUR,8300,2978.87,3.656,WSL030330
2025-09-29,sell,KRW,10000000,2210,28.1,WSL010420
2025-09-29,sell,JPY,830000,1718.1,11.288,WSL010420
2025-09-29,sell,OMR,10000,7937,0.896,WSL010420
2025-09-29,sell,USD,50000,15287.5,10.5,WSL010420
2025-09-29,buy,KWD,169774.5,169602.422,172.078,WSL030330
2025-09-29,sell,USD,150000,45852,21,WSL030330
2025-09-29,sell,INR,500000,1742.5,-75.465,WSL030330
2025-09-29,sell,EUR,80000,28660,17.34,WSL030330
2025-09-29,sell,USD,20000,6145,30,WSL030330
2025-09-29,sell,JOD,10000,4325,0.166,WSL030330
2025-09-29,sell,USD,50000,15310,22.5,WSL030330
2025-09-29,sell,AED,109040,9080.851,-5.815,WSL030330
2025-09-29,sell,OMR,3000,2381.25,-1.218,WSL030330
2025-09-29,sell,USD,10000,3057,-0.5,WSL030330
2025-09-29,sell,TRY,100000,744,-60.605,WSL030330
2025-09-29,sell,USD,10000,3057,-0.5,WSL030330
2025-09-29,sell,USD,20000,6118,3,WSL030330
2025-09-29,sell,BDT,100000,256,-21.927,WSL030330
2025-09-29,sell,THB,400000,3832,-69.124,WSL030330
2025-09-29,sell,AZN,10000,1816.5,-70.846,WSL030330
2025-09-29,sell,AED,250000,20820,-13.332,WSL030330
2025-09-29,sell,USD,50000,15290,2.5,WSL030330
2025-09-29,sell,EGP,200000,1330,-150.442,WSL030330
2025-09-29,sell,JOD,10000,4325,0.166,WSL030330
2025-09-29,sell,THB,500000,4790,-86.405,WSL030330
2025-09-29,sell,TRY,200000,1490,-119.21,WSL030330
2025-09-29,buy,AED,500,41.319,0.348,WSL030330
2025-09-29,buy,SAR,120,9.54,0.244,WSL030330
2025-09-29,buy,USD,360,108.72,1.35,WSL030330
2025-09-29,buy,AED,100,8.264,0.069,WSL030330
2025-09-29,buy,SAR,100,7.95,0.203,WSL030330
2025-09-29,buy,USD,100,30.2,0.375,WSL030330
2025-09-29,buy,USD,300,90.6,1.125,WSL030330
2025-09-29,sell,THB,200000,1916,-34.562,WSL030330
2025-09-29,sell,TRY,200000,1490,-119.21,WSL030330
2025-09-29,sell,USD,10000,3057,-0.5,WSL030330
2025-09-29,sell,USD,20000,6124,9,WSL010420
2025-09-29,buy,USD,20000,6124.614,-9.614,WSL030330
2025-09-28,sell,CNY,250000,10822.5,-36.875,WSL030330
2025-09-28,sell,TRY,100000,746,-58.737,WSL010420
2025-09-28,sell,NPR,2000000,4600,-413.1,WSL030330
2025-09-28,sell,AZN,10000,1817.5,-70.154,WSL030330
2025-09-28,sell,USD,50000,15295,5,WSL030330
2025-09-28,sell,USD,10000,3062.75,4.75,WSL010420
2025-09-28,sell,USD,20000,6118,2,WSL010420
2025-09-28,sell,EUR,50000,17895.15,-3.324,WSL030330
2025-09-28,sell,IDR,10000000,188,-12.5,WSL030330
2025-09-28,sell,NPR,100000,232,-18.655,WSL030330
2025-09-28,sell,THB,300000,2880,-46.323,WSL030330
2025-09-28,sell,USD,40000,12234,2,WSL030330
2025-09-28,sell,USD,40000,12236,4,WSL030330
2025-09-28,sell,SAR,144500,11783.975,0.481,WSL030330
2025-09-28,sell,THB,300000,2877,-49.323,WSL030330
2025-09-28,sell,USD,47780,14615.998,4.874,WSL030330
2025-09-28,buy,SAR,180000,14616,62.401,WSL030330
2025-09-28,sell,USD,30000,9177,3,WSL010420
2025-09-28,sell,BDT,250000,640,-54.93,WSL030330
2025-09-28,sell,EGP,150000,994.5,-116.013,WSL030330
2025-09-28,sell,NPR,100000,232,-18.655,WSL030330
2025-09-28,sell,TRY,1000000,7442.8,-604.57,WSL030330
2025-09-28,sell,TRY,300000,2235,-179.211,WSL030330
2025-09-28,sell,USD,60000,18354,6,WSL030330
2025-09-28,sell,THB,300000,2877,-49.323,WSL030330
2025-09-28,sell,INR,200000,695,-32.804,WSL030330
2025-09-28,sell,USD,5000,1529.25,0.25,WSL030330
2025-09-28,sell,USD,17030,5216.289,8.515,WSL030330
2025-09-28,sell,EUR,5150,1845.76,2.217,WSL030330
2025-09-28,sell,USD,28663,8768,2.855,WSL030330
2025-09-28,sell,EUR,50000,17910,11.526,WSL030330
2025-09-28,sell,GBP,50000,20535,31.11,WSL030330
2025-09-28,sell,USD,300000,91905,165,WSL030330
2025-09-28,buy,GEL,100000,11496.241,402.592,WSL030330
2025-09-28,buy,JOD,100000,43240.12,15.29,WSL030330
2025-09-28,buy,USD,300000,91868.436,-128.436,WSL030330
2025-09-28,buy,USD,700000,214081.406,-21.406,WSL030330
2025-09-28,buy,EGP,700000,4608.396,573.998,WSL030330
2025-09-28,buy,EUR,200000,71618.36,-24.464,WSL030330
2025-09-28,buy,GBP,100000,41038.36,-30.58,WSL030330
2025-09-28,buy,JOD,70000,30270.225,8.562,WSL030330
2025-09-28,buy,JPY,400000,820.94,-2.748,WSL030330
2025-09-28,buy,KWD,15000,14985.299,14.701,WSL030330
2025-09-28,buy,SAR,500000,40740.741,32.594,WSL030330
2025-09-28,buy,USD,500000,152869.42,30.58,WSL030330
2025-09-28,buy,BHD,2515,2038.126,1.243,WSL030330
2025-09-28,buy,CNY,100000,4325.318,18.432,WSL030330
2025-09-28,buy,IDR,100000000,1848.9,156.1,WSL030330
2025-09-28,buy,INR,2000000,6910.734,367.306,WSL030330
2025-09-28,buy,KRW,10000000,2200,-30.6,WSL030330
2025-09-28,buy,KWD,6656.5,6645.634,10.866,WSL030330
2025-09-28,buy,USD,450000,137651.283,-41.283,WSL030330
2025-09-28,buy,VND,100000000,1170.8,-13.8,WSL030330
2025-09-28,buy,BDT,2600000,6570.91,656.362,WSL030330
2025-09-28,buy,BHD,3280,2656.314,3.381,WSL030330
2025-09-28,buy,KWD,15300,15294.998,5.002,WSL030330
2025-09-28,buy,NPR,6000000,13511.046,1528.254,WSL030330
2025-09-28,buy,OMR,2900,2298.652,4.777,WSL030330
2025-09-28,buy,QAR,314000,26092.717,200.054,WSL030330
2025-09-28,buy,SAR,33000,2688.173,2.867,WSL030330
2025-09-27,buy,MAD,100000,3650,169.762,WSL030330
2025-09-27,sell,EGP,2000000,13200,-1596.24,WSL030330
2025-09-27,sell,EUR,20000,7165,10.738,WSL030330
2025-09-27,sell,GEL,100000,11500,-390.311,WSL030330
2025-09-27,sell,KZT,2300000,1541,-20.861,WSL030330
2025-09-27,sell,LKR,3000000,3270,-125.34,WSL030330
2025-09-27,sell,USD,6000,1848,14.514,WSL030330
2025-09-27,sell,USD,100000,30625,66.9,WSL030330
2025-09-27,sell,IDR,100000000,1875,-129,WSL030330
2025-09-27,buy,GBP,20,6,2.196,WSL030330
2025-09-27,sell,CNY,40000,1736,-0.256,WSL010420
2025-09-27,buy,QAR,50000,4175,8.748,WSL030330
2025-09-27,sell,SAR,140000,11417,8.642,WSL030330
2025-09-27,sell,USD,70000,21409.499,18.829,WSL030330
2025-09-27,sell,EUR,10000,3584.5,7.369,WSL030330
2025-09-27,sell,USD,40000,12236,12.76,WSL030330
2025-09-27,sell,AED,69255,5770.998,2.938,WSL030330
2025-09-27,sell,AZN,5000,909,-34.151,WSL030330
2025-09-27,sell,EUR,10000,3585.5,8.369,WSL030330
2025-09-27,sell,GBP,5000,2056.75,7.829,WSL030330
2025-09-27,sell,INR,200000,697,-30.282,WSL030330
2025-09-27,sell,JOD,5000,2163.75,2.528,WSL030330
2025-09-27,sell,USD,30000,9177,9.57,WSL030330
2025-09-27,buy,SAR,300000,24360,86.481,WSL030330
2025-09-27,buy,USD,300000,91818,-143.7,WSL030330
2025-09-27,sell,AED,133985,11164.998,5.753,WSL030330
2025-09-27,sell,SAR,38337,3124.5,0.484,WSL030330
2025-09-27,sell,USD,50000,15312.5,33.45,WSL030330
2025-09-27,sell,USD,50000,15292.5,13.45,WSL030330
2025-09-27,sell,EGP,200000,1330,-149.624,WSL010420
2025-09-27,sell,INR,250000,871.25,-37.852,WSL010420
2025-09-27,sell,BDT,100000,257,-20.773,WSL030330
2025-09-27,sell,EUR,10000,3584,6.869,WSL030330
2025-09-27,sell,INR,100000,348,-15.641,WSL030330
2025-09-27,sell,PHP,100000,545,-20.63,WSL030330
2025-09-27,sell,USD,7800,2386.002,2.47,WSL030330
2025-09-27,sell,EUR,10000,3584,6.869,WSL030330
2025-09-27,sell,THB,200000,1919,-30.484,WSL030330
2025-09-27,sell,JOD,10000,4326,3.557,WSL030330
2025-09-27,sell,USD,50000,15292.5,13.45,WSL030330
2025-09-27,sell,USD,30000,9177,9.57,WSL010420
2025-09-27,sell,EUR,10000,3584.5,7.369,WSL010420
2025-09-27,sell,GBP,5000,2056.5,7.579,WSL010420
2025-09-27,sell,USD,20000,6118,6.38,WSL010420
2025-09-27,sell,EUR,50000,17952.5,66.844,WSL030330
2025-09-27,sell,USD,200000,61190,73.8,WSL030330
2025-09-27,buy,AED,1150000,95702.111,78.249,WSL030330
2025-09-27,buy,CNY,100000,4342.49,-1.851,WSL030330
2025-09-27,buy,KWD,13952,13932.896,19.104,WSL030330
2025-09-27,buy,MAD,6800,251.416,8.328,WSL030330
2025-09-27,buy,SAR,200000,16286.795,10.859,WSL030330
2025-09-27,buy,THB,5000000,48047.325,689.775,WSL030330
2025-09-27,buy,USD,300000,91701.802,-27.502,WSL030330
2025-09-27,buy,EGP,4000000,26173.96,3418.52,WSL030330
2025-09-27,buy,KWD,108356,108384.729,-28.729,WSL030330
2025-09-27,buy,TRY,6000000,44545.338,3704.322,WSL030330
2025-09-25,sell,USD,50000,15280,0.95,WSL030330
2025-09-25,sell,GEL,10000,1150,-39.031,WSL010420
2025-09-25,sell,EGP,200000,1330,-149.624,WSL010420
2025-09-25,buy,USD,100,30.2,0.375,WSL030330
2025-09-25,sell,AZN,10000,1817.5,-69.846,WSL010420
2025-09-25,sell,EGP,200000,1330,-150.442,WSL010420
2025-09-25,sell,INR,100000,349,-14.842,WSL010420
2025-09-25,sell,KRW,10000000,2220,38.5,WSL010420
2025-09-25,sell,JOD,10000,4322.5,-2.334,WSL030330
2025-09-25,sell,USD,70000,21392,-10.5,WSL030330
2025-09-25,sell,CHF,1000,386.5,2.537,WSL030330
2025-09-25,sell,LKR,150000,166.5,-3.362,WSL030330
2025-09-25,sell,PHP,100000,546,-19.943,WSL030330
2025-09-25,sell,SAR,150000,12217.5,-12.5,WSL030330
2025-09-25,sell,TRY,200000,1490,-119.21,WSL010420
2025-09-25,sell,USD,40000,12224,-6,WSL010420
2025-09-25,sell,EUR,10000,3594,6.33,WSL010420
2025-09-25,sell,INR,200000,698,-29.684,WSL010420
2025-09-25,sell,PHP,200000,1092,-39.886,WSL010420
2025-09-25,sell,EGP,300000,1989,-231.663,WSL030330
2025-09-25,sell,AED,150000,12490.5,-9.5,WSL010420
2025-09-25,sell,BHD,2000,1621,-0.5,WSL010420
2025-09-25,sell,GBP,5000,2061.25,3.552,WSL010420
2025-09-25,sell,INR,300000,1047,-44.526,WSL010420
2025-09-25,sell,JOD,5000,2161.25,-1.167,WSL010420
2025-09-25,sell,OMR,3000,2380.5,-1.968,WSL010420
2025-09-25,sell,THB,400000,3840,-61.124,WSL010420
2025-09-25,sell,TRY,500000,3725,-298.025,WSL010420
2025-09-25,sell,USD,30000,9168,-4.5,WSL010420
2025-09-25,sell,EGP,200000,1330,-150.442,WSL030330
2025-09-25,sell,OMR,2500,1984.25,-1.14,WSL030330
2025-09-25,sell,AZN,10000,1817,-70.346,WSL010420
2025-09-25,sell,JOD,10000,4322.5,-2.334,WSL010420
2025-09-25,sell,OMR,5000,3968,-2.779,WSL010420
2025-09-25,sell,THB,500000,4800,-76.405,WSL010420
2025-09-25,sell,USD,20000,6121,6,WSL010420
2025-09-25,sell,GBP,10000,4122.5,7.105,WSL030330
2025-09-25,sell,USD,20800,6356.5,-3.1,WSL030330
2025-09-25,sell,AED,77835,6481.998,-4.252,WSL030330
2025-09-25,sell,INR,100000,349,-14.842,WSL030330
2025-09-25,sell,USD,13567,4146.001,-2.109,WSL030330
2025-09-25,sell,INR,200000,696,-31.684,WSL030330
2025-09-25,sell,TRY,200000,1488,-121.21,WSL030330
2025-09-25,sell,AED,1000000,83242.581,-90.749,WSL030330
2025-09-25,sell,BDT,2600000,6569.836,-656.266,WSL030330
2025-09-25,sell,LKR,2000000,2038.334,-226.486,WSL030330
2025-09-25,sell,MAD,500000,18418.675,-690.7,WSL030330
2025-09-25,sell,NPR,4500000,10344.924,-932.706,WSL030330
2025-09-25,sell,QAR,700000,58588.831,-16.044,WSL030330
2025-09-25,buy,SAR,200,15.9,0.407,WSL030330
2025-09-25,buy,SAR,500,39.75,1.017,WSL030330
2025-09-25,buy,EUR,50,16.25,1.708,WSL030330
2025-09-25,buy,USD,300,90.6,1.125,WSL030330
2025-09-25,buy,AED,1000000,83258.412,74.918,WSL030330
2025-09-25,buy,GBP,50000,20597.44,-25.051,WSL030330
2025-09-25,buy,LKR,4000000,4293.644,235.996,WSL030330
2025-09-25,buy,SAR,850000,69223.185,80.145,WSL030330
2025-09-25,buy,USD,500000,152769.44,105.56,WSL030330
2025-09-24,sell,JPY,320000,667.2,7.84,WSL030330
2025-09-24,sell,JOD,10000,4321,0.551,WSL030330
2025-09-24,sell,THB,300000,2892,-30.879,WSL030330
2025-09-24,sell,JOD,10000,4320,-0.449,WSL030330
2025-09-24,sell,THB,300000,2892,-30.879,WSL010420
2025-09-24,sell,GBP,5000,2066,6.265,WSL030330
2025-09-24,sell,PHP,100000,547,-18.369,WSL030330
2025-09-24,sell,TRY,100000,746,-57.789,WSL030330
2025-09-24,sell,USD,10000,3055,0.6,WSL030330
2025-09-24,sell,GBP,10000,4132,15.585,WSL030330
2025-09-24,sell,THB,100000,964,-10.293,WSL030330
2025-09-24,sell,THB,200000,1928,-20.586,WSL030330
2025-09-24,sell,TRY,100000,746,-57.789,WSL030330
2025-09-24,sell,USD,15000,4581.75,0.15,WSL030330
2025-09-24,sell,USD,15200,4642.84,0.152,WSL030330
2025-09-24,sell,THB,200000,1928,-20.586,WSL010420
2025-09-24,sell,JOD,5000,2160.5,0.276,WSL030330
2025-09-24,sell,USD,50665,15475.498,0.38,WSL030330
2025-09-24,sell,JOD,5000,2160.5,0.276,WSL030330
2025-09-24,sell,THB,200000,1930,-18.586,WSL030330
2025-09-24,sell,TRY,200000,1493,-114.578,WSL030330
2025-09-24,sell,USD,32606,9959.499,0.322,WSL030330
2025-09-24,sell,OMR,2000,1586.8,0.099,WSL010420
2025-09-24,sell,TRY,200000,1492,-115.578,WSL010420
2025-09-24,sell,USD,20000,6110,1.2,WSL010420
2025-09-24,sell,JOD,10000,4321,0.551,WSL030330
2025-09-24,sell,IDR,90000000,1710,-92.7,WSL030330
2025-09-24,sell,EUR,50000,18035,24.73,WSL030330
2025-09-24,sell,GBP,50000,20700,87.382,WSL030330
2025-09-24,sell,USD,100000,30590,46,WSL030330
2025-09-24,buy,AED,2000000,166361.656,136.024,WSL030330
2025-09-24,buy,BHD,500,404.717,0.247,WSL030330
2025-09-24,buy,CAD,30000,6654.466,-36.526,WSL030330
2025-09-24,buy,IDR,300000000,5597.7,411.3,WSL030330
2025-09-24,buy,INR,7000000,24351.705,1091.475,WSL030330
2025-09-24,buy,KWD,8011,8004.187,6.813,WSL030330
2025-09-24,buy,PHP,3000000,16246.809,714.261,WSL030330
2025-09-24,buy,QAR,330450,27577.226,60.409,WSL030330
2025-09-24,buy,USD,200000,61161.306,-73.306,WSL030330
2025-09-24,buy,BHD,10000,8099.708,-0.429,WSL030330
2025-09-24,buy,EUR,100000,36066.355,-15.272,WSL030330
2025-09-24,buy,GBP,50000,20690.506,-53.452,WSL030330
2025-09-24,buy,KWD,1531801.75,1530999.76,801.99,WSL030330
2025-09-24,buy,QAR,270000,22563.283,18.534,WSL030330
2025-09-24,sell,USD,600000,183540,276,WSL030330
2025-09-24,buy,USD,500000,152950,-230,WSL030330
2025-09-23,sell,VND,157000000,1852.6,39.25,WSL030330
2025-09-23,buy,MAD,120000,4380,199.8,WSL030330
2025-09-23,sell,KRW,4000000,888,11.8,WSL030330
2025-09-23,buy,MAD,350000,12757.5,600.25,WSL030330
2025-09-23,sell,INR,500000,1750,-66.655,WSL010420
2025-09-23,buy,LKR,1800000,1791,244.458,WSL030330
2025-09-23,buy,BHD,6250,5048.375,13.84,WSL030330
2025-09-23,buy,MAD,53770,1922.278,130.728,WSL030330
2025-09-23,sell,USD,30000,9165,1.5,WSL030330
2025-09-23,sell,AZN,10000,1817.5,-67.994,WSL030330
2025-09-23,sell,THB,200000,1930,-18.648,WSL010420
2025-09-23,sell,KZT,1500000,1020,1.83,WSL010420
2025-09-23,sell,JOD,10000,4320,-0.59,WSL010420
2025-09-23,sell,TRY,200000,1492,-115.632,WSL010420
2025-09-23,sell,BHD,1000,810,0.046,WSL030330
2025-09-23,sell,THB,300000,2895,-27.972,WSL030330
2025-09-23,sell,EGP,300000,1995,-223.482,WSL030330
2025-09-23,sell,GBP,10000,4137.5,9.954,WSL030330
2025-09-23,sell,THB,700000,6755,-65.268,WSL030330
2025-09-23,sell,SAR,149410,12147,-22.942,WSL030330
2025-09-23,sell,USD,30000,9163.5,0,WSL030330
2025-09-23,sell,GBP,30000,12400.767,18.13,WSL030330
2025-09-23,sell,EGP,160000,1064,-119.19,WSL030330
2025-09-23,sell,USD,40000,12218,0,WSL030330
2025-09-23,sell,USD,53073,16214,2.852,WSL030330
2025-09-23,buy,SAR,200000,16214,76.666,WSL030330
2025-09-23,sell,JOD,5000,2160.5,0.205,WSL030330
2025-09-23,sell,TRY,100000,746.5,-57.316,WSL030330
2025-09-23,sell,USD,1803,550.999,0.273,WSL030330
2025-09-23,sell,USD,10000,3060,5.5,WSL030330
2025-09-23,sell,USD,8345,2548.998,0.018,WSL030330
2025-09-23,sell,EGP,200000,1334,-144.988,WSL030330
2025-09-23,sell,USD,50000,15272.5,0,WSL030330
2025-09-23,sell,AED,50000,4161.5,-1.078,WSL030330
2025-09-23,sell,EGP,60000,399,-44.696,WSL030330
2025-09-23,sell,EUR,10000,3603,0.217,WSL030330
2025-09-23,sell,GBP,10000,4133.5,4.732,WSL030330
2025-09-23,sell,TRY,60000,447.6,-34.69,WSL030330
2025-09-23,sell,USD,20000,6120,11,WSL030330
2025-09-23,sell,USD,50000,15272.5,0,WSL030330
2025-09-23,buy,GBP,30000,12394.5,-8.197,WSL030330
2025-09-23,sell,EGP,100000,664,-75.494,WSL030330
2025-09-23,sell,AED,500000,41640,14.215,WSL030330
2025-09-23,sell,CAD,30000,6669,41.27,WSL030330
2025-09-23,sell,EGP,1000000,6650,-744.94,WSL030330
2025-09-23,sell,EUR,100000,35950,-93.1,WSL030330
2025-09-23,sell,GBP,50000,20650,13.798,WSL030330
2025-09-23,sell,INR,5000000,17475,-699.3,WSL030330
2025-09-23,sell,JOD,30000,12972,10.229,WSL030330
2025-09-23,sell,PHP,500000,2730,-96.94,WSL030330
2025-09-23,sell,SAR,200000,16294,3.334,WSL030330
2025-09-23,sell,THB,500000,4830,-41.62,WSL030330
2025-09-23,sell,TRY,600000,4476,-346.896,WSL030330
2025-09-23,sell,USD,700000,214305,490,WSL030330
2025-09-23,sell,CNY,150000,6499.5,-8.667,WSL030330
2025-09-23,buy,AZN,100000,18127.596,727.342,WSL030330
2025-09-23,buy,CAD,10000,2216.94,-7.696,WSL030330
2025-09-23,buy,EGP,2000000,13137.634,1652.246,WSL030330
2025-09-23,buy,JOD,200000,86381.26,30.544,WSL030330
2025-09-23,buy,KZT,2300000,1520.638,40.556,WSL030330
2025-09-23,buy,USD,500000,152725,0,WSL030330
2025-09-23,buy,KZT,1500000,996.15,22.02,WSL030330
2025-09-23,buy,USD,500000,153025,-300,WSL030330
2025-09-22,sell,EUR,5000,1797.5,-0.78,WSL030330
2025-09-22,sell,USD,10000,3057.5,0.5,WSL030330
2025-09-22,sell,USD,50000,15285,0,WSL030330
2025-09-22,sell,JPY,1400000,2917.6,23.884,WSL030330
2025-09-22,buy,GBP,190,74.1,4.324,WSL030330
2025-09-22,sell,EGP,100000,664,-76.1,WSL030330
2025-09-22,sell,AED,20000,1666,-0.394,WSL030330
2025-09-22,sell,EGP,200000,1330,-150.2,WSL030330
2025-09-22,sell,USD,32500,9935.25,0,WSL030330
2025-09-22,sell,USD,50000,15287.5,2.5,WSL030330
2025-09-22,sell,GBP,5000,2062.5,2.082,WSL030330
2025-09-22,sell,PHP,200000,1094,-37.702,WSL030330
2025-09-22,sell,USD,30000,9171,0,WSL030330
2025-09-22,sell,AZN,10000,1817.5,-69.537,WSL030330
2025-09-22,sell,EGP,100000,668,-72.1,WSL030330
2025-09-22,sell,EUR,20000,7190,6.661,WSL030330
2025-09-22,sell,GBP,10000,4130,9.164,WSL030330
2025-09-22,sell,GEL,10000,1150,-39.494,WSL030330
2025-09-22,sell,THB,200000,1930,-20.244,WSL030330
2025-09-22,sell,TRY,200000,1494,-114.948,WSL030330
2025-09-22,sell,AED,50000,4165,-0.986,WSL030330
2025-09-22,sell,EUR,5000,1797.5,1.665,WSL030330
2025-09-22,sell,RUB,200000,756,-48.474,WSL030330
2025-09-22,sell,THB,100000,964,-11.122,WSL030330
2025-09-22,sell,NPR,100000,233,-17.573,WSL030330
2025-09-22,sell,AED,100000,8330,-1.971,WSL030330
2025-09-22,sell,USD,39119,11962.5,3.822,WSL030330
2025-09-22,buy,SAR,250000,20292.5,87.5,WSL030330
2025-09-22,sell,CNY,30000,1299,-3.699,WSL010420
2025-09-22,sell,TRY,200000,1493,-115.948,WSL010420
2025-09-22,sell,USD,13700,4188.09,0,WSL030330
2025-09-22,sell,AED,95800,7980.14,-1.888,WSL030330
2025-09-22,sell,TRY,100000,746.5,-57.974,WSL030330
2025-09-22,sell,USD,26142,7991.609,0,WSL030330
2025-09-22,sell,CHF,120000,47040,890.798,WSL030330
2025-09-22,sell,AUD,34000,6859.908,8.315,WSL030330
2025-09-22,sell,EGP,400000,2687.472,-272.928,WSL030330
2025-09-22,sell,MAD,400000,14794.918,-490.082,WSL030330
2025-09-22,sell,SAR,25000,2057.201,19.201,WSL030330
2025-09-22,sell,SAR,130000,10611.749,14.149,WSL030330
2025-09-22,sell,SAR,700000,57079.221,15.221,WSL030330
2025-09-21,sell,EUR,10000,3595,3.685,WSL030330
2025-09-21,sell,USD,40000,12228,-4,WSL030330
2025-09-21,sell,THB,200000,1928,-22.882,WSL030330
2025-09-21,sell,JOD,10000,4322.5,-3.041,WSL030330
2025-09-21,sell,SAR,300000,24405,-59.001,WSL030330
2025-09-21,sell,THB,200000,1930,-20.882,WSL030330
2025-09-21,sell,USD,9374,2865.632,-0.937,WSL030330
2025-09-21,sell,USD,25404,7766,-2.543,WSL030330
2025-09-21,sell,BHD,1000,810.75,-0.132,WSL030330
2025-09-21,sell,CNY,10000,432.5,-1.875,WSL030330
2025-09-21,sell,TRY,100000,747,-57.737,WSL030330
2025-09-21,sell,USD,10000,3061,3,WSL030330
2025-09-21,sell,AED,40000,3331.2,-2.678,WSL030330
2025-09-21,sell,BHD,500,405.25,-0.191,WSL030330
2025-09-21,sell,EUR,5000,1797.5,1.842,WSL030330
2025-09-21,sell,GBP,5000,2062.5,2.325,WSL030330
2025-09-21,sell,JOD,1500,648.3,-0.531,WSL030330
2025-09-21,sell,PHP,100000,547,-19.036,WSL030330
2025-09-21,sell,TRY,60000,447.9,-34.942,WSL030330
2025-09-21,sell,GBP,5000,2062.5,2.325,WSL010420
2025-09-21,sell,AED,331305,27591.08,-22.185,WSL030330
2025-09-21,buy,SAR,340000,27591,134.868,WSL030330
2025-09-21,sell,RUB,200000,756,-48.736,WSL010420
2025-09-21,sell,EGP,60000,399.6,-44.605,WSL010420
2025-09-21,sell,IDR,20000000,378,-23,WSL010420
2025-09-21,sell,AZN,10000,1817,-70.654,WSL010420
2025-09-21,sell,GBP,25000,10312.5,11.627,WSL010420
2025-09-21,sell,JOD,5000,2161.25,-1.52,WSL010420
2025-09-21,sell,USD,30000,9183,9,WSL010420
2025-09-21,buy,CHF,100000,38559,-127.43,WSL030330
2025-09-21,sell,EUR,110000,39534,29.533,WSL030330
2025-09-21,sell,GBP,100000,41230,26.508,WSL030330
2025-09-21,sell,USD,500000,153075,175,WSL030330
2025-09-21,buy,BDT,4000000,10119.204,999.676,WSL030330
2025-09-21,buy,BHD,2650,2145.272,3.567,WSL030330
2025-09-21,buy,KWD,26200,26182.865,17.135,WSL030330
2025-09-21,buy,NPR,3000000,6786.084,733.566,WSL030330
2025-09-21,buy,OMR,19900,15763.193,43.093,WSL030330
2025-09-21,buy,QAR,106400,8835.826,73.572,WSL030330
2025-09-21,buy,SAR,34000,2767.084,5.503,WSL030330
2025-09-21,buy,AED,700000,58280.888,61.984,WSL030330
2025-09-21,buy,BHD,20000,16203.606,14.044,WSL030330
2025-09-21,buy,EGP,1000000,6614.719,788.701,WSL030330
2025-09-21,buy,EUR,50000,17964.696,-8.12,WSL030330
2025-09-21,buy,EUR,290000,104212.962,-64.821,WSL030330
2025-09-21,buy,GBP,50000,20605.08,-3.334,WSL030330
2025-09-21,buy,GBP,150000,61838.16,-32.922,WSL030330
2025-09-21,buy,INR,7000000,24447.997,1025.143,WSL030330
2025-09-21,buy,JOD,20000,8640.09,10.992,WSL030330
2025-09-21,buy,JPY,1000000,2076.087,-9.727,WSL030330
2025-09-21,buy,SAR,700000,56999.734,82.935,WSL030330
2025-09-21,sell,TRY,200000,1494,-115.474,WSL010420
2025-09-21,sell,USD,10000,3057,-1,WSL010420
2025-09-20,sell,TRY,100000,747,-56.263,WSL010420
2025-09-20,sell,AED,100000,8330,10.567,WSL010420
2025-09-20,sell,AZN,10000,1817,-67.198,WSL010420
2025-09-20,sell,USD,37600,11498.08,21.056,WSL030330
2025-09-20,sell,EGP,200000,1340,-137.972,WSL010420
2025-09-20,sell,TRY,200000,1495,-111.526,WSL010420
2025-09-20,sell,NPR,100000,233,-17.196,WSL030330
2025-09-20,sell,THB,300000,2895,-25.965,WSL030330
2025-09-20,sell,USD,30000,9174,16.8,WSL030330
2025-09-20,buy,GBP,4465,1786,50.367,WSL030330
2025-09-20,sell,EGP,2500000,16675,-1799.65,WSL030330
2025-09-20,sell,KZT,5500000,3707,-23.705,WSL030330
2025-09-20,buy,MAD,400000,14560,702,WSL030330
2025-09-20,buy,TND,5000,535,19.982,WSL030330
2025-09-20,sell,JOD,3450,1491.09,1.511,WSL030330
2025-09-20,sell,TRY,200000,1493,-113.526,WSL030330
2025-09-20,sell,AED,53335,4442.806,5.636,WSL030330
2025-09-20,sell,EUR,10000,3597,12.261,WSL030330
2025-09-20,sell,GBP,5000,2064.25,7.848,WSL030330
2025-09-20,sell,USD,20000,6116,11.2,WSL030330
2025-09-20,buy,SAR,200000,16220,59.466,WSL030330
2025-09-20,sell,USD,18105,5536.509,10.139,WSL030330
2025-09-20,sell,USD,22083,6753.001,12.386,WSL030330
2025-09-20,sell,AED,92965,7743.998,9.837,WSL030330
2025-09-20,sell,JOD,5000,2161.5,2.69,WSL030330
2025-09-20,sell,USD,80000,24464,44.8,WSL030330
2025-09-20,sell,USD,70000,21402.5,35.7,WSL030330
2025-09-20,buy,BHD,2720,2200.219,1.342,WSL030330
2025-09-20,buy,OMR,12940,10256.571,2.664,WSL030330
2025-09-20,buy,PHP,2000000,10852.978,447.002,WSL030330
2025-09-20,buy,QAR,253100,21108.263,14.428,WSL030330
2025-09-20,buy,USD,800000,244485.03,-293.03,WSL030330
2025-09-20,buy,EGP,1000000,6635.652,754.208,WSL030330
2025-09-20,buy,EGP,2000000,13213.852,1565.868,WSL030330
2025-09-20,buy,EUR,50000,17961.848,-38.155,WSL030330
2025-09-20,buy,GBP,66000,27196.884,-52.379,WSL030330
2025-09-20,buy,KWD,24769.5,24707.981,61.519,WSL030330
2025-09-20,buy,KZT,5500000,3649.607,81.098,WSL030330
2025-09-20,buy,TRY,5000000,37179.05,2984.1,WSL030330
2025-09-20,buy,USD,1000000,305240,0,WSL030330
2025-09-18,sell,TRY,500000,3732.5,-283.815,WSL010420
2025-09-18,sell,USD,50000,15270,8,WSL030330
2025-09-18,sell,EGP,80000,536,-55.402,WSL010420
2025-09-18,sell,INR,150000,526.5,-18.549,WSL010420
2025-09-18,sell,BHD,2000,1620,0.622,WSL010420
2025-09-18,sell,CNY,20000,865,-2.472,WSL010420
2025-09-18,sell,EGP,200000,1340,-138.504,WSL010420
2025-09-18,sell,GEL,10000,1152,-36.132,WSL010420
2025-09-18,sell,INR,200000,702,-24.732,WSL010420
2025-09-18,sell,USD,10000,3058.5,5,WSL010420
2025-09-18,sell,USD,50000,15270,2.5,WSL010420
2025-09-18,sell,INR,50000,175.5,-6.183,WSL030330
2025-09-18,sell,THB,100000,965,-9.005,WSL030330
2025-09-18,sell,USD,20000,6108,1,WSL030330
2025-09-18,sell,USD,9700,2961.41,-0.485,WSL030330
2025-09-18,sell,USD,20000,6108,1,WSL030330
2025-09-18,sell,USD,40000,12214,0,WSL010420
2025-09-18,sell,TRY,300000,2259,-151.659,WSL030330
2025-09-18,sell,USD,40000,12216,2,WSL030330
2025-09-18,sell,CZK,50000,755,12.236,WSL030330
2025-09-18,sell,EGP,200000,1338,-140.504,WSL030330
2025-09-18,sell,EGP,200000,1338,-140.504,WSL030330
2025-09-18,sell,TRY,100000,747,-56.553,WSL030330
2025-09-18,sell,USD,30000,9162,1.5,WSL030330
2025-09-18,sell,THB,200000,1930,-18.01,WSL030330
2025-09-18,sell,TRY,100000,747,-56.553,WSL030330
2025-09-18,sell,USD,20000,6108,1,WSL030330
2025-09-18,sell,USD,100000,30540,5,WSL030330
2025-09-18,sell,USD,10000,3054,0.5,WSL030330
2025-09-18,sell,USD,54258,16592.096,24.416,WSL030330
2025-09-18,sell,USD,20000,6108,1,WSL030330
2025-09-18,sell,USD,14051,4291.175,0.702,WSL030330
2025-09-18,sell,TRY,380000,2838.6,-214.901,WSL030330
2025-09-18,sell,THB,200000,1928,-20.01,WSL030330
2025-09-18,sell,TRY,200000,1492,-115.106,WSL030330
2025-09-18,sell,GBP,32500,13546,51.515,WSL030330
2025-09-17,sell,CHF,1000,388.7,0.911,WSL030330
2025-09-17,sell,EGP,100000,670,-68.676,WSL030330
2025-09-17,sell,EUR,20000,7238,5.625,WSL030330
2025-09-17,sell,GBP,5000,2085,0.17,WSL030330
2025-09-17,sell,INR,500000,1755,-60.415,WSL030330
2025-09-17,sell,USD,55000,16786,4.84,WSL030330
2025-09-17,buy,MAD,100000,3625,191.25,WSL030330
2025-09-17,sell,PHP,100000,548,-17.11,WSL030330
2025-09-17,sell,TRY,100000,747,-56.421,WSL030330
2025-09-17,sell,USD,9500,2899.4,-0.95,WSL030330
2025-09-17,sell,JOD,5000,2159.5,0.266,WSL030330
2025-09-17,sell,USD,50000,15260,-5,WSL030330
2025-09-17,sell,THB,500000,4825,-44.23,WSL030330
2025-09-17,sell,TRY,1000000,7470,-564.21,WSL030330
2025-09-17,sell,USD,40000,12208,-4,WSL030330
2025-09-17,sell,EUR,10000,3619,3.943,WSL030330
2025-09-17,sell,TRY,60000,448.2,-33.853,WSL030330
2025-09-17,sell,BHD,2000,1618,-1.113,WSL030330
2025-09-17,sell,CAD,8000,1778,3.129,WSL030330
2025-09-17,sell,PHP,200000,1095,-35.22,WSL030330
2025-09-17,sell,USD,30000,9153,-6,WSL030330
2025-09-17,sell,BHD,6000,4854,-3.34,WSL030330
2025-09-17,sell,LKR,1000000,1069,-61.74,WSL030330
2025-09-17,sell,OMR,10000,7925,-4.87,WSL030330
2025-09-17,sell,PHP,300000,1639.5,-55.83,WSL030330
2025-09-17,sell,PKR,500000,572.5,-38.1,WSL030330
2025-09-17,sell,EUR,15000,5427,4.414,WSL030330
2025-09-17,sell,THB,100000,965,-8.846,WSL030330
2025-09-17,sell,USD,20000,6104,-2,WSL030330
2025-09-17,sell,USD,20000,6112,6,WSL030330
2025-09-17,sell,TRY,200000,1494,-112.842,WSL030330
2025-09-17,sell,PHP,200000,1096,-34.22,WSL030330
2025-09-17,sell,TRY,100000,746.5,-56.921,WSL030330
2025-09-17,sell,EUR,4000,1447,0.855,WSL030330
2025-09-17,sell,JOD,3000,1295.7,0.159,WSL030330
2025-09-17,sell,USD,15175,4631.3,-1.628,WSL030330
2025-09-17,sell,USD,10000,3052,-1,WSL030330
2025-09-17,sell,TRY,200000,1494,-112.842,WSL030330
2025-09-17,sell,USD,9000,2746.8,-0.9,WSL030330
2025-09-17,sell,EGP,300000,2010,-207.393,WSL030330
2025-09-17,sell,NPR,300000,696,-54.735,WSL030330
2025-09-17,sell,EUR,50000,18050,-46.658,WSL030330
2025-09-17,buy,AED,1500000,124683.285,132.735,WSL030330
2025-09-17,buy,BHD,10000,8088.547,7.019,WSL030330
2025-09-17,buy,EGP,2000000,13207.792,1574.828,WSL030330
2025-09-17,buy,EUR,50000,18039.038,57.62,WSL030330
2025-09-17,buy,GBP,20000,8341.434,-9.186,WSL030330
2025-09-17,buy,KWD,20000,19967.277,32.723,WSL030330
2025-09-17,buy,OMR,5000,3961.309,3.626,WSL030330
2025-09-17,buy,SAR,200000,16256.827,25.839,WSL030330
2025-09-17,buy,SAR,200000,16258.993,23.673,WSL030330
2025-09-17,buy,USD,200000,61020,40,WSL030330
2025-09-16,buy,IQD,10000000,2220,84.5,WSL030330
2025-09-16,sell,NPR,1000000,2300,-202.86,WSL030330
2025-09-16,sell,CZK,100000,1510,28.438,WSL030330
2025-09-16,sell,THB,500000,4830,-40.025,WSL030330
2025-09-16,sell,USD,30000,9163.5,3,WSL030330
2025-09-16,sell,QAR,300000,25101,55.203,WSL030330
2025-09-16,sell,AED,300000,24966,-1.293,WSL030330
2025-09-16,sell,LKR,2000000,2100,-161.86,WSL030330
2025-09-16,sell,QAR,100000,8367,18.401,WSL030330
2025-09-16,sell,USD,50000,15272.5,5,WSL030330
2025-09-16,sell,GBP,70000,29176,38.282,WSL030330
2025-09-16,sell,OMR,2170,1721.461,0.397,WSL030330
2025-09-16,sell,USD,30000,9177,16.5,WSL030330
2025-09-16,buy,GBP,50000,20755,57.656,WSL030330
2025-09-16,buy,USD,2030,612.045,7.815,WSL030330
2025-09-16,buy,USD,6600,1989.9,25.41,WSL030330
2025-09-16,sell,THB,500000,4860,-10.025,WSL030330
2025-09-16,sell,AED,104265,8677.001,-0.382,WSL030330
2025-09-16,sell,USD,16000,4887.2,1.6,WSL030330
2025-09-16,buy,MAD,27900,997.425,67.483,WSL030330
2025-09-16,buy,EUR,50,16.25,1.749,WSL030330
2025-09-16,buy,EUR,100,32.5,3.498,WSL030330
2025-09-16,buy,USD,100,30.2,0.335,WSL030330
2025-09-16,buy,USD,100,30.2,0.335,WSL030330
2025-09-16,buy,USD,200,60.4,0.67,WSL030330
2025-09-16,buy,USD,300,90.6,1.005,WSL030330
2025-09-16,buy,SAR,100,7.95,0.193,WSL030330
2025-09-16,buy,USD,60,18.12,0.201,WSL030330
2025-09-16,buy,USD,100,30.2,0.335,WSL030330
2025-09-16,buy,USD,200,60.4,0.67,WSL030330
2025-09-16,buy,BHD,1200,971.035,0.592,WSL030330
2025-09-16,buy,CHF,5000,1922.859,2.668,WSL030330
2025-09-16,buy,CHF,20000,7694.343,7.763,WSL030330
2025-09-16,buy,KWD,515,514.242,0.758,WSL030330
2025-09-16,buy,THB,10000000,96568.63,831.87,WSL030330
2025-09-16,buy,USD,100000,30577.749,-42.749,WSL030330
2025-09-16,sell,GEL,100000,11524.25,-357.073,WSL030330
2025-09-16,sell,AED,500000,41625,12.845,WSL030330
2025-09-16,sell,BDT,500000,1285,-102.815,WSL030330
2025-09-16,sell,BHD,20000,16209,15.216,WSL030330
2025-09-16,sell,EUR,50000,17945,-50.802,WSL030330
2025-09-16,sell,GBP,30000,12464.4,-22.277,WSL030330
2025-09-16,sell,INR,2000000,7030,-237.32,WSL030330
2025-09-16,sell,JOD,30000,12972,14.473,WSL030330
2025-09-16,sell,PHP,500000,2730,-96.015,WSL030330
2025-09-16,sell,SAR,700000,57029,30.331,WSL030330
2025-09-16,sell,THB,700000,6776,-9.548,WSL030330
2025-09-16,sell,TRY,600000,4482,-339.318,WSL030330
2025-09-16,sell,USD,700000,214235,490,WSL030330
2025-09-16,buy,BHD,10000,8097.322,-0.43,WSL030330
2025-09-16,buy,CHF,20000,7730.38,-28.274,WSL030330
2025-09-16,buy,EGP,2000000,13276.086,1508.954,WSL030330
2025-09-16,buy,EUR,50000,17908.778,87.024,WSL030330
2025-09-16,buy,EUR,50000,17968.321,27.481,WSL030330
2025-09-16,buy,GBP,50000,20753.113,58.016,WSL030330
2025-09-16,buy,GEL,100000,11479.323,402,WSL030330
2025-09-16,buy,KWD,24884.25,24859.826,24.424,WSL030330
2025-09-16,buy,TRY,5000000,37219.649,2958.001,WSL030330
2025-09-16,buy,USD,1000000,305350,0,WSL030330
2025-09-15,sell,TRY,500000,3735,-284.735,WSL010420
2025-09-15,sell,USD,9700,2964.32,0.485,WSL030330
2025-09-15,sell,GEL,10000,1152,-36.91,WSL030330
2025-09-15,sell,TRY,500000,3735,-285.395,WSL030330
2025-09-15,sell,THB,100000,967,-2.999,WSL030330
2025-09-15,sell,USD,50000,15285,7.5,WSL030330
2025-09-15,sell,EGP,80000,540,-51.79,WSL030330
2025-09-15,sell,INR,150000,527.25,-18.156,WSL030330
2025-09-15,sell,THB,200000,1934,-5.998,WSL030330
2025-09-15,sell,TRY,200000,1494,-114.158,WSL030330
2025-09-15,sell,USD,50000,15285,7.5,WSL030330
2025-09-15,sell,GBP,10000,4150,-0.897,WSL030330
2025-09-15,sell,USD,30000,9171,4.5,WSL030330
2025-09-15,sell,USD,50000,15285,7.5,WSL030330
2025-09-15,sell,THB,400000,3868,-11.996,WSL030330
2025-09-15,sell,TRY,400000,2988,-228.316,WSL030330
2025-09-15,sell,USD,16000,4891.2,2.4,WSL030330
2025-09-15,sell,EUR,10000,3589,6.121,WSL030330
2025-09-15,sell,JOD,5000,2161.25,0.248,WSL030330
2025-09-15,sell,THB,100000,969,-0.999,WSL030330
2025-09-15,sell,INR,100000,351,-12.604,WSL030330
2025-09-15,sell,USD,12500,3821,1.625,WSL030330
2025-09-15,buy,GBP,30000,12438,-3.643,WSL030330
2025-09-15,sell,CHF,55000,21532.5,441.574,WSL030330
2025-09-15,sell,AED,8800,732.056,-0.798,WSL030330
2025-09-15,sell,CHF,10470,3999.886,-16.572,WSL030330
2025-09-15,sell,EUR,8465,3027.993,-5.69,WSL030330
2025-09-15,sell,GBP,8400,3473.92,-7.443,WSL030330
2025-09-15,sell,IQD,100000000,22633.33,-426.67,WSL030330
2025-09-15,sell,USD,118500,36117.156,-90.519,WSL030330
2025-09-15,sell,USD,210000,64165.5,0,WSL030330
2025-09-14,sell,AED,30000,2498.7,-0.482,WSL030330
2025-09-14,sell,EUR,14000,5026,5.76,WSL030330
2025-09-14,sell,GBP,2500,1038.75,2.291,WSL030330
2025-09-14,sell,USD,10000,3056.5,0,WSL030330
2025-09-14,buy,CHF,50000,19237.5,-52.84,WSL030330
2025-09-14,buy,LKR,2000000,2000,264.08,WSL030330
2025-09-14,buy,GBP,8035,3230.07,101.11,WSL030330
2025-09-14,buy,IQD,15000000,3330,130.05,WSL030330
2025-09-14,buy,USD,100000,30300,265,WSL030330
2025-09-14,sell,BHD,2000,1621.5,0.531,WSL030330
2025-09-14,sell,AZN,10000,1820,-66.728,WSL030330
2025-09-14,sell,BHD,1000,810.75,0.265,WSL030330
2025-09-14,sell,CNY,40000,1730,-6.648,WSL030330
2025-09-14,sell,EGP,100000,670,-69.979,WSL030330
2025-09-14,sell,EGP,200000,1344,-135.958,WSL030330
2025-09-14,sell,EUR,5000,1795,2.057,WSL030330
2025-09-14,sell,INR,100000,351.5,-12.224,WSL030330
2025-09-14,sell,THB,100000,969,-1.316,WSL030330
2025-09-14,sell,TRY,50000,373.5,-28.671,WSL030330
2025-09-14,sell,USD,30000,9172.5,3,WSL030330
2025-09-14,sell,CHF,15000,5760,4.602,WSL030330
2025-09-14,sell,USD,30000,9172.5,3,WSL030330
2025-09-14,buy,KWD,103236,103185.361,50.639,WSL030330
2025-09-14,sell,NPR,100000,234,-16.532,WSL030330
2025-09-14,sell,EUR,19500,7000.5,8.023,WSL030330
2025-09-14,sell,GBP,18500,7688.6,18.802,WSL030330
2025-09-14,sell,EUR,5000,1795,2.057,WSL030330
2025-09-14,sell,USD,5838,1784.998,0.613,WSL030330
2025-09-14,sell,SAR,126875,10336.5,-4.659,WSL030330
2025-09-14,sell,USD,50000,15307.5,25,WSL030330
2025-09-14,buy,IQD,15000000,3330,130.05,WSL030330
2025-09-14,buy,IQD,37500000,8437.5,212.625,WSL030330
2025-09-14,sell,EUR,100000,35905,46.142,WSL030330
2025-09-14,sell,USD,500000,153050,225,WSL030330
2025-09-14,buy,EUR,100000,35904.706,-45.848,WSL030330
2025-09-14,sell,USD,500000,153050,225,WSL030330
2025-09-14,buy,AED,100,8.261,0.07,WSL030330
2025-09-14,buy,EUR,50,16.25,1.679,WSL030330
2025-09-14,buy,USD,1795,542.09,6.552,WSL030330
2025-09-13,buy,IQD,10000000,2210,96.7,WSL010420
2025-09-13,buy,IQD,15000000,3330,130.05,WSL030330
2025-09-13,sell,THB,500000,4835,-16.58,WSL030330
2025-09-13,sell,USD,40000,12230,4,WSL030330
2025-09-13,sell,AED,36000,2997,-2.017,WSL030330
2025-09-13,sell,BHD,2000,1621.5,0.531,WSL030330
2025-09-13,sell,GEL,10000,1154,-35.3,WSL030330
2025-09-13,sell,TRY,100000,747,-57.342,WSL030330
2025-09-13,sell,USD,20000,6115,2,WSL030330
2025-09-13,sell,USD,50000,15302.5,20,WSL030330
2025-09-13,sell,USD,70000,21397,1.5,WSL030330
2025-09-13,sell,USD,20000,6115,2,WSL030330
2025-09-13,sell,USD,10000,3062,5.5,WSL030330
2025-09-13,sell,THB,1000000,9670,-33.16,WSL030330
2025-09-13,sell,USD,40000,12228,2,WSL030330
2025-09-13,sell,JOD,6000,2593.5,-0.552,WSL030330
2025-09-13,sell,USD,30000,9172.5,3,WSL030330
2025-09-13,sell,USD,50000,15287.5,5,WSL030330
2025-09-13,sell,CNY,20000,864,-4.324,WSL030330
2025-09-13,sell,EGP,200000,1340,-139.958,WSL030330
2025-09-13,sell,JOD,5000,2161.75,0.04,WSL030330
2025-09-13,sell,NPR,100000,232,-18.532,WSL030330
2025-09-13,sell,THB,200000,1934,-6.632,WSL030330
2025-09-13,sell,TRY,100000,747,-57.342,WSL030330
2025-09-13,sell,USD,20000,6122,9,WSL030330
2025-09-13,sell,USD,40000,12230,4,WSL030330
2025-09-13,sell,EGP,2000000,13330,-1469.58,WSL030330
2025-09-13,sell,KZT,4000000,2512,-35.08,WSL030330
2025-09-13,sell,EGP,100000,670,-69.979,WSL030330
2025-09-13,sell,THB,100000,967,-3.316,WSL030330
2025-09-13,sell,USD,20000,6115,2,WSL030330
2025-09-13,sell,EGP,400000,2676,-283.916,WSL030330
2025-09-13,sell,THB,500000,4835,-16.58,WSL030330
2025-09-13,sell,THB,300000,2898,-12.948,WSL030330
2025-09-13,sell,EGP,100000,669,-70.979,WSL030330
2025-09-13,sell,USD,19070,5830.653,1.907,WSL030330
2025-09-13,sell,TRY,200000,1494,-114.684,WSL030330
2025-09-13,sell,USD,25530,7805.999,2.755,WSL030330
2025-09-13,sell,USD,17060,5215.999,1.61,WSL030330
2025-09-13,sell,TRY,1200000,8958,-694.104,WSL030330
2025-09-13,sell,USD,250000,76412.5,0,WSL030330
2025-09-13,buy,AED,250000,20809.504,17.004,WSL030330
2025-09-13,buy,BHD,730,591.293,0.361,WSL030330
2025-09-13,buy,CHF,20000,7670.013,3.851,WSL030330
2025-09-13,buy,KRW,10000000,2222.91,-28.31,WSL030330
2025-09-13,buy,PHP,3000000,16301.334,671.406,WSL030330
2025-09-13,buy,QAR,265400,22163.801,15.149,WSL030330
2025-09-13,buy,BHD,10000,8105.277,-0.43,WSL030330
2025-09-13,buy,EGP,3000000,19912.053,2287.317,WSL030330
2025-09-13,buy,EUR,50000,17941.655,-12.226,WSL030330
2025-09-13,buy,USD,1000000,305650,0,WSL030330
2025-09-11,sell,THB,200000,1928,-12.632,WSL030330
2025-09-11,sell,INR,400000,1404,-50.896,WSL030330
2025-09-11,sell,EUR,8000,2860.8,-10.109,WSL030330
2025-09-11,sell,JOD,15000,6484.5,-0.629,WSL030330
2025-09-11,sell,TRY,200000,1495,-113.684,WSL030330
2025-09-11,sell,USD,110000,33632.5,11,WSL030330
2025-09-11,sell,EGP,100000,670,-69.979,WSL030330
2025-09-11,sell,THB,100000,965,-5.316,WSL030330
2025-09-11,sell,USD,10000,3057.5,1,WSL030330
2025-09-11,sell,MAD,10000,365,-17.062,WSL030330
2025-09-11,sell,USD,30000,9172.5,3,WSL030330
2025-09-11,sell,USD,50000,15287.5,5,WSL030330
2025-09-11,sell,TRY,100000,746.5,-57.842,WSL030330
2025-09-11,sell,JOD,6900,2982.525,-0.634,WSL030330
2025-09-11,sell,AED,10000,833,-0.061,WSL030330
2025-09-11,sell,EGP,80000,536,-55.983,WSL030330
2025-09-11,sell,TRY,200000,1495,-113.684,WSL030330
2025-09-11,sell,JOD,5000,2161.25,-0.46,WSL030330
2025-09-11,sell,TRY,500000,3732.5,-289.21,WSL030330
2025-09-11,sell,USD,50000,15287.5,5,WSL030330
2025-09-11,sell,USD,300000,91710,15,WSL030330
2025-09-11,sell,AED,40000,3332,-0.243,WSL030330
2025-09-11,sell,EUR,10000,3578,3.729,WSL030330
2025-09-11,sell,USD,20000,6114,1,WSL030330
2025-09-11,sell,TRY,600000,4485,-341.052,WSL030330
2025-09-11,sell,JOD,6900,2983.56,0.401,WSL030330
2025-09-11,sell,TRY,200000,1492,-116.684,WSL030330
2025-09-11,sell,USD,10000,3056.5,0,WSL030330
2025-09-11,sell,USD,10750,3286.813,1.075,WSL030330
2025-09-11,sell,USD,58230,17803.998,5.998,WSL030330
2025-09-11,sell,USD,21687,6630.998,2.366,WSL030330
2025-09-11,sell,EUR,10000,3578.5,4.84,WSL030330
2025-09-11,sell,USD,10000,3057.5,1,WSL030330
2025-09-11,sell,USD,63309,19381.998,31.602,WSL030330
2025-09-11,sell,TRY,500000,3775,-246.71,WSL030330
2025-09-11,sell,EUR,50000,17983,114.701,WSL030330
2025-09-11,sell,GBP,100000,41483,162.176,WSL030330
2025-09-11,buy,CNY,500000,21570.219,137.876,WSL030330
2025-09-11,buy,EUR,50000,17982.918,-114.619,WSL030330
2025-09-11,buy,GBP,10000,4148.282,-16.2,WSL030330
2025-09-11,buy,GBP,100000,41482.818,-161.994,WSL030330
2025-09-11,buy,INR,7000000,24424.085,1036.595,WSL030330
2025-09-11,buy,JOD,100000,43218.91,15.282,WSL030330
2025-09-11,buy,JPY,1000000,2083.504,-14.524,WSL030330
2025-09-11,buy,KWD,13288.5,13279.81,8.69,WSL030330
2025-09-11,buy,KZT,4000000,2445.2,101.88,WSL030330
2025-09-11,buy,TRY,7000000,52184.146,4119.794,WSL030330
2025-09-11,buy,USD,700000,213955,0,WSL030330
2025-09-10,sell,EUR,30000,10755,17.516,WSL030330
2025-09-10,sell,USD,100000,30610,45,WSL030330
2025-09-10,sell,BAM,1000,190,-3.449,WSL030330
2025-09-10,sell,IQD,1000000,220,-10.67,WSL030330
2025-09-10,sell,USD,8000,2443.2,-2,WSL030330
2025-09-10,sell,AED,100000,8328,-2.608,WSL030330
2025-09-10,sell,PLN,20000,1710,32.494,WSL030330
2025-09-10,sell,EGP,15000,100.95,-10.047,WSL030330
2025-09-10,sell,INR,200000,702,-25.448,WSL030330
2025-09-10,sell,PHP,20000,109.4,-3.752,WSL030330
2025-09-10,sell,KRW,10000000,2225,23.1,WSL030330
2025-09-10,sell,USD,30000,9183,13.5,WSL030330
2025-09-10,sell,EUR,10000,3585,10.729,WSL030330
2025-09-10,sell,INR,200000,702,-25.448,WSL030330
2025-09-10,sell,TRY,500000,3747.5,-274.21,WSL030330
2025-09-10,sell,TRY,500000,3747.5,-274.21,WSL030330
2025-09-10,sell,USD,30000,9172.5,3,WSL030330
2025-09-10,sell,USD,50000,15307.5,25,WSL030330
2025-09-10,sell,EGP,440000,2948,-307.908,WSL030330
2025-09-10,sell,AED,20000,1666,-0.122,WSL030330
2025-09-10,sell,USD,60000,18342,3,WSL030330
2025-09-10,sell,THB,100000,965,-5.316,WSL030330
2025-09-10,sell,AED,100000,8325,-5.608,WSL030330
2025-09-10,sell,USD,10000,3057,0.5,WSL030330
2025-09-10,sell,USD,11575,3538.998,1.099,WSL030330
2025-09-10,sell,TRY,1000000,7485,-558.42,WSL030330
2025-09-10,buy,THB,4000000,38520,292.64,WSL030330
2025-09-09,sell,GEL,5000,577.5,-16.761,WSL030330
2025-09-09,sell,RUB,200000,760,-43.816,WSL030330
2025-09-09,sell,USD,10000,3056,1.5,WSL030330
2025-09-09,sell,USD,20000,6112,3,WSL030330
2025-09-09,sell,USD,40000,12224,6,WSL030330
2025-09-09,sell,THB,800000,7712,75.752,WSL030330
2025-09-09,sell,BAM,5000,952.5,-14.114,WSL030330
2025-09-09,sell,EUR,10000,3597.5,5.408,WSL030330
2025-09-09,sell,GBP,10000,4155,8.822,WSL030330
2025-09-09,sell,THB,200000,1930,20.938,WSL030330
2025-09-09,sell,CNY,20000,865,2.147,WSL030330
2025-09-09,sell,JOD,5000,2161.25,0.955,WSL030330
2025-09-09,sell,USD,20000,6110,1,WSL030330
2025-09-09,sell,BHD,2000,1620,0.091,WSL030330
2025-09-09,sell,CNY,20000,863,0.147,WSL030330
2025-09-09,sell,GBP,2000,831,2.07,WSL030330
2025-09-09,sell,PKR,200000,230,-14.36,WSL030330
2025-09-09,sell,TRY,200000,1500,-107.632,WSL030330
2025-09-09,sell,USD,30000,9168,4.5,WSL030330
2025-09-09,sell,USD,58262,17802.001,5.873,WSL030330
2025-09-09,sell,USD,16862,5153,2.502,WSL030330
2025-09-09,sell,JOD,2500,1080.375,0.227,WSL030330
2025-09-09,sell,USD,9563,2922.625,1.607,WSL030330
2025-09-09,sell,EUR,10000,3600,9.741,WSL030330
2025-09-09,sell,USD,74480,22760.999,11.083,WSL030330
2025-09-09,sell,USD,5000,1527.5,0.25,WSL030330
2025-09-09,sell,USD,5000,1535.5,8.25,WSL030330
2025-09-09,sell,EUR,100000,36000,57.698,WSL030330
2025-09-09,sell,CNY,150000,6475.5,4.101,WSL030330
2025-09-09,sell,AED,300000,24990,14.529,WSL030330
2025-09-09,sell,EUR,50000,17940,-32.678,WSL030330
2025-09-09,sell,INR,3000000,10470,-434.58,WSL030330
2025-09-09,sell,RUB,20000,76.6,-3.782,WSL030330
2025-09-09,sell,SAR,300000,24450,14.001,WSL030330
2025-09-09,sell,TRY,500000,3755,-264.08,WSL030330
2025-09-09,sell,USD,300000,91845,210,WSL030330
2025-09-09,buy,AED,700000,58252.282,23.817,WSL030330
2025-09-09,buy,CHF,10000,3850.372,5.833,WSL030330
2025-09-09,buy,EGP,2000000,13251.626,1538.254,WSL030330
2025-09-09,buy,EGP,3000000,19920.651,2264.169,WSL030330
2025-09-09,buy,EUR,50000,17960.46,12.218,WSL030330
2025-09-09,buy,QAR,200000,16736.986,-34.32,WSL030330
2025-09-09,buy,SAR,1000000,81366.542,86.788,WSL030330
2025-09-09,buy,SAR,1200000,97652.857,91.139,WSL030330
2025-09-08,sell,AZN,10000,1818,-69.037,WSL030330
2025-09-08,sell,CNY,50000,2161,2.102,WSL030330
2025-09-08,sell,GBP,10000,4142.5,11.576,WSL030330
2025-09-08,sell,INR,500000,1750,-68.915,WSL030330
2025-09-08,sell,JPY,1000000,2080,10.96,WSL030330
2025-09-08,sell,OMR,5000,3970,-0.13,WSL030330
2025-09-08,sell,THB,500000,4790,13.44,WSL030330
2025-09-08,sell,TRY,500000,3750,-272.37,WSL030330
2025-09-08,buy,USD,9700,2929.4,35.89,WSL030330
2025-09-08,sell,USD,10000,3057.5,0.5,WSL030330
2025-09-08,sell,INR,200000,702,-25.566,WSL030330
2025-09-08,sell,AED,10000,833.1,-0.097,WSL030330
2025-09-08,sell,BAM,10000,1902.5,-32.31,WSL030330
2025-09-08,sell,CZK,30000,453,12.214,WSL030330
2025-09-08,sell,EGP,200000,1346,-134.2,WSL030330
2025-09-08,sell,THB,300000,2877,11.064,WSL030330
2025-09-08,sell,THB,300000,2877,11.064,WSL030330
2025-09-08,sell,AED,49000,4081.999,-0.667,WSL030330
2025-09-08,sell,EUR,5000,1793,0.375,WSL030330
2025-09-08,sell,THB,100000,957.5,2.188,WSL030330
2025-09-08,sell,USD,10000,3057.5,0.5,WSL030330
2025-09-08,sell,QAR,140000,11746,65.617,WSL030330
2025-09-07,sell,USD,102527,31362.999,-30.768,WSL030330
2025-09-07,sell,AZN,2200,398.2,-17.627,WSL030330
2025-09-07,sell,CNY,20000,865,0.028,WSL030330
2025-09-07,sell,MYR,20000,1463,-5.585,WSL030330
2025-09-07,sell,RUB,300000,1140,-68.685,WSL030330
2025-09-07,sell,TRY,200000,1501,-110.578,WSL030330
2025-09-07,sell,TRY,400000,3004,-219.156,WSL030330
2025-09-07,sell,USD,20000,6118,-6,WSL030330
2025-09-07,sell,AED,100000,8338,-7.598,WSL030330
2025-09-07,sell,AMD,2000000,1680,-21.12,WSL030330
2025-09-07,sell,CNY,200000,8644,-5.718,WSL030330
2025-09-07,sell,NPR,1000000,2320,-189.83,WSL030330
2025-09-07,sell,PHP,1000000,5470,-197.76,WSL030330
2025-09-07,sell,BHD,4000,3244,-3.773,WSL030330
2025-09-07,sell,EUR,6500,2332.2,-0.233,WSL030330
2025-09-07,sell,GBP,4000,1657,2.54,WSL030330
2025-09-07,sell,JOD,1000,432.5,-0.62,WSL030330
2025-09-07,sell,OMR,1000,794.15,-1.175,WSL030330
2025-09-07,sell,TRY,50000,375.75,-27.144,WSL030330
2025-09-07,sell,TRY,300000,2262,-155.367,WSL030330
2025-09-07,sell,AED,50000,4166,-6.799,WSL030330
2025-09-07,sell,AZN,10000,1822,-68.124,WSL030330
2025-09-07,sell,INR,200000,704,-24.756,WSL030330
2025-09-07,sell,OMR,2000,1588.5,-2.149,WSL030330
2025-09-07,sell,USD,50000,15312.5,2.5,WSL030330
2025-09-07,sell,USD,9942,3041.258,-2.982,WSL030330
2025-09-07,sell,GBP,5000,2071.25,3.175,WSL030330
2025-09-07,sell,GEL,10000,1155,-36.44,WSL030330
2025-09-07,sell,USD,8610,2633.799,-2.583,WSL030330
2025-09-07,sell,EUR,6000,2151,-2.015,WSL030330
2025-09-07,sell,USD,24500,7494.55,-7.35,WSL030330
2025-09-07,buy,MAD,9650,344.987,24.367,WSL030330
2025-09-07,buy,SGD,519,122.484,1.187,WSL030330
2025-09-07,buy,USD,1150,347.3,4.83,WSL030330
2025-09-07,sell,USD,500000,153075,-25,WSL030330
2025-09-07,sell,AED,30000,2498.4,-5.279,WSL030330
2025-09-07,sell,AED,50000,4166,-6.799,WSL030330
2025-09-07,sell,EUR,10000,3587.5,-0.858,WSL030330
2025-09-07,sell,GBP,5000,2071.25,3.175,WSL030330
2025-09-07,sell,GEL,10000,1155,-36.44,WSL030330
2025-09-07,sell,JOD,5000,2163,-2.6,WSL030330
2025-09-07,sell,THB,500000,4787.5,3.125,WSL030330
2025-09-07,buy,GBP,10,3.85,0.272,WSL030330
2025-09-07,buy,SAR,35,2.783,0.065,WSL030330
2025-09-07,buy,SAR,100,7.95,0.187,WSL030330
2025-09-07,buy,USD,100,30.2,0.315,WSL030330
2025-09-07,buy,USD,100,30.2,0.315,WSL030330
2025-09-07,buy,USD,100,30.2,0.315,WSL030330
2025-09-07,buy,AED,1300,107.428,0.693,WSL030330
2025-09-07,buy,USD,20,6.04,0.063,WSL030330
2025-09-07,buy,USD,100,30.2,0.315,WSL030330
2025-09-07,buy,USD,100,30.2,0.315,WSL030330
2025-09-07,buy,AED,700000,58218.861,-0.001,WSL030330
2025-09-07,buy,AMD,2000000,1672.054,23.226,WSL030330
2025-09-07,buy,CNY,300000,12930.085,-0.001,WSL030330
2025-09-07,buy,CZK,500000,7442.683,-112.983,WSL030330
2025-09-07,buy,EUR,200000,71594.293,-73.237,WSL030330
2025-09-07,buy,GBP,50000,20670.861,-61.03,WSL030330
2025-09-07,buy,KWD,428269.25,426730.977,1538.273,WSL030330
2025-09-06,sell,AED,50000,4170,-2.799,WSL030330
2025-09-06,sell,EGP,50000,335,-35.655,WSL030330
2025-09-06,sell,EUR,5000,1796.25,2.071,WSL030330
2025-09-06,sell,GBP,5000,2074.5,6.425,WSL030330
2025-09-06,sell,SAR,40000,3260,-6.133,WSL030330
2025-09-06,sell,USD,70000,21434,0,WSL030330
2025-09-06,sell,CZK,60000,912,29.41,WSL030330
2025-09-06,sell,EGP,60000,402,-42.786,WSL030330
2025-09-06,sell,JPY,500000,1045,6.825,WSL030330
2025-09-06,sell,MAD,10000,365,-17.75,WSL030330
2025-09-06,sell,PHP,30000,164.1,-5.933,WSL030330
2025-09-06,sell,TRY,50000,375.75,-27.144,WSL030330
2025-09-06,sell,USD,30000,9183,-3,WSL030330
2025-09-06,sell,EUR,10000,3590,1.642,WSL030330
2025-09-06,sell,THB,300000,2865,-5.625,WSL030330
2025-09-06,sell,TRY,200000,1503,-108.578,WSL030330
2025-09-06,sell,USD,71628,21953.982,21.488,WSL030330
2025-09-06,sell,AED,200000,16680,-11.196,WSL030330
2025-09-06,sell,EUR,10000,3590,1.642,WSL030330
2025-09-06,sell,USD,4708,1441.119,-0.471,WSL030330
2025-09-06,sell,AED,24820,2069.998,-1.379,WSL030330
2025-09-06,sell,NPR,100000,237,-13.983,WSL030330
2025-09-06,sell,USD,30000,9183,-3,WSL030330
2025-09-06,sell,THB,160000,1528,-3,WSL030330
2025-09-06,sell,USD,20000,6122,-2,WSL030330
2025-09-06,sell,SAR,300000,24435,-60.999,WSL030330
2025-09-06,sell,EUR,50000,17844.39,-97.399,WSL030330
2025-09-06,sell,EUR,100000,35716.32,-167.258,WSL030330
2025-09-06,sell,THB,4000000,38068,-207,WSL030330
2025-09-06,sell,USD,200000,61290,50,WSL030330
2025-09-06,sell,TRY,200000,1503,-108.578,WSL030330
2025-09-06,buy,EUR,200,70,1.767,WSL030330
2025-09-06,buy,USD,3000,906,12.6,WSL030330
2025-09-06,sell,CNY,20000,866,1.028,WSL030330
2025-09-06,sell,QAR,30000,2515.5,3.948,WSL030330
2025-09-06,sell,RUB,150000,573.75,-30.592,WSL030330
2025-09-06,sell,TRY,200000,1503,-108.578,WSL030330
2025-09-06,sell,PHP,100000,546,-20.776,WSL030330
2025-09-06,buy,SAR,320000,26000,129.066,WSL030330
2025-09-06,sell,INR,200000,706,-22.756,WSL030330
2025-09-06,sell,PHP,100000,547,-19.776,WSL030330
2025-09-06,sell,THB,400000,3832,4.5,WSL030330
2025-09-06,sell,USD,68327,20914.895,-6.832,WSL030330
2025-09-06,buy,IQD,10000000,2220,90.9,WSL030330
2025-09-06,sell,BDT,100000,257,-21.336,WSL030330
2025-09-06,sell,EGP,200000,1344,-138.62,WSL030330
2025-09-06,sell,NPR,100000,235,-15.983,WSL030330
2025-09-06,sell,SAR,80000,6520,-12.266,WSL030330
2025-09-06,sell,THB,200000,1916,2.25,WSL030330
2025-09-06,sell,QAR,80000,6708,10.529,WSL030330
2025-09-06,sell,THB,500000,4775,-9.375,WSL030330
2025-09-06,sell,USD,40000,12242,-6,WSL030330
2025-09-06,sell,EUR,15000,5385,2.463,WSL030330
2025-09-06,sell,AZN,10000,1822.5,-67.624,WSL030330
2025-09-06,sell,INR,200000,700,-28.756,WSL030330
2025-09-06,sell,JOD,5000,2163.75,-1.85,WSL030330
2025-09-06,sell,THB,500000,4790,5.625,WSL030330
2025-09-06,sell,TRY,200000,1503,-108.578,WSL030330
2025-09-06,buy,AED,500000,41619.008,108.982,WSL030330
2025-09-06,buy,BDT,1000000,2547.083,236.277,WSL030330
2025-09-06,buy,CNY,200000,8630.524,19.194,WSL030330
2025-09-06,buy,MYR,100000,7277.381,65.545,WSL030330
2025-09-06,buy,PHP,1000000,5419.326,248.434,WSL030330
2025-09-06,buy,SAR,500000,40715.333,111.332,WSL030330
2025-09-06,buy,THB,8000000,75985.08,564.92,WSL030330
2025-09-06,buy,AED,1050000,87399.918,228.861,WSL030330
2025-09-06,buy,CNY,100000,4304.93,19.929,WSL030330
2025-09-06,buy,INR,5000000,17406.035,812.865,WSL030330
2025-09-06,buy,OMR,30000,23810.699,49.041,WSL030330
2025-09-06,buy,RUB,1000000,3835.006,193.944,WSL030330
2025-09-06,buy,THB,5000000,47461.18,382.57,WSL030330
2025-09-06,buy,USD,55000,16810.75,30.25,WSL030330
2025-09-03,sell,CZK,250000,3787.5,127.622,WSL030330
2025-09-03,buy,IQD,10000000,2220,90.9,WSL030330
2025-09-03,sell,THB,300000,2854.5,-16.125,WSL030330
2025-09-03,sell,TRY,200000,1502,-109.578,WSL030330
2025-09-03,sell,USD,150000,45945,97.5,WSL030330
2025-09-03,sell,EGP,150000,1015.5,-94.468,WSL030330
2025-09-03,buy,CZK,15000,221.25,-2.762,WSL030330
2025-09-03,buy,EUR,150,52.5,0.949,WSL030330
2025-09-03,sell,THB,300000,2859,-6.468,WSL030330
2025-09-03,sell,BHD,2000,1624,3.031,WSL030330
2025-09-03,sell,GBP,7500,3079.5,9.781,WSL030330
2025-09-03,sell,USD,30000,9189,19.5,WSL030330
2025-09-03,sell,EUR,8000,2852.8,2.675,WSL030330
2025-09-03,sell,AED,50000,4170,4.696,WSL030330
2025-09-03,sell,USD,30000,9189,19.5,WSL030330
2025-09-03,sell,AED,20000,1668,1.878,WSL030330
2025-09-03,sell,EUR,10000,3567.5,4.844,WSL030330
2025-09-03,sell,USD,50000,15315,32.5,WSL030330
2025-09-03,sell,GEL,10000,1155,-34.3,WSL030330
2025-09-03,sell,USD,30000,9204,34.5,WSL030330
2025-09-03,sell,USD,50000,15315,32.5,WSL030330
2025-09-03,sell,USD,4012,1228.876,2.608,WSL030330
2025-09-03,sell,SAR,300000,24465,12.999,WSL030330
2025-09-03,sell,USD,15086,4629.29,18.254,WSL030330
2025-09-03,sell,USD,50000,15310,27.5,WSL030330
2025-09-03,sell,USD,30000,9186,16.5,WSL030330
2025-09-03,sell,USD,30000,9201,31.5,WSL030330
2025-09-03,sell,USD,30000,9189,19.5,WSL030330
2025-09-03,sell,AED,10000,834.1,1.039,WSL030330
2025-09-03,sell,BHD,2000,1625,4.031,WSL030330
2025-09-03,sell,USD,25000,7657.5,16.25,WSL030330
2025-09-03,sell,GBP,10000,4107.5,26.461,WSL030330
2025-09-03,sell,TRY,400000,3008,-209.368,WSL030330
2025-09-03,sell,USD,10000,3063,6.5,WSL030330
2025-09-03,sell,AED,50000,4170.5,5.196,WSL030330
2025-09-03,sell,BHD,2000,1624,3.031,WSL030330
2025-09-03,sell,USD,30000,9189,19.5,WSL030330
2025-09-03,sell,AED,100000,8340,9.392,WSL030330
2025-09-03,sell,THB,200000,1908,-2.312,WSL030330
2025-09-03,sell,USD,44512,13633.999,28.906,WSL030330
2025-09-03,sell,USD,17372,5321.044,11.292,WSL030330
2025-09-03,sell,USD,22213,6804,14.597,WSL030330
2025-09-03,buy,EGP,200000,1330,149.958,WSL030330
2025-09-03,sell,EUR,10000,3568,16.958,WSL030330
2025-09-03,sell,USD,20000,6126,13,WSL030330
2025-09-03,sell,EUR,25000,8900,9.406,WSL030330
2025-09-03,sell,USD,100000,30611,46,WSL030330
2025-09-03,sell,EUR,220000,78320,82.768,WSL030330
2025-09-03,sell,GBP,75000,30750,91.777,WSL030330
2025-09-03,sell,USD,400000,122444,184,WSL030330
2025-09-03,buy,CZK,300000,4497.789,-142.146,WSL030330
2025-09-03,sell,USD,70000,21434,38.5,WSL030330
2025-09-03,buy,BHD,30000,24315.831,-1.289,WSL030330
2025-09-03,buy,EUR,50000,17819.395,-38.206,WSL030330
2025-09-03,buy,EUR,50000,17853.016,-71.827,WSL030330
2025-09-03,buy,EUR,200000,71185.885,-61.129,WSL030330
2025-09-03,buy,GBP,50000,20486.191,-47.375,WSL030330
2025-09-03,buy,GEL,150000,17268.362,571.132,WSL030330
2025-09-03,buy,OMR,10000,7936.9,2.061,WSL030330
2025-09-03,buy,TRY,4000000,29965.688,2207.992,WSL030330
2025-09-03,buy,USD,500000,152855.565,-30.565,WSL030330
2025-09-03,buy,USD,900000,275497.628,-412.628,WSL030330
2025-09-03,buy,AED,1000000,83272.034,34.046,WSL030330
2025-09-03,buy,BHD,10000,8103.128,1.719,WSL030330
2025-09-03,buy,EUR,50000,17804.113,-22.924,WSL030330
2025-09-03,buy,EUR,50000,17816.339,-35.15,WSL030330
2025-09-03,buy,EUR,100000,35629.621,-67.243,WSL030330
2025-09-03,buy,SAR,100000,8142.416,8.251,WSL030330
2025-09-03,buy,SAR,400000,32565.325,37.343,WSL030330
2025-09-03,buy,USD,500000,152825,0,WSL030330
2025-09-02,sell,USD,50000,15282.5,12.5,WSL030330
2025-09-02,sell,BAM,10000,1892.5,-40.411,WSL030330
2025-09-02,sell,TRY,600000,4512,-310.104,WSL030330
2025-09-02,sell,THB,299000,2843.49,-10.091,WSL030330
2025-09-02,sell,USD,300,91.71,0.09,WSL030330
2025-09-02,sell,EGP,100000,672,-67.373,WSL030330
2025-09-02,sell,INR,150000,522.75,-22.389,WSL030330
2025-09-02,sell,SAR,20000,1628,-0.8,WSL030330
2025-09-02,sell,BHD,2000,1621,1.356,WSL030330
2025-09-02,sell,KRW,20000000,4450,69.8,WSL030330
2025-09-02,sell,USD,100000,30610,70,WSL030330
2025-09-02,sell,SAR,130000,10588.5,1.3,WSL030330
2025-09-02,sell,EUR,10000,3580,23.617,WSL030330
2025-09-02,sell,USD,20000,6122,14,WSL030330
2025-09-02,sell,USD,150000,45840,30,WSL030330
2025-09-02,sell,USD,5000,1535,8,WSL030330
2025-09-02,sell,CNY,10000,431.5,0.144,WSL030330
2025-09-02,sell,INR,100000,350,-13.426,WSL030330
2025-09-02,sell,THB,100000,952,-2.375,WSL030330
2025-09-02,sell,USD,160000,48976,112,WSL030330
2025-09-02,sell,AED,30000,2497.8,0.662,WSL030330
2025-09-02,sell,BAM,5000,946.25,-20.206,WSL030330
2025-09-02,sell,BHD,4000,3241.6,2.313,WSL030330
2025-09-02,sell,EGP,100000,673,-66.373,WSL030330
2025-09-02,sell,GEL,10000,1154,-20.615,WSL030330
2025-09-02,sell,OMR,2000,1587.5,1.006,WSL030330
2025-09-02,sell,USD,10000,3056.5,2.5,WSL030330
2025-09-02,sell,USD,11105,3394.243,2.776,WSL030330
2025-09-02,sell,EUR,5000,1790,11.045,WSL030330
2025-09-02,sell,USD,10000,3056.5,2.5,WSL030330
2025-09-02,sell,AED,50000,4163,1.103,WSL030330
2025-09-02,sell,EUR,10000,3580,22.09,WSL030330
2025-09-02,sell,USD,29403,8987.027,7.351,WSL030330
2025-09-02,sell,USD,50000,15282.5,12.5,WSL030330
2025-09-02,sell,SAR,36000,2931.998,0.158,WSL030330
2025-09-02,sell,USD,20000,6113,5,WSL030330
2025-09-02,buy,JOD,100000,43222.5,-23.67,WSL030330
2025-09-02,sell,JOD,5000,2161.25,1.308,WSL030330
2025-09-02,sell,SAR,147500,12013.875,1.475,WSL030330
2025-09-02,sell,TRY,200000,1506,-101.368,WSL030330
2025-09-02,sell,USD,20000,6122,14,WSL030330
2025-09-02,sell,BHD,2000,1621,1.356,WSL030330
2025-09-02,sell,RUB,200000,767,-36.684,WSL030330
2025-09-02,sell,TRY,400000,3008,-206.736,WSL030330
2025-09-02,sell,USD,20000,6113,5,WSL030330
2025-09-02,sell,USD,20000,6122,14,WSL030330
2025-09-02,sell,EUR,20000,7162,46.18,WSL030330
2025-09-02,sell,THB,1000000,9525,-18.75,WSL030330
2025-09-02,sell,TRY,1000000,7515,-521.84,WSL030330
2025-09-02,sell,USD,30000,9181.5,19.5,WSL030330
2025-09-02,sell,USD,55000,16810.75,13.75,WSL030330
2025-09-02,buy,CHF,10460,3885.89,89.821,WSL030330
2025-09-02,sell,BHD,2000,1620.8,1.156,WSL030330
2025-09-02,sell,CZK,100000,1510,55.853,WSL030330
2025-09-02,sell,EGP,200000,1346,-132.746,WSL030330
2025-09-02,sell,OMR,2000,1587.7,1.206,WSL030330
2025-09-02,sell,QAR,30000,2512.5,7.51,WSL030330
2025-09-02,sell,SAR,50000,4072.5,0.5,WSL030330
2025-09-02,sell,TRY,200000,1506,-101.368,WSL030330
2025-09-02,sell,USD,50000,15282.5,12.5,WSL030330
2025-09-02,sell,QAR,20000,1675,5.007,WSL030330
2025-09-02,sell,EUR,10000,3581,23.09,WSL030330
2025-09-02,sell,JOD,10000,4322.5,2.617,WSL030330
2025-09-02,sell,THB,200000,1906,-2.75,WSL030330
2025-09-02,sell,TRY,200000,1503,-104.368,WSL030330
2025-09-02,sell,USD,100000,30565,25,WSL030330
2025-09-02,sell,GBP,50000,20642.5,-22.391,WSL030330
2025-09-02,sell,EGP,120000,808.8,-78.448,WSL030330
2025-09-02,sell,USD,110000,33665.5,71.5,WSL030330
2025-09-02,sell,PLN,10000,854,14.851,WSL030330
2025-09-02,buy,GBP,100000,41285,44.782,WSL030330
2025-09-02,sell,AED,30000,2498.4,1.262,WSL030330
2025-09-02,sell,EUR,15000,5371.5,9.44,WSL030330
2025-09-02,sell,QAR,20000,1675,5.007,WSL030330
2025-09-02,sell,TRY,200000,1506,-101.368,WSL030330
2025-09-02,buy,EUR,100000,35843.824,-127.294,WSL030330
2025-09-02,sell,AED,300000,24978,6.618,WSL030330
2025-09-02,sell,BDT,500000,1285,-103.045,WSL030330
2025-09-02,sell,CAD,20000,4456,15.756,WSL030330
2025-09-02,sell,EGP,600000,4050,-386.238,WSL030330
2025-09-02,sell,EUR,150000,53790,215.205,WSL030330
2025-09-02,sell,GBP,30000,12420,30.227,WSL030330
2025-09-02,sell,INR,4000000,14000,-537.04,WSL030330
2025-09-02,sell,SAR,1000000,81460,20,WSL030330
2025-09-02,sell,THB,700000,6653.5,-27.125,WSL030330
2025-09-02,sell,TRY,1000000,7530,-506.84,WSL030330
2025-09-02,sell,USD,1000000,306080,680,WSL030330
2025-09-02,buy,IDR,200000000,3763.4,242.6,WSL030330
2025-09-02,buy,KRW,50000000,11065.2,-87.2,WSL030330
2025-09-02,buy,THB,6000000,56959.902,302.598,WSL030330
2025-09-02,buy,BHD,20000,16193.001,3.435,WSL030330
2025-09-02,buy,CAD,20000,4450.922,-10.678,WSL030330
2025-09-02,buy,EUR,90000,32219.089,-74.212,WSL030330
2025-09-02,buy,SAR,500000,40673.361,46.639,WSL030330
2025-09-02,buy,SAR,500000,40678.779,41.221,WSL030330
2025-09-02,buy,USD,700000,213822.756,-42.756,WSL030330
2025-09-02,buy,AZN,200000,36303.12,1400.584,WSL030330
2025-09-02,buy,BHD,5000,4049.324,-0.215,WSL030330
2025-09-02,buy,EGP,2000000,13278.26,1509.2,WSL030330
2025-09-02,buy,INR,5000000,17401.71,769.59,WSL030330
2025-09-02,buy,TRY,8000000,60029.488,4265.232,WSL030330
2025-09-02,buy,USD,500000,152700,0,WSL030330
2025-09-02,buy,USD,1000000,305858.1,-458.1,WSL030330
2025-09-01,sell,THB,200000,1898,-10.75,WSL030330
2025-09-01,sell,USD,16000,4920,33.6,WSL030330
2025-09-01,sell,AED,70000,5828.2,1.544,WSL030330
2025-09-01,sell,CNY,50000,2162.5,5.72,WSL030330
2025-09-01,sell,CZK,65000,984.75,33.667,WSL030330
2025-09-01,sell,JPY,1000000,2090,16.26,WSL030330
2025-09-01,sell,MYR,50000,3652.5,-9.37,WSL030330
2025-09-01,sell,SAR,200000,16294,6,WSL030330
2025-09-01,sell,THB,1000000,9510,-33.75,WSL030330
2025-09-01,sell,USD,150000,45847.5,37.5,WSL030330
2025-09-01,sell,VND,13000000,154.05,3.38,WSL030330
2025-09-01,sell,INR,2000000,6990,-278.52,WSL030330
2025-09-01,sell,OMR,3770,2992.249,1.709,WSL030330
2025-09-01,sell,USD,100000,30605,65,WSL030330
2025-09-01,sell,USD,200000,61120,40,WSL030330
2025-09-01,sell,AED,30000,2497.8,0.662,WSL030330
2025-09-01,sell,BDT,50000,128,-10.804,WSL030330
2025-09-01,sell,EUR,13000,4660.5,5.043,WSL030330
2025-09-01,sell,GBP,8000,3312,5.862,WSL030330
2025-09-01,sell,INR,150000,525,-20.139,WSL030330
2025-09-01,sell,OMR,1000,793.4,0.153,WSL030330
2025-09-01,sell,OMR,2000,1587.4,0.906,WSL030330
2025-09-01,sell,SAR,100000,8145,1,WSL030330
2025-09-01,sell,USD,30000,9181.5,19.5,WSL030330
2025-09-01,sell,CZK,100000,1510,44.549,WSL030330
2025-09-01,sell,USD,30000,9181.5,19.5,WSL030330
2025-09-01,sell,LKR,200000,216,-10.222,WSL030330
2025-09-01,sell,TRY,100000,753.5,-50.184,WSL030330
2025-09-01,sell,USD,22580,6901.577,5.645,WSL030330
2025-09-01,sell,AED,139140,11586.188,4.461,WSL030330
2025-09-01,sell,AED,50000,4163,1.103,WSL030330
2025-09-01,sell,THB,200000,1900,-8.75,WSL030330
2025-09-01,sell,TRY,400000,3014,-200.736,WSL030330
2025-09-01,sell,AZN,10000,1818,-67.185,WSL030330
2025-09-01,sell,EGP,200000,1350,-128.746,WSL030330
2025-09-01,sell,THB,400000,3800,-17.5,WSL030330
2025-09-01,sell,TRY,200000,1507,-100.368,WSL030330
2025-09-01,sell,USD,30000,9181.5,19.5,WSL030330
2025-09-01,sell,EUR,30000,10752,11.387,WSL030330
2025-09-01,sell,RUB,500000,1917.5,-91.71,WSL030330
2025-09-01,sell,USD,50000,15282.5,12.5,WSL030330
2025-09-01,sell,TRY,380000,2863.3,-190.699,WSL030330
2025-09-01,sell,AED,50000,4162.5,0.603,WSL030330
2025-09-01,sell,JOD,5000,2161,1.058,WSL030330
2025-09-01,sell,USD,5000,1528.5,1.5,WSL030330
2025-09-01,sell,AZN,10000,1818,-67.185,WSL030330
2025-09-01,sell,CNY,50000,2160,3.22,WSL030330
2025-09-01,sell,TRY,400000,3014,-200.736,WSL030330
2025-09-01,sell,THB,200000,1902,-6.75,WSL030330
2025-09-01,sell,TRY,500000,3767.5,-250.92,WSL030330
2025-09-01,sell,THB,600000,5706,-20.25,WSL030330
2025-09-01,sell,THB,500000,4750,-21.875,WSL030330
2025-09-01,buy,EUR,100000,35805.096,-27.486,WSL030330
2025-08-31,sell,CZK,100000,1510,49.664,WSL030330
2025-08-31,sell,AED,30000,2498.4,1.262,WSL030330
2025-08-31,sell,EUR,10000,3579,6.736,WSL030330
2025-08-31,sell,USD,50000,15282.5,12.5,WSL030330
2025-08-31,sell,TRY,1000000,7530,-506.84,WSL030330
2025-08-31,sell,EUR,2500,895,1.934,WSL030330
2025-08-31,sell,AED,2000,166.6,0.124,WSL030330
2025-08-31,sell,AMD,2000000,1690,-6.66,WSL030330
2025-08-31,buy,AUD,14850,2929.163,39.572,WSL030330
2025-08-31,buy,PLN,20000,1700,-23.59,WSL030330
2025-08-31,sell,BHD,3000,2431.5,2.035,WSL030330
2025-08-31,sell,AED,35000,2914.45,1.122,WSL030330
2025-08-31,sell,AZN,5000,909,-33.593,WSL030330
2025-08-31,sell,BAM,5000,946.25,-20.206,WSL030330
2025-08-31,sell,TRY,400000,3016,-198.736,WSL030330
2025-08-31,sell,EUR,40000,14312,22.945,WSL030330
2025-08-31,sell,AED,50000,4163.5,1.603,WSL030330
2025-08-31,sell,CNY,40000,1724,-1.424,WSL030330
2025-08-31,sell,USD,20000,6114,6,WSL030330
2025-08-31,sell,USD,30000,9183,21,WSL030330
2025-08-31,sell,BHD,2000,1620.8,1.156,WSL030330
2025-08-31,sell,SAR,141500,11525.175,1.415,WSL030330
2025-08-31,sell,USD,40000,12226,10,WSL030330
2025-08-31,sell,AED,20000,1665.4,0.641,WSL030330
2025-08-31,sell,USD,7223,2207.71,1.806,WSL030330
2025-08-31,sell,USD,23792,7272.025,5.948,WSL030330
2025-08-31,sell,JOD,10000,4323,3.117,WSL030330
2025-08-31,sell,SAR,150130,12228,1.413,WSL030330
2025-08-31,sell,AED,100000,8327,3.206,WSL030330
2025-08-31,sell,AZN,10000,1818,-67.185,WSL030330
2025-08-31,sell,EUR,10000,3579,6.736,WSL030330
2025-08-31,sell,GEL,10000,1152.5,-22.115,WSL030330
2025-08-31,sell,USD,2416,738.499,0.653,WSL030330
2025-08-31,sell,TRY,100000,753,-50.684,WSL030330
2025-08-31,sell,EGP,200000,1350,-128.746,WSL030330
2025-08-31,sell,EUR,10000,3579,6.736,WSL030330
2025-08-31,sell,THB,200000,1900,-8.75,WSL030330
2025-08-31,sell,TRY,400000,3014,-200.736,WSL030330
2025-08-31,sell,USD,20000,6113,5,WSL030330
2025-08-31,sell,BHD,3000,2431.2,1.735,WSL030330
2025-08-31,sell,GEL,10000,1154,-20.615,WSL030330
2025-08-31,sell,JOD,5000,2161.5,1.558,WSL030330
2025-08-31,sell,TRY,400000,3016,-198.736,WSL030330
2025-08-31,sell,USD,20000,6113,5,WSL030330
2025-08-31,sell,AZN,5000,909,-33.593,WSL030330
2025-08-31,sell,BHD,2000,1621,1.356,WSL030330
2025-08-31,sell,INR,100000,350,-13.426,WSL030330
2025-08-31,sell,SAR,100000,8145,1,WSL030330
2025-08-31,sell,TRY,150000,1131,-74.526,WSL030330
2025-08-31,sell,USD,40000,12226,10,WSL030330
2025-08-31,sell,TRY,1000000,7525,-511.84,WSL030330
2025-08-31,sell,SAR,36000,2932.92,1.08,WSL030330
2025-08-31,sell,EUR,100000,35725,2.362,WSL030330
2025-08-31,sell,USD,505000,154479.5,252.5,WSL030330
2025-08-31,buy,BAM,200000,37472.393,1185.835,WSL030330
2025-08-31,buy,CZK,500000,7430.657,-128.977,WSL030330
2025-08-31,buy,EUR,50000,17835.36,25.959,WSL030330
2025-08-31,buy,EUR,50000,17842.995,18.324,WSL030330
2025-08-31,buy,EUR,100000,35725.692,-3.054,WSL030330
2025-08-31,buy,JOD,100000,43183.56,15.27,WSL030330
2025-08-31,buy,PLN,200000,16966.667,-202.567,WSL030330
2025-08-31,buy,TRY,5000000,37592.319,2591.881,WSL030330
2025-08-31,buy,TRY,7000000,52590.406,3667.474,WSL030330
2025-08-31,buy,USD,1500000,458832.96,-732.96,WSL030330
2025-08-31,buy,AMD,2000000,1668.852,27.808,WSL030330
2025-08-31,buy,AED,430,35.563,0.229,WSL030330
2025-08-31,buy,EUR,100,32,3.723,WSL030330
2025-08-31,buy,USD,2420,729.63,9.438,WSL030330
2025-08-31,buy,GEL,150000,17262.713,356.518,WSL030330
2025-08-31,sell,CHF,70000,27223,510.517,WSL030330
2025-08-30,sell,OMR,10000,7933,-2.065,WSL030330
2025-08-30,sell,EGP,2500000,16875,-1615.4,WSL030330
2025-08-30,sell,IDR,100000000,1910,-93,WSL030330
2025-08-30,sell,USD,40000,12304,84,WSL030330
2025-08-30,sell,USD,50000,15285,10,WSL030330
2025-08-30,sell,BHD,3000,2431.5,1.239,WSL030330
2025-08-30,sell,AZN,20000,3634,-137.605,WSL030330
2025-08-30,sell,GEL,20000,2305,-45,WSL030330
2025-08-30,sell,TRY,200000,1512,-95.894,WSL030330
2025-08-30,sell,USD,100000,30620,70,WSL030330
2025-08-30,sell,AED,5000,416.4,0.074,WSL030330
2025-08-30,sell,CHF,1000,383.5,1.768,WSL030330
2025-08-30,sell,EGP,100000,675,-64.616,WSL030330
2025-08-30,sell,EUR,10000,3581,7.566,WSL030330
2025-08-30,sell,JOD,6900,2982.87,1.175,WSL030330
2025-08-30,sell,QAR,25000,2093.75,5.575,WSL030330
2025-08-30,sell,SAR,165500,13483.285,0.551,WSL030330
2025-08-30,sell,THB,300000,2850,-14.064,WSL030330
2025-08-30,sell,USD,50000,15310,35,WSL030330
2025-08-30,sell,BAM,10000,1895,-38.544,WSL030330
2025-08-30,sell,INR,100000,351,-12.545,WSL030330
2025-08-30,sell,THB,700000,6650,-32.816,WSL030330
2025-08-30,sell,TRY,200000,1510,-97.894,WSL030330
2025-08-30,sell,USD,20000,6114,4,WSL030330
2025-08-30,sell,AZN,20000,3634,-137.605,WSL030330
2025-08-30,sell,CHF,5000,1917.5,8.841,WSL030330
2025-08-30,sell,IDR,100000000,1905,-98,WSL030330
2025-08-30,sell,THB,1000000,9490,-56.88,WSL030330
2025-08-30,sell,TRY,100000,756,-47.947,WSL030330
2025-08-30,sell,USD,20860,6377.002,4.272,WSL030330
2025-08-30,sell,USD,27455,8392.999,5.497,WSL030330
2025-08-30,sell,GBP,5000,2070,5.584,WSL030330
2025-08-30,sell,GEL,10000,1152.5,-22.5,WSL030330
2025-08-30,sell,USD,101369,30988.502,20.272,WSL030330
2025-08-30,sell,USD,40000,12228,8,WSL030330
2025-08-30,sell,AED,30000,2498.4,0.444,WSL030330
2025-08-30,sell,PLN,5000,427.5,8.26,WSL030330
2025-08-30,sell,AED,40000,3330,-0.608,WSL030330
2025-08-30,sell,EUR,7000,2506,4.597,WSL030330
2025-08-30,sell,THB,200000,1900,-9.376,WSL030330
2025-08-30,buy,JOD,6900,2982.525,-0.83,WSL030330
2025-08-30,sell,AED,50000,4164,0.74,WSL030330
2025-08-30,sell,BHD,3000,2431.5,1.239,WSL030330
2025-08-30,sell,INR,100000,350,-13.545,WSL030330
2025-08-30,sell,OMR,3000,2381.25,0.731,WSL030330
2025-08-30,sell,THB,500000,4750,-23.44,WSL030330
2025-08-30,sell,USD,20000,6114,4,WSL030330
2025-08-30,sell,USD,30000,9186,21,WSL030330
2025-08-30,sell,USD,50000,15285,10,WSL030330
2025-08-30,sell,EUR,10000,3581,7.566,WSL030330
2025-08-30,sell,SAR,100000,8147,0.333,WSL030330
2025-08-30,sell,THB,300000,2850,-14.064,WSL030330
2025-08-30,sell,AED,20000,1665.7,0.396,WSL030330
2025-08-30,sell,EGP,200000,1350,-129.232,WSL030330
2025-08-30,sell,INR,100000,350,-13.545,WSL030330
2025-08-30,sell,SAR,100000,8145,-1.667,WSL030330
2025-08-30,sell,THB,200000,1900,-9.376,WSL030330
2025-08-30,sell,USD,9000,2751.3,1.8,WSL030330
2025-08-30,sell,USD,30000,9171,6,WSL030330
2025-08-30,sell,TRY,200000,1520,-87.894,WSL030330
2025-08-30,sell,EUR,50000,17900,32.832,WSL030330
2025-08-30,sell,USD,100000,30616,66,WSL030330
2025-08-30,buy,CHF,20000,7656.856,-22.219,WSL030330
2025-08-30,buy,EUR,100000,35806.641,-72.306,WSL030330
2025-08-30,buy,TRY,1500000,11325.018,734.187,WSL030330
2025-08-30,buy,USD,40000,12252.456,-32.456,WSL030330
2025-08-30,buy,USD,40000,12254.9,-34.9,WSL030330
2025-08-30,buy,USD,400000,122463.42,-263.42,WSL030330
2025-08-30,sell,USD,20000,6114,4,WSL030330
2025-08-30,sell,USD,30000,9187.5,22.5,WSL030330
2025-08-30,buy,BHD,10529,8520.82,8.586,WSL030330
2025-08-30,buy,CNY,400000,17174.981,84.907,WSL030330
2025-08-30,buy,KWD,5487,5478.034,8.966,WSL030330
2025-08-30,buy,PHP,2000000,10852.57,457.03,WSL030330
2025-08-30,buy,PHP,2000000,10871.884,437.716,WSL030330
2025-08-30,buy,QAR,294700,24632.243,-16.836,WSL030330
2025-08-30,buy,THB,2000000,18975.154,118.606,WSL030330
2025-08-30,buy,INR,5000000,17417.33,759.92,WSL030330
2025-08-30,buy,RUB,1000000,3813.983,205.757,WSL030330
2025-08-30,buy,THB,5000000,47408.44,325.96,WSL030330
2025-08-30,buy,AED,160000,13300.68,21.75,WSL030330
2025-08-30,buy,BDT,2000000,5091.666,462.334,WSL030330
2025-08-30,buy,BHD,5250,4248.675,4.282,WSL030330
2025-08-30,buy,KWD,23300,23235.352,64.648,WSL030330
2025-08-30,buy,NPR,3000000,6834.453,677.817,WSL030330
2025-08-30,buy,OMR,23100,18291.991,38.009,WSL030330
2025-08-30,buy,SAR,664500,54055.319,79.283,WSL030330
2025-08-28,sell,AZN,10000,1818,-67.802,WSL030330
2025-08-28,sell,PLN,4000,342.8,8.482,WSL030330
2025-08-28,sell,EUR,10000,3565,-4.768,WSL030330
2025-08-28,sell,GBP,5000,2070,3.904,WSL030330
2025-08-28,sell,USD,30000,9172.5,7.5,WSL030330
2025-08-28,sell,EGP,300000,2025,-193.848,WSL030330
2025-08-28,sell,RUB,1000000,3835,-184.74,WSL030330
2025-08-28,sell,THB,1000000,9460,-86.88,WSL030330
2025-08-28,sell,EUR,40000,14260,-0.74,WSL030330
2025-08-28,sell,MYR,10000,728.5,-4.114,WSL030330
2025-08-28,sell,THB,500000,4730,-43.44,WSL030330
2025-08-28,sell,USD,30000,9172.5,7.5,WSL030330
2025-08-28,sell,EUR,10000,3565,-0.185,WSL030330
2025-08-28,sell,GBP,6000,2484.6,8.95,WSL030330
2025-08-28,sell,USD,150000,45862.5,37.5,WSL030330
2025-08-28,sell,AED,40000,3331.6,0.992,WSL030330
2025-08-28,sell,EUR,7000,2495.5,4.148,WSL030330
2025-08-28,sell,THB,300000,2841,-23.064,WSL030330
2025-08-28,sell,EGP,200000,1350,-129.232,WSL030330
2025-08-28,sell,THB,300000,2842.5,-21.564,WSL030330
2025-08-28,sell,USD,10000,3057.5,2.5,WSL030330
2025-08-28,sell,CNY,50000,2152.5,-4.986,WSL030330
2025-08-28,sell,JOD,10000,4322,0.702,WSL030330
2025-08-28,sell,TRY,160000,1209.6,-76.715,WSL030330
2025-08-28,sell,USD,50000,15287.5,12.5,WSL030330
2025-08-28,sell,AED,100000,8328,1.481,WSL030330
2025-08-28,sell,CNY,50000,2155,-2.486,WSL030330
2025-08-28,sell,OMR,3000,2381.25,0.731,WSL030330
2025-08-28,sell,TRY,700000,5285,-342.629,WSL030330
2025-08-28,sell,EGP,150000,1012.5,-96.924,WSL030330
2025-08-28,sell,THB,300000,2844,-20.064,WSL030330
2025-08-28,sell,TRY,300000,2265,-146.841,WSL030330
2025-08-28,sell,USD,30000,9172.5,7.5,WSL030330
2025-08-28,sell,BAM,3000,567,-13.063,WSL030330
2025-08-28,sell,BHD,2000,1622,1.826,WSL030330
2025-08-28,sell,CHF,1000,382.75,1.495,WSL030330
2025-08-28,sell,EUR,10000,3565,7.758,WSL030330
2025-08-28,sell,GBP,10000,4140,15.444,WSL030330
2025-08-28,sell,GEL,5000,576.25,-11.25,WSL030330
2025-08-28,sell,LKR,139000,150.12,-7.156,WSL030330
2025-08-28,sell,THB,400000,3786,-32.752,WSL030330
2025-08-28,sell,USD,50000,15310,35,WSL030330
2025-08-28,sell,EGP,200000,1350,-129.232,WSL030330
2025-08-28,sell,GEL,10000,1152.5,-22.5,WSL030330
2025-08-28,sell,THB,500000,4737.5,-35.94,WSL030330
2025-08-28,sell,USD,50000,15310,35,WSL030330
2025-08-28,sell,INR,5000,17.55,-0.627,WSL030330
2025-08-28,sell,AED,10000,832.7,0.048,WSL030330
2025-08-28,sell,PLN,20000,1709,41.606,WSL030330
2025-08-28,sell,THB,800000,7580,-57.504,WSL030330
2025-08-28,sell,USD,73743,22546.922,18.436,WSL030330
2025-08-28,sell,EUR,5000,1780,1.379,WSL030330
2025-08-28,sell,TRY,200000,1512,-95.894,WSL030330
2025-08-28,sell,USD,22407,6850.94,5.602,WSL030330
2025-08-28,sell,KRW,10000000,2224,23.6,WSL030330
2025-08-28,buy,CHF,50000,19125,-62.227,WSL030330
2025-08-28,sell,EGP,2000000,13437.36,-1354.96,WSL030330
2025-08-28,sell,USD,30000,9174,9,WSL030330
2025-08-28,sell,USD,30000,9180,15,WSL030330
2025-08-28,sell,USD,50000,15287.5,12.5,WSL030330
2025-08-28,sell,AED,100000,8328,1.481,WSL030330
2025-08-28,sell,EUR,20000,7130,15.516,WSL030330
2025-08-28,sell,OMR,3000,2381.4,0.881,WSL030330
2025-08-28,sell,USD,90000,27517.5,22.5,WSL030330
2025-08-28,sell,BAM,5000,945,-21.772,WSL030330
2025-08-28,sell,THB,200000,1894,-15.376,WSL030330
2025-08-28,sell,TRY,50000,377.5,-24.474,WSL030330
2025-08-28,sell,EUR,100000,35600,45.91,WSL030330
2025-08-28,buy,AED,900000,74877.451,61.22,WSL030330
2025-08-28,buy,BHD,1225,991.752,0.605,WSL030330
2025-08-28,buy,CNY,200000,8587.491,42.453,WSL030330
2025-08-28,buy,IDR,200000000,3790.4,215.6,WSL030330
2025-08-28,buy,KWD,1542.5,1539.98,2.52,WSL030330
2025-08-28,buy,QAR,228600,19055.198,39.074,WSL030330
2025-08-28,buy,RUB,2000000,7627.966,411.514,WSL030330
2025-08-28,buy,SAR,500000,40695.351,37.984,WSL030330
2025-08-28,buy,THB,12000000,113323.032,1239.528,WSL030330
2025-08-28,buy,AED,200000,16646.233,6.805,WSL030330
2025-08-28,buy,EGP,7000000,47000,4773.12,WSL030330
2025-08-28,buy,EUR,50000,17723.583,53.462,WSL030330
2025-08-28,buy,EUR,50000,17732.748,44.297,WSL030330
2025-08-28,buy,EUR,100000,35544.925,9.165,WSL030330
2025-08-28,buy,GBP,20000,8217.95,34.216,WSL030330
2025-08-28,buy,KWD,25000,24959.15,40.85,WSL030330
2025-08-28,buy,QAR,230000,19219.092,-7.882,WSL030330
2025-08-28,buy,SAR,300000,24415.259,24.742,WSL030330
2025-08-28,buy,SAR,700000,56961.351,65.318,WSL030330
2025-08-28,buy,USD,150000,45834.165,-9.165,WSL030330
2025-08-27,sell,USD,50000,15310,30,WSL030330
2025-08-27,sell,USD,250000,76450,50,WSL030330
2025-08-27,sell,EUR,10000,3559,15.874,WSL030330
2025-08-27,sell,SYP,10000000,330,-29.5,WSL030330
2025-08-27,sell,QAR,40000,3350,7.826,WSL030330
2025-08-27,sell,SAR,75000,6115.999,3.999,WSL030330
2025-08-27,sell,EGP,200000,1350,-129.716,WSL030330
2025-08-27,sell,MYR,20000,1460,-5.707,WSL030330
2025-08-27,sell,PHP,100000,548,-17.666,WSL030330
2025-08-27,sell,THB,200000,1896,-14,WSL030330
2025-08-27,sell,THB,1000000,9465,-85,WSL030330
2025-08-27,sell,TRY,100000,756,-48.211,WSL030330
2025-08-27,buy,MAD,71920,2596.312,151.032,WSL030330
2025-08-27,sell,AED,130000,10829,0.982,WSL030330
2025-08-27,sell,AED,30000,2499,0.226,WSL030330
2025-08-27,sell,BDT,100000,258,-19.79,WSL030330
2025-08-27,sell,PHP,100000,548,-17.666,WSL030330
2025-08-27,sell,THB,300000,2839.5,-25.5,WSL030330
2025-08-27,sell,USD,15000,4591.749,7.749,WSL030330
2025-08-27,sell,QAR,40000,3350,7.826,WSL030330
2025-08-27,sell,BAM,5000,945,-22.089,WSL030330
2025-08-27,sell,SAR,200000,16298,-0.666,WSL030330
2025-08-27,sell,BAM,20000,3770,-98.354,WSL030330
2025-08-27,sell,CHF,5000,1907.5,14.068,WSL030330
2025-08-27,sell,EGP,200000,1350,-129.716,WSL030330
2025-08-27,sell,EUR,20000,7120,34.358,WSL030330
2025-08-27,sell,MYR,50000,3645,-19.268,WSL030330
2025-08-27,sell,PHP,100000,548,-17.666,WSL030330
2025-08-27,sell,THB,1000000,9460,-90,WSL030330
2025-08-27,sell,TRY,1000000,7550,-492.11,WSL030330
2025-08-27,sell,USD,30000,9174,6,WSL030330
2025-08-27,sell,AED,50000,4165,0.378,WSL030330
2025-08-27,sell,EUR,10000,3560,17.179,WSL030330
2025-08-27,sell,SAR,150000,12223.5,-0.5,WSL030330
2025-08-27,sell,TRY,400000,3022,-194.844,WSL030330
2025-08-27,sell,AZN,10000,1818,-68.42,WSL030330
2025-08-27,sell,SAR,140500,11449.345,-0.468,WSL030330
2025-08-27,sell,THB,500000,4732.5,-42.5,WSL030330
2025-08-27,sell,THB,3000000,28395,-255,WSL030330
2025-08-27,sell,THB,500000,4732.5,-42.5,WSL030330
2025-08-27,sell,USD,60000,18366,30,WSL030330
2025-08-27,sell,TRY,60000,453.6,-28.927,WSL030330
2025-08-27,sell,USD,2000,611.6,0.4,WSL030330
2025-08-27,sell,AED,50000,4165,0.378,WSL030330
2025-08-27,sell,EUR,20000,7120,23.357,WSL030330
2025-08-27,sell,MYR,20000,1458,-7.707,WSL030330
2025-08-27,sell,PLN,10000,855,22.053,WSL030330
2025-08-27,sell,THB,500000,4732.5,-42.5,WSL030330
2025-08-27,sell,TRY,400000,3022,-194.844,WSL030330
2025-08-27,sell,USD,30000,9183,15,WSL030330
2025-08-27,sell,AED,50000,4165,0.378,WSL030330
2025-08-27,sell,JOD,5000,2161.75,0.394,WSL030330
2025-08-27,sell,SAR,50000,4074.5,-0.166,WSL030330
2025-08-27,sell,SAR,35000,2850.75,-1.517,WSL030330
2025-08-27,sell,USD,24300,7430.94,4.86,WSL030330
2025-08-27,sell,EGP,150000,1015.5,-94.287,WSL030330
2025-08-27,sell,THB,500000,4735,-40,WSL030330
2025-08-27,sell,USD,53159,16274.495,29.105,WSL030330
2025-08-27,sell,USD,14400,4403.52,2.88,WSL030330
2025-08-27,sell,AED,100000,8331,1.755,WSL030330
2025-08-27,sell,THB,500000,4735,-40,WSL030330
2025-08-27,sell,USD,20187,6173.185,4.038,WSL030330
2025-08-27,buy,EUR,50000,17787.5,-45.892,WSL030330
2025-08-27,buy,SYP,10000000,295,64.5,WSL030330
2025-08-27,sell,EGP,200000,1420,-59.716,WSL030330
2025-08-27,sell,EUR,80000,28457.6,46.579,WSL030330
2025-08-27,sell,NZD,10000,1807,19.851,WSL030330
2025-08-27,sell,USD,200000,61187,67,WSL030330
2025-08-27,buy,AED,1000000,83258.412,34.038,WSL030330
2025-08-27,buy,EUR,40000,14269.075,-64.787,WSL030330
2025-08-27,buy,EUR,50000,17785.92,-30.56,WSL030330
2025-08-27,buy,EUR,100000,35556.56,-45.84,WSL030330
2025-08-27,buy,KWD,3000,2996.078,3.922,WSL030330
2025-08-27,buy,SAR,400000,32562.6,34.732,WSL030330
2025-08-27,buy,SAR,600000,48837.395,58.603,WSL030330
2025-08-27,buy,USD,300000,91698.336,-18.336,WSL030330
2025-08-26,sell,CZK,63500,952.5,29.961,WSL030330
2025-08-26,sell,USD,30000,9174,6,WSL030330
2025-08-26,sell,CNY,30000,1290,-1.268,WSL030330
2025-08-26,sell,EGP,400000,2720,-239.432,WSL030330
2025-08-26,sell,EUR,20000,7122,3.354,WSL030330
2025-08-26,sell,EUR,20000,7122,3.354,WSL030330
2025-08-26,sell,RUB,100000,385,-17.105,WSL030330
2025-08-26,sell,EUR,10000,3560,1.899,WSL030330
2025-08-26,sell,GBP,5000,2063,2.95,WSL030330
2025-08-26,sell,THB,300000,2841,-24,WSL030330
2025-08-26,sell,USD,30000,9180,12,WSL030330
2025-08-26,sell,TRY,390000,2944.5,-191.923,WSL030330
2025-08-26,sell,USD,10000,3067.5,11.5,WSL030330
2025-08-26,sell,EUR,15000,5340,6.058,WSL030330
2025-08-26,sell,IDR,50000000,955,-50.5,WSL030330
2025-08-26,sell,INR,500000,1767.5,-66.1,WSL030330
2025-08-26,sell,THB,300000,2841,-24,WSL030330
2025-08-26,sell,EGP,400000,2720,-239.432,WSL030330
2025-08-26,sell,USD,305000,93310.48,102.48,WSL030330
2025-08-26,sell,QAR,50000,4187.5,9.783,WSL030330
2025-08-26,sell,EUR,10000,3560,8.011,WSL030330
2025-08-26,sell,IDR,40000000,764,-40.4,WSL030330
2025-08-26,sell,JOD,10000,4324,1.288,WSL030330
2025-08-26,sell,PLN,6000,514.5,14.827,WSL030330
2025-08-26,sell,THB,300000,2841,-24,WSL030330
2025-08-26,sell,TRY,300000,2268,-144.633,WSL030330
2025-08-26,sell,EGP,200000,1360,-119.716,WSL030330
2025-08-26,sell,EUR,20000,7125,21.022,WSL030330
2025-08-26,sell,GBP,5000,2063.5,7.423,WSL030330
2025-08-26,sell,GEL,10000,1152.5,-22.885,WSL030330
2025-08-26,sell,THB,300000,2841,-24,WSL030330
2025-08-26,sell,USD,20000,6123,11,WSL030330
2025-08-26,sell,CNY,40000,1720,-1.69,WSL030330
2025-08-26,sell,GEL,10000,1152.5,-22.885,WSL030330
2025-08-26,sell,THB,400000,3788,-32,WSL030330
2025-08-26,sell,USD,79953,24449.627,15.99,WSL030330
2025-08-26,sell,EUR,5000,1777.5,1.506,WSL030330
2025-08-26,sell,INR,100000,355,-11.72,WSL030330
2025-08-26,sell,USD,10000,3058,2,WSL030330
2025-08-26,sell,AED,50000,4166,1.378,WSL030330
2025-08-26,sell,EUR,10000,3560,8.011,WSL030330
2025-08-26,sell,JOD,10000,4323.5,0.788,WSL030330
2025-08-26,sell,USD,1269,388.001,0.195,WSL030330
2025-08-26,sell,USD,50000,15307.5,27.5,WSL030330
2025-08-26,sell,EUR,10000,3560,8.011,WSL030330
2025-08-26,sell,IDR,40000000,764,-40.4,WSL030330
2025-08-26,sell,MYR,20000,1458,-7.707,WSL030330
2025-08-26,sell,RUB,500000,1925,-85.525,WSL030330
2025-08-26,sell,USD,40000,12232,8,WSL030330
2025-08-26,sell,AED,300000,24969.36,-18.375,WSL030330
2025-08-26,sell,BHD,10000,8103.448,-0.073,WSL030330
2025-08-26,sell,CAD,20000,4433.963,24.151,WSL030330
2025-08-26,sell,EUR,130000,46565.844,393.962,WSL030330
2025-08-26,sell,GBP,30000,12427.74,86.695,WSL030330
2025-08-26,sell,INR,4000000,14078.4,-590.4,WSL030330
2025-08-26,sell,PHP,500000,2737.45,-145.885,WSL030330
2025-08-26,sell,SAR,1000000,81455.8,-37.53,WSL030330
2025-08-26,sell,THB,1000000,9464.1,-85.9,WSL030330
2025-08-26,sell,TRY,1000000,7558.1,-484.01,WSL030330
2025-08-26,sell,USD,500000,152979.15,179.15,WSL030330
2025-08-26,buy,AED,600000,49974,1.47,WSL030330
2025-08-26,buy,AED,150000,12483.66,10.208,WSL030330
2025-08-26,buy,BHD,795,643.837,0.393,WSL030330
2025-08-26,buy,IDR,200000000,3804.6,217.4,WSL030330
2025-08-26,buy,INR,7000000,24518.053,1152.347,WSL030330
2025-08-26,buy,MYR,200000,14622.01,35.064,WSL030330
2025-08-26,buy,NZD,10000,1806.096,-20.781,WSL030330
2025-08-26,buy,SAR,1000000,81417.344,75.986,WSL030330
2025-08-26,buy,THB,10000000,94583.72,916.28,WSL030330
2025-08-25,sell,CZK,93000,1408.95,56.17,WSL030330
2025-08-25,sell,PLN,10000,859,21.001,WSL030330
2025-08-25,sell,THB,70000,663.999,-3.954,WSL030330
2025-08-25,sell,QAR,80000,6696,17.121,WSL030330
2025-08-25,buy,EUR,250,87.5,1.83,WSL030330
2025-08-25,sell,EGP,200000,1360,-118.504,WSL030330
2025-08-25,sell,INR,400000,1420,-45.68,WSL030330
2025-08-25,sell,PLN,10000,857.5,19.225,WSL030330
2025-08-25,sell,RUB,150000,580.5,-22.164,WSL030330
2025-08-25,buy,BHD,10200,8256.9,1.93,WSL030330
2025-08-25,sell,AED,100000,8326,3.569,WSL030330
2025-08-25,sell,EUR,10000,3582.5,8.073,WSL030330
2025-08-25,sell,EUR,10000,3582.5,8.073,WSL030330
2025-08-25,sell,GEL,10000,1154,-20.423,WSL030330
2025-08-25,sell,THB,200000,1894,-14.438,WSL030330
2025-08-25,sell,TRY,300000,2268,-142.659,WSL030330
2025-08-25,sell,CNY,20000,859,-1.141,WSL030330
2025-08-25,sell,EUR,10000,3582.5,8.073,WSL030330
2025-08-25,sell,OMR,1000,793.5,0.383,WSL030330
2025-08-25,sell,THB,100000,949,-5.219,WSL030330
2025-08-25,sell,TRY,60000,453.6,-28.532,WSL030330
2025-08-25,sell,USD,100000,30600,65,WSL030330
2025-08-25,sell,SAR,150000,12216,2,WSL030330
2025-08-25,sell,AED,100000,8327,4.569,WSL030330
2025-08-25,sell,BHD,4000,3241.6,2.843,WSL030330
2025-08-25,sell,EGP,40000,274,-21.701,WSL030330
2025-08-25,sell,GEL,10000,1154,-20.423,WSL030330
2025-08-25,sell,TRY,300000,2269.5,-141.159,WSL030330
2025-08-25,sell,NPR,200000,476,-32.896,WSL030330
2025-08-25,sell,USD,5000,1600,73.25,WSL030330
2025-08-25,sell,THB,164000,1554.72,-10.199,WSL030330
2025-08-25,sell,USD,20000,6114,7,WSL030330
2025-08-25,sell,BAM,10000,1894.5,-38.095,WSL030330
2025-08-25,sell,USD,37802,11567.499,24.658,WSL030330
2025-08-25,sell,USD,17065,5217.001,6.203,WSL030330
2025-08-25,sell,GBP,10000,4140,13.5,WSL030330
2025-08-25,sell,USD,19071,5830.001,6.671,WSL030330
2025-08-25,buy,EUR,25,8,0.946,WSL030330
2025-08-25,buy,USD,100,30.15,0.385,WSL030330
2025-08-25,buy,USD,140,42.21,0.539,WSL030330
2025-08-25,buy,SAR,800,63.2,1.941,WSL030330
2025-08-25,buy,EUR,50,16,1.892,WSL030330
2025-08-25,buy,SAR,100,7.9,0.243,WSL030330
2025-08-25,buy,EUR,200000,71549.612,18.32,WSL030330
2025-08-25,buy,GBP,100000,41396.3,-79.392,WSL030330
2025-08-24,sell,GEL,10000,1152.5,-21.923,WSL030330
2025-08-24,sell,INR,300000,1065,-34.26,WSL030330
2025-08-24,sell,THB,300000,2844,-18.657,WSL030330
2025-08-24,buy,MAD,60000,2160,130.125,WSL030330
2025-08-24,sell,USD,50000,15299,31.5,WSL030330
2025-08-24,sell,THB,300000,2841,-21.657,WSL030330
2025-08-24,sell,USD,40000,12228,14,WSL030330
2025-08-24,sell,THB,200000,1897,-11.438,WSL030330
2025-08-24,sell,EUR,50000,17910,10.383,WSL030330
2025-08-24,sell,USD,100000,30570,35,WSL030330
2025-08-24,sell,EUR,100000,35815,15.766,WSL030330
2025-08-24,sell,GBP,50000,20700,52.233,WSL030330
2025-08-24,sell,USD,300000,91707,102,WSL030330
2025-08-24,sell,EUR,10000,3585,5.077,WSL030330
2025-08-24,sell,USD,2136,652.975,0.747,WSL030330
2025-08-24,sell,USD,4590,1403.163,1.607,WSL030330
2025-08-24,sell,AZN,10000,1820,-64.876,WSL030330
2025-08-24,sell,EUR,20000,7170,10.153,WSL030330
2025-08-24,sell,OMR,2000,1589,2.766,WSL030330
2025-08-24,sell,TRY,200000,1515,-92.106,WSL030330
2025-08-24,sell,USD,18080,5527.056,6.328,WSL030330
2025-08-24,sell,AED,15000,1248.75,0.385,WSL030330
2025-08-24,sell,BHD,1000,810.25,0.561,WSL030330
2025-08-24,sell,EUR,10400,3730.48,7.36,WSL030330
2025-08-24,sell,EUR,10000,3567.5,-12.423,WSL030330
2025-08-24,sell,TRY,200000,1514,-93.106,WSL030330
2025-08-24,sell,USD,24736,7569.251,16.113,WSL030330
2025-08-24,sell,THB,3000000,28335,-291.57,WSL030330
2025-08-24,sell,AED,30000,2498.1,1.371,WSL030330
2025-08-24,sell,EUR,30000,10755,15.23,WSL030330
2025-08-24,sell,THB,1000000,9480,-62.19,WSL030330
2025-08-24,sell,USD,150000,45855,52.5,WSL030330
2025-08-24,sell,BHD,2000,1620.5,1.122,WSL030330
2025-08-24,sell,EUR,5000,1792.5,2.538,WSL030330
2025-08-24,sell,SAR,245000,19955.25,5.716,WSL030330
2025-08-24,sell,THB,200000,1896,-12.438,WSL030330
2025-08-24,sell,USD,20000,6120,13,WSL030330
2025-08-24,sell,AED,50000,4163.5,2.284,WSL030330
2025-08-24,sell,EUR,10000,3585,5.077,WSL030330
2025-08-24,sell,SAR,150000,12216,2,WSL030330
2025-08-24,sell,THB,200000,1896,-12.438,WSL030330
2025-08-24,sell,TRY,600000,4539,-282.318,WSL030330
2025-08-24,sell,USD,30000,9171,10.5,WSL030330
2025-08-24,sell,AED,35000,2914.45,1.599,WSL030330
2025-08-24,sell,GBP,5000,2072,7.223,WSL030330
2025-08-24,sell,JOD,5000,2161.25,1.662,WSL030330
2025-08-24,sell,PLN,10000,857.5,17.519,WSL030330
2025-08-24,sell,TRY,200000,1514,-93.106,WSL030330
2025-08-24,sell,USD,40000,12240,26,WSL030330
2025-08-24,sell,GBP,10000,4144,14.447,WSL030330
2025-08-24,sell,USD,20000,6120,13,WSL030330
2025-08-24,buy,EUR,200000,71622.896,-24.428,WSL030330
2025-08-24,buy,GBP,100000,41408.514,-112.98,WSL030330
2025-08-24,sell,BAM,30000,5682,-115.785,WSL030330
2025-08-24,sell,CNY,50000,2140,-10.352,WSL030330
2025-08-24,sell,GEL,20000,2304,-44.846,WSL030330
2025-08-24,sell,MYR,50000,3640,-21.271,WSL030330
2025-08-24,sell,USD,30000,9171,10.5,WSL030330
2025-08-24,sell,IQD,3000000,672,-19.35,WSL030330
2025-08-24,buy,AED,600000,49914.181,20.405,WSL030330
2025-08-24,buy,EGP,3000000,20447.544,1730.016,WSL030330
2025-08-24,buy,EUR,50000,17885.876,13.741,WSL030330
2025-08-24,buy,KWD,14000,13970.261,29.739,WSL030330
2025-08-24,buy,OMR,20000,15858.219,4.119,WSL030330
2025-08-24,buy,SAR,200000,16267.981,17.353,WSL030330
2025-08-24,buy,SAR,300000,24398.722,29.279,WSL030330
2025-08-24,buy,USD,50000,15267.5,0,WSL030330
2025-08-24,buy,USD,600000,183301.605,-91.605,WSL030330
2025-08-24,sell,THB,200000,1896,-12.438,WSL030330
2025-08-24,buy,GEL,100000,11498,246.231,WSL030330
2025-08-24,sell,THB,600000,5688,-37.314,WSL030330
2025-08-23,sell,EGP,200000,1368,-111.716,WSL030330
2025-08-23,sell,CZK,20000,303,10.825,WSL030330
2025-08-23,sell,EUR,10000,3587.5,4.646,WSL030330
2025-08-23,sell,AED,30000,2498.1,-0.674,WSL030330
2025-08-23,sell,BHD,1500,1216.125,0.597,WSL030330
2025-08-23,sell,CHF,2000,764,1.43,WSL030330
2025-08-23,sell,EUR,12000,4305,5.575,WSL030330
2025-08-23,sell,JOD,10000,4322.5,-0.212,WSL030330
2025-08-23,sell,SAR,76000,6190.2,-3.293,WSL030330
2025-08-23,sell,THB,100000,947,-8,WSL030330
2025-08-23,sell,EUR,10000,3585,2.146,WSL030330
2025-08-23,sell,GBP,5000,2072.5,6.033,WSL030330
2025-08-23,sell,INR,200000,710,-23.44,WSL030330
2025-08-23,sell,THB,100000,947,-8,WSL030330
2025-08-23,sell,TRY,360000,2727,-168.16,WSL030330
2025-08-23,sell,USD,130000,39741,13,WSL030330
2025-08-23,sell,CZK,50000,757.5,27.064,WSL030330
2025-08-23,sell,CHF,520,198.9,0.632,WSL030330
2025-08-23,sell,EUR,155,55.606,0.072,WSL030330
2025-08-23,sell,BAM,70000,13265,-274.24,WSL030330
2025-08-23,sell,PLN,100000,8575,168.31,WSL030330
2025-08-23,sell,THB,2000000,18940,-160,WSL030330
2025-08-23,sell,CNY,10000,428,-2.422,WSL030330
2025-08-23,sell,EUR,10000,3587.5,4.646,WSL030330
2025-08-23,sell,USD,32000,9782.4,3.2,WSL030330
2025-08-23,sell,INR,200000,710,-23.44,WSL030330
2025-08-23,sell,AED,50000,4164,-0.622,WSL030330
2025-08-23,sell,QAR,30000,2512.5,5.87,WSL030330
2025-08-23,sell,SAR,50000,4072.5,-2.166,WSL030330
2025-08-23,sell,AED,50000,4163,-1.622,WSL030330
2025-08-23,sell,AZN,10000,1818,-68.42,WSL030330
2025-08-23,sell,INR,100000,355,-11.72,WSL030330
2025-08-23,sell,PLN,10000,857.5,16.831,WSL030330
2025-08-23,sell,RUB,300000,1155,-51.315,WSL030330
2025-08-23,sell,THB,300000,2838,-27,WSL030330
2025-08-23,sell,USD,20000,6114,2,WSL030330
2025-08-23,sell,EUR,5000,1793.75,2.323,WSL030330
2025-08-23,sell,TRY,80000,606.4,-36.969,WSL030330
2025-08-23,sell,USD,11450,3500.265,1.145,WSL030330
2025-08-23,sell,RUB,500000,1925,-85.525,WSL030330
2025-08-23,sell,THB,200000,1890,-20,WSL030330
2025-08-23,sell,USD,30485,9319.265,3.049,WSL030330
2025-08-23,sell,AED,100000,8327,-2.245,WSL030330
2025-08-23,sell,EUR,10000,3570,-12.854,WSL030330
2025-08-23,sell,USD,78616,24032.998,7.948,WSL030330
2025-08-23,sell,AZN,10000,1820,-66.42,WSL030330
2025-08-23,sell,BAM,10000,1895,-39.177,WSL030330
2025-08-23,sell,EUR,10000,3587.5,4.646,WSL030330
2025-08-23,sell,GEL,10000,1155,-20.385,WSL030330
2025-08-23,sell,JOD,5000,2161.75,0.394,WSL030330
2025-08-23,sell,TRY,600000,4548,-277.266,WSL030330
2025-08-23,sell,USD,30000,9171,3,WSL030330
2025-08-23,sell,AZN,10000,1818,-68.42,WSL030330
2025-08-23,sell,GEL,10000,1152.5,-22.885,WSL030330
2025-08-23,sell,IDR,50000000,955,-50.5,WSL030330
2025-08-23,sell,PLN,30000,2577,54.993,WSL030330
2025-08-23,sell,THB,400000,3780,-40,WSL030330
2025-08-23,sell,TRY,200000,1515,-93.422,WSL030330
2025-08-23,sell,USD,10000,3057.5,1.5,WSL030330
2025-08-23,sell,USD,50000,15295,15,WSL030330
2025-08-23,sell,CHF,5000,1911.5,5.075,WSL030330
2025-08-23,sell,EUR,100000,35840,11.456,WSL030330
2025-08-23,buy,AED,250000,20811.767,11.345,WSL030330
2025-08-23,buy,BHD,3499,2832.568,2.854,WSL030330
2025-08-23,buy,CNY,200000,8560.224,48.226,WSL030330
2025-08-23,buy,INR,4000000,14091.056,577.744,WSL030330
2025-08-23,buy,KWD,2092,2086.538,5.462,WSL030330
2025-08-23,buy,SAR,400000,32566.936,30.396,WSL030330
2025-08-23,buy,THB,7000000,66024.672,825.328,WSL030330
2025-08-23,buy,AZN,200000,36326.895,1401.501,WSL030330
2025-08-23,buy,BAM,100000,18864.198,477.574,WSL030330
2025-08-23,buy,CZK,200000,3003.44,-81.694,WSL030330
2025-08-23,buy,EUR,200000,71681.536,-24.448,WSL030330
2025-08-23,buy,PLN,200000,17120.448,-307.068,WSL030330
2025-08-23,buy,TRY,10000000,75550.06,4871.04,WSL030330
2025-08-21,sell,EGP,300000,2055,-164.574,WSL030330
2025-08-21,sell,USD,5000,1530,2,WSL030330
2025-08-21,sell,USD,50000,15300,20,WSL030330
2025-08-21,sell,AED,50000,4165.5,0.878,WSL030330
2025-08-21,sell,GBP,20000,8265,28.469,WSL030330
2025-08-21,sell,INR,500000,1775,-58.6,WSL030330
2025-08-21,sell,SAR,21000,1711.5,0.14,WSL030330
2025-08-21,sell,USD,50000,15290,10,WSL030330
2025-08-21,sell,TRY,300000,2272.5,-140.133,WSL030330
2025-08-21,sell,AED,30000,2499,0.226,WSL030330
2025-08-21,sell,CNY,10000,428.5,-1.922,WSL030330
2025-08-21,sell,EUR,20000,7135,10.242,WSL030330
2025-08-21,sell,LKR,150000,162,-9.045,WSL030330
2025-08-21,sell,THB,100000,946.5,-8.5,WSL030330
2025-08-21,sell,USD,40000,12236,12,WSL030330
2025-08-21,sell,AED,50000,4165,0.378,WSL030330
2025-08-21,sell,EUR,20000,7140,15.242,WSL030330
2025-08-21,sell,GEL,10000,1154,-21.385,WSL030330
2025-08-21,sell,TRY,300000,2274,-138.633,WSL030330
2025-08-21,sell,USD,58715,17958,14.696,WSL030330
2025-08-21,sell,EUR,5000,1783.75,2.56,WSL030330
2025-08-21,sell,USD,17200,5259.76,3.44,WSL030330
2025-08-21,sell,IDR,100000000,1912.5,-98.5,WSL030330
2025-08-21,sell,MYR,50000,3642.5,-21.768,WSL030330
2025-08-21,sell,THB,1000000,9465,-85,WSL030330
2025-08-21,sell,THB,290000,2743.4,-26.1,WSL030330
2025-08-21,sell,AED,30000,2497.8,-0.974,WSL030330
2025-08-21,sell,EUR,12500,4456.25,2.13,WSL030330
2025-08-21,sell,SAR,100000,8147.5,-1.833,WSL030330
2025-08-21,sell,TRY,200000,1516,-92.422,WSL030330
2025-08-21,sell,USD,20000,6120,8,WSL030330
2025-08-21,sell,SAR,100000,8147.5,-1.833,WSL030330
2025-08-21,sell,MYR,10000,728.5,-4.354,WSL030330
2025-08-21,sell,PLN,10000,859,22.107,WSL030330
2025-08-21,sell,USD,50000,15297.5,17.5,WSL030330
2025-08-21,sell,INR,100000,355,-11.72,WSL030330
2025-08-21,sell,BAM,10000,1895,-39.177,WSL030330
2025-08-21,sell,CHF,5000,1905,8.277,WSL030330
2025-08-21,sell,EUR,20000,7130,9.52,WSL030330
2025-08-21,sell,GBP,5000,2062.5,7.034,WSL030330
2025-08-21,sell,JOD,5000,2162,0.644,WSL030330
2025-08-21,sell,MYR,30000,2185.5,-13.061,WSL030330
2025-08-21,sell,PLN,10000,859,22.954,WSL030330
2025-08-21,sell,RUB,400000,1546,-62.42,WSL030330
2025-08-21,sell,THB,300000,2839.5,-25.5,WSL030330
2025-08-21,sell,TRY,200000,1516,-92.422,WSL030330
2025-08-21,sell,USD,60000,18360,24,WSL030330
2025-08-21,sell,EGP,110000,753.5,-60.344,WSL030330
2025-08-21,sell,TRY,250000,1893.75,-116.778,WSL030330
2025-08-21,sell,BAM,10000,1894,-40.177,WSL030330
2025-08-21,sell,AED,40000,3332.4,0.702,WSL030330
2025-08-21,sell,BAM,10000,1895,-39.177,WSL030330
2025-08-21,sell,EUR,20000,7130,18.688,WSL030330
2025-08-21,sell,OMR,3000,2382.75,1.451,WSL030330
2025-08-21,sell,TRY,400000,3030,-186.844,WSL030330
2025-08-21,sell,USD,40000,12240,16,WSL030330
2025-08-21,sell,EUR,100000,35706.5,107.156,WSL030330
2025-08-21,sell,USD,300000,91791,111,WSL030330
2025-08-21,buy,AED,200000,16649.414,9.076,WSL030330
2025-08-21,buy,AED,300000,24967.32,20.415,WSL030330
2025-08-21,buy,CAD,30000,6655.535,-48.444,WSL030330
2025-08-21,buy,CHF,29000,10995.533,13.66,WSL030330
2025-08-21,buy,CNY,100000,4280.112,24.113,WSL030330
2025-08-21,buy,EUR,50000,17796.616,3.056,WSL030330
2025-08-21,buy,EUR,200000,71412.608,-213.92,WSL030330
2025-08-21,buy,IDR,100000000,1898.1,112.9,WSL030330
2025-08-21,buy,KWD,887,885.841,1.159,WSL030330
2025-08-21,buy,MYR,200000,14517.815,139.259,WSL030330
2025-08-21,buy,PHP,3000000,16327.695,972.315,WSL030330
2025-08-21,buy,THB,3000000,28331.274,318.726,WSL030330
2025-08-20,sell,RUB,750000,2917.5,-98.288,WSL030330
2025-08-20,sell,THB,300000,2844,-21,WSL030330
2025-08-20,sell,AZN,5000,910,-33.21,WSL030330
2025-08-20,sell,BAM,5000,947.5,-19.589,WSL030330
2025-08-20,sell,CHF,10000,3800,16.417,WSL030330
2025-08-20,sell,EUR,15000,5343.75,7.057,WSL030330
2025-08-20,sell,MYR,10000,728.5,-4.354,WSL030330
2025-08-20,sell,NPR,100000,238,-16.656,WSL030330
2025-08-20,sell,PLN,5000,430,11.622,WSL030330
2025-08-20,sell,RUB,100000,388,-14.105,WSL030330
2025-08-20,sell,THB,100000,948,-7,WSL030330
2025-08-20,sell,TRY,200000,1516,-92.422,WSL030330
2025-08-20,sell,USD,50000,15300,20,WSL030330
2025-08-20,buy,EUR,50000,17812.5,-23.524,WSL030330
2025-08-20,sell,EGP,1000000,6870,-528.58,WSL030330
2025-08-20,sell,IDR,300000000,5745,-288,WSL030330
2025-08-20,sell,LKR,2000000,2160,-120.6,WSL030330
2025-08-20,sell,PLN,50000,4295,111.22,WSL030330
2025-08-20,sell,USD,15000,4650,66,WSL030330
2025-08-20,sell,PLN,30000,2577,68.312,WSL030330
2025-08-20,sell,THB,500000,4737.5,-37.5,WSL030330
2025-08-20,sell,CHF,2500,950,4.689,WSL030330
2025-08-20,sell,CZK,30000,456,20.321,WSL030330
2025-08-20,sell,EUR,15000,5343.75,9.349,WSL030330
2025-08-20,sell,JOD,10000,4324,1.288,WSL030330
2025-08-20,sell,SAR,110500,9005.75,0.737,WSL030330
2025-08-20,sell,THB,100000,948,-7,WSL030330
2025-08-20,sell,AED,23000,1915.9,0.174,WSL030330
2025-08-20,sell,AZN,5000,910,-33.21,WSL030330
2025-08-20,sell,BAM,5000,947.5,-19.589,WSL030330
2025-08-20,sell,EUR,10000,3562.5,6.233,WSL030330
2025-08-20,sell,GBP,10000,4140,14.706,WSL030330
2025-08-20,sell,USD,20000,6122,10,WSL030330
2025-08-20,sell,EUR,30000,10680,2.03,WSL030330
2025-08-20,sell,GBP,5000,2068.75,5.186,WSL030330
2025-08-20,sell,THB,150000,1422,-10.5,WSL030330
2025-08-20,sell,USD,40000,12240,16,WSL030330
2025-08-20,sell,EUR,5000,1781.25,1.588,WSL030330
2025-08-20,sell,USD,10000,3060,4,WSL030330
2025-08-20,sell,EUR,10000,3562.5,3.177,WSL030330
2025-08-20,sell,USD,46384,14193.504,18.554,WSL030330
2025-08-20,sell,USD,44118,13500.108,17.647,WSL030330
2025-08-20,buy,GBP,25000,10337.5,-19.68,WSL030330
2025-08-20,buy,USD,5000,1531.612,-3.612,WSL030330
2025-08-20,buy,USD,10000,3062.919,-6.919,WSL030330
2025-08-20,buy,USD,10000,3148.195,-92.195,WSL030330
2025-08-20,buy,USD,20000,6125.226,-13.226,WSL030330
2025-08-20,buy,USD,50000,15311.535,-31.535,WSL030330
2025-08-19,sell,USD,250000,76525,125,WSL010420
2025-08-19,sell,AZN,10000,1820,-66.42,WSL010420
2025-08-19,sell,GEL,10000,1155,-20.385,WSL010420
2025-08-19,sell,TRY,100000,759,-45.211,WSL010420
2025-08-19,sell,USD,48000,14695.2,26.4,WSL010420
2025-08-19,sell,GEL,10000,1153.5,-21.885,WSL010420
2025-08-19,sell,RUB,200000,778,-26.21,WSL010420
2025-08-19,sell,THB,500000,4740,-35,WSL010420
2025-08-19,sell,IDR,30000000,576,-27.3,WSL010420
2025-08-19,sell,AZN,5000,910,-33.21,WSL010420
2025-08-19,sell,BAM,5000,948.75,-18.339,WSL010420
2025-08-19,sell,EUR,25000,8931.25,10.786,WSL010420
2025-08-19,sell,GEL,10000,1154,-21.385,WSL010420
2025-08-19,sell,JOD,10000,4325,2.288,WSL010420
2025-08-19,sell,PLN,20000,1720,37.459,WSL010420
2025-08-19,sell,TRY,100000,758.5,-45.711,WSL010420
2025-08-19,sell,USD,120000,36732,60,WSL010420
2025-08-19,sell,EUR,10000,3572.5,1.87,WSL010420
2025-08-19,sell,IDR,30000000,574.5,-28.8,WSL010420
2025-08-19,sell,OMR,2000,1588.5,0.968,WSL010420
2025-08-19,sell,THB,300000,2845.5,-19.5,WSL010420
2025-08-19,sell,CHF,5000,1903.75,7.498,WSL010420
2025-08-19,sell,EUR,20000,7140,-1.261,WSL010420
2025-08-19,sell,GBP,5000,2069.25,3.241,WSL010420
2025-08-19,sell,PLN,30000,2580,55.424,WSL010420
2025-08-19,sell,THB,400000,3796,-24,WSL010420
2025-08-19,sell,CNY,100000,4283,-21.225,WSL010420
2025-08-19,sell,GBP,10000,4142.5,12.316,WSL010420
2025-08-19,sell,OMR,3000,2381.7,0.401,WSL010420
2025-08-19,sell,TRY,200000,1517,-91.422,WSL010420
2025-08-19,sell,USD,48387,14806.422,19.355,WSL010420
2025-08-19,sell,EUR,3650,1303.415,1.25,WSL010420
2025-08-19,sell,USD,20000,6120,8,WSL010420
2025-08-19,sell,EUR,5000,1785.5,1.713,WSL010420
2025-08-19,sell,TRY,150000,1137.75,-68.566,WSL010420
2025-08-19,sell,USD,18400,5630.4,7.36,WSL010420
2025-08-19,sell,GEL,10000,1154,-21.385,WSL010420
2025-08-19,buy,EUR,3400,1190,22.975,WSL010420
2025-08-19,sell,CZK,20000,304,12.3,WSL010420
2025-08-19,sell,NZD,1000,183,1.871,WSL010420
2025-08-19,sell,BDT,100000,258,-22.367,WSL010420
2025-08-19,sell,MYR,200000,14570,-87.074,WSL010420
2025-08-19,buy,AED,100000,8324.707,4.538,WSL010420
2025-08-19,buy,AED,400000,33289.76,27.22,WSL010420
2025-08-19,buy,IDR,500000000,9550,505,WSL010420
2025-08-19,buy,INR,3000000,10586.604,414.996,WSL010420
2025-08-19,buy,LKR,2000000,2107.586,173.014,WSL010420
2025-08-19,buy,OMR,1000,793.56,0.206,WSL010420
2025-08-19,buy,QAR,187000,15592.688,31.974,WSL010420
2025-08-19,buy,RUB,2000000,7702.584,339.516,WSL010420
2025-08-19,buy,THB,2000000,18981.366,118.634,WSL010420
2025-08-19,buy,USD,10000,3056,0,WSL010420
2025-08-19,buy,USD,100000,30605.84,-45.84,WSL010420
2025-08-19,sell,AED,800000,66624.88,-9.08,WSL010420
2025-08-19,sell,BHD,10000,8106.1,2.579,WSL010420
2025-08-19,sell,EGP,700000,4839.814,-339.192,WSL010420
2025-08-19,sell,EUR,150000,53724.48,293.376,WSL010420
2025-08-19,sell,GBP,50000,20765.52,135.992,WSL010420
2025-08-19,sell,INR,4000000,14213.96,-454.84,WSL010420
2025-08-19,sell,JOD,50000,21621.62,8.06,WSL010420
2025-08-19,sell,PHP,500000,2743.25,-140.085,WSL010420
2025-08-19,sell,SAR,800000,65194.66,-0.004,WSL010420
2025-08-19,sell,THB,1500000,14262.6,-62.4,WSL010420
2025-08-19,sell,TRY,2500000,18981.395,-1667.255,WSL010420
2025-08-19,sell,USD,1000000,306088.96,488.96,WSL010420
2025-08-19,buy,BHD,10000,8101.803,1.718,WSL010420
2025-08-19,buy,EGP,2000000,13642.858,1154.302,WSL010420
2025-08-19,buy,EUR,100000,35709.36,-88.624,WSL010420
2025-08-19,buy,GBP,50000,20727.32,-97.792,WSL010420
2025-08-19,buy,OMR,20000,15871.202,4.123,WSL010420
2025-08-19,buy,SAR,200000,16283.469,15.197,WSL010420
2025-08-19,buy,SAR,300000,24421.95,26.049,WSL010420
2025-08-19,buy,USD,500000,152899.32,-99.32,WSL010420
2025-08-18,sell,GEL,10000,1154,-20.808,WSL010420
2025-08-18,sell,MYR,30000,2184,-13.482,WSL010420
2025-08-18,sell,THB,400000,3796,-22.124,WSL010420
2025-08-18,sell,CNY,20000,856,-4.423,WSL010420
2025-08-18,sell,RUB,150000,582,-20.862,WSL010420
2025-08-18,sell,CHF,1500,570.75,2.929,WSL010420
2025-08-18,sell,EUR,10000,3582.5,14.844,WSL010420
2025-08-18,sell,GBP,3500,1453.375,5.42,WSL010420
2025-08-18,sell,SAR,45000,3665.25,-0.15,WSL010420
2025-08-18,sell,THB,100000,949,-5.531,WSL010420
2025-08-18,sell,EUR,8000,2866,10.898,WSL010420
2025-08-18,sell,TRY,200000,1516,-135.082,WSL010420
2025-08-18,sell,HUF,100000,94,3.769,WSL010420
2025-08-18,sell,CZK,100000,1515,55.263,WSL010420
2025-08-18,sell,GBP,10000,4152.5,13.958,WSL010420
2025-08-18,sell,IDR,20000000,384,-18,WSL010420
2025-08-18,sell,OMR,2000,1588,1.247,WSL010420
2025-08-18,sell,USD,30000,9177,13.5,WSL010420
2025-08-18,buy,EUR,600,210,4.133,WSL010420
2025-08-18,sell,BDT,100000,258,-22.229,WSL010420
2025-08-18,sell,GBP,5000,2076.25,6.979,WSL010420
2025-08-18,sell,INR,300000,1068,-31.62,WSL010420
2025-08-18,sell,PHP,100000,548,-28.384,WSL010420
2025-08-18,sell,SAR,100000,8145,-0.333,WSL010420
2025-08-18,sell,IDR,20000000,383,-19,WSL010420
2025-08-18,sell,USD,35551,10883.939,24.886,WSL010420
2025-08-18,sell,JOD,5000,2162,1.705,WSL010420
2025-08-18,sell,USD,6615,2023.859,3.307,WSL010420
2025-08-18,sell,AED,98000,8163.4,4.746,WSL010420
2025-08-18,sell,INR,300000,1068,-31.62,WSL010420
2025-08-18,sell,EUR,10000,3582.5,8.124,WSL010420
2025-08-18,sell,IDR,30000000,576,-27,WSL010420
2025-08-18,sell,THB,300000,2850,-13.593,WSL010420
2025-08-18,buy,IQD,10000000,2265,40.2,WSL010420
2025-08-18,sell,EGP,100000,686,-53.494,WSL010420
2025-08-18,sell,PHP,100000,547,-29.384,WSL010420
2025-08-18,sell,RUB,200000,774,-29.816,WSL010420
2025-08-18,sell,THB,100000,948,-6.531,WSL010420
2025-08-18,sell,AED,50000,4165,2.422,WSL010420
2025-08-18,sell,EUR,10000,3582.5,8.124,WSL010420
2025-08-18,sell,GBP,10000,4155,14.931,WSL010420
2025-08-18,sell,MYR,20000,1456,-8.988,WSL010420
2025-08-18,sell,PLN,10000,860,20.875,WSL010420
2025-08-18,sell,THB,300000,2850,-13.593,WSL010420
2025-08-18,sell,TRY,400000,3040,-262.164,WSL010420
2025-08-18,sell,AZN,30000,5535,-121.481,WSL010420
2025-08-18,buy,EUR,100000,35756.232,-24.691,WSL010420
2025-08-18,buy,GBP,50000,20721.39,-34.789,WSL010420
2025-08-17,sell,OMR,800,635.2,0.499,WSL010420
2025-08-17,sell,NPR,200000,474,-35.062,WSL010420
2025-08-17,sell,THB,500000,4742.5,-30.155,WSL010420
2025-08-17,sell,THB,500000,4745,-27.655,WSL010420
2025-08-17,sell,USD,50000,15307.5,35,WSL010420
2025-08-17,sell,MAD,20000,730,-33.625,WSL010420
2025-08-17,sell,EUR,10000,3580,5.93,WSL010420
2025-08-17,sell,GBP,15000,6228.75,16.813,WSL010420
2025-08-17,sell,USD,20000,6123,14,WSL010420
2025-08-17,sell,USD,30000,9177,13.5,WSL010420
2025-08-17,sell,AED,30000,2499,1.453,WSL010420
2025-08-17,sell,CNY,10000,428.5,-1.711,WSL010420
2025-08-17,sell,OMR,2000,1588,1.247,WSL010420
2025-08-17,sell,USD,43000,13164.45,30.1,WSL010420
2025-08-17,sell,BAM,10000,1897.5,-35.728,WSL010420
2025-08-17,sell,USD,50000,15306.25,33.75,WSL010420
2025-08-17,sell,EUR,7000,2506,4.151,WSL010420
2025-08-17,sell,GBP,10000,4152.5,11.209,WSL010420
2025-08-17,sell,USD,20000,6123,14,WSL010420
2025-08-17,sell,EUR,7380,2643.885,6.221,WSL010420
2025-08-17,sell,EUR,15000,5372.25,11.144,WSL010420
2025-08-17,sell,GBP,2500,1038.125,2.802,WSL010420
2025-08-17,sell,SAR,30000,2444.4,0.8,WSL010420
2025-08-17,sell,USD,20000,6123,14,WSL010420
2025-08-17,sell,BAM,5000,949,-17.614,WSL010420
2025-08-17,sell,TRY,200000,1516,-135.082,WSL010420
2025-08-17,sell,CNY,200000,8560,-44.226,WSL010420
2025-08-17,sell,CZK,100000,1515,53.517,WSL010420
2025-08-17,sell,EGP,3000000,20602.251,-1582.569,WSL010420
2025-08-17,sell,PLN,70000,6013,135.57,WSL010420
2025-08-17,sell,VND,300000000,3510,27,WSL010420
2025-08-17,sell,USD,10000,3060,5.5,WSL010420
2025-08-17,sell,AZN,20000,3638,-132.988,WSL010420
2025-08-17,sell,BHD,4000,3244,4.182,WSL010420
2025-08-17,sell,EUR,10000,3580,5.93,WSL010420
2025-08-17,sell,INR,100000,356,-10.54,WSL010420
2025-08-17,sell,OMR,2000,1588,1.247,WSL010420
2025-08-17,sell,PLN,30000,2580,61.102,WSL010420
2025-08-17,sell,THB,500000,4750,-22.655,WSL010420
2025-08-17,sell,USD,20000,6120,11,WSL010420
2025-08-17,sell,EUR,22620,8103.615,19.068,WSL010420
2025-08-17,sell,GEL,10000,1155,-19.808,WSL010420
2025-08-17,sell,TRY,100000,760,-65.541,WSL010420
2025-08-17,sell,USD,25450,7787.7,13.998,WSL010420
2025-08-17,sell,EUR,15000,5372.25,11.144,WSL010420
2025-08-17,sell,USD,5370,1643.22,2.954,WSL010420
2025-08-17,sell,USD,10000,3061.5,7,WSL010420
2025-08-17,sell,EGP,100000,686,-53.494,WSL010420
2025-08-17,sell,EUR,150000,53737.5,126.444,WSL010420
2025-08-17,buy,EUR,200000,71524.68,-43.272,WSL010420
2025-08-17,sell,EUR,30000,10740,17.789,WSL010420
2025-08-17,sell,GEL,20000,2305,-44.615,WSL010420
2025-08-17,sell,TRY,200000,1522,-129.082,WSL010420
2025-08-17,sell,USD,20000,6124,15,WSL010420
2025-08-17,buy,IQD,10000000,2270,35.2,WSL010420
2025-08-17,sell,EUR,200000,71900,418.592,WSL010420
2025-08-17,sell,GBP,100000,41650,237.089,WSL010420
2025-08-17,sell,USD,500000,153250,525,WSL010420
2025-08-17,buy,EUR,300000,107287.02,-64.908,WSL010420
2025-08-17,buy,GBP,100000,41473.32,-60.409,WSL010420
2025-08-17,buy,JOD,150000,64775.34,33.513,WSL010420
2025-08-17,buy,KWD,1355,1353.228,1.772,WSL010420
2025-08-17,buy,PLN,200000,17133.24,-340.584,WSL010420
2025-08-17,buy,TRY,5000000,37890.82,3386.23,WSL010420
2025-08-17,buy,GEL,150000,17272.5,349.616,WSL010420
2025-08-17,buy,AED,700000,58242.746,33.353,WSL010420
2025-08-17,buy,BHD,9000,7286.85,2.74,WSL010420
2025-08-17,buy,EGP,6000000,40901.784,3467.856,WSL010420
2025-08-17,buy,EUR,150000,53620.605,-9.549,WSL010420
2025-08-17,buy,GBP,30000,12420.923,2.95,WSL010420
2025-08-17,buy,KWD,6000,5988.235,11.765,WSL010420
2025-08-17,buy,OMR,20000,15860.815,6.717,WSL010420
2025-08-17,buy,PKR,3000000,3295.684,369.716,WSL010420
2025-08-17,buy,SAR,200000,16272.812,17.854,WSL010420
2025-08-17,buy,SAR,500000,40676.612,50.053,WSL010420
2025-08-17,buy,USD,50000,15270,2.5,WSL010420
2025-08-17,buy,USD,500000,152783.985,-58.985,WSL010420
2025-08-16,sell,RUB,750000,2917.5,-95.82,WSL010420
2025-08-16,sell,AED,50000,4162.5,1.284,WSL010420
2025-08-16,sell,INR,200000,712,-20.84,WSL010420
2025-08-16,sell,JOD,10000,4325,5.824,WSL010420
2025-08-16,sell,OMR,2000,1588,1.766,WSL010420
2025-08-16,sell,USD,86301,26392.501,40.491,WSL010420
2025-08-16,sell,EGP,200000,1380,-98.504,WSL010420
2025-08-16,sell,THB,400000,3800,-16.876,WSL010420
2025-08-16,sell,CNY,50000,2140,-10.352,WSL010420
2025-08-16,sell,USD,50000,15290,22.5,WSL010420
2025-08-16,sell,EUR,20000,7164,18.199,WSL010420
2025-08-16,sell,USD,50000,15292.5,25,WSL010420
2025-08-16,sell,SAR,50000,4072.5,1.166,WSL010420
2025-08-16,sell,SAR,150000,12217.5,3.5,WSL010420
2025-08-16,sell,BAM,10000,1896.5,-36.095,WSL010420
2025-08-16,sell,EGP,200000,1380,-98.504,WSL010420
2025-08-16,sell,EUR,10000,3582.5,9.6,WSL010420
2025-08-16,sell,TRY,600000,4569,-382.62,WSL010420
2025-08-16,sell,USD,18285,5592.467,9.142,WSL010420
2025-08-16,sell,USD,30000,9183,22.5,WSL010420
2025-08-16,sell,EUR,5000,1791,4.55,WSL010420
2025-08-16,sell,USD,25303,7738.923,12.652,WSL010420
2025-08-16,sell,USD,21056,6439.978,10.528,WSL010420
2025-08-16,sell,BHD,2000,1622,2.622,WSL010420
2025-08-16,sell,CHF,2000,761.5,4.371,WSL010420
2025-08-16,sell,EUR,10000,3582.5,9.6,WSL010420
2025-08-16,sell,JOD,5000,2162.5,2.912,WSL010420
2025-08-16,sell,SAR,55000,4479.75,1.283,WSL010420
2025-08-16,sell,TRY,400000,3044,-257.08,WSL010420
2025-08-16,sell,USD,100000,30585,50,WSL010420
2025-08-16,sell,USD,40000,12234,20,WSL010420
2025-08-16,sell,EUR,10000,3582.5,9.6,WSL010420
2025-08-16,sell,USD,50000,15295,27.5,WSL010420
2025-08-16,sell,AED,120000,9990,3.083,WSL010420
2025-08-16,sell,USD,15000,4587,6.75,WSL010420
2025-08-16,sell,BHD,3000,2433,3.932,WSL010420
2025-08-16,sell,USD,40000,12234,20,WSL010420
2025-08-16,sell,AED,50000,4162.5,1.284,WSL010420
2025-08-16,sell,IDR,30000000,573,-29.7,WSL010420
2025-08-16,sell,USD,40000,12244,30,WSL010420
2025-08-16,sell,EUR,20000,7164,18.199,WSL010420
2025-08-16,sell,SAR,200000,16290,4.666,WSL010420
2025-08-16,sell,EUR,8000,2866,7.68,WSL010420
2025-08-16,sell,GBP,30000,12460.94,41.134,WSL010420
2025-08-16,sell,EGP,200000,1420,-58.504,WSL010420
2025-08-16,sell,THB,2000000,19100,15.62,WSL010420
2025-08-16,sell,EUR,50000,17950,85.498,WSL010420
2025-08-16,sell,GBP,25000,10425,75.162,WSL010420
2025-08-16,buy,AED,500000,41571.351,40.804,WSL010420
2025-08-16,buy,CHF,30000,11391.791,-34.861,WSL010420
2025-08-16,buy,EUR,100000,35665.146,63.858,WSL010420
2025-08-16,buy,THB,5000000,47333.4,377.55,WSL010420
2025-08-16,buy,VND,300000000,3494.4,-11.4,WSL010420
2025-08-16,buy,BHD,16000,12939.868,15.16,WSL010420
2025-08-16,buy,CNY,400000,17091.672,111.144,WSL010420
2025-08-16,buy,INR,3000000,10564.014,428.586,WSL010420
2025-08-16,buy,MYR,100000,7312.575,9.967,WSL010420
2025-08-16,buy,QAR,52100,4342.37,7.25,WSL010420
2025-08-16,buy,SAR,500000,40668.709,44.626,WSL010420
2025-08-16,buy,THB,5000000,47451.04,259.91,WSL010420
2025-08-14,sell,INR,800000,2848,-83.36,WSL010420
2025-08-14,sell,BDT,100000,260,-20.137,WSL010420
2025-08-14,sell,EGP,20000,138,-9.85,WSL010420
2025-08-14,sell,INR,100000,356,-10.42,WSL010420
2025-08-14,sell,USD,7000,2140.95,3.5,WSL010420
2025-08-14,sell,TRY,160000,1216,-104.432,WSL010420
2025-08-14,sell,MYR,5000,364.25,-1.877,WSL010420
2025-08-14,sell,RUB,100000,390,-11.776,WSL010420
2025-08-14,sell,THB,50000,475.5,-1.61,WSL010420
2025-08-14,sell,USD,20000,6117,10,WSL010420
2025-08-14,sell,USD,20000,6122,15,WSL010420
2025-08-14,sell,USD,50000,15292.5,25,WSL010420
2025-08-14,sell,USD,70000,21409.5,35,WSL010420
2025-08-14,sell,USD,50000,15305,37.5,WSL010420
2025-08-14,sell,EUR,10000,3578,9.375,WSL010420
2025-08-14,sell,THB,300000,2853,-9.657,WSL010420
2025-08-14,sell,USD,50000,15290,22.5,WSL010420
2025-08-14,sell,THB,300000,2856,-6.657,WSL010420
2025-08-14,sell,EUR,10000,3582.5,14.485,WSL010420
2025-08-14,sell,TRY,220000,1675.3,-140.294,WSL010420
2025-08-14,sell,JOD,8000,3459.2,3.859,WSL010420
2025-08-14,sell,OMR,2000,1587.5,1.266,WSL010420
2025-08-14,sell,PLN,20000,1720,45.243,WSL010420
2025-08-14,sell,USD,62000,18978.2,46.5,WSL010420
2025-08-14,sell,THB,200000,1902,-6.438,WSL010420
2025-08-14,sell,USD,30000,9175.5,15,WSL010420
2025-08-14,sell,JOD,5000,2162,2.412,WSL010420
2025-08-14,sell,SAR,74000,6027.3,1.726,WSL010420
2025-08-14,sell,SAR,200000,16290,4.666,WSL010420
2025-08-14,sell,USD,60000,18378,57,WSL010420
2025-08-14,sell,MYR,40000,2914,-15.017,WSL010420
2025-08-14,sell,OMR,5000,3968.75,3.166,WSL010420
2025-08-14,sell,TRY,600000,4569,-382.62,WSL010420
2025-08-14,sell,USD,35000,10713.5,26.25,WSL010420
2025-08-14,sell,EUR,20000,7160,23.97,WSL010420
2025-08-14,sell,IDR,50000000,955,-49.5,WSL010420
2025-08-14,sell,USD,50000,15292.5,25,WSL010420
2025-08-14,sell,SAR,80000,6516,1.866,WSL010420
2025-08-14,sell,USD,30000,9183,22.5,WSL010420
2025-08-14,sell,EUR,10000,3580,11.985,WSL010420
2025-08-14,sell,JOD,5000,2161.75,2.162,WSL010420
2025-08-14,sell,TRY,100000,761.5,-63.77,WSL010420
2025-08-14,sell,USD,100000,30585,50,WSL010420
2025-08-14,sell,AED,50000,4162.5,1.284,WSL010420
2025-08-14,sell,EUR,30000,10740,35.956,WSL010420
2025-08-14,sell,USD,50000,15292.5,25,WSL010420
2025-08-14,sell,AED,50000,4162.5,1.284,WSL010420
2025-08-14,sell,BAM,5000,948.75,-17.547,WSL010420
2025-08-14,sell,EUR,20000,7160,23.97,WSL010420
2025-08-14,sell,GBP,15000,6240,19.104,WSL010420
2025-08-14,sell,OMR,2400,1904.4,0.919,WSL010420
2025-08-14,sell,THB,200000,1904,-4.438,WSL010420
2025-08-14,sell,EUR,8570,3068.06,11.318,WSL010420
2025-08-14,sell,USD,10000,3061,7.5,WSL010420
2025-08-14,sell,EUR,7600,2720.8,10.037,WSL010420
2025-08-14,sell,JOD,5000,2162,2.412,WSL010420
2025-08-14,sell,PHP,100000,548,-28.195,WSL010420
2025-08-14,sell,EUR,10000,3580,13.207,WSL010420
2025-08-14,sell,GBP,5000,2080,6.063,WSL010420
2025-08-14,sell,SAR,80000,6516,1.866,WSL010420
2025-08-14,sell,TRY,160000,1218.4,-102.032,WSL010420
2025-08-14,sell,EUR,100000,35553,-114.934,WSL010420
2025-08-14,sell,EGP,100000,690,-49.252,WSL010420
2025-08-14,sell,EUR,10000,3580,13.207,WSL010420
2025-08-14,sell,GEL,12345,1426,-23.825,WSL010420
2025-08-14,sell,SAR,100000,8145,2.333,WSL010420
2025-08-14,sell,THB,200000,1902,-6.438,WSL010420
2025-08-14,sell,TRY,500000,3807.5,-318.85,WSL010420
2025-08-14,sell,USD,70000,21427,52.5,WSL010420
2025-08-14,buy,EUR,50000,17887.5,-53.533,WSL010420
2025-08-14,buy,GBP,50000,20775,-35.628,WSL010420
2025-08-14,sell,AED,60000,4995,1.541,WSL010420
2025-08-14,sell,BAM,10000,1897.5,-35.095,WSL010420
2025-08-14,sell,CNY,20000,858,-2.141,WSL010420
2025-08-14,sell,EUR,50000,17900,66.033,WSL010420
2025-08-14,sell,PLN,10000,860,22.507,WSL010420
2025-08-14,sell,THB,200000,1904,-4.438,WSL010420
2025-08-14,sell,TRY,300000,2284.5,-191.31,WSL010420
2025-08-14,sell,USD,20000,6122,15,WSL010420
2025-08-14,sell,GEL,20000,2310,-38.846,WSL010420
2025-08-14,sell,SAR,200000,16290,4.666,WSL010420
2025-08-14,sell,THB,300000,2853,-9.657,WSL010420
2025-08-14,sell,EUR,10000,3582.5,15.707,WSL010420
2025-08-14,sell,RUB,150000,585,-17.664,WSL010420
2025-08-14,sell,SAR,100000,8145,2.333,WSL010420
2025-08-14,sell,THB,100000,951,-3.219,WSL010420
2025-08-14,sell,USD,40000,12244,30,WSL010420
2025-08-14,sell,EUR,100000,35800,132.066,WSL010420
2025-08-14,sell,GBP,100000,41600,121.256,WSL010420
2025-08-14,buy,EUR,100000,35775,-91.799,WSL010420
2025-08-14,buy,EUR,200000,71507.366,-31.038,WSL010420
2025-08-14,buy,GBP,100000,41597.125,-109.221,WSL010420
2025-08-14,buy,JOD,200000,86338.84,44.676,WSL010420
2025-08-14,buy,TRY,10000000,75850.93,6676.07,WSL010420
2025-08-14,buy,USD,2000000,611149.54,-449.54,WSL010420
2025-08-14,sell,CHF,2000,754.298,-3.865,WSL010420
2025-08-14,sell,EUR,10000,3568.957,-4.859,WSL010420
2025-08-14,sell,GBP,1500,620.385,-1.934,WSL010420
2025-08-14,sell,IQD,100000000,23484.61,439.61,WSL010420
2025-08-14,sell,USD,65000,19844.5,-3.25,WSL010420
2025-08-14,buy,INR,2000000,7071.222,257.178,WSL010420
2025-08-14,buy,MYR,100000,7282.92,39.622,WSL010420
2025-08-14,buy,PHP,1000000,5451.786,310.164,WSL010420
2025-08-14,buy,SAR,300000,24401.225,26.776,WSL010420
2025-08-14,buy,THB,5000000,47289.345,421.605,WSL010420
2025-08-13,sell,USD,200000,61250,140,WSL010420
2025-08-13,sell,AZN,10000,1820,-66.111,WSL010420
2025-08-13,sell,CHF,5000,1902.5,3.022,WSL010420
2025-08-13,sell,THB,500000,4755,-19.22,WSL010420
2025-08-13,sell,AZN,10000,1820,-66.111,WSL010420
2025-08-13,sell,TRY,400000,3048,-255.244,WSL010420
2025-08-13,sell,USD,30000,9189,22.5,WSL010420
2025-08-13,sell,SAR,250000,20375,5,WSL010420
2025-08-13,sell,TRY,1000000,7620,-638.11,WSL010420
2025-08-13,sell,USD,50000,15312.5,35,WSL010420
2025-08-13,sell,CHF,10000,3805,6.044,WSL010420
2025-08-13,sell,OMR,5000,3971.25,3.068,WSL010420
2025-08-13,sell,SGD,10000,2392.5,6.509,WSL010420
2025-08-13,sell,JOD,10000,4326.5,4.495,WSL010420
2025-08-13,buy,INR,2000000,7064,269.2,WSL010420
2025-08-13,sell,USD,50000,15300,22.5,WSL010420
2025-08-13,sell,GBP,15000,6210,-4.429,WSL010420
2025-08-13,sell,USD,30000,9181.5,15,WSL010420
2025-08-13,sell,IQD,10000000,2310,4,WSL010420
2025-08-13,buy,IQD,15000000,3457.5,1.5,WSL010420
2025-08-13,buy,IQD,100000000,23200,-140,WSL010420
2025-08-13,buy,MAD,500000,18125,971.875,WSL010420
2025-08-13,sell,AED,20000,1666.2,0.624,WSL010420
2025-08-13,sell,AZN,10000,1820,-66.111,WSL010420
2025-08-13,sell,PHP,100000,548,-28.573,WSL010420
2025-08-13,sell,SAR,146000,11897.54,1.46,WSL010420
2025-08-13,sell,TRY,200000,1524,-127.622,WSL010420
2025-08-13,sell,GEL,10000,1155,-20.192,WSL010420
2025-08-13,sell,USD,3670,1123.387,2.019,WSL010420
2025-08-13,sell,USD,22690,6944.842,11.912,WSL010420
2025-08-13,sell,AZN,10000,1820,-66.111,WSL010420
2025-08-13,sell,EUR,20000,7155,-5.259,WSL010420
2025-08-13,sell,GBP,10000,4142.5,-0.452,WSL010420
2025-08-13,sell,GEL,10000,1155,-20.192,WSL010420
2025-08-13,sell,INR,200000,712,-21.32,WSL010420
2025-08-13,sell,TRY,800000,6096,-510.488,WSL010420
2025-08-13,sell,USD,16600,5080.845,8.715,WSL010420
2025-08-13,sell,GBP,10000,4140,-2.952,WSL010420
2025-08-13,sell,SAR,50000,4075,1,WSL010420
2025-08-13,sell,AED,30000,2499.9,1.535,WSL010420
2025-08-13,sell,SAR,20000,1630,0.4,WSL010420
2025-08-13,sell,USD,50000,15315,37.5,WSL010420
2025-08-13,sell,INR,300000,1068,-31.98,WSL010420
2025-08-13,sell,SAR,100000,8149,1,WSL010420
2025-08-13,sell,TRY,1000000,7620,-638.11,WSL010420
2025-08-13,sell,USD,30000,9183,16.5,WSL010420
2025-08-13,sell,EUR,20000,7155,-0.981,WSL010420
2025-08-13,sell,GBP,5000,2070,-0.254,WSL010420
2025-08-13,sell,GEL,10000,1155,-20.192,WSL010420
2025-08-13,sell,THB,300000,2853,-11.532,WSL010420
2025-08-13,sell,TRY,200000,1524,-127.622,WSL010420
2025-08-13,sell,USD,10000,3063,7.5,WSL010420
2025-08-13,sell,EUR,20000,7155,8.186,WSL010420
2025-08-13,sell,GBP,5000,2070,4.788,WSL010420
2025-08-13,sell,MYR,30000,2185.5,-12.701,WSL010420
2025-08-13,sell,USD,60000,18366,33,WSL010420
2025-08-13,sell,USD,305000,93558.75,366,WSL010420
2025-08-13,sell,USD,505000,154908.75,606,WSL010420
2025-08-13,sell,EGP,200000,1380,-99.474,WSL010420
2025-08-13,sell,IQD,3076000,707.48,-1.846,WSL010420
2025-08-13,buy,USD,2500000,765319.95,-1444.95,WSL010420
2025-08-13,buy,AED,700000,58261.817,33.357,WSL010420
2025-08-13,buy,BHD,20000,16198.303,6.088,WSL010420
2025-08-13,buy,EGP,1500000,10228.794,867.261,WSL010420
2025-08-13,buy,EUR,100000,35483.825,201.359,WSL010420
2025-08-13,buy,GBP,50000,20633.47,1.849,WSL010420
2025-08-13,buy,KWD,14000,13977.124,22.876,WSL010420
2025-08-13,buy,OMR,20000,15866.011,6.716,WSL010420
2025-08-13,buy,SAR,500000,40689.931,50.069,WSL010420
2025-08-13,buy,SAR,500000,40700.773,39.227,WSL010420
2025-08-13,buy,USD,35000,10692.5,1.75,WSL010420
2025-08-13,buy,USD,500000,152902.75,-127.75,WSL010420
2025-08-12,sell,RUB,750000,2917.5,-99.772,WSL010420
2025-08-12,sell,USD,6000,1837.5,3,WSL010420
2025-08-12,sell,USD,48000,14700,24,WSL010420
2025-08-12,sell,THB,400000,3808,-13.876,WSL010420
2025-08-12,sell,USD,50000,15312.5,25,WSL010420
2025-08-12,sell,TRY,50000,385,-33.836,WSL010420
2025-08-12,sell,USD,50000,15312.5,25,WSL010420
2025-08-12,sell,EUR,10000,3560,6.879,WSL010420
2025-08-12,sell,THB,200000,1903,-7.938,WSL010420
2025-08-12,sell,AED,30000,2500.2,0.2,WSL010420
2025-08-12,sell,CHF,1300,492.44,1.306,WSL010420
2025-08-12,sell,EUR,18000,6408,12.383,WSL010420
2025-08-12,sell,GBP,2500,1030.625,1.623,WSL010420
2025-08-12,sell,INR,150000,534,-16.35,WSL010420
2025-08-12,sell,SAR,20000,1631,0.333,WSL010420
2025-08-12,sell,USD,200000,61220,70,WSL010420
2025-08-12,sell,AZN,100000,18200,-673.457,WSL010420
2025-08-12,sell,BAM,50000,9487.5,-188.133,WSL010420
2025-08-12,sell,MYR,100000,7273,-59.134,WSL010420
2025-08-12,sell,PKR,1500000,1702.5,-132,WSL010420
2025-08-12,sell,QAR,100000,8375,15.465,WSL010420
2025-08-12,sell,THB,5000000,47500,-273.45,WSL010420
2025-08-12,sell,TRY,3000000,22856.7,-2273.43,WSL010420
2025-08-12,sell,AED,250000,20837.5,4.168,WSL010420
2025-08-12,sell,EUR,10000,3560,6.879,WSL010420
2025-08-12,sell,MYR,10000,729,-4.213,WSL010420
2025-08-12,sell,OMR,3000,2384.25,1.782,WSL010420
2025-08-12,sell,THB,300000,2856,-10.407,WSL010420
2025-08-12,sell,TRY,500000,3812.5,-375.855,WSL010420
2025-08-12,sell,USD,50000,15312.5,25,WSL010420
2025-08-12,sell,EGP,400000,2760,-200.884,WSL010420
2025-08-12,sell,EUR,10000,3560,7.796,WSL010420
2025-08-12,sell,GBP,10000,4122.5,10.162,WSL010420
2025-08-12,sell,PHP,10000,54.8,-2.895,WSL010420
2025-08-12,sell,USD,70000,21437.5,35,WSL010420
2025-08-12,sell,AZN,10000,1820,-67.346,WSL010420
2025-08-12,sell,EUR,10000,3560,7.796,WSL010420
2025-08-12,sell,JOD,10000,4327.5,2.666,WSL010420
2025-08-12,sell,PLN,10000,862.5,28.871,WSL010420
2025-08-12,sell,THB,200000,1904,-6.938,WSL010420
2025-08-12,sell,CNY,20000,858,-3.268,WSL010420
2025-08-12,sell,EUR,20000,7120,15.593,WSL010420
2025-08-12,sell,GBP,7000,2885.75,7.114,WSL010420
2025-08-12,sell,THB,200000,1904,-6.938,WSL010420
2025-08-12,sell,TRY,300000,2287.5,-225.513,WSL010420
2025-08-12,sell,BAM,15000,2846.25,-56.44,WSL010420
2025-08-12,sell,JOD,10000,4327.5,2.666,WSL010420
2025-08-12,sell,SAR,150000,12229.5,-0.5,WSL010420
2025-08-12,sell,TRY,200000,1525,-150.342,WSL010420
2025-08-12,sell,USD,27233,8340.106,13.616,WSL010420
2025-08-12,sell,EUR,10000,3560,7.796,WSL010420
2025-08-12,sell,JOD,10000,4327,2.166,WSL010420
2025-08-12,sell,THB,500000,4760,-17.345,WSL010420
2025-08-12,sell,TRY,500000,3812.5,-375.855,WSL010420
2025-08-12,sell,GBP,10000,4122.5,10.162,WSL010420
2025-08-12,sell,GEL,10000,1155,-20.962,WSL010420
2025-08-12,sell,TRY,400000,3050,-300.684,WSL010420
2025-08-12,sell,USD,57000,17456.25,28.5,WSL010420
2025-08-12,sell,USD,30000,9187.5,15,WSL010420
2025-08-12,sell,EUR,50000,17900,138.982,WSL010420
2025-08-12,sell,GBP,50000,20700,138.312,WSL010420
2025-08-12,sell,USD,100000,30650,75,WSL010420
2025-08-12,sell,EUR,50000,17900,138.982,WSL010420
2025-08-12,sell,AED,700000,58306.29,-27.041,WSL010420
2025-08-12,sell,BHD,10000,8107.43,-0.069,WSL010420
2025-08-12,sell,CAD,30000,6693.06,36.191,WSL010420
2025-08-12,sell,EGP,600000,4102.68,-338.646,WSL010420
2025-08-12,sell,EUR,150000,53572.8,321.852,WSL010420
2025-08-12,sell,GBP,50000,20646.65,109.422,WSL010420
2025-08-12,sell,INR,4000000,14216.4,-459.6,WSL010420
2025-08-12,sell,JOD,75000,32437.778,1.524,WSL010420
2025-08-12,sell,PHP,500000,2738.8,-145.95,WSL010420
2025-08-12,sell,SAR,500000,40753.35,-13.315,WSL010420
2025-08-12,sell,THB,2000000,19025.78,-83.6,WSL010420
2025-08-12,sell,TRY,1000000,7622.2,-754.51,WSL010420
2025-08-12,sell,USD,1700000,520410.324,635.324,WSL010420
2025-08-12,buy,BHD,700,567.086,0.439,WSL010420
2025-08-12,buy,CNY,200000,8575.035,37.641,WSL010420
2025-08-12,buy,GBP,20000,8244.729,-29.838,WSL010420
2025-08-12,buy,IDR,100000000,1903.48,108.52,WSL010420
2025-08-12,buy,INR,3000000,10620.729,386.271,WSL010420
2025-08-12,buy,JPY,1000000,2082.425,-20.725,WSL010420
2025-08-12,buy,KRW,20000000,4430.44,-31.24,WSL010420
2025-08-12,buy,KWD,2990,2987.069,2.931,WSL010420
2025-08-12,buy,LKR,2000000,2108.276,173.444,WSL010420
2025-08-12,buy,MYR,200000,14539.834,124.434,WSL010420
2025-08-12,buy,PHP,1000000,5449.198,320.302,WSL010420
2025-08-12,buy,RUB,2000000,7739.241,306.819,WSL010420
2025-08-12,buy,SAR,300000,24433.196,26.803,WSL010420
2025-08-12,buy,THB,5000000,47468.945,304.505,WSL010420
2025-08-12,buy,THB,5000000,47513.21,260.24,WSL010420
2025-08-12,buy,USD,11000,3362.7,0.55,WSL010420
2025-08-12,buy,AED,200000,16663.941,2.725,WSL010420
2025-08-12,buy,AZN,200000,36392.857,1354.057,WSL010420
2025-08-12,buy,BAM,100000,18870.37,480.896,WSL010420
2025-08-12,buy,CZK,200000,3026.733,-123.951,WSL010420
2025-08-12,buy,EUR,150000,53489.858,-238.91,WSL010420
2025-08-12,buy,EUR,250000,88851.705,-100.125,WSL010420
2025-08-12,buy,GBP,50000,20631.693,-94.465,WSL010420
2025-08-12,buy,GBP,100000,41199.189,-124.734,WSL010420
2025-08-12,buy,PLN,100000,8587.079,-250.792,WSL010420
2025-08-12,buy,THB,3000000,28507.926,156.144,WSL010420
2025-08-12,buy,TRY,12000000,91140.372,9380.148,WSL010420
2025-08-12,buy,USD,300000,91801.71,-76.71,WSL010420
2025-08-11,sell,EGP,200000,1368,-111.232,WSL010420
2025-08-11,sell,GBP,10000,4129,27.052,WSL010420
2025-08-11,buy,JPY,990000,2049.3,-4.099,WSL010420
2025-08-11,sell,TRY,150000,1167,-88.479,WSL010420
2025-08-11,sell,MYR,10000,730,-2.614,WSL010420
2025-08-11,sell,PLN,10000,862.5,24.595,WSL010420
2025-08-11,sell,USD,30000,9180,15,WSL010420
2025-08-11,sell,EUR,10060,3593.935,11.662,WSL010420
2025-08-11,sell,AZN,10000,1820,-65.802,WSL010420
2025-08-11,sell,EUR,30000,10717.5,34.776,WSL010420
2025-08-11,sell,USD,43397,13279.482,21.698,WSL010420
2025-08-11,sell,EUR,5000,1786.25,5.796,WSL010420
2025-08-11,sell,EUR,20000,7145,23.184,WSL010420
2025-08-11,sell,ZAR,15000,270,11.315,WSL010420
2025-08-11,sell,BHD,1000,811,0.913,WSL010420
2025-08-11,sell,EUR,20000,7138,16.184,WSL010420
2025-08-11,sell,GBP,10000,4127.5,13.637,WSL010420
2025-08-11,sell,RUB,200000,780,-34.666,WSL010420
2025-08-11,sell,EUR,10000,3572.5,11.592,WSL010420
2025-08-11,sell,USD,8217,2514.402,4.108,WSL010420
2025-08-11,sell,BHD,2000,1622,1.826,WSL010420
2025-08-11,sell,EUR,20000,7140,21.85,WSL010420
2025-08-11,sell,GBP,10000,4127.5,16.692,WSL010420
2025-08-11,sell,MYR,30000,2190,-7.842,WSL010420
2025-08-11,sell,OMR,2000,1588.5,1.487,WSL010420
2025-08-11,sell,IDR,50000000,952.5,-52.5,WSL010420
2025-08-11,sell,USD,50000,15317.5,42.5,WSL010420
2025-08-11,sell,USD,50000,15315,40,WSL010420
2025-08-11,sell,AED,50000,4165,1.74,WSL010420
2025-08-11,sell,EUR,10000,3572.5,9.148,WSL010420
2025-08-11,sell,THB,300000,2856,-8.064,WSL010420
2025-08-11,sell,USD,30000,9180,15,WSL010420
2025-08-11,sell,CHF,10000,3805,19.374,WSL010420
2025-08-11,sell,OMR,5000,3971.25,3.718,WSL010420
2025-08-11,sell,USD,40000,12240,20,WSL010420
2025-08-11,sell,EGP,200000,1370,-109.232,WSL010420
2025-08-11,sell,BDT,250000,650,-50.688,WSL010420
2025-08-11,sell,EGP,20000,137,-10.923,WSL010420
2025-08-11,sell,INR,100000,356,-10.6,WSL010420
2025-08-11,sell,USD,6000,1836,3,WSL010420
2025-08-11,buy,USD,700000,214361,-511,WSL010420
2025-08-11,buy,AED,290,23.78,0.367,WSL010420
2025-08-11,buy,USD,100,30.15,0.4,WSL010420
2025-08-11,buy,SAR,100,7.9,0.247,WSL010420
2025-08-11,buy,SAR,700,55.3,1.727,WSL010420
2025-08-11,buy,USD,50,15.075,0.2,WSL010420
2025-08-11,buy,USD,100,30.15,0.4,WSL010420
2025-08-11,buy,USD,109,32.864,0.436,WSL010420
2025-08-11,buy,USD,20,6.03,0.08,WSL010420
2025-08-11,buy,QAR,230,19.09,0.121,WSL010420
2025-08-10,sell,EUR,15000,5346,9.307,WSL010420
2025-08-10,sell,USD,20000,6120,8,WSL010420
2025-08-10,sell,RUB,270000,1050.3,-49.861,WSL010420
2025-08-10,sell,EGP,100000,684,-55.858,WSL010420
2025-08-10,sell,JOD,1500,647.25,-1.157,WSL010420
2025-08-10,sell,TRY,200000,1523,-160.746,WSL010420
2025-08-10,sell,MYR,30000,2190,-8.561,WSL010420
2025-08-10,sell,THB,100000,950,-5,WSL010420
2025-08-10,sell,TRY,200000,1526,-157.746,WSL010420
2025-08-10,sell,USD,22575,6909.079,10.159,WSL010420
2025-08-10,sell,CHF,2000,760,3.752,WSL010420
2025-08-10,sell,EGP,50000,342.5,-27.429,WSL010420
2025-08-10,sell,EUR,23000,8199.5,16.571,WSL010420
2025-08-10,sell,GBP,5000,2062.5,6.423,WSL010420
2025-08-10,sell,INR,150000,534,-16.08,WSL010420
2025-08-10,sell,SAR,60000,4890,0.4,WSL010420
2025-08-10,sell,THB,100000,950,-5,WSL010420
2025-08-10,sell,BHD,4000,3245,3.591,WSL010420
2025-08-10,sell,JOD,10000,4326.5,3.788,WSL010420
2025-08-10,sell,THB,300000,2850,-15,WSL010420
2025-08-10,sell,USD,100000,30600,40,WSL010420
2025-08-10,sell,OMR,5000,3971,2.169,WSL010420
2025-08-10,sell,THB,300000,2848.5,-16.5,WSL010420
2025-08-10,sell,THB,400000,3798,-22,WSL010420
2025-08-10,sell,EUR,5000,1782,3.102,WSL010420
2025-08-10,sell,TRY,100000,763,-78.873,WSL010420
2025-08-10,sell,USD,19415,5942,8.776,WSL010420
2025-08-10,sell,EUR,10010,3567.564,6.211,WSL010420
2025-08-10,sell,EGP,150000,1027.5,-82.287,WSL010420
2025-08-10,sell,EUR,5000,1782,3.102,WSL010420
2025-08-10,sell,GBP,5000,2062,5.923,WSL010420
2025-08-10,sell,QAR,20000,1677,5.913,WSL010420
2025-08-10,sell,THB,300000,2850,-15,WSL010420
2025-08-10,sell,TRY,100000,762.5,-79.373,WSL010420
2025-08-10,sell,USD,30000,9187.5,19.5,WSL010420
2025-08-10,sell,BHD,700,567.77,0.524,WSL010420
2025-08-10,sell,GBP,20000,8248,23.693,WSL010420
2025-08-10,sell,USD,20000,6121,9,WSL010420
2025-08-10,sell,USD,30000,9187.5,19.5,WSL010420
2025-08-10,sell,CNY,50000,2140,-12.112,WSL010420
2025-08-10,sell,EUR,21600,7698.24,13.402,WSL010420
2025-08-10,sell,GBP,10000,4125,12.846,WSL010420
2025-08-10,sell,USD,42048,12868.79,18.921,WSL010420
2025-08-10,sell,EUR,20000,7130,14.41,WSL010420
2025-08-10,sell,GBP,10000,4125,12.846,WSL010420
2025-08-10,sell,INR,500000,1780,-53.6,WSL010420
2025-08-10,sell,USD,50000,15302.5,22.5,WSL010420
2025-08-10,sell,EUR,10000,3564,6.205,WSL010420
2025-08-10,sell,THB,300000,2850,-15,WSL010420
2025-08-10,sell,USD,30000,9183,15,WSL010420
2025-08-10,sell,USD,7396,2263.546,3.328,WSL010420
2025-08-10,sell,USD,50000,15315,35,WSL010420
2025-08-10,sell,OMR,10000,7944,6.338,WSL010420
2025-08-10,sell,USD,50000,15315,35,WSL010420
2025-08-10,sell,EUR,8400,2993.76,5.212,WSL010420
2025-08-10,buy,JOD,150000,64875,-34.32,WSL010420
2025-08-10,sell,BHD,6000,4866,3.887,WSL010420
2025-08-10,sell,EGP,200000,1370,-109.716,WSL010420
2025-08-10,sell,TRY,2600000,19812,-2076.698,WSL010420
2025-08-10,buy,EUR,50,16,1.789,WSL010420
2025-08-10,buy,USD,600,180.9,2.46,WSL010420
2025-08-10,buy,AED,700000,58271.353,33.362,WSL010420
2025-08-10,buy,BHD,30000,24301.432,9.132,WSL010420
2025-08-10,buy,CAD,40000,8895.197,-9.539,WSL010420
2025-08-10,buy,CHF,10000,3786.245,-5.003,WSL010420
2025-08-10,buy,EGP,5000000,33762.43,3230.47,WSL010420
2025-08-10,buy,EUR,100000,35566.02,11.932,WSL010420
2025-08-10,buy,GBP,50000,20584.904,-24.136,WSL010420
2025-08-10,buy,KWD,3000,2995.588,4.412,WSL010420
2025-08-10,buy,OMR,20000,15868.606,6.719,WSL010420
2025-08-10,buy,SAR,200000,16285.143,13.523,WSL010420
2025-08-10,buy,SAR,500000,40702.012,44.653,WSL010420
2025-08-10,buy,USD,600000,183513.33,-153.33,WSL010420
2025-08-10,buy,ZAR,200000,3573.684,-128.344,WSL010420
2025-08-09,sell,EGP,300000,2055,-163.848,WSL010420
2025-08-09,sell,GEL,10000,1155,-20,WSL010420
2025-08-09,sell,OMR,3000,2382,1.481,WSL010420
2025-08-09,sell,THB,300000,2856,-8.064,WSL010420
2025-08-09,sell,THB,500000,4750,-23.44,WSL010420
2025-08-09,sell,TRY,300000,2287.5,-237.294,WSL010420
2025-08-09,sell,AZN,5000,909,-33.901,WSL010420
2025-08-09,sell,EGP,30000,204,-17.885,WSL010420
2025-08-09,sell,SAR,200000,16295,1.666,WSL010420
2025-08-09,sell,AZN,10000,1820,-65.802,WSL010420
2025-08-09,sell,IDR,20000000,380,-22,WSL010420
2025-08-09,sell,INR,20000,71,-2.32,WSL010420
2025-08-09,sell,EUR,10000,3564,7.369,WSL010420
2025-08-09,sell,GBP,10000,4124,13.192,WSL010420
2025-08-09,sell,RUB,100000,390,-17.333,WSL010420
2025-08-09,sell,MYR,10000,730,-2.614,WSL010420
2025-08-09,sell,OMR,2000,1587,-0.013,WSL010420
2025-08-09,sell,PLN,10000,859,21.233,WSL010420
2025-08-09,sell,QAR,50000,4191.5,15.15,WSL010420
2025-08-09,sell,TRY,400000,3050,-316.392,WSL010420
2025-08-09,sell,EGP,60000,411,-32.77,WSL010420
2025-08-09,sell,AZN,5000,910,-32.901,WSL010420
2025-08-09,sell,BAM,5000,950,-16.772,WSL010420
2025-08-09,sell,EUR,10000,3564,7.369,WSL010420
2025-08-09,sell,GBP,10000,4124,13.192,WSL010420
2025-08-09,sell,IDR,50000000,955,-50,WSL010420
2025-08-09,sell,PLN,10000,862.5,24.733,WSL010420
2025-08-09,sell,USD,5000,1530.5,3,WSL010420
2025-08-09,sell,CZK,40000,606,23.43,WSL010420
2025-08-09,sell,EUR,20000,7130,16.738,WSL010420
2025-08-09,sell,JOD,10000,4325,3.702,WSL010420
2025-08-09,sell,OMR,2000,1588,0.987,WSL010420
2025-08-09,sell,PLN,10000,860,22.233,WSL010420
2025-08-09,sell,RUB,200000,780,-34.666,WSL010420
2025-08-09,sell,SAR,77000,6275.5,2.566,WSL010420
2025-08-09,sell,THB,300000,2850,-14.064,WSL010420
2025-08-09,sell,AED,50000,4165,1.74,WSL010420
2025-08-09,sell,JOD,5000,2163,2.351,WSL010420
2025-08-09,sell,MYR,20000,1462,-3.228,WSL010420
2025-08-09,sell,OMR,2000,1588,0.987,WSL010420
2025-08-09,sell,PHP,100000,550,-26.478,WSL010420
2025-08-09,sell,THB,300000,2856,-8.064,WSL010420
2025-08-09,sell,USD,109868,33658.062,93.388,WSL010420
2025-08-09,sell,EUR,5000,1782,3.684,WSL010420
2025-08-09,sell,USD,22019,6738.915,12.111,WSL010420
2025-08-09,sell,EUR,10000,3565,8.369,WSL010420
2025-08-09,sell,GEL,10000,1155,-20,WSL010420
2025-08-09,sell,JOD,10000,4326,4.702,WSL010420
2025-08-09,sell,THB,500000,4760,-13.44,WSL010420
2025-08-09,sell,TRY,500000,3812.5,-395.49,WSL010420
2025-08-09,sell,USD,77650,23784.2,62.125,WSL010420
2025-08-09,sell,CNY,30000,1284,-6.845,WSL010420
2025-08-09,sell,EUR,20000,7128,14.738,WSL010420
2025-08-09,sell,GBP,10000,4124,13.192,WSL010420
2025-08-09,sell,PLN,20000,1720,44.467,WSL010420
2025-08-09,sell,TRY,500000,3812.5,-395.49,WSL010420
2025-08-09,sell,USD,70000,21441,56,WSL010420
2025-08-09,sell,USD,300000,91882.5,232.5,WSL010420
2025-08-09,sell,EUR,10000,3565,8.369,WSL010420
2025-08-09,sell,TRY,200000,1525,-158.196,WSL010420
2025-08-09,sell,USD,100000,30600,50,WSL010420
2025-08-09,sell,BAM,10000,1900,-33.544,WSL010420
2025-08-09,sell,CHF,10000,3797.5,17.495,WSL010420
2025-08-09,sell,EUR,20000,7128,14.738,WSL010420
2025-08-09,sell,GBP,10000,4124,13.192,WSL010420
2025-08-09,sell,JOD,5000,2162.5,1.851,WSL010420
2025-08-09,sell,RUB,500000,1950,-86.665,WSL010420
2025-08-09,sell,TRY,400000,3050,-316.392,WSL010420
2025-08-09,sell,USD,80000,24500,60,WSL010420
2025-08-09,sell,USD,50000,15300,25,WSL010420
2025-08-09,sell,USD,100000,30675,125,WSL010420
2025-08-09,sell,EUR,300000,107100,401.07,WSL010420
2025-08-09,sell,GBP,50000,20675,120.96,WSL010420
2025-08-09,sell,USD,505000,154908.75,631.25,WSL010420
2025-08-09,sell,EUR,20000,7128,14.738,WSL010420
2025-08-09,sell,USD,60000,18378,48,WSL010420
2025-08-09,buy,AZN,100000,18181.548,676.477,WSL010420
2025-08-09,buy,CZK,100000,1514.378,-57.952,WSL010420
2025-08-09,buy,EUR,700000,249115.857,-151.687,WSL010420
2025-08-09,buy,GBP,150000,61771.154,-109.034,WSL010420
2025-08-09,buy,HUF,100000,92.561,-2.61,WSL010420
2025-08-09,buy,PLN,100000,8556.022,-178.355,WSL010420
2025-08-09,buy,TRY,2000000,15215.442,1616.518,WSL010420
2025-08-09,buy,USD,1500000,458541.54,-291.54,WSL010420
2025-08-09,sell,USD,100000,30605,55,WSL010420
2025-08-09,sell,AZN,100000,18200,-658.025,WSL010420
2025-08-09,sell,EGP,3000000,20286,-1902.48,WSL010420
2025-08-09,sell,NPR,1000000,2350,-195.73,WSL010420
2025-08-09,sell,USD,200000,61260,160,WSL010420
2025-08-09,sell,LKR,600000,660,-23.958,WSL010420
2025-08-07,sell,USD,80000,24512,72,WSL010420
2025-08-07,sell,AZN,5000,910,-32.901,WSL010420
2025-08-07,sell,EUR,12000,4288.8,24.142,WSL010420
2025-08-07,sell,USD,60000,18363,33,WSL010420
2025-08-07,sell,PLN,30000,2586,81.08,WSL010420
2025-08-07,sell,USD,5000,1530.75,3.25,WSL010420
2025-08-07,sell,THB,200000,1898,-11.376,WSL010420
2025-08-07,sell,TRY,200000,1526,-157.196,WSL010420
2025-08-07,sell,THB,300000,2844,-20.064,WSL010420
2025-08-07,sell,AZN,20000,3640,-131.605,WSL010420
2025-08-07,sell,THB,500000,4745,-28.44,WSL010420
2025-08-07,sell,EUR,10000,3576,6.538,WSL010420
2025-08-07,sell,OMR,5000,3970,2.468,WSL010420
2025-08-07,sell,AZN,20000,3640,-131.605,WSL010420
2025-08-07,sell,BAM,10000,1902.5,-31.044,WSL010420
2025-08-07,sell,JOD,10000,4325,3.702,WSL010420
2025-08-07,sell,USD,50000,15305,30,WSL010420
2025-08-07,sell,USD,40000,12244,24,WSL010420
2025-08-07,sell,BHD,25000,20275,22.826,WSL010420
2025-08-07,sell,JOD,15000,6487.5,5.554,WSL010420
2025-08-07,sell,THB,300000,2835,-29.064,WSL010420
2025-08-07,sell,CNY,50000,2142.5,-8.908,WSL010420
2025-08-07,sell,JOD,10000,4325,3.702,WSL010420
2025-08-07,sell,KRW,10000000,2230,16,WSL010420
2025-08-07,sell,PKR,100000,117,-5.2,WSL010420
2025-08-07,sell,PLN,30000,2580,66.631,WSL010420
2025-08-07,sell,AZN,10000,1820,-65.802,WSL010420
2025-08-07,sell,JOD,10000,4325,3.702,WSL010420
2025-08-07,sell,AED,20000,1665,-0.304,WSL010420
2025-08-07,sell,EUR,5000,1787.5,2.769,WSL010420
2025-08-07,sell,JOD,5000,2162.5,1.851,WSL010420
2025-08-07,sell,OMR,2000,1588,0.987,WSL010420
2025-08-07,sell,SAR,20000,1630,0.667,WSL010420
2025-08-07,sell,BHD,3000,2431.5,1.239,WSL010420
2025-08-07,sell,USD,50000,15302.5,27.5,WSL010420
2025-08-07,sell,EUR,15000,5358,6.098,WSL010420
2025-08-07,sell,CZK,50000,757.5,30.188,WSL010420
2025-08-07,sell,EUR,20000,7148,12.131,WSL010420
2025-08-07,sell,USD,63618,19473.47,38.171,WSL010420
2025-08-07,sell,EUR,5000,1787,3.033,WSL010420
2025-08-07,sell,TRY,100000,763,-78.598,WSL010420
2025-08-07,sell,USD,24933,7631.999,14.967,WSL010420
2025-08-07,sell,EUR,10000,3575,7.066,WSL010420
2025-08-07,sell,THB,200000,1900,-9.376,WSL010420
2025-08-07,sell,USD,27320,8373.58,27.32,WSL010420
2025-08-07,sell,USD,35644,10910.628,21.386,WSL010420
2025-08-07,sell,USD,32682,10017.033,32.682,WSL010420
2025-08-07,sell,EUR,5000,1787,3.033,WSL010420
2025-08-07,sell,JOD,10000,4325,3.702,WSL010420
2025-08-07,sell,MYR,10000,731,-1.614,WSL010420
2025-08-07,sell,PLN,10000,860,23.289,WSL010420
2025-08-07,sell,TRY,300000,2289,-235.794,WSL010420
2025-08-07,sell,USD,30000,9195,30,WSL010420
2025-08-07,sell,EGP,10000,68.5,-5.462,WSL010420
2025-08-07,sell,AED,10000,832.7,0.048,WSL010420
2025-08-07,sell,EGP,200000,1370,-109.232,WSL010420
2025-08-07,sell,JOD,10000,4325,3.702,WSL010420
2025-08-07,sell,JOD,6900,2984.25,2.555,WSL010420
2025-08-07,sell,EUR,30000,10722,7.198,WSL010420
2025-08-07,sell,THB,500000,4745,-28.44,WSL010420
2025-08-07,sell,TRY,200000,1526,-157.196,WSL010420
2025-08-07,sell,USD,50000,15300,25,WSL010420
2025-08-07,sell,EGP,2000000,13584.44,-1207.88,WSL010420
2025-08-07,sell,THB,2000000,18980,-113.76,WSL010420
2025-08-07,buy,USD,100000,30625,-75,WSL010420
2025-08-07,buy,SAR,160000,13012.8,21.867,WSL010420
2025-08-07,buy,USD,200000,61250,-150,WSL010420
2025-08-07,sell,EGP,150000,1027.5,-81.924,WSL010420
2025-08-07,sell,EGP,300000,2085,-133.848,WSL010420
2025-08-07,buy,AED,500000,41608.773,23.822,WSL010420
2025-08-07,buy,BHD,25000,20244.565,7.609,WSL010420
2025-08-07,buy,EGP,4500000,30209.342,3073.378,WSL010420
2025-08-07,buy,EUR,100000,35569.653,103.582,WSL010420
2025-08-07,buy,KWD,5000,4991.013,8.987,WSL010420
2025-08-07,buy,SAR,400000,32555.289,31.379,WSL010420
2025-08-07,buy,SAR,400000,32563.966,22.702,WSL010420
2025-08-07,buy,USD,400000,122289.962,-89.962,WSL010420
2025-08-07,buy,CAD,30000,6671.642,4.494,WSL010420
2025-08-07,buy,CHF,50000,18995.647,-20.491,WSL010420
2025-08-07,buy,CNY,200000,8558.42,47.214,WSL010420
2025-08-07,buy,IDR,200000000,3771,249,WSL010420
2025-08-07,buy,INR,4000000,14124.856,539.144,WSL010420
2025-08-07,buy,JPY,2000000,4158.612,-5.532,WSL010420
2025-08-07,buy,THB,7000000,66340.365,487.795,WSL010420
2025-08-07,buy,USD,11000,3359.95,0.55,WSL010420
2025-08-06,sell,USD,30000,9183,10.5,WSL010420
2025-08-06,sell,EUR,4000,1419.4,-4.417,WSL010420
2025-08-06,sell,USD,4000,1224.4,1.4,WSL010420
2025-08-06,sell,EGP,200000,1360,-120.442,WSL010420
2025-08-06,sell,EUR,50000,17737.5,-51.035,WSL010420
2025-08-06,sell,PLN,30000,2580,84.896,WSL010420
2025-08-06,sell,THB,500000,4745,-32.345,WSL010420
2025-08-06,sell,TRY,1000000,7630,-792.86,WSL010420
2025-08-06,sell,CAD,7000,1558.9,2.128,WSL010420
2025-08-06,sell,AZN,10000,1820,-67.346,WSL010420
2025-08-06,sell,EGP,200000,1356,-124.442,WSL010420
2025-08-06,sell,USD,42580,13042.254,23.419,WSL010420
2025-08-06,sell,USD,30000,9175.5,3,WSL010420
2025-08-06,sell,USD,40000,12244,14,WSL010420
2025-08-06,sell,THB,500000,4750,-27.345,WSL010420
2025-08-06,sell,USD,50000,15315,27.5,WSL010420
2025-08-06,sell,EUR,50000,17740,34.018,WSL010420
2025-08-06,sell,TRY,400000,3052,-317.144,WSL010420
2025-08-06,sell,EGP,200000,1360,-120.442,WSL010420
2025-08-06,sell,GEL,10000,1155,-20.962,WSL010420
2025-08-06,sell,JOD,10000,4325,0.166,WSL010420
2025-08-06,sell,SAR,93000,7579.5,-3.1,WSL010420
2025-08-06,sell,USD,70000,21441,38.5,WSL010420
2025-08-06,sell,EGP,200000,1360,-120.442,WSL010420
2025-08-06,sell,GBP,5000,2041.25,7.248,WSL010420
2025-08-06,sell,THB,300000,2847,-19.407,WSL010420
2025-08-06,sell,USD,30000,9189,16.5,WSL010420
2025-08-06,sell,USD,50000,15305,17.5,WSL010420
2025-08-06,sell,USD,50000,15312.5,25,WSL010420
2025-08-06,sell,USD,50000,15317.5,30,WSL010420
2025-08-06,sell,USD,100000,30630,55,WSL010420
2025-08-06,sell,JOD,20000,8650,0.332,WSL010420
2025-08-06,sell,USD,180000,55134,99,WSL010420
2025-08-06,sell,EGP,50000,340,-30.11,WSL010420
2025-08-06,sell,THB,200000,1900,-10.938,WSL010420
2025-08-06,sell,USD,50000,15317.5,30,WSL010420
2025-08-06,sell,BAM,10000,1900,-35.127,WSL010420
2025-08-06,sell,GBP,10000,4082.5,14.496,WSL010420
2025-08-06,sell,PLN,30000,2587.5,104.218,WSL010420
2025-08-06,sell,RUB,500000,1950,-88.335,WSL010420
2025-08-06,sell,THB,500000,4745,-32.345,WSL010420
2025-08-06,sell,USD,50000,15315,27.5,WSL010420
2025-08-06,sell,AZN,20000,3690,-84.691,WSL010420
2025-08-06,sell,USD,200000,61360,210,WSL010420
2025-08-06,sell,AED,50000,4166.5,-0.166,WSL010420
2025-08-06,sell,CNY,20000,856,-5.268,WSL010420
2025-08-06,sell,EUR,10000,3547.5,6.304,WSL010420
2025-08-06,sell,GBP,10000,4082.5,14.496,WSL010420
2025-08-06,sell,THB,200000,1900,-10.938,WSL010420
2025-08-06,sell,TRY,200000,1527,-157.572,WSL010420
2025-08-06,sell,USD,40000,12252,22,WSL010420
2025-08-06,sell,TRY,107000,817.48,-83.766,WSL010420
2025-08-06,sell,USD,20000,6126,11,WSL010420
2025-08-06,sell,EUR,20000,7098,15.607,WSL010420
2025-08-06,sell,USD,66020,20221.999,36.384,WSL010420
2025-08-06,sell,USD,31135,9531.98,12.454,WSL010420
2025-08-06,sell,CHF,7500,2855.625,18.652,WSL010420
2025-08-06,buy,CAD,20000,4453.022,-11.886,WSL010420
2025-08-06,buy,EUR,100000,35479.54,-88.978,WSL010420
2025-08-06,buy,USD,1000000,306158.6,-408.6,WSL010420
2025-08-06,sell,EUR,8400,2981.16,8.353,WSL010420
2025-08-06,sell,EGP,250000,1700,-150.552,WSL010420
2025-08-06,sell,JOD,50000,21625,0.831,WSL010420
2025-08-06,buy,JOD,250000,107988.525,132.32,WSL010420
2025-08-06,buy,OMR,20000,15876.396,6.721,WSL010420
2025-08-06,buy,SAR,500000,40732.845,33.82,WSL010420
2025-08-06,buy,TRY,8000000,60926.76,6456.12,WSL010420
2025-08-05,sell,GBP,3000,1218,0.044,WSL010420
2025-08-05,sell,CHF,5000,1900,11.804,WSL010420
2025-08-05,sell,EGP,300000,2034,-187.389,WSL010420
2025-08-05,sell,LKR,500000,550,-20.615,WSL010420
2025-08-05,sell,THB,500000,4725,-53.905,WSL010420
2025-08-05,sell,EUR,50000,17700,44.809,WSL010420
2025-08-05,sell,TRY,600000,4581,-474.372,WSL010420
2025-08-05,sell,USD,20000,6127,10,WSL010420
2025-08-05,sell,USD,50000,15307.5,15,WSL010420
2025-08-05,sell,USD,30000,9190.5,15,WSL010420
2025-08-05,sell,EUR,5000,1770,4.481,WSL010420
2025-08-05,sell,GBP,5000,2037.5,4.974,WSL010420
2025-08-05,sell,JOD,10000,4327.5,1.252,WSL010420
2025-08-05,sell,OMR,2000,1588.8,-0.031,WSL010420
2025-08-05,sell,PLN,10000,865,38.959,WSL010420
2025-08-05,sell,THB,150000,1419,-14.672,WSL010420
2025-08-05,sell,USD,30000,9183,7.5,WSL010420
2025-08-05,sell,EUR,20000,7075,12.924,WSL010420
2025-08-05,sell,GBP,15000,6111,13.421,WSL010420
2025-08-05,sell,BHD,1500,1216.875,0.352,WSL010420
2025-08-05,sell,EUR,15000,5310,14.36,WSL010420
2025-08-05,sell,OMR,500,397.2,-0.008,WSL010420
2025-08-05,sell,SAR,50000,4077.5,-0.5,WSL010420
2025-08-05,sell,USD,50000,15317.5,25,WSL010420
2025-08-05,sell,EUR,10000,3540,9.573,WSL010420
2025-08-05,sell,USD,50000,15305,12.5,WSL010420
2025-08-05,sell,EUR,100000,35600,295.734,WSL010420
2025-08-05,sell,GBP,50000,20450,133.914,WSL010420
2025-08-05,sell,THB,1000000,9520,-37.81,WSL010420
2025-08-05,sell,TRY,380000,2901.3,-300.436,WSL010420
2025-08-05,sell,GBP,5000,2038,6.391,WSL010420
2025-08-05,sell,EUR,40000,14160,38.294,WSL010420
2025-08-05,sell,USD,20000,6127,10,WSL010420
2025-08-05,sell,EUR,20000,7080,19.147,WSL010420
2025-08-05,sell,JOD,5000,2163.75,0.626,WSL010420
2025-08-05,sell,SAR,30500,2485.75,-1.83,WSL010420
2025-08-05,sell,THB,100000,946,-9.781,WSL010420
2025-08-05,sell,TRY,600000,4584,-471.372,WSL010420
2025-08-05,sell,USD,50000,15317.5,25,WSL010420
2025-08-05,sell,JOD,6332,2740.173,0.793,WSL010420
2025-08-05,sell,USD,26760,8191.236,6.69,WSL010420
2025-08-05,sell,THB,500000,4740,-38.905,WSL010420
2025-08-05,sell,TRY,500000,3820,-392.81,WSL010420
2025-08-05,sell,USD,64535,19754.164,16.134,WSL010420
2025-08-05,sell,BAM,10000,1900,-35.76,WSL010420
2025-08-05,sell,EUR,10000,3540,9.573,WSL010420
2025-08-05,sell,JOD,10000,4327.5,1.252,WSL010420
2025-08-05,sell,THB,200000,1896,-15.562,WSL010420
2025-08-05,sell,USD,20000,6128,11,WSL010420
2025-08-05,sell,USD,20995,6426.57,5.249,WSL010420
2025-08-05,sell,EGP,150000,1020,-90.694,WSL010420
2025-08-05,sell,TRY,200000,1527,-158.124,WSL010420
2025-08-05,sell,AZN,15000,2728.5,-103.444,WSL010420
2025-08-05,sell,USD,50000,15310,17.5,WSL010420
2025-08-05,sell,USD,500000,153000,75,WSL010420
2025-08-05,sell,EUR,20000,7080,16.088,WSL010420
2025-08-05,sell,THB,200000,1893,-18.562,WSL010420
2025-08-05,sell,TRY,200000,1528,-157.124,WSL010420
2025-08-05,sell,USD,20000,6127,10,WSL010420
2025-08-05,sell,BAM,5000,950,-17.88,WSL010420
2025-08-05,sell,EGP,100000,680,-60.463,WSL010420
2025-08-05,sell,EUR,25000,8850,10.17,WSL010420
2025-08-05,sell,JOD,5000,2163.75,0.626,WSL010420
2025-08-05,sell,TRY,100000,764,-78.562,WSL010420
2025-08-05,sell,USD,50000,15307.5,15,WSL010420
2025-08-05,sell,AZN,10000,1820,-67.963,WSL010420
2025-08-05,sell,EUR,20000,7080,8.136,WSL010420
2025-08-05,sell,JOD,15000,6491.25,1.878,WSL010420
2025-08-05,sell,TRY,200000,1528,-157.124,WSL010420
2025-08-05,sell,USD,100000,30610,25,WSL010420
2025-08-05,sell,CNY,200000,8560,-55.492,WSL010420
2025-08-05,sell,CAD,30000,6682.5,23.937,WSL010420
2025-08-05,sell,AED,1000000,83300,-60.59,WSL010420
2025-08-05,sell,AED,2000000,166650,-71.18,WSL010420
2025-08-05,sell,BDT,1000000,2600,-205.96,WSL010420
2025-08-05,sell,BHD,10000,8104,-6.151,WSL010420
2025-08-05,sell,EGP,600000,4050,-392.778,WSL010420
2025-08-05,sell,EUR,100000,35400,52.916,WSL010420
2025-08-05,sell,GBP,50000,20352.5,28.768,WSL010420
2025-08-05,sell,INR,4000000,14240,-440.8,WSL010420
2025-08-05,sell,PHP,1000000,5450,-321.39,WSL010420
2025-08-05,sell,SAR,1000000,81500,-60,WSL010420
2025-08-05,sell,THB,1000000,9435,-122.81,WSL010420
2025-08-05,sell,TRY,1000000,7640,-785.62,WSL010420
2025-08-05,sell,USD,1500000,459240,465,WSL010420
2025-08-05,sell,CHF,200000,76580,1005.5,WSL010420
2025-08-05,buy,CHF,100000,38177.278,-390.028,WSL010420
2025-08-05,buy,EUR,400000,141377.456,10.88,WSL010420
2025-08-05,buy,GBP,200000,81434.54,-139.61,WSL010420
2025-08-05,buy,GEL,150000,17342.155,303.038,WSL010420
2025-08-05,buy,PLN,200000,17131.653,-591.173,WSL010420
2025-08-05,buy,TRY,2600000,19807.674,2098.938,WSL010420
2025-08-05,buy,CHF,50000,19005.594,-111.969,WSL010420
2025-08-05,buy,CNY,200000,8547.869,67.623,WSL010420
2025-08-05,buy,INR,4000000,14165.604,515.196,WSL010420
2025-08-05,buy,PHP,3000000,16251.549,1062.621,WSL010420
2025-08-05,buy,RUB,3000000,11634.75,599.25,WSL010420
2025-08-05,buy,THB,3000000,28297.347,376.083,WSL010420
2025-08-05,buy,THB,5000000,47118.645,670.405,WSL010420
2025-08-05,buy,USD,3500,1070.3,0.175,WSL010420
2025-08-05,buy,AED,2500000,208282.25,119.225,WSL010420
2025-08-05,buy,BHD,10000,8107.105,3.046,WSL010420
2025-08-05,buy,EGP,4000000,26883.516,2735.004,WSL010420
2025-08-05,buy,EUR,100000,35442.22,-125.72,WSL010420
2025-08-05,buy,KWD,15000,14990.196,9.804,WSL010420
2025-08-05,buy,OMR,15000,11911.192,5.042,WSL010420
2025-08-05,buy,SAR,200000,16300.64,11.36,WSL010420
2025-08-05,buy,SAR,600000,48888.889,47.111,WSL010420
2025-08-05,buy,USD,200000,61202.812,-32.812,WSL010420
2025-08-04,sell,EUR,5000,1772.5,4.501,WSL010420
2025-08-04,sell,MYR,5000,362.5,-4.107,WSL010420
2025-08-04,sell,TRY,100000,764,-78.286,WSL010420
2025-08-04,sell,USD,20000,6124,9,WSL010420
2025-08-04,sell,USD,30000,9187.5,15,WSL010420
2025-08-04,sell,BAM,20000,3800,-70.253,WSL010420
2025-08-04,sell,EGP,200000,1354,-126.442,WSL010420
2025-08-04,sell,THB,900000,8505,-94.221,WSL010420
2025-08-04,sell,USD,100000,30625,50,WSL010420
2025-08-04,sell,CAD,13000,2895.1,11.712,WSL010420
2025-08-04,sell,AED,10000,833.2,-0.133,WSL010420
2025-08-04,sell,THB,1000000,9450,-104.69,WSL010420
2025-08-04,sell,EUR,5000,1773,6.071,WSL010420
2025-08-04,sell,INR,500000,1790,-44.5,WSL010420
2025-08-04,sell,JOD,5000,2163.5,1.083,WSL010420
2025-08-04,sell,USD,40000,12240,10,WSL010420
2025-08-04,sell,CZK,30000,453,21.657,WSL010420
2025-08-04,sell,JOD,50000,21635,10.831,WSL010420
2025-08-04,sell,USD,30000,9180,7.5,WSL010420
2025-08-04,sell,USD,30000,9187.5,15,WSL010420
2025-08-04,sell,INR,100000,358,-8.9,WSL010420
2025-08-04,sell,PHP,200000,1096,-57.9,WSL010420
2025-08-04,sell,USD,80000,24480,20,WSL010420
2025-08-04,sell,SAR,200000,16300,-6.666,WSL010420
2025-08-04,sell,THB,300000,2841,-25.407,WSL010420
2025-08-04,sell,USD,80000,24500,40,WSL010420
2025-08-04,sell,AED,20000,1666.6,-0.067,WSL010420
2025-08-04,sell,BAM,10000,1902.5,-32.627,WSL010420
2025-08-04,sell,THB,500000,4730,-47.345,WSL010420
2025-08-04,buy,JOD,24000,10380,-0.399,WSL010420
2025-08-04,sell,OMR,3770,2994.323,0.355,WSL010420
2025-08-04,sell,SAR,25500,2078.25,-0.85,WSL010420
2025-08-04,sell,USD,50000,15312.5,25,WSL010420
2025-08-04,sell,THB,4000000,37760,-458.76,WSL010420
2025-08-04,sell,TRY,300000,2292,-234.858,WSL010420
2025-08-04,sell,USD,49982,15307.002,25.006,WSL010420
2025-08-04,sell,EUR,23200,8224.4,22.302,WSL010420
2025-08-04,sell,MYR,20000,1453,-13.427,WSL010420
2025-08-04,sell,USD,32414,9918.684,8.104,WSL010420
2025-08-04,sell,EUR,10000,3544,8.613,WSL010420
2025-08-04,sell,GBP,10000,4072.5,13.669,WSL010420
2025-08-04,sell,USD,50000,15312.5,25,WSL010420
2025-08-04,sell,MYR,10000,726.5,-6.713,WSL010420
2025-08-04,sell,USD,15200,4651.2,3.8,WSL010420
2025-08-04,sell,VND,30000000,355.5,5.4,WSL010420
2025-08-04,sell,AZN,10000,1820,-67.346,WSL010420
2025-08-04,sell,OMR,3000,2382.75,0.282,WSL010420
2025-08-04,sell,THB,500000,4730,-47.345,WSL010420
2025-08-04,sell,TRY,200000,1528,-156.572,WSL010420
2025-08-04,sell,USD,70000,21437.5,35,WSL010420
2025-08-04,sell,EUR,5000,1772.5,4.806,WSL010420
2025-08-04,sell,USD,6880,2105.5,1.94,WSL010420
2025-08-04,sell,USD,26356,8064.936,6.589,WSL010420
2025-08-04,sell,EUR,8400,2977.8,8.075,WSL010420
2025-08-04,sell,EUR,8400,2977.8,7.818,WSL010420
2025-08-04,sell,EGP,100000,680,-60.221,WSL010420
2025-08-04,sell,USD,100000,30600,25,WSL010420
2025-08-04,sell,GBP,7000,2840.95,-2.8,WSL010420
2025-08-04,sell,EGP,25000,170,-15.055,WSL010420
2025-08-04,sell,SAR,8000,652,-0.267,WSL010420
2025-08-04,sell,USD,40000,12240,10,WSL010420
2025-08-04,sell,EUR,20000,7090,13.11,WSL010420
2025-08-04,sell,GBP,10000,4072.5,10,WSL010420
2025-08-04,sell,GEL,20000,2310,-41.923,WSL010420
2025-08-04,sell,USD,30000,9187.5,15,WSL010420
2025-08-04,buy,JOD,50000,21630,-5.831,WSL010420
2025-08-04,buy,GBP,25000,10181.475,-25.225,WSL010420
2025-08-04,sell,EUR,50000,17850,163.891,WSL010420
2025-08-04,sell,EUR,55000,19635,180.28,WSL010420
2025-08-04,sell,TRY,200000,1556,-128.572,WSL010420
2025-08-03,sell,MYR,40000,2908,-24.854,WSL010420
2025-08-03,sell,EUR,50000,17672.35,-44.334,WSL010420
2025-08-03,sell,EGP,60000,408,-36.133,WSL010420
2025-08-03,sell,THB,500000,4730,-47.345,WSL010420
2025-08-03,sell,TRY,100000,764,-78.286,WSL010420
2025-08-03,sell,USD,20000,6121,6,WSL010420
2025-08-03,sell,EGP,3000000,20049,-2157.63,WSL010420
2025-08-03,sell,THB,2000000,18880,-229.38,WSL010420
2025-08-03,sell,AZN,10000,1822.5,-64.846,WSL010420
2025-08-03,sell,GBP,7000,2851.8,9.762,WSL010420
2025-08-03,sell,USD,2300,704.03,0.805,WSL010420
2025-08-03,sell,USD,30000,9187.5,15,WSL010420
2025-08-03,sell,GBP,40000,16400,159.783,WSL010420
2025-08-03,sell,USD,500000,153350,475,WSL010420
2025-08-03,buy,EUR,200000,70904.058,-37.322,WSL010420
2025-08-03,buy,GBP,50000,20345.864,-45.593,WSL010420
2025-08-03,sell,AZN,16000,2912,-107.753,WSL010420
2025-08-03,sell,AZN,10000,1822.5,-64.846,WSL010420
2025-08-03,sell,CNY,50000,2140,-13.169,WSL010420
2025-08-03,sell,EUR,30000,10650,19.99,WSL010420
2025-08-03,sell,GBP,5000,2037,6.973,WSL010420
2025-08-03,sell,USD,46316,14177.328,16.211,WSL010420
2025-08-03,sell,EUR,10000,3551.5,8.163,WSL010420
2025-08-03,sell,TRY,200000,1528,-156.572,WSL010420
2025-08-03,sell,USD,26914,8245.104,16.148,WSL010420
2025-08-03,sell,THB,100000,946,-9.469,WSL010420
2025-08-03,sell,TRY,304850,2329.054,-238.655,WSL010420
2025-08-03,sell,EUR,5000,1775.75,4.082,WSL010420
2025-08-03,sell,USD,13546,4147.108,5.418,WSL010420
2025-08-03,sell,USD,8167,2499.919,2.859,WSL010420
2025-08-03,sell,EUR,10000,3550,6.663,WSL010420
2025-08-03,sell,USD,100000,30600,25,WSL010420
2025-08-03,sell,USD,150000,45922.5,60,WSL010420
2025-08-03,sell,AED,50000,4166,-0.666,WSL010420
2025-08-03,sell,AZN,10000,1825,-62.346,WSL010420
2025-08-03,sell,BAM,10000,1900,-35.127,WSL010420
2025-08-03,sell,CAD,5000,1113,3.844,WSL010420
2025-08-03,sell,GBP,5000,2037,6.973,WSL010420
2025-08-03,sell,PHP,100000,548,-28.95,WSL010420
2025-08-03,sell,PLN,10000,862.5,32.988,WSL010420
2025-08-03,sell,SGD,10000,2385,12.454,WSL010420
2025-08-03,sell,USD,20000,6122,7,WSL010420
2025-08-03,sell,ZAR,24000,428.4,21.294,WSL010420
2025-08-03,sell,GBP,5000,2037,6.973,WSL010420
2025-08-03,sell,THB,100000,946,-9.469,WSL010420
2025-08-03,buy,GBP,570,223.44,7.983,WSL010420
2025-08-03,sell,EUR,20000,7035.31,-51.364,WSL010420
2025-08-03,sell,EUR,10000,3550,6.663,WSL010420
2025-08-03,sell,GBP,5000,2037,6.973,WSL010420
2025-08-03,sell,JOD,5000,2163,0.583,WSL010420
2025-08-03,sell,MYR,20000,1450,-16.427,WSL010420
2025-08-03,sell,THB,200000,1894,-16.938,WSL010420
2025-08-03,sell,TRY,400000,3056,-313.144,WSL010420
2025-08-03,sell,USD,40000,12254,24,WSL010420
2025-08-03,sell,EGP,200000,1360,-120.442,WSL010420
2025-08-03,sell,JOD,30000,12978,3.499,WSL010420
2025-08-03,buy,SAR,380000,30913,69.665,WSL010420
2025-08-03,sell,EUR,20000,7078,-8.674,WSL010420
2025-08-03,buy,AED,1000000,83285.656,47.674,WSL010420
2025-08-03,buy,BHD,11000,8914.899,3.35,WSL010420
2025-08-03,buy,CHF,100000,38107.704,-88.555,WSL010420
2025-08-03,buy,EGP,2000000,13437.362,1367.058,WSL010420
2025-08-03,buy,EGP,3000000,19850.649,2355.981,WSL010420
2025-08-03,buy,EUR,75000,26568.387,6.639,WSL010420
2025-08-03,buy,KWD,12000,11978.449,21.551,WSL010420
2025-08-03,buy,OMR,30000,23814.594,10.081,WSL010420
2025-08-03,buy,SAR,200000,16290.967,15.699,WSL010420
2025-08-03,buy,SAR,500000,40738.273,28.392,WSL010420
2025-08-03,buy,USD,50000,15285,2.5,WSL010420
2025-08-03,buy,USD,500000,152956.995,-81.995,WSL010420
2025-08-02,sell,IDR,80000000,1524,-87.2,WSL010420
2025-08-02,buy,EUR,80000,28389.456,-14.949,WSL010420
2025-08-02,sell,AZN,10000,1825,-64.198,WSL010420
2025-08-02,sell,EGP,200000,1350,-131.894,WSL010420
2025-08-02,sell,GEL,10000,1147.5,-29.615,WSL010420
2025-08-02,sell,JOD,5000,2163,-1.539,WSL010420
2025-08-02,sell,TRY,500000,3825,-390.565,WSL010420
2025-08-02,sell,USD,73400,22480.585,16.515,WSL010420
2025-08-02,sell,USD,9791,2998.983,2.447,WSL010420
2025-08-02,sell,JOD,5000,2163.75,-0.789,WSL010420
2025-08-02,sell,TRY,128700,983.268,-101.818,WSL010420
2025-08-02,sell,USD,18247,5589.056,4.562,WSL010420
2025-08-02,sell,AZN,10000,1845,-44.198,WSL010420
2025-08-02,sell,THB,500000,4735,-47.03,WSL010420
2025-08-02,sell,GBP,5000,2037.5,5.481,WSL010420
2025-08-02,sell,USD,60000,18378,15,WSL010420
2025-08-02,sell,EUR,5000,1776,2.593,WSL010420
2025-08-02,sell,USD,32272,9884.107,7.261,WSL010420
2025-08-02,sell,CHF,20000,7610,-1.291,WSL010420
2025-08-02,sell,AZN,10000,1822.5,-66.698,WSL010420
2025-08-02,sell,BAM,8000,1520,-29.62,WSL010420
2025-08-02,sell,CHF,6000,2283,-0.387,WSL010420
2025-08-02,sell,CZK,20000,305,16.451,WSL010420
2025-08-02,sell,EGP,140000,945,-92.326,WSL010420
2025-08-02,sell,GEL,15000,1721.25,-44.423,WSL010420
2025-08-02,sell,IDR,10000000,190.5,-10.9,WSL010420
2025-08-02,sell,INR,1500000,5370,-138.9,WSL010420
2025-08-02,sell,JOD,20000,8652,-6.154,WSL010420
2025-08-02,sell,JPY,500000,1045,6.415,WSL010420
2025-08-02,sell,LKR,600000,660,-25.188,WSL010420
2025-08-02,sell,PHP,100000,550,-27.516,WSL010420
2025-08-02,sell,THB,1200000,11358,-118.872,WSL010420
2025-08-02,sell,TRY,200000,1528,-158.226,WSL010420
2025-08-02,sell,ZAR,6000,107.4,5.524,WSL010420
2025-08-02,sell,EGP,500000,3370,-334.735,WSL010420
2025-08-02,sell,EGP,300000,2070,-152.841,WSL010420
2025-08-02,sell,TRY,450000,3501,-293.008,WSL010420
2025-08-02,sell,EUR,5000,1776,2.593,WSL010420
2025-08-02,sell,GBP,5000,2037.5,5.481,WSL010420
2025-08-02,sell,GEL,10000,1147.5,-29.615,WSL010420
2025-08-02,sell,IDR,30000000,573,-31.2,WSL010420
2025-08-02,sell,JOD,15000,6489,-4.616,WSL010420
2025-08-02,sell,THB,100000,945,-11.406,WSL010420
2025-08-02,sell,CNY,20000,856,-6.113,WSL010420
2025-08-02,sell,CZK,30000,457.5,24.676,WSL010420
2025-08-02,sell,GEL,10000,1147.5,-29.615,WSL010420
2025-08-02,sell,QAR,25000,2097.5,5.566,WSL010420
2025-08-02,sell,SAR,193000,15739.15,-12.223,WSL010420
2025-08-02,sell,THB,300000,2838,-31.218,WSL010420
2025-08-02,sell,EGP,3000000,19909.8,-2318.61,WSL010420
2025-08-02,sell,EUR,100000,35095,-373.134,WSL010420
2025-08-02,sell,IDR,100000000,1905,-109,WSL010420
2025-08-02,sell,PHP,2000000,10890,-660.32,WSL010420
2025-08-02,sell,AED,50000,4169,-1.755,WSL010420
2025-08-02,sell,BAM,10000,1905,-32.025,WSL010420
2025-08-02,sell,EUR,20000,7104,10.373,WSL010420
2025-08-02,sell,JOD,10000,4327,-2.077,WSL010420
2025-08-02,sell,TRY,400000,3056,-316.452,WSL010420
2025-08-02,sell,USD,2000,612.6,0.5,WSL010420
2025-08-02,sell,AZN,20000,3645,-133.395,WSL010420
2025-08-02,sell,EUR,20000,7104,10.373,WSL010420
2025-08-02,sell,INR,350000,1253,-32.41,WSL010420
2025-08-02,sell,CNY,100000,4278,-32.563,WSL010420
2025-08-02,sell,GBP,20000,8150,21.924,WSL010420
2025-08-02,sell,GEL,150000,17205,-451.731,WSL010420
2025-08-02,sell,USD,100000,30650,45,WSL010420
2025-08-02,sell,AED,50000,4169,-1.755,WSL010420
2025-08-02,sell,EUR,20000,7105,11.373,WSL010420
2025-08-02,sell,GBP,10000,4075,10.962,WSL010420
2025-08-02,sell,JOD,5000,2163.5,-1.039,WSL010420
2025-08-02,sell,PLN,10000,862.5,32.174,WSL010420
2025-08-02,sell,TRY,200000,1528,-158.226,WSL010420
2025-08-02,sell,USD,80000,24512,28,WSL010420
2025-08-02,sell,GBP,5000,2037.5,5.481,WSL010420
2025-08-02,sell,EUR,300000,106800,395.598,WSL010420
2025-08-02,buy,BAM,200000,37894.737,845.769,WSL010420
2025-08-02,buy,CZK,100000,1507.389,-64.642,WSL010420
2025-08-02,buy,EUR,50000,17699.04,35.027,WSL010420
2025-08-02,buy,EUR,70000,24740.1,87.594,WSL010420
2025-08-02,buy,EUR,100000,35052.3,415.834,WSL010420
2025-08-02,buy,EUR,100000,35052.3,415.834,WSL010420
2025-08-02,buy,EUR,100000,35349.12,119.014,WSL010420
2025-08-02,buy,EUR,100000,35379.72,88.414,WSL010420
2025-08-02,buy,GBP,50000,20226.6,93.59,WSL010420
2025-08-02,buy,USD,1500000,459367.2,-292.2,WSL010420
2025-08-02,buy,AED,300000,24999.999,24.531,WSL010420
2025-08-02,buy,AUD,20000,3953.52,6.767,WSL010420
2025-08-02,buy,BHD,1545,1252.869,0.969,WSL010420
2025-08-02,buy,CHF,50000,18888.889,139.338,WSL010420
2025-08-02,buy,CNY,200000,8542.714,78.412,WSL010420
2025-08-02,buy,IDR,200000000,3777.8,250.2,WSL010420
2025-08-02,buy,INR,3000000,10612.716,405.084,WSL010420
2025-08-02,buy,NZD,10000,1813.662,-2.764,WSL010420
2025-08-02,buy,SGD,20000,4729.521,20.227,WSL010420
2025-08-02,buy,THB,15000000,141230.775,2230.125,WSL010420
2025-08-02,buy,USD,30500,9333,1.525,WSL010420
2025-07-31,sell,AZN,10000,1825,-64.198,WSL010420
2025-07-31,sell,EGP,300000,2010,-212.841,WSL010420
2025-07-31,sell,THB,200000,1892,-20.812,WSL010420
2025-07-31,sell,USD,100000,30650,45,WSL010420
2025-07-31,sell,THB,300000,2841,-28.218,WSL010420
2025-07-31,sell,USD,80000,24504,20,WSL010420
2025-07-31,sell,USD,100000,30635,30,WSL010420
2025-07-31,sell,IDR,50000000,952.5,-54.5,WSL010420
2025-07-31,sell,INR,200000,716,-18.52,WSL010420
2025-07-31,sell,USD,100000,30650,45,WSL010420
2025-07-31,sell,JOD,3,1.298,-0.001,WSL010420
2025-07-31,sell,USD,100000,30648,43,WSL010420
2025-07-31,sell,USD,140000,42910,63,WSL010420
2025-07-31,sell,JOD,4197,1816.252,-0.662,WSL010420
2025-07-31,sell,TRY,100000,765,-78.113,WSL010420
2025-07-31,sell,USD,19000,5820.65,5.7,WSL010420
2025-07-31,sell,EUR,10000,3512.5,8.228,WSL010420
2025-07-31,sell,GEL,10000,1147.5,-29.615,WSL010420
2025-07-31,sell,JOD,10000,4330,0.923,WSL010420
2025-07-31,sell,TRY,200000,1530,-156.226,WSL010420
2025-07-31,sell,USD,26685,8179.001,12.057,WSL010420
2025-07-31,sell,AED,50000,4169,-1.755,WSL010420
2025-07-31,sell,USD,50000,15317.5,15,WSL010420
2025-07-31,sell,THB,200000,1892,-20.812,WSL010420
2025-07-31,sell,USD,70000,21441,17.5,WSL010420
2025-07-31,sell,BAM,5000,952.5,-16.013,WSL010420
2025-07-31,sell,EUR,5000,1757.5,6.129,WSL010420
2025-07-31,sell,INR,350000,1253,-32.41,WSL010420
2025-07-31,sell,JOD,10000,4327.5,-1.577,WSL010420
2025-07-31,sell,PLN,6000,519,26.457,WSL010420
2025-07-31,sell,USD,120000,36780,54,WSL010420
2025-07-31,sell,AED,10000,833.8,-0.351,WSL010420
2025-07-31,sell,THB,100000,947,-9.406,WSL010420
2025-07-31,sell,USD,60000,18390,27,WSL010420
2025-07-31,sell,USD,50000,15325,22.5,WSL010420
2025-07-31,sell,AZN,10000,1822.5,-66.698,WSL010420
2025-07-31,sell,EGP,100000,675,-65.947,WSL010420
2025-07-31,sell,JOD,10000,4330,0.923,WSL010420
2025-07-31,sell,THB,300000,2838,-31.218,WSL010420
2025-07-31,sell,USD,62000,19003,27.9,WSL010420
2025-07-31,sell,USD,30000,9195,13.5,WSL010420
2025-07-31,sell,USD,20000,6120,-1,WSL010420
2025-07-31,sell,EUR,30000,10530,26.364,WSL010420
2025-07-31,sell,PLN,30000,2595,133.736,WSL010420
2025-07-31,sell,THB,400000,3780,-45.624,WSL010420
2025-07-31,sell,USD,30000,9195,13.5,WSL010420
2025-07-31,sell,USD,140000,42889,42,WSL010420
2025-07-31,sell,JOD,5000,2163.75,-0.789,WSL010420
2025-07-31,sell,TRY,200000,1530,-156.226,WSL010420
2025-07-31,sell,USD,18604,5699.335,5.581,WSL010420
2025-07-31,sell,AED,14100,1175.658,-0.495,WSL010420
2025-07-31,sell,USD,58240,17850.56,26.208,WSL010420
2025-07-31,sell,AED,35900,2993.342,-1.26,WSL010420
2025-07-31,sell,USD,202000,61973.6,151.5,WSL010420
2025-07-31,sell,GBP,40000,16400,146.297,WSL010420
2025-07-31,sell,USD,500000,153400,375,WSL010420
2025-07-31,sell,TRY,200000,1530,-156.226,WSL010420
2025-07-31,sell,USD,20000,6126,5,WSL010420
2025-07-31,sell,USD,50000,15322,19.5,WSL010420
2025-07-31,sell,THB,300000,2838,-31.218,WSL010420
2025-07-31,sell,GBP,3250,1340.31,19.697,WSL010420
2025-07-31,buy,JOD,300000,129713.4,158.916,WSL010420
2025-07-31,buy,TRY,10000000,76404.49,7906.81,WSL010420
2025-07-30,sell,USD,9800,2997.33,2.94,WSL010420
2025-07-30,sell,IDR,30000000,573,-30.3,WSL010420
2025-07-30,sell,CNY,200000,8570,-37.042,WSL010420
2025-07-30,sell,THB,1000000,9460,-88.44,WSL010420
2025-07-30,sell,TRY,1000000,7650,-767.36,WSL010420
2025-07-30,sell,USD,160000,48928,40,WSL010420
2025-07-30,sell,THB,500000,4732.5,-41.72,WSL010420
2025-07-30,sell,USD,80000,24464,20,WSL010420
2025-07-30,buy,SAR,600000,48762,126,WSL010420
2025-07-30,sell,THB,1000000,9460,-88.44,WSL010420
2025-07-30,sell,AZN,10000,1825,-61.111,WSL010420
2025-07-30,sell,BAM,10000,1905,-28.861,WSL010420
2025-07-30,sell,MYR,20000,1456,-9.468,WSL010420
2025-07-30,sell,PLN,20000,1730,77.262,WSL010420
2025-07-30,sell,THB,277000,2620.42,-24.498,WSL010420
2025-07-30,sell,BAM,5000,952.5,-14.43,WSL010420
2025-07-30,sell,OMR,1000,793.75,0.114,WSL010420
2025-07-30,sell,PHP,50000,277.5,-10.786,WSL010420
2025-07-30,sell,SAR,20000,1629,-0.6,WSL010420
2025-07-30,sell,TRY,200000,1530,-153.472,WSL010420
2025-07-30,sell,USD,20000,6122,11,WSL010420
2025-07-30,sell,EUR,10000,3536,4.453,WSL010420
2025-07-30,sell,PHP,100000,551,-25.573,WSL010420
2025-07-30,sell,EGP,1000000,6628,-769.37,WSL010420
2025-07-30,sell,THB,3000000,28350,-295.32,WSL010420
2025-07-30,sell,BHD,10000,8095,-7.196,WSL010420
2025-07-30,sell,KRW,20757000,4628.811,41.929,WSL010420
2025-07-30,sell,OMR,4000,3171,-3.545,WSL010420
2025-07-30,sell,USD,100000,30565,10,WSL010420
2025-07-30,sell,EUR,30000,10612.5,17.859,WSL010420
2025-07-30,sell,USD,30000,9174,7.5,WSL010420
2025-07-30,sell,USD,23407,7157.861,5.852,WSL010420
2025-07-30,sell,EUR,10000,3537.5,5.953,WSL010420
2025-07-30,sell,THB,500000,4735,-39.22,WSL010420
2025-07-30,sell,TRY,200000,1530,-153.472,WSL010420
2025-07-30,sell,USD,56192,17197.562,28.096,WSL010420
2025-07-30,sell,USD,27113,8291.155,6.778,WSL010420
2025-07-30,sell,USD,140000,42805,28,WSL010420
2025-07-30,sell,EUR,20000,7075,12.517,WSL010420
2025-07-30,sell,USD,40000,12242,20,WSL010420
2025-07-30,sell,PLN,30000,2595,118.371,WSL010420
2025-07-30,sell,EUR,20000,7146.85,84.367,WSL010420
2025-07-30,sell,USD,50000,15287.5,10,WSL010420
2025-07-30,buy,EUR,20,6.4,0.662,WSL010420
2025-07-30,buy,SAR,200,15.8,0.496,WSL010420
2025-07-30,buy,USD,300,90.3,1.365,WSL010420
2025-07-30,buy,SAR,500,39.5,1.24,WSL010420
2025-07-30,buy,USD,170,51.17,0.774,WSL010420
2025-07-30,buy,USD,30,9.03,0.136,WSL010420
2025-07-30,sell,GBP,10000,4094,9.713,WSL010420
2025-07-30,sell,TRY,620000,4739.9,-478.863,WSL010420
2025-07-30,sell,CZK,100000,1515,79.077,WSL010420
2025-07-30,sell,EUR,30000,10612.5,18.776,WSL010420
2025-07-30,sell,INR,200000,718,-15.32,WSL010420
2025-07-30,sell,PLN,30000,2595,118.371,WSL010420
2025-07-30,sell,TRY,200000,1530,-153.472,WSL010420
2025-07-30,sell,USD,20000,6122,11,WSL010420
2025-07-30,sell,GBP,7250,2985.031,27.689,WSL010420
2025-07-30,buy,CNY,100000,4282.31,21.211,WSL010420
2025-07-30,buy,IDR,100000000,1897.5,113.5,WSL010420
2025-07-30,buy,INR,5000000,17834.21,498.79,WSL010420
2025-07-30,buy,KRW,20000000,4440.4,-19.4,WSL010420
2025-07-30,buy,KWD,1253,1250.953,2.047,WSL010420
2025-07-30,buy,MYR,100000,7265.16,62.178,WSL010420
2025-07-30,buy,THB,1000000,9449.428,99.012,WSL010420
2025-07-30,buy,THB,5000000,47145.06,597.14,WSL010420
2025-07-30,buy,ZAR,30000,526.724,-14.088,WSL010420
2025-07-29,sell,EUR,50000,17755,152.264,WSL010420
2025-07-29,sell,JOD,100000,43180,-40.048,WSL010420
2025-07-29,buy,JOD,60000,25935,-2.971,WSL010420
2025-07-29,sell,USD,150000,45870,37.5,WSL010420
2025-07-29,sell,MYR,50000,3642.5,-21.169,WSL010420
2025-07-29,sell,EUR,50000,17850,154.072,WSL010420
2025-07-29,sell,GBP,30000,12390,149.056,WSL010420
2025-07-29,sell,EUR,100000,35700,308.144,WSL010420
2025-07-29,sell,USD,100000,30650,95,WSL010420
2025-07-29,buy,JOD,25000,10810,-4.988,WSL010420
2025-07-29,sell,AED,24885,2072.423,0.03,WSL010420
2025-07-29,sell,THB,100000,946,-8.844,WSL010420
2025-07-29,sell,USD,10000,3054.5,-1,WSL010420
2025-07-29,sell,TRY,171640,1313.046,-131.71,WSL010420
2025-07-29,sell,USD,30000,9177,10.5,WSL010420
2025-07-29,sell,TRY,600000,4590,-460.416,WSL010420
2025-07-29,sell,USD,69610,21311.101,41.765,WSL010420
2025-07-29,sell,BAM,10000,1905,-28.861,WSL010420
2025-07-29,sell,THB,200000,1892,-17.688,WSL010420
2025-07-29,sell,USD,75790,23203.109,45.475,WSL010420
2025-07-29,sell,BAM,10000,1905,-28.861,WSL010420
2025-07-29,sell,EUR,10000,3535,0.703,WSL010420
2025-07-29,sell,GBP,5000,2042.5,4.634,WSL010420
2025-07-29,sell,GEL,10000,1147.5,-27.692,WSL010420
2025-07-29,sell,USD,20000,6122,11,WSL010420
2025-07-29,sell,EUR,40000,14296,158.813,WSL010420
2025-07-29,sell,EUR,20000,7146.85,78.256,WSL010420
2025-07-29,sell,IDR,10000000,191.5,-9.6,WSL010420
2025-07-29,sell,PHP,200000,1110,-43.146,WSL010420
2025-07-29,sell,TRY,100000,765,-76.736,WSL010420
2025-07-29,sell,EGP,60000,405,-38.842,WSL010420
2025-07-29,sell,EUR,25000,8843.75,8.008,WSL010420
2025-07-29,sell,USD,10000,3061,5.5,WSL010420
2025-07-29,sell,THB,300000,2838,-26.532,WSL010420
2025-07-29,sell,TRY,60000,464.4,-40.642,WSL010420
2025-07-29,sell,USD,10000,3063,7.5,WSL010420
2025-07-29,sell,EUR,10000,3537.5,3.203,WSL010420
2025-07-29,sell,THB,200000,1894,-15.688,WSL010420
2025-07-29,sell,USD,100000,30610,55,WSL010420
2025-07-29,sell,AED,49000,4080.72,0.058,WSL010420
2025-07-29,sell,LKR,200000,222,-6.022,WSL010420
2025-07-29,sell,USD,60000,18366,33,WSL010420
2025-07-29,sell,THB,100000,946,-8.844,WSL010420
2025-07-29,sell,TRY,200000,1530,-153.472,WSL010420
2025-07-29,sell,USD,34000,10407.4,18.7,WSL010420
2025-07-29,sell,BAM,20000,3810,-57.722,WSL010420
2025-07-29,sell,EGP,300000,2010,-209.211,WSL010420
2025-07-29,sell,EUR,20000,7095,41.073,WSL010420
2025-07-29,sell,PLN,20000,1735,83.2,WSL010420
2025-07-29,sell,THB,800000,7576,-62.752,WSL010420
2025-07-29,sell,GBP,7250,2985.034,32.122,WSL010420
2025-07-29,sell,AED,1200000,99810,-124.584,WSL010420
2025-07-29,sell,AUD,20000,4030,54.183,WSL010420
2025-07-29,sell,BHD,20000,16190,-14.391,WSL010420
2025-07-29,sell,EGP,1500000,10050,-1046.055,WSL010420
2025-07-29,sell,EUR,200000,71730,1190.728,WSL010420
2025-07-29,sell,GBP,130000,53430,481.24,WSL010420
2025-07-29,sell,IDR,30000000,574.5,-28.8,WSL010420
2025-07-29,sell,INR,4000000,14360,-306.4,WSL010420
2025-07-29,sell,PHP,1000000,5550,-215.73,WSL010420
2025-07-29,sell,SAR,1500000,122100,-120,WSL010420
2025-07-29,sell,SGD,10000,2390,18.638,WSL010420
2025-07-29,sell,THB,1000000,9465,-83.44,WSL010420
2025-07-29,sell,TRY,2000000,15300,-1534.72,WSL010420
2025-07-29,sell,USD,1700000,519469,34,WSL010420
2025-07-29,buy,AED,500000,41632.598,6.812,WSL010420
2025-07-29,buy,BAM,100000,18975.155,363.453,WSL010420
2025-07-29,buy,EUR,30000,10590.158,21.899,WSL010420
2025-07-29,buy,EUR,50000,17744.968,-58.206,WSL010420
2025-07-29,buy,GBP,80000,32664.06,-33.764,WSL010420
2025-07-29,buy,PLN,100000,8605.634,-305.802,WSL010420
2025-07-29,buy,TRY,1500000,11456.25,1169.79,WSL010420
2025-07-29,buy,USD,1500000,458708.25,-383.25,WSL010420
2025-07-29,buy,AED,800000,66584.934,38.122,WSL010420
2025-07-29,buy,AUD,20000,4008.16,-20.121,WSL010420
2025-07-29,buy,EGP,6600000,43361.287,5461.355,WSL010420
2025-07-29,buy,EUR,20000,7126.093,-51.388,WSL010420
2025-07-29,buy,EUR,150000,53496.105,-435.819,WSL010420
2025-07-29,buy,GBP,50000,20555.568,-161.633,WSL010420
2025-07-29,buy,SAR,700000,56996.268,39.732,WSL010420
2025-07-29,buy,SAR,800000,65121.236,62.764,WSL010420
2025-07-29,buy,SGD,10000,2381.509,-6.46,WSL010420
2025-07-29,buy,USD,280000,85599.878,-45.878,WSL010420
2025-07-29,buy,THB,7000000,66207.43,631.65,WSL010420
2025-07-29,sell,TRY,380000,2905.1,-293.497,WSL010420
2025-07-28,sell,EGP,300000,2004,-212.304,WSL010420
2025-07-28,sell,INR,400000,1436,-28.72,WSL010420
2025-07-28,sell,THB,1000000,9465,-70.94,WSL010420
2025-07-28,sell,AZN,20000,3650,-117.284,WSL010420
2025-07-28,sell,THB,500000,4727.5,-40.47,WSL010420
2025-07-28,sell,TRY,500000,3820,-383.17,WSL010420
2025-07-28,sell,EUR,10000,3585,20.848,WSL010420
2025-07-28,sell,USD,20000,6113,10,WSL010420
2025-07-28,sell,THB,1000000,9470,-65.94,WSL010420
2025-07-28,sell,JOD,10000,4317.5,1.153,WSL010420
2025-07-28,sell,SAR,4914,400,0.131,WSL010420
2025-07-28,sell,TRY,400000,3060,-302.536,WSL010420
2025-07-28,sell,GBP,7200,2959.2,9.84,WSL010420
2025-07-28,sell,CZK,30000,457.5,22.586,WSL010420
2025-07-28,sell,JOD,10000,4317.5,1.153,WSL010420
2025-07-28,sell,TRY,700000,5355,-529.438,WSL010420
2025-07-28,sell,AZN,10000,1825,-58.642,WSL010420
2025-07-28,sell,BAM,10000,1905,-26.329,WSL010420
2025-07-28,sell,EGP,100000,668,-70.768,WSL010420
2025-07-28,sell,JOD,10000,4317.5,1.153,WSL010420
2025-07-28,sell,USD,5972,1825.64,3.284,WSL010420
2025-07-28,sell,EUR,10000,3587.5,24.569,WSL010420
2025-07-28,sell,USD,14261,4359.588,7.844,WSL010420
2025-07-28,sell,GBP,2800,1150.8,5.108,WSL010420
2025-07-28,sell,THB,500000,4735,-32.97,WSL010420
2025-07-28,sell,TRY,600000,4590,-453.804,WSL010420
2025-07-28,sell,USD,60043,18355.145,33.024,WSL010420
2025-07-28,sell,EUR,5000,1793.75,12.284,WSL010420
2025-07-28,sell,TRY,200000,1530,-151.268,WSL010420
2025-07-28,sell,USD,29564,9036.237,14.782,WSL010420
2025-07-28,sell,EUR,8000,2868.8,18.455,WSL010420
2025-07-28,buy,MAD,200000,7120,233.012,WSL010420
2025-07-28,sell,CHF,10000,3852,32.851,WSL010420
2025-07-28,sell,JOD,5000,2158.75,0.577,WSL010420
2025-07-28,sell,OMR,3000,2378.25,0.458,WSL010420
2025-07-28,sell,EUR,10000,3587.5,24.569,WSL010420
2025-07-28,sell,JOD,5000,2158.75,0.577,WSL010420
2025-07-28,sell,TRY,300000,2295,-226.902,WSL010420
2025-07-28,sell,USD,20000,6114,11,WSL010420
2025-07-28,sell,EUR,20000,7174,20.063,WSL010420
2025-07-28,sell,GEL,20000,2295,-52.308,WSL010420
2025-07-28,sell,IDR,50000000,957.5,-46.5,WSL010420
2025-07-28,sell,JOD,5000,2158.75,0.577,WSL010420
2025-07-28,sell,TRY,400000,3060,-302.536,WSL010420
2025-07-28,sell,USD,15000,4584.75,7.5,WSL010420
2025-07-28,sell,MAD,200000,7150,-203.012,WSL010420
2025-07-28,buy,BAM,50000,9475.16,181.486,WSL010420
2025-07-28,sell,EUR,20000,7165,11.063,WSL010420
2025-07-28,sell,GBP,3000,1233,4.466,WSL010420
2025-07-28,sell,OMR,5000,3962.5,-0.487,WSL010420
2025-07-28,sell,GBP,7250,2981.128,12.171,WSL010420
2025-07-28,sell,CHF,30000,11571,73.261,WSL010420
2025-07-28,buy,EUR,300000,107547.75,-64.764,WSL010420
2025-07-28,buy,GBP,100000,41081.715,-103.121,WSL010420
2025-07-27,sell,BAM,50000,9512.5,-144.146,WSL010420
2025-07-27,sell,EGP,4000000,26388,-3162.72,WSL010420
2025-07-27,sell,QAR,100000,8370,26.869,WSL010420
2025-07-27,sell,THB,3000000,28350,-257.82,WSL010420
2025-07-27,sell,PKR,1000000,1170,-50.6,WSL010420
2025-07-27,sell,GBP,7000,2877,7.003,WSL010420
2025-07-27,sell,USD,100000,30565,50,WSL010420
2025-07-27,sell,USD,50000,15272.5,15,WSL010420
2025-07-27,sell,EUR,5000,1795,3.77,WSL010420
2025-07-27,sell,TRY,50000,382.5,-37.817,WSL010420
2025-07-27,sell,USD,20000,6109,6,WSL010420
2025-07-27,sell,BAM,5000,952.5,-13.165,WSL010420
2025-07-27,sell,JPY,500000,1045,11.785,WSL010420
2025-07-27,sell,PLN,5000,432.5,10.987,WSL010420
2025-07-27,sell,USD,30000,9163.5,9,WSL010420
2025-07-27,sell,USD,30000,9171,16.5,WSL010420
2025-07-27,sell,EGP,300000,2004,-212.304,WSL010420
2025-07-27,sell,JOD,20000,8637,4.306,WSL010420
2025-07-27,sell,SAR,300000,24412.5,0.501,WSL010420
2025-07-27,sell,USD,100000,30570,55,WSL010420
2025-07-27,sell,BHD,2000,1619.5,1.182,WSL010420
2025-07-27,sell,EUR,10000,3590,7.539,WSL010420
2025-07-27,sell,GBP,5000,2057,7.002,WSL010420
2025-07-27,sell,OMR,2000,1585.5,0.305,WSL010420
2025-07-27,sell,THB,300000,2841,-19.782,WSL010420
2025-07-27,sell,TRY,300000,2295,-226.902,WSL010420
2025-07-27,buy,EUR,100000,35864.505,-39.895,WSL010420
2025-07-27,sell,TRY,200000,1528,-153.268,WSL010420
2025-07-27,sell,USD,20000,6108,5,WSL010420
2025-07-27,sell,BHD,2000,1618,-0.318,WSL010420
2025-07-27,sell,EGP,300000,2004,-212.304,WSL010420
2025-07-27,sell,EUR,30000,10770,22.617,WSL010420
2025-07-27,sell,GBP,10000,4114,14.005,WSL010420
2025-07-27,sell,OMR,3000,2378.25,0.458,WSL010420
2025-07-27,sell,USD,180000,54972,45,WSL010420
2025-07-27,sell,GBP,7000,2879.8,9.803,WSL010420
2025-07-27,sell,EUR,20000,7180,15.078,WSL010420
2025-07-27,sell,GBP,3000,1234.2,4.201,WSL010420
2025-07-27,sell,JOD,1000,431.85,0.215,WSL010420
2025-07-27,sell,SAR,40000,3255.2,0.267,WSL010420
2025-07-27,sell,USD,50000,15282.5,25,WSL010420
2025-07-27,sell,LKR,500000,550,-19.31,WSL010420
2025-07-27,sell,JOD,50000,21581.75,0.016,WSL010420
2025-07-27,sell,SGD,5000,1195,3.845,WSL010420
2025-07-27,sell,USD,100000,30545,30,WSL010420
2025-07-27,sell,BAM,10000,1905,-26.329,WSL010420
2025-07-27,sell,EGP,200000,1336,-141.536,WSL010420
2025-07-27,sell,PLN,10000,865,21.974,WSL010420
2025-07-27,sell,THB,300000,2841,-19.782,WSL010420
2025-07-27,sell,USD,70000,21381.5,21,WSL010420
2025-07-27,sell,EUR,5000,1795,3.77,WSL010420
2025-07-27,sell,JOD,5000,2159.25,1.077,WSL010420
2025-07-27,sell,TRY,300000,2295,-226.902,WSL010420
2025-07-27,sell,USD,30017,9168.693,9.005,WSL010420
2025-07-27,sell,USD,46000,14050.7,13.8,WSL010420
2025-07-27,sell,TRY,100000,765,-75.634,WSL010420
2025-07-27,sell,USD,10000,3057,5.5,WSL010420
2025-07-27,sell,USD,18441,5632.999,5.728,WSL010420
2025-07-27,sell,TRY,600000,4590,-453.804,WSL010420
2025-07-27,sell,USD,5015,1531.802,1.475,WSL010420
2025-07-27,sell,USD,66000,20176.2,36.3,WSL010420
2025-07-27,sell,EUR,25000,8975,18.848,WSL010420
2025-07-27,sell,JOD,5000,2159.5,1.327,WSL010420
2025-07-27,sell,OMR,3000,2378.25,0.458,WSL010420
2025-07-27,sell,RUB,500000,1975,-59.335,WSL010420
2025-07-27,sell,TRY,600000,4590,-453.804,WSL010420
2025-07-27,sell,USD,50000,15285,27.5,WSL010420
2025-07-27,sell,EGP,40000,267.2,-28.307,WSL010420
2025-07-27,sell,INR,100000,359,-7.18,WSL010420
2025-07-27,sell,JOD,10000,4317.5,1.153,WSL010420
2025-07-27,sell,THB,200000,1894,-13.188,WSL010420
2025-07-27,sell,USD,100000,30545,30,WSL010420
2025-07-27,sell,EUR,200000,72000,350.78,WSL010420
2025-07-27,sell,GBP,100000,41300,300.046,WSL010420
2025-07-27,sell,USD,505000,154530,429.25,WSL010420
2025-07-27,buy,AED,500000,41578.087,6.813,WSL010420
2025-07-27,buy,BHD,10000,8090.692,0.897,WSL010420
2025-07-27,buy,EUR,100000,35800.434,24.176,WSL010420
2025-07-27,buy,EUR,200000,71729.01,-79.79,WSL010420
2025-07-27,buy,GBP,50000,20548.485,-48.508,WSL010420
2025-07-27,buy,GBP,100000,41121.378,-121.424,WSL010420
2025-07-27,buy,GEL,200000,22939.85,533.226,WSL010420
2025-07-27,buy,SAR,700000,56936.815,24.516,WSL010420
2025-07-27,sell,AED,40000,3326,-0.792,WSL010420
2025-07-27,sell,BAM,10000,1905,-26.329,WSL010420
2025-07-27,sell,EUR,10000,3590,7.539,WSL010420
2025-07-27,sell,GEL,10000,1148,-25.654,WSL010420
2025-07-27,sell,JOD,10000,4318.5,2.153,WSL010420
2025-07-27,sell,OMR,3000,2378.25,0.458,WSL010420
2025-07-27,sell,SAR,190000,15461.25,0.317,WSL010420
2025-07-27,sell,TRY,200000,1530,-151.268,WSL010420
2025-07-27,sell,IQD,500000,112.5,-2.65,WSL010420
2025-07-27,sell,USD,500,152.95,0.375,WSL010420
2025-07-27,sell,EUR,20000,7180,15.078,WSL010420
2025-07-27,sell,MYR,13500,982.8,-5.096,WSL010420
2025-07-27,sell,THB,700000,6632.5,-42.658,WSL010420
2025-07-27,sell,USD,40000,12228,22,WSL010420
2025-07-27,sell,USD,305000,93330,259.25,WSL010420
2025-07-27,buy,BAM,100000,18950.31,362.981,WSL010420
2025-07-27,buy,CZK,200000,3025.29,-107.846,WSL010420
2025-07-27,buy,USD,1000000,305557.65,-407.65,WSL010420
2025-07-27,buy,CAD,19000,4240.6,-9.519,WSL010420
2025-07-27,buy,CHF,10000,3847.415,-10.016,WSL010420
2025-07-27,buy,CNY,70000,2999.157,9.364,WSL010420
2025-07-27,buy,MYR,100000,7281.623,36.123,WSL010420
2025-07-27,buy,THB,7000000,65916.669,834.911,WSL010420
2025-07-27,buy,AED,500000,41561.095,23.805,WSL010420
2025-07-27,buy,AZN,200000,36386.404,1286.436,WSL010420
2025-07-27,buy,BHD,20000,16177.094,6.084,WSL010420
2025-07-27,buy,CNY,100000,4291.139,6.748,WSL010420
2025-07-27,buy,EGP,10000000,65612.9,8263.9,WSL010420
2025-07-27,buy,EUR,50000,17947.508,-35.203,WSL010420
2025-07-27,buy,IDR,100000000,1912.85,95.15,WSL010420
2025-07-27,buy,OMR,20000,15845.235,6.713,WSL010420
2025-07-27,buy,SAR,500000,40647.482,39.183,WSL010420
2025-07-27,buy,USD,60000,18306,3,WSL010420
2025-07-27,buy,USD,500000,152656.785,-81.785,WSL010420
2025-07-27,buy,JOD,200000,86221.26,105.676,WSL010420
2025-07-27,buy,TRY,12000000,91530,9346.08,WSL010420
2025-07-27,buy,USD,300000,91621.53,-76.53,WSL010420
2025-07-26,sell,EGP,1500000,9892.5,-1179.945,WSL010420
2025-07-26,sell,NPR,2000000,4710,-371.46,WSL010420
2025-07-26,sell,CHF,3150,1214.64,6.85,WSL010420
2025-07-26,sell,ZAR,100000,1785,68.414,WSL010420
2025-07-26,sell,PHP,200000,1110,-40.692,WSL010420
2025-07-26,sell,PLN,20000,1730,45.33,WSL010420
2025-07-26,sell,GEL,20000,2296,-49.385,WSL010420
2025-07-26,sell,TRY,600000,4596,-443.67,WSL010420
2025-07-26,sell,EGP,200000,1340,-136.326,WSL010420
2025-07-26,sell,AZN,10000,1827.5,-54.599,WSL010420
2025-07-26,sell,CHF,2000,771.5,4.649,WSL010420
2025-07-26,sell,GEL,10000,1148,-24.692,WSL010420
2025-07-26,sell,NPR,100000,239,-15.073,WSL010420
2025-07-26,sell,PLN,10000,865,22.665,WSL010420
2025-07-26,sell,SAR,250000,20337.5,10.832,WSL010420
2025-07-26,sell,THB,200000,1896,-9.624,WSL010420
2025-07-26,sell,TRY,200000,1532,-147.89,WSL010420
2025-07-26,sell,AED,30000,2493.6,0.55,WSL010420
2025-07-26,sell,BAM,5000,953.75,-11.123,WSL010420
2025-07-26,sell,EGP,200000,1340,-136.326,WSL010420
2025-07-26,sell,THB,200000,1898,-7.624,WSL010420
2025-07-26,sell,TRY,400000,3064,-295.78,WSL010420
2025-07-26,sell,TRY,200000,1532,-147.89,WSL010420
2025-07-26,sell,CNY,100000,4280,-14.366,WSL010420
2025-07-26,sell,IDR,100000000,1915,-91,WSL010420
2025-07-26,sell,INR,500000,1800,-29.4,WSL010420
2025-07-26,sell,PLN,10000,864,21.665,WSL010420
2025-07-26,sell,EUR,20000,7175,15.948,WSL010420
2025-07-26,sell,PLN,20000,1735,50.33,WSL010420
2025-07-26,sell,RUB,500000,1962.5,-70.165,WSL010420
2025-07-26,sell,SAR,200000,16270,8.666,WSL010420
2025-07-26,sell,TRY,500000,3825,-374.725,WSL010420
2025-07-26,sell,CNY,50000,2140,-7.183,WSL010420
2025-07-26,sell,EUR,50000,17937.5,39.87,WSL010420
2025-07-26,sell,GEL,10000,1148,-24.692,WSL010420
2025-07-26,sell,MYR,20000,1456,-6.35,WSL010420
2025-07-26,sell,THB,500000,4745,-19.06,WSL010420
2025-07-26,sell,EUR,10000,3585,5.474,WSL010420
2025-07-26,sell,GEL,10000,1147.5,-25.192,WSL010420
2025-07-26,sell,THB,1000000,9480,-48.12,WSL010420
2025-07-26,sell,TRY,500000,3825,-374.725,WSL010420
2025-07-26,sell,EUR,20000,7175,15.948,WSL010420
2025-07-26,sell,CNY,30000,1284,-4.31,WSL010420
2025-07-26,sell,MYR,30000,2182.5,-11.025,WSL010420
2025-07-26,sell,THB,1000000,9480,-48.12,WSL010420
2025-07-26,sell,TRY,500000,3825,-374.725,WSL010420
2025-07-26,sell,IDR,100000000,1912.5,-93.5,WSL010420
2025-07-26,sell,INR,1000000,3590,-68.8,WSL010420
2025-07-26,sell,THB,4000000,37911.748,-200.732,WSL010420
2025-07-26,sell,THB,100000,949,-3.812,WSL010420
2025-07-26,sell,TRY,100000,765,-74.945,WSL010420
2025-07-26,sell,EUR,30000,10800,61.422,WSL010420
2025-07-26,sell,EUR,50000,18000,102.37,WSL010420
2025-07-26,sell,GBP,40000,16520,133.454,WSL010420
2025-07-26,sell,THB,300000,2844,-14.436,WSL010420
2025-07-26,buy,EUR,200000,71706.82,-116.3,WSL010420
2025-07-26,buy,GBP,50000,20554.51,-71.328,WSL010420
2025-07-26,buy,AED,100000,8302.04,8.126,WSL010420
2025-07-26,buy,CHF,40000,15363.487,-26.465,WSL010420
2025-07-26,buy,IDR,100000000,1902.9,103.1,WSL010420
2025-07-26,buy,INR,3000000,10740.459,235.941,WSL010420
2025-07-26,buy,LKR,1000000,1054.844,82.846,WSL010420
2025-07-26,buy,RUB,1000000,3908.333,156.997,WSL010420
2025-07-26,buy,THB,10000000,94585.79,695.41,WSL010420
2025-07-24,sell,CNY,70000,2994.6,-11.456,WSL010420
2025-07-24,sell,INR,500000,1800,-29.4,WSL010420
2025-07-24,sell,BAM,30000,5722.5,-66.74,WSL010420
2025-07-24,sell,EGP,2500000,16500,-1954.075,WSL010420
2025-07-24,sell,LKR,5000000,5400,-288.45,WSL010420
2025-07-24,sell,USD,50000,15280,35,WSL010420
2025-07-24,sell,INR,100000,360,-5.88,WSL010420
2025-07-24,sell,JOD,5000,2158.5,2.095,WSL010420
2025-07-24,sell,THB,500000,4757.5,-6.56,WSL010420
2025-07-24,sell,USD,70000,21371,28,WSL010420
2025-07-24,sell,CHF,5000,1932.5,13.442,WSL010420
2025-07-24,sell,EUR,20000,7190,13.264,WSL010420
2025-07-24,sell,JOD,15000,6477.75,8.534,WSL010420
2025-07-24,sell,USD,50000,15260,15,WSL010420
2025-07-24,sell,GEL,20000,2296,-49.385,WSL010420
2025-07-24,sell,INR,300000,1077,-20.64,WSL010420
2025-07-24,sell,JOD,20000,8634,8.379,WSL010420
2025-07-24,sell,SAR,100000,8142,11.333,WSL010420
2025-07-24,sell,THB,500000,4757.5,-6.56,WSL010420
2025-07-24,sell,TRY,500000,3837.5,-362.225,WSL010420
2025-07-24,sell,USD,100000,30565,75,WSL010420
2025-07-24,sell,TRY,300000,2301,-218.835,WSL010420
2025-07-24,sell,USD,30000,9159,12,WSL010420
2025-07-24,sell,EUR,40000,14400,67.261,WSL010420
2025-07-24,sell,GBP,20000,8260,-2.79,WSL010420
2025-07-24,sell,USD,200000,61200,220,WSL010420
2025-07-24,sell,JOD,10000,4317,4.19,WSL010420
2025-07-24,sell,USD,100000,30520,30,WSL010420
2025-07-24,sell,JOD,10000,4316,3.19,WSL010420
2025-07-24,sell,USD,20000,6110,12,WSL010420
2025-07-24,sell,MYR,40000,2908,-16.7,WSL010420
2025-07-24,sell,PLN,20000,1735,48.326,WSL010420
2025-07-24,sell,THB,1000000,9515,-13.12,WSL010420
2025-07-24,sell,USD,30000,9156,9,WSL010420
2025-07-24,sell,USD,45000,13734,13.5,WSL010420
2025-07-24,sell,EUR,20000,7190,16.923,WSL010420
2025-07-24,sell,JOD,10000,4317,4.19,WSL010420
2025-07-24,sell,SAR,132000,10738.2,5.72,WSL010420
2025-07-24,sell,TRY,200000,1536,-143.89,WSL010420
2025-07-24,sell,USD,20000,6104,6,WSL010420
2025-07-24,sell,AED,50000,4155,-0.083,WSL010420
2025-07-24,sell,BHD,2000,1619.5,2.508,WSL010420
2025-07-24,sell,EUR,20000,7190,16.923,WSL010420
2025-07-24,sell,IDR,50000000,960,-43,WSL010420
2025-07-24,sell,USD,50000,15277.5,32.5,WSL010420
2025-07-24,sell,USD,100000,30600,110,WSL010420
2025-07-24,sell,HKD,2500,98.5,1.394,WSL010420
2025-07-24,sell,THB,100000,952,-0.812,WSL010420
2025-07-24,buy,GBP,20000,8240,32.547,WSL010420
2025-07-24,buy,EUR,80000,28772,-79.69,WSL010420
2025-07-24,sell,EUR,15000,5392.5,12.692,WSL010420
2025-07-24,sell,INR,100000,360,-5.88,WSL010420
2025-07-24,sell,USD,40000,12208,12,WSL010420
2025-07-24,sell,EUR,10000,3594,7.461,WSL010420
2025-07-24,sell,THB,500000,4755,-9.06,WSL010420
2025-07-24,sell,EUR,20000,7190,18.752,WSL010420
2025-07-24,sell,USD,30000,9168,21,WSL010420
2025-07-24,sell,EUR,20000,7193,21.752,WSL010420
2025-07-24,sell,THB,600000,5709,-7.872,WSL010420
2025-07-24,sell,USD,44243,13502.999,13.308,WSL010420
2025-07-24,sell,JOD,5000,2158.5,2.095,WSL010420
2025-07-24,sell,USD,25568,7803.499,7.816,WSL010420
2025-07-24,sell,CHF,2000,773,4.021,WSL010420
2025-07-24,sell,INR,200000,720,-11.76,WSL010420
2025-07-24,sell,OMR,2000,1585,1.104,WSL010420
2025-07-24,sell,USD,107575,32831.89,32.272,WSL010420
2025-07-24,sell,THB,500000,4760,-4.06,WSL010420
2025-07-24,sell,JOD,15000,6477,7.784,WSL010420
2025-07-24,sell,JOD,25000,10795,12.974,WSL010420
2025-07-24,sell,EUR,6700,2408.65,4.443,WSL010420
2025-07-24,buy,USD,200,60.2,0.78,WSL010420
2025-07-24,buy,AED,600,49.536,0.325,WSL010420
2025-07-24,buy,USD,100,30.1,0.39,WSL010420
2025-07-24,buy,AED,530,43.757,0.287,WSL010420
2025-07-24,buy,SAR,500,39.5,1.153,WSL010420
2025-07-24,buy,INR,2000000,7172.942,144.658,WSL010420
2025-07-24,buy,PHP,2000000,10985.586,521.334,WSL010420
2025-07-24,buy,THB,7000000,66436.79,260.05,WSL010420
2025-07-24,buy,ZAR,30000,533.265,-11.188,WSL010420
2025-07-23,sell,RUB,700000,2765,-82.6,WSL010420
2025-07-23,sell,CNY,50000,2139,-9.592,WSL010420
2025-07-23,sell,EGP,60000,400.8,-42.388,WSL010420
2025-07-23,sell,EUR,5000,1793.75,4.796,WSL010420
2025-07-23,sell,PHP,100000,555,-20.724,WSL010420
2025-07-23,sell,USD,42000,12826.8,12.6,WSL010420
2025-07-23,sell,EUR,30000,10762.5,28.777,WSL010420
2025-07-23,sell,JOD,20000,8638,6.721,WSL010420
2025-07-23,sell,OMR,3000,2378.25,0.847,WSL010420
2025-07-23,sell,SAR,300000,24426,18,WSL010420
2025-07-23,sell,THB,1000000,9510,-24.38,WSL010420
2025-07-23,sell,USD,50000,15282.5,27.5,WSL010420
2025-07-23,sell,EUR,100000,35900,102.617,WSL010420
2025-07-23,sell,GBP,40000,16560,33.343,WSL010420
2025-07-23,sell,EGP,60000,400.8,-42.388,WSL010420
2025-07-23,sell,EUR,10000,3587.5,7.762,WSL010420
2025-07-23,sell,GBP,5000,2070,4.168,WSL010420
2025-07-23,sell,JOD,2000,863.8,0.672,WSL010420
2025-07-23,sell,USD,30000,9169.5,16.5,WSL010420
2025-07-23,sell,TRY,200000,1536,-144.992,WSL010420
2025-07-23,sell,THB,200000,1900,-6.876,WSL010420
2025-07-23,sell,USD,52865,16144.998,15.886,WSL010420
2025-07-23,sell,USD,50000,15282.5,27.5,WSL010420
2025-07-23,sell,THB,2000000,19030,-38.76,WSL010420
2025-07-23,sell,USD,100000,30540,30,WSL010420
2025-07-23,sell,BHD,2000,1619,0.947,WSL010420
2025-07-23,sell,CHF,2000,774,3.545,WSL010420
2025-07-23,sell,GEL,10000,1147.5,-25.962,WSL010420
2025-07-23,sell,JOD,10000,4319,3.36,WSL010420
2025-07-23,sell,THB,400000,3808,-5.752,WSL010420
2025-07-23,sell,TRY,230000,1766.4,-166.741,WSL010420
2025-07-23,sell,USD,40000,12226,22,WSL010420
2025-07-23,sell,BAM,5000,953.75,-11.756,WSL010420
2025-07-23,sell,CHF,5000,1935,8.864,WSL010420
2025-07-23,sell,EUR,10000,3590,6.295,WSL010420
2025-07-23,sell,INR,200000,720,-12.24,WSL010420
2025-07-23,sell,TRY,160000,1228.8,-115.994,WSL010420
2025-07-23,sell,USD,80000,24452,44,WSL010420
2025-07-23,sell,AZN,10000,1827.5,-55.833,WSL010420
2025-07-23,sell,EGP,100000,668,-70.647,WSL010420
2025-07-23,sell,EUR,10000,3587.5,3.795,WSL010420
2025-07-23,sell,GEL,10000,1147.5,-25.962,WSL010420
2025-07-23,sell,USD,27105,8284.643,14.907,WSL010420
2025-07-23,sell,AED,200000,16636,4.766,WSL010420
2025-07-23,sell,CHF,11000,4229.5,-8,WSL010420
2025-07-23,sell,GBP,5000,2069.25,2.503,WSL010420
2025-07-23,sell,MYR,12500,909.375,-5.193,WSL010420
2025-07-23,sell,CNY,20000,856,-3.437,WSL010420
2025-07-23,sell,IDR,30000000,576,-26.4,WSL010420
2025-07-23,buy,EUR,300000,107484.368,26.77,WSL010420
2025-07-23,buy,GBP,50000,20686.966,-19.492,WSL010420
2025-07-23,buy,KWD,13076.75,13055.351,21.399,WSL010420
2025-07-23,buy,QAR,50,4.122,0.049,WSL010420
2025-07-23,buy,SAR,600000,48781.983,34.017,WSL010420
2025-07-23,buy,USD,500000,152616.515,-66.515,WSL010420
2025-07-23,sell,EUR,10000,3587.5,3.795,WSL010420
2025-07-23,sell,GBP,5000,2067.5,0.753,WSL010420
2025-07-23,sell,USD,50000,15282.5,27.5,WSL010420
2025-07-23,sell,HKD,3500,137.9,1.868,WSL010420
2025-07-23,sell,JOD,55000,23754.5,18.483,WSL010420
2025-07-23,buy,JOD,150000,64655.347,79.245,WSL010420
2025-07-23,buy,KWD,29000,28952.545,47.455,WSL010420
2025-07-23,buy,TRY,8000000,61285.784,5953.896,WSL010420
2025-07-23,buy,CAD,20000,4466.325,17.143,WSL010420
2025-07-23,buy,CHF,30000,11468.045,55.309,WSL010420
2025-07-23,buy,IDR,200000000,3815.4,200.6,WSL010420
2025-07-23,buy,INR,5000000,17923.03,382.97,WSL010420
2025-07-23,buy,JPY,2000000,4147.518,-1.578,WSL010420
2025-07-23,buy,LKR,5000000,5286.83,405.32,WSL010420
2025-07-23,buy,MYR,200000,14491.686,141.408,WSL010420
2025-07-23,buy,SGD,20000,4771.998,-0.337,WSL010420
2025-07-23,buy,THB,5000000,47412.185,259.715,WSL010420
2025-07-23,buy,VND,200000000,2339.4,-5.4,WSL010420
2025-07-23,buy,ZAR,70000,1237.884,-20.954,WSL010420
2025-07-22,sell,USD,40000,12220,8,WSL010420
2025-07-22,sell,EGP,10000,67,-6.913,WSL010420
2025-07-22,sell,THB,2000000,18920,-161.24,WSL010420
2025-07-22,sell,CNY,10000,428,-2,WSL010420
2025-07-22,sell,JOD,5000,2161.25,2.016,WSL010420
2025-07-22,sell,SAR,100000,8145,3.667,WSL010420
2025-07-22,sell,THB,400000,3804,-12.248,WSL010420
2025-07-22,sell,TRY,300000,2310,-213.141,WSL010420
2025-07-22,sell,USD,5000,1535,8.5,WSL010420
2025-07-22,sell,USD,80000,24440,16,WSL010420
2025-07-22,sell,USD,15000,4582.5,3,WSL010420
2025-07-22,sell,JOD,5000,2160.5,1.266,WSL010420
2025-07-22,sell,PHP,50000,277.5,-10.55,WSL010420
2025-07-22,sell,THB,200000,1904,-4.124,WSL010420
2025-07-22,sell,TRY,200000,1540,-142.094,WSL010420
2025-07-22,buy,JOD,100000,43195,-10.315,WSL010420
2025-07-22,sell,THB,1000000,9470,-70.62,WSL010420
2025-07-22,sell,EGP,2000000,13375.6,-1407.02,WSL010420
2025-07-22,sell,MVR,200000,4190,-21.034,WSL010420
2025-07-22,sell,QAR,100000,8375,27.768,WSL010420
2025-07-22,sell,THB,2000000,19020,-61.24,WSL010420
2025-07-22,sell,VND,98000000,1156.4,11.76,WSL010420
2025-07-22,sell,USD,150000,45825,30,WSL010420
2025-07-22,sell,EUR,5000,1787.5,2.869,WSL010420
2025-07-22,sell,TRY,200000,1540,-142.094,WSL010420
2025-07-22,sell,USD,18000,5499,3.6,WSL010420
2025-07-22,sell,EUR,20000,7155,16.475,WSL010420
2025-07-22,sell,GBP,5000,2061.25,4.444,WSL010420
2025-07-22,sell,USD,26399,8071.494,11.879,WSL010420
2025-07-22,sell,USD,18355,5612.999,9.217,WSL010420
2025-07-22,sell,EGP,500000,3350,-345.655,WSL010420
2025-07-22,sell,EUR,250000,89162.5,-69.058,WSL010420
2025-07-22,sell,INR,5000000,18000,-318,WSL010420
2025-07-22,sell,JOD,50000,21622.5,30.158,WSL010420
2025-07-22,sell,PHP,500000,2750,-130.505,WSL010420
2025-07-22,sell,SAR,500000,40775,68.335,WSL010420
2025-07-22,sell,THB,1000000,9480,-60.62,WSL010420
2025-07-22,sell,TRY,1500000,11550,-1065.705,WSL010420
2025-07-22,sell,USD,1500000,458970,1020,WSL010420
2025-07-22,buy,BAM,50000,9509.341,152.051,WSL010420
2025-07-22,buy,EGP,5000000,32822.58,4133.97,WSL010420
2025-07-22,buy,GBP,25000,10299.898,-15.868,WSL010420
2025-07-22,buy,KWD,15000,14975.47,24.53,WSL010420
2025-07-22,buy,LKR,2000000,2180.358,98.002,WSL010420
2025-07-22,buy,SAR,1000000,81356.61,56.72,WSL010420
2025-07-22,buy,USD,33500,10225.875,1.675,WSL010420
2025-07-22,buy,USD,500000,152686.05,-36.05,WSL010420
2025-07-22,sell,EUR,10000,3575,6.654,WSL010420
2025-07-22,sell,TRY,120000,930,-79.256,WSL010420
2025-07-22,sell,TRY,1000000,7690,-720.47,WSL010420
2025-07-21,buy,MVR,250000,5091.668,176.434,WSL010420
2025-07-21,sell,EUR,27000,9621.45,10.375,WSL010420
2025-07-21,sell,EUR,50000,17732.55,-65.738,WSL010420
2025-07-21,sell,THB,300000,2844,-20.532,WSL010420
2025-07-21,sell,TRY,700000,5397,-495.152,WSL010420
2025-07-21,sell,USD,10000,3059.5,4,WSL010420
2025-07-21,sell,USD,80000,24460,16,WSL010420
2025-07-21,sell,EGP,60000,402,-41.842,WSL010420
2025-07-21,sell,JOD,5000,2161.5,0.498,WSL010420
2025-07-21,sell,BAM,10000,1907,-26.861,WSL010420
2025-07-21,sell,CZK,100000,1520,74.567,WSL010420
2025-07-21,sell,EGP,200000,1340,-139.474,WSL010420
2025-07-21,sell,GEL,10000,1147.5,-27.692,WSL010420
2025-07-21,sell,USD,50000,15287.5,10,WSL010420
2025-07-21,sell,AZN,10000,1826.5,-59.611,WSL010420
2025-07-21,sell,EGP,400000,2670,-288.948,WSL010420
2025-07-21,sell,TRY,300000,2310,-215.208,WSL010420
2025-07-21,sell,CZK,50000,760,37.42,WSL010420
2025-07-21,sell,RUB,100000,395,-12.4,WSL010420
2025-07-21,sell,MYR,40000,2908,-22.935,WSL010420
2025-07-21,sell,RUB,500000,1965,-72,WSL010420
2025-07-21,sell,TRY,300000,2313,-212.208,WSL010420
2025-07-21,sell,USD,30000,9178.5,12,WSL010420
2025-07-21,sell,AED,35000,2914.45,-0.309,WSL010420
2025-07-21,sell,IDR,20000000,384,-18.2,WSL010420
2025-07-21,sell,JOD,10000,4323,0.995,WSL010420
2025-07-21,sell,THB,200000,1896,-13.688,WSL010420
2025-07-21,sell,TRY,300000,2310,-215.208,WSL010420
2025-07-21,sell,USD,20000,6119,8,WSL010420
2025-07-21,sell,TRY,380000,2945,-253.597,WSL010420
2025-07-21,sell,USD,20634,6314.004,9.285,WSL010420
2025-07-21,sell,TRY,100000,770,-71.736,WSL010420
2025-07-21,sell,USD,13729,4201.074,6.178,WSL010420
2025-07-21,sell,OMR,2000,1587.5,0.227,WSL010420
2025-07-21,sell,USD,27681,8470.386,12.456,WSL010420
2025-07-21,sell,BAM,10000,1907.5,-26.361,WSL010420
2025-07-21,sell,MYR,70000,5089,-40.137,WSL010420
2025-07-21,sell,SGD,5000,1195,4.7,WSL010420
2025-07-21,sell,THB,500000,4735,-39.22,WSL010420
2025-07-21,sell,OMR,5000,3968.25,0.068,WSL010420
2025-07-21,sell,USD,70000,21402.5,14,WSL010420
2025-07-21,sell,INR,100000,360,-6.66,WSL010420
2025-07-21,sell,LKR,1000000,1090,-50.11,WSL010420
2025-07-21,buy,EUR,200000,71132.62,-37.246,WSL010420
2025-07-20,sell,AUD,7930,1587.983,10.329,WSL010420
2025-07-20,sell,AED,50000,4164.5,-0.804,WSL010420
2025-07-20,sell,BHD,1000,810.6,0.115,WSL010420
2025-07-20,sell,EGP,60000,405,-38.987,WSL010420
2025-07-20,sell,EUR,15000,5340,8.853,WSL010420
2025-07-20,sell,JOD,2000,864.8,0.116,WSL010420
2025-07-20,sell,NPR,100000,239,-15.698,WSL010420
2025-07-20,sell,SAR,40000,3260,-0.267,WSL010420
2025-07-20,sell,OMR,3000,2380.2,-1.488,WSL010420
2025-07-20,sell,USD,150000,45877.5,30,WSL010420
2025-07-20,sell,SAR,81000,6599.88,-2.16,WSL010420
2025-07-20,sell,CHF,10000,3845,31.049,WSL010420
2025-07-20,sell,CNY,30000,1285.5,-5.979,WSL010420
2025-07-20,sell,EUR,10000,3560,5.902,WSL010420
2025-07-20,sell,GBP,10000,4112.5,12.511,WSL010420
2025-07-20,sell,IQD,20000000,4453,-160.4,WSL010420
2025-07-20,sell,PLN,20000,1730,55.251,WSL010420
2025-07-20,sell,TRY,500000,3855,-355.055,WSL010420
2025-07-20,sell,USD,104000,31829.2,41.6,WSL010420
2025-07-20,sell,SAR,600000,48879,-25.002,WSL010420
2025-07-20,sell,IQD,13000000,2899,-99.71,WSL010420
2025-07-20,buy,IQD,50000000,11125,408.5,WSL010420
2025-07-20,buy,NOK,10000,305,-4.831,WSL010420
2025-07-20,sell,EUR,10000,3560,5.902,WSL010420
2025-07-20,sell,OMR,4000,3175,-0.584,WSL010420
2025-07-20,sell,RUB,500000,1970,-67.665,WSL010420
2025-07-20,sell,TRY,400000,3088,-280.044,WSL010420
2025-07-20,sell,USD,50000,15305,22.5,WSL010420
2025-07-20,sell,PHP,100000,555,-21.762,WSL010420
2025-07-20,sell,THB,200000,1894,-16.312,WSL010420
2025-07-20,sell,GBP,5000,2056.25,6.255,WSL010420
2025-07-20,sell,THB,1000000,9465,-86.56,WSL010420
2025-07-20,sell,TRY,200000,1544,-140.022,WSL010420
2025-07-20,sell,USD,60000,18360,21,WSL010420
2025-07-20,sell,VND,100000000,1185,18,WSL010420
2025-07-20,sell,ZAR,75000,1331.25,36.24,WSL010420
2025-07-20,sell,CNY,30000,1284,-7.479,WSL010420
2025-07-20,sell,CZK,50000,762.5,41.083,WSL010420
2025-07-20,sell,GBP,5000,2056.25,6.255,WSL010420
2025-07-20,sell,MYR,20000,1455,-10.947,WSL010420
2025-07-20,sell,USD,55405,16962.252,27.714,WSL010420
2025-07-20,sell,JOD,5000,2162,0.29,WSL010420
2025-07-20,sell,USD,1791,548.001,0.582,WSL010420
2025-07-20,sell,BAM,10000,1907.5,-26.994,WSL010420
2025-07-20,sell,EUR,10000,3560,5.902,WSL010420
2025-07-20,sell,TRY,500000,3860,-350.055,WSL010420
2025-07-20,sell,USD,10123,3096.499,2.404,WSL010420
2025-07-20,sell,EUR,30000,10680,17.705,WSL010420
2025-07-20,sell,GBP,5000,2056.25,6.255,WSL010420
2025-07-20,sell,USD,50000,15305,22.5,WSL010420
2025-07-20,sell,JOD,55000,23778.81,0.004,WSL010420
2025-07-20,sell,EUR,200000,71200,118.036,WSL010420
2025-07-20,sell,GBP,30000,12337.5,37.533,WSL010420
2025-07-20,sell,USD,500000,153050,225,WSL010420
2025-07-20,buy,CHF,30000,11503.137,-61.285,WSL010420
2025-07-20,buy,CZK,200000,2988.753,-103.085,WSL010420
2025-07-20,buy,EUR,200000,71125.344,-43.38,WSL010420
2025-07-20,buy,USD,800000,244626.688,-106.688,WSL010420
2025-07-20,sell,JOD,150000,64851.3,0.012,WSL010420
2025-07-20,buy,AED,50,4.139,0.026,WSL010420
2025-07-20,buy,USD,120,36.12,0.558,WSL010420
2025-07-20,buy,AED,1300,107.601,0.697,WSL010420
2025-07-20,buy,USD,100,30.1,0.465,WSL010420
2025-07-20,buy,USD,150,45.15,0.698,WSL010420
2025-07-20,buy,BHD,40,32.257,0.162,WSL010420
2025-07-20,buy,EUR,100,32,3.541,WSL010420
2025-07-20,buy,AED,350,28.97,0.187,WSL010420
2025-07-20,buy,SAR,100,7.9,0.251,WSL010420
2025-07-20,buy,USD,320,96.32,1.488,WSL010420
2025-07-19,sell,OMR,60,47.622,-0.012,WSL010420
2025-07-19,sell,THB,16000,151.04,-1.785,WSL010420
2025-07-19,sell,USD,40000,12246,20,WSL010420
2025-07-19,sell,IDR,200000000,3832.6,-189.4,WSL010420
2025-07-19,sell,LKR,2000000,2170,-110.98,WSL010420
2025-07-19,sell,USD,20000,6400,287,WSL010420
2025-07-19,sell,VND,200000000,2360,26,WSL010420
2025-07-19,buy,TND,5000,520,16.228,WSL010420
2025-07-19,sell,GBP,5000,2056.25,6.255,WSL010420
2025-07-19,sell,CHF,10000,3845,31.049,WSL010420
2025-07-19,sell,IDR,50000000,962.5,-43,WSL010420
2025-07-19,sell,SGD,5000,1195,5.793,WSL010420
2025-07-19,sell,THB,500000,4735,-40.78,WSL010420
2025-07-19,sell,BAM,15000,2861.25,-40.491,WSL010420
2025-07-19,sell,CHF,5000,1922.5,15.525,WSL010420
2025-07-19,sell,THB,400000,3792,-28.624,WSL010420
2025-07-19,sell,USD,55000,16838.25,27.5,WSL010420
2025-07-19,sell,AED,50000,4164.5,-0.804,WSL010420
2025-07-19,sell,AZN,15000,2741.25,-88.843,WSL010420
2025-07-19,sell,JOD,5000,2162,0.29,WSL010420
2025-07-19,sell,USD,32600,9981.5,17.31,WSL010420
2025-07-19,sell,AED,20000,1665.8,-0.322,WSL010420
2025-07-19,sell,EUR,30000,10680,17.705,WSL010420
2025-07-19,sell,USD,50000,15307.5,25,WSL010420
2025-07-19,sell,AED,50000,4164.5,-0.804,WSL010420
2025-07-19,sell,GEL,10000,1148,-27.577,WSL010420
2025-07-19,sell,USD,3000,918,1.05,WSL010420
2025-07-19,sell,USD,64266,19678.249,35.346,WSL010420
2025-07-19,sell,AED,100000,8329,-1.608,WSL010420
2025-07-19,sell,USD,55555,17011.002,30.616,WSL010420
2025-07-19,sell,USD,26525,8121.955,14.589,WSL010420
2025-07-19,buy,SAR,100000,8122,28.667,WSL010420
2025-07-19,sell,EUR,50000,17790,19.509,WSL010420
2025-07-19,buy,EUR,100000,35577.952,-36.97,WSL010420
2025-07-19,buy,GBP,50000,20550.072,-50.126,WSL010420
2025-07-19,buy,JOD,200000,86362.56,105.824,WSL010420
2025-07-19,buy,QAR,200000,16710.868,2.734,WSL010420
2025-07-19,buy,TRY,8000000,61411.704,5949.176,WSL010420
2025-07-19,buy,LKR,1000000,1061.111,79.379,WSL010420
2025-07-19,buy,QAR,97100,8096.524,17.93,WSL010420
2025-07-19,buy,RUB,2000000,7805.874,344.786,WSL010420
2025-07-19,buy,THB,5000000,47189.59,568.21,WSL010420
2025-07-19,buy,USD,20000,6112,1,WSL010420
2025-07-19,buy,VND,200000000,2341.8,-7.8,WSL010420
2025-07-19,sell,AED,1000,83.202,-0.104,WSL010420
2025-07-19,sell,BHD,100,80.959,-0.089,WSL010420
2025-07-19,sell,EGP,50000,318.345,-51.645,WSL010420
2025-07-19,sell,EUR,1000,353.885,-1.525,WSL010420
2025-07-19,sell,IQD,100000000,22637,-430,WSL010420
2025-07-19,sell,JOD,100,43.242,0.008,WSL010420
2025-07-19,sell,QAR,3000,247.784,-2.92,WSL010420
2025-07-19,sell,USD,8100,2469.172,-6.593,WSL010420
2025-07-19,sell,USD,151900,46420.64,-7.595,WSL010420
2025-07-17,sell,GBP,3000,1236,5.912,WSL010420
2025-07-17,sell,GBP,3000,1239,8.912,WSL010420
2025-07-17,sell,USD,40000,12244,18,WSL010420
2025-07-17,sell,EUR,20000,7096,9.199,WSL010420
2025-07-17,buy,IQD,100000000,22250,817,WSL010420
2025-07-17,sell,AZN,10000,1827.5,-59.228,WSL010420
2025-07-17,sell,EUR,20000,7100,9.531,WSL010420
2025-07-17,sell,GBP,20000,8202.3,7.212,WSL010420
2025-07-17,sell,THB,300000,2841,-24.468,WSL010420
2025-07-17,sell,TRY,1000000,7715,-705.11,WSL010420
2025-07-17,sell,USD,110000,33671,49.5,WSL010420
2025-07-17,sell,THB,500000,4732.5,-43.28,WSL010420
2025-07-17,sell,USD,200000,61220,90,WSL010420
2025-07-17,sell,GBP,10000,4102.5,9.541,WSL010420
2025-07-17,sell,JOD,5000,2162.25,0.54,WSL010420
2025-07-17,sell,TRY,200000,1548,-136.022,WSL010420
2025-07-17,sell,USD,50000,15307.5,25,WSL010420
2025-07-17,sell,EUR,50000,17735.3,3.015,WSL010420
2025-07-17,sell,JOD,20000,8648,1.162,WSL010420
2025-07-17,sell,JPY,580000,1206.4,14.222,WSL010420
2025-07-17,sell,RUB,500000,1965,-72.665,WSL010420
2025-07-17,sell,USD,5000,1537.5,9.25,WSL010420
2025-07-17,sell,EUR,10000,3550,3.543,WSL010420
2025-07-17,sell,JOD,20000,8649,2.162,WSL010420
2025-07-17,sell,TRY,200000,1548,-136.022,WSL010420
2025-07-17,sell,USD,100000,30610,45,WSL010420
2025-07-17,sell,USD,50000,15305,22.5,WSL010420
2025-07-17,sell,THB,300000,2841,-24.468,WSL010420
2025-07-17,sell,USD,50000,15300,17.5,WSL010420
2025-07-17,sell,JOD,10000,4324,0.581,WSL010420
2025-07-17,sell,USD,50000,15305,22.5,WSL010420
2025-07-17,sell,TRY,150000,1160.25,-102.766,WSL010420
2025-07-17,sell,RUB,200000,786,-29.066,WSL010420
2025-07-17,sell,USD,30000,9184.5,15,WSL010420
2025-07-17,sell,BAM,10000,1907.5,-26.994,WSL010420
2025-07-17,sell,TRY,500000,3870,-340.055,WSL010420
2025-07-17,sell,USD,94216,28839.518,42.398,WSL010420
2025-07-17,sell,EUR,5000,1779.5,7.953,WSL010420
2025-07-17,sell,USD,16934,5183.499,7.622,WSL010420
2025-07-17,sell,TRY,500000,3870,-340.055,WSL010420
2025-07-17,sell,USD,37208,11389.369,16.744,WSL010420
2025-07-17,sell,USD,15296,4682.87,7.648,WSL010420
2025-07-17,sell,JOD,15000,6486.75,1.621,WSL010420
2025-07-17,sell,USD,100000,30625,60,WSL010420
2025-07-17,sell,EUR,100000,35570,163.504,WSL010420
2025-07-17,sell,GBP,80000,32880,153.443,WSL010420
2025-07-17,sell,USD,100000,30625,60,WSL010420
2025-07-17,sell,EUR,20000,7152,49.917,WSL010420
2025-07-17,buy,OMR,35137,27810.936,84.191,WSL010420
2025-07-17,buy,AED,1000000,83258.412,47.668,WSL010420
2025-07-17,buy,BHD,18500,14988.335,5.633,WSL010420
2025-07-17,buy,EGP,900000,5992.157,667.654,WSL010420
2025-07-17,buy,EGP,2000000,13462.556,1337.024,WSL010420
2025-07-17,buy,EUR,30000,10667.885,-14.76,WSL010420
2025-07-17,buy,EUR,50000,17724.8,30.408,WSL010420
2025-07-17,buy,GBP,20000,8209.027,-20.052,WSL010420
2025-07-17,buy,GBP,30000,12305.29,-21.828,WSL010420
2025-07-17,buy,OMR,20000,15871.202,6.72,WSL010420
2025-07-17,buy,PKR,1000000,1123.529,99.071,WSL010420
2025-07-17,buy,QAR,500000,41805.746,-21.741,WSL010420
2025-07-17,buy,SAR,500000,40719.52,33.815,WSL010420
2025-07-17,buy,USD,10000,3056,0.5,WSL010420
2025-07-17,buy,JOD,200000,86429.8,38.584,WSL010420
2025-07-17,buy,USD,20000,6295.36,-182.36,WSL010420
2025-07-16,sell,EGP,50000,343.5,-26.49,WSL010420
2025-07-16,sell,EUR,10000,3557.5,12.877,WSL010420
2025-07-16,sell,GBP,5000,2057,10.062,WSL010420
2025-07-16,sell,JOD,6000,2594.4,0.348,WSL010420
2025-07-16,sell,TRY,50000,387.5,-33.506,WSL010420
2025-07-16,sell,USD,40000,12244,18,WSL010420
2025-07-16,sell,EUR,10000,3559,21.407,WSL010420
2025-07-16,sell,GBP,10000,4110,20.709,WSL010420
2025-07-16,sell,TRY,400000,3100,-268.044,WSL010420
2025-07-16,sell,TRY,500000,3870,-340.055,WSL010420
2025-07-16,sell,USD,40000,12234,8,WSL010420
2025-07-16,sell,USD,50000,15305,22.5,WSL010420
2025-07-16,sell,USD,100000,30607,42,WSL010420
2025-07-16,sell,BHD,1500,1216.125,0.398,WSL010420
2025-07-16,sell,SAR,60000,4890,-0.4,WSL010420
2025-07-16,sell,TRY,100000,775,-67.011,WSL010420
2025-07-16,sell,AED,40000,3331.6,-0.643,WSL010420
2025-07-16,sell,JOD,10000,4325,1.581,WSL010420
2025-07-16,sell,LKR,200000,220,-8.098,WSL010420
2025-07-16,sell,OMR,3000,2381.7,0.012,WSL010420
2025-07-16,sell,SAR,72500,5908.75,-0.484,WSL010420
2025-07-16,sell,THB,200000,1895,-15.312,WSL010420
2025-07-16,sell,USD,20000,6122,9,WSL010420
2025-07-16,sell,EUR,40000,14236,25.72,WSL010420
2025-07-16,sell,BAM,10000,1907.5,-26.994,WSL010420
2025-07-16,sell,USD,100000,30610,45,WSL010420
2025-07-16,sell,EUR,30000,10677,19.29,WSL010420
2025-07-16,sell,USD,50000,15305,22.5,WSL010420
2025-07-16,sell,EGP,100000,687,-52.979,WSL010420
2025-07-16,sell,TRY,100000,775,-67.011,WSL010420
2025-07-16,sell,USD,30425,9313.092,13.691,WSL010420
2025-07-16,sell,USD,9206,2817.999,4.185,WSL010420
2025-07-16,sell,TRY,400000,3100,-268.044,WSL010420
2025-07-16,sell,USD,52725,16139.123,23.727,WSL010420
2025-07-16,sell,USD,17128,5242.881,7.708,WSL010420
2025-07-16,sell,USD,30514,9340.335,13.731,WSL010420
2025-07-16,buy,SAR,115000,9340.3,32.967,WSL010420
2025-07-16,sell,USD,30000,9183,13.5,WSL010420
2025-07-16,sell,CNY,100000,4285,-19.93,WSL010420
2025-07-16,sell,EUR,10000,3571,18.124,WSL010420
2025-07-16,sell,TRY,500000,3875,-335.055,WSL010420
2025-07-16,sell,VND,50000000,592.5,8,WSL010420
2025-07-16,sell,USD,35000,10724.499,26.749,WSL010420
2025-07-16,buy,USD,5000,1531.362,-3.112,WSL010420
2025-07-16,buy,USD,10000,3062.418,-5.918,WSL010420
2025-07-16,buy,USD,40000,12248.448,-22.448,WSL010420
2025-07-16,buy,USD,50000,15309.03,-26.53,WSL010420
2025-07-16,buy,AZN,150000,27285.714,1015.212,WSL010420
2025-07-16,buy,BAM,100000,18951.938,392.999,WSL010420
2025-07-16,buy,EGP,2000000,13330.426,1469.154,WSL010420
2025-07-16,buy,EUR,50000,17776.752,-12.374,WSL010420
2025-07-16,buy,EUR,100000,35532.112,-3.356,WSL010420
2025-07-16,buy,GBP,50000,20542.432,-50.128,WSL010420
2025-07-16,buy,KWD,95641.25,95656.901,-15.651,WSL010420
2025-07-16,buy,PLN,100000,8632.768,-292.158,WSL010420
2025-07-16,buy,AED,200000,16649.414,11.802,WSL010420
2025-07-16,buy,BHD,17248,13962.884,16.357,WSL010420
2025-07-16,buy,CNY,500000,21400.56,124.09,WSL010420
2025-07-16,buy,INR,3000000,10779.54,223.86,WSL010420
2025-07-16,buy,QAR,103600,8650.317,7.329,WSL010420
2025-07-16,buy,SAR,1000000,81421.682,84.988,WSL010420
2025-07-15,buy,BDT,3700000,9548.69,816.379,WSL010420
2025-07-15,buy,KWD,81676.25,81462.787,213.463,WSL010420
2025-07-15,buy,NPR,2000000,4604.827,484.133,WSL010420
2025-07-15,sell,SGD,10000,2391,7.315,WSL010420
2025-07-15,sell,BAM,8000,1526.4,-19.676,WSL010420
2025-07-15,sell,TRY,100000,776,-65.185,WSL010420
2025-07-15,sell,EUR,22000,7869.4,17.08,WSL010420
2025-07-15,sell,JOD,10000,4322,2.824,WSL010420
2025-07-15,sell,MYR,10000,727.5,-4.754,WSL010420
2025-07-15,sell,MYR,20000,1457,-7.508,WSL010420
2025-07-15,sell,SAR,200000,16280,-5.334,WSL010420
2025-07-15,sell,THB,200000,1895,-13.438,WSL010420
2025-07-15,sell,USD,50000,15285,17.5,WSL010420
2025-07-15,sell,JOD,3800,1642.36,1.073,WSL010420
2025-07-15,sell,KRW,6000000,1344,14.04,WSL010420
2025-07-15,sell,THB,140000,1325.8,-10.107,WSL010420
2025-07-15,sell,SAR,300000,24417,-11.001,WSL010420
2025-07-15,sell,USD,101000,30885.8,45.45,WSL010420
2025-07-15,sell,EUR,100000,35760,67.638,WSL010420
2025-07-15,sell,USD,30000,9175.5,15,WSL010420
2025-07-15,sell,JOD,10000,4322,2.824,WSL010420
2025-07-15,sell,SAR,150000,12210,-4,WSL010420
2025-07-15,sell,USD,10000,3058.5,5,WSL010420
2025-07-15,sell,INR,200000,720,-12.84,WSL010420
2025-07-15,sell,USD,16932,5178.652,8.466,WSL010420
2025-07-15,sell,THB,500000,4737.5,-33.595,WSL010420
2025-07-15,sell,USD,41950,12830.5,21.068,WSL010420
2025-07-15,sell,EUR,40000,14308,28.613,WSL010420
2025-07-15,sell,GBP,10000,4119,10.821,WSL010420
2025-07-15,sell,USD,24740,7566.729,12.37,WSL010420
2025-07-15,buy,EUR,150000,53640,-92.298,WSL010420
2025-07-15,sell,TRY,385000,2991.45,-247.112,WSL010420
2025-07-15,sell,EUR,7000,2503.2,5.376,WSL010420
2025-07-15,sell,OMR,5000,3967.5,1.916,WSL010420
2025-07-15,sell,USD,50000,15292.5,25,WSL010420
2025-07-15,sell,JOD,25000,10803.75,5.81,WSL010420
2025-07-15,sell,EUR,10000,3571,4.512,WSL010420
2025-07-15,sell,GBP,7000,2883.3,9.926,WSL010420
2025-07-15,sell,VND,50000000,592.5,8,WSL010420
2025-07-15,buy,CHF,20000,7680.503,-15.133,WSL010420
2025-07-15,buy,KRW,20000000,4443.96,-22.76,WSL010420
2025-07-15,buy,LKR,1000000,1063.763,75.607,WSL010420
2025-07-15,buy,QAR,100100,8338.48,18.468,WSL010420
2025-07-15,buy,RUB,1000000,3899.106,172.224,WSL010420
2025-07-15,buy,SGD,20000,4774.042,-8.905,WSL010420
2025-07-15,buy,THB,10000000,94520.12,901.78,WSL010420
2025-07-15,buy,VND,200000000,2339.46,-1.46,WSL010420
2025-07-14,sell,PLN,5000,435,16.494,WSL010420
2025-07-14,sell,GBP,7000,2888.55,13.466,WSL010420
2025-07-14,sell,JOD,6500,2808,0.536,WSL010420
2025-07-14,sell,BAM,5000,955,-11.297,WSL010420
2025-07-14,sell,BAM,20000,3820,-45.19,WSL010420
2025-07-14,sell,EUR,10000,3570,3.512,WSL010420
2025-07-14,sell,EUR,20000,7140,7.024,WSL010420
2025-07-14,sell,GEL,10000,1150,-24.423,WSL010420
2025-07-14,sell,JOD,10000,4325,5.824,WSL010420
2025-07-14,sell,JOD,20000,8640,1.648,WSL010420
2025-07-14,sell,MYR,20000,1457,-7.508,WSL010420
2025-07-14,sell,OMR,2000,1587,0.766,WSL010420
2025-07-14,sell,THB,500000,4735,-36.095,WSL010420
2025-07-14,sell,TRY,100000,777,-64.185,WSL010420
2025-07-14,sell,TRY,500000,3875,-330.925,WSL010420
2025-07-14,sell,USD,20000,6117,10,WSL010420
2025-07-14,sell,USD,30000,9174,13.5,WSL010420
2025-07-14,sell,USD,30000,9175.5,15,WSL010420
2025-07-14,sell,USD,80000,24468,40,WSL010420
2025-07-14,sell,USD,100000,30580,45,WSL010420
2025-07-14,sell,EUR,100000,35725,47.906,WSL010420
2025-07-14,sell,GBP,2000,827.8,4.699,WSL010420
2025-07-14,sell,SAR,200000,16276,-9.334,WSL010420
2025-07-14,sell,USD,50000,15290,22.5,WSL010420
2025-07-14,sell,USD,50000,15292.5,25,WSL010420
2025-07-14,sell,CZK,50000,765,41.524,WSL010420
2025-07-14,sell,IDR,50000000,962.5,-42,WSL010420
2025-07-14,sell,KRW,10000000,2240,27.9,WSL010420
2025-07-14,sell,MYR,20000,1457,-7.508,WSL010420
2025-07-14,sell,PLN,20000,1738,62.968,WSL010420
2025-07-14,sell,USD,50000,15292.5,25,WSL010420
2025-07-14,sell,EGP,10000,69,-4.925,WSL010420
2025-07-14,sell,USD,8000,2446.8,4,WSL010420
2025-07-14,sell,USD,42000,12845.7,21,WSL010420
2025-07-14,sell,GBP,10000,4128.5,9.939,WSL010420
2025-07-14,sell,OMR,4000,3172,-0.468,WSL010420
2025-07-14,sell,THB,400000,3792,-24.876,WSL010420
2025-07-14,sell,USD,50000,15292.5,25,WSL010420
2025-07-14,sell,USD,48520,14839.842,24.26,WSL010420
2025-07-14,sell,BAM,10000,1910,-22.595,WSL010420
2025-07-14,sell,EUR,10000,3571,2.069,WSL010420
2025-07-14,sell,GEL,10000,1150,-24.423,WSL010420
2025-07-14,sell,INR,100000,360,-6.42,WSL010420
2025-07-14,sell,USD,16760,5126.046,8.38,WSL010420
2025-07-14,sell,TRY,100000,777,-64.185,WSL010420
2025-07-14,sell,USD,11900,3639.615,5.95,WSL010420
2025-07-14,sell,SAR,36000,2932.2,0.84,WSL010420
2025-07-14,sell,EUR,15000,5358,4.604,WSL010420
2025-07-14,sell,INR,200000,720,-12.84,WSL010420
2025-07-14,sell,MYR,10000,728.5,-3.754,WSL010420
2025-07-14,sell,OMR,1500,1190.25,0.575,WSL010420
2025-07-14,sell,PLN,5000,435,16.242,WSL010420
2025-07-14,sell,THB,245000,2322.6,-15.237,WSL010420
2025-07-14,sell,USD,25000,7646.25,12.5,WSL010420
2025-07-14,buy,IQD,20000000,4450,159,WSL010420
2025-07-14,buy,JOD,50000,21595,0.879,WSL010420
2025-07-14,sell,THB,3000000,28425,-201.57,WSL010420
2025-07-14,sell,BAM,50000,9537.5,-125.474,WSL010420
2025-07-14,sell,CZK,250000,3825,207.622,WSL010420
2025-07-14,sell,USD,100000,30585,50,WSL010420
2025-07-14,sell,AZN,5000,914.5,-27.938,WSL010420
2025-07-14,sell,THB,200000,1896,-12.438,WSL010420
2025-07-14,sell,THB,316000,2995.68,-19.652,WSL010420
2025-07-14,buy,EUR,200000,71379.14,-104.344,WSL010420
2025-07-14,buy,GBP,50000,20624.542,-60.746,WSL010420
2025-07-14,sell,USD,151500,46381.725,121.2,WSL010420
2025-07-13,sell,TRY,300000,2329.5,-194.055,WSL010420
2025-07-13,sell,USD,60000,18354,33,WSL010420
2025-07-13,sell,CNY,30000,1284,-6.211,WSL010420
2025-07-13,sell,EUR,5000,1789.25,5.701,WSL010420
2025-07-13,sell,USD,30000,9177,16.5,WSL010420
2025-07-13,sell,CNY,200000,8550,-51.408,WSL010420
2025-07-13,sell,AED,40000,3328.8,-0.172,WSL010420
2025-07-13,sell,BHD,1500,1215,0.466,WSL010420
2025-07-13,sell,THB,100000,948,-6.219,WSL010420
2025-07-13,sell,TRY,200000,1554,-128.37,WSL010420
2025-07-13,sell,JOD,25000,10800,2.06,WSL010420
2025-07-13,sell,MYR,8000,582.8,-3.003,WSL010420
2025-07-13,sell,USD,35812,10954.998,19.804,WSL010420
2025-07-13,sell,USD,31834,9738.021,17.509,WSL010420
2025-07-13,buy,SAR,120000,9738,33.2,WSL010420
2025-07-13,sell,EUR,30000,10735.5,34.204,WSL010420
2025-07-13,sell,JOD,10000,4322.5,3.324,WSL010420
2025-07-13,sell,PLN,30000,2610,98.485,WSL010420
2025-07-13,sell,RUB,490000,1920.8,-74.152,WSL010420
2025-07-13,sell,USD,70000,21413,38.5,WSL010420
2025-07-13,sell,SAR,400000,32568,-2.668,WSL010420
2025-07-13,sell,PLN,20000,1740,65.657,WSL010420
2025-07-13,sell,BAM,10000,1910,-22.595,WSL010420
2025-07-13,sell,CNY,10000,428,-2.07,WSL010420
2025-07-13,sell,JOD,10000,4322.5,3.324,WSL010420
2025-07-13,sell,THB,200000,1896,-12.438,WSL010420
2025-07-13,sell,USD,30000,9177,16.5,WSL010420
2025-07-13,sell,EUR,30000,10725,23.704,WSL010420
2025-07-13,sell,USD,100000,30580,45,WSL010420
2025-07-13,sell,EUR,120000,42900,94.816,WSL010420
2025-07-13,sell,GBP,50000,20680,87.196,WSL010420
2025-07-13,sell,USD,500000,152900,225,WSL010420
2025-07-13,buy,EUR,50000,17860.05,-24.556,WSL010420
2025-07-13,buy,EUR,50000,17861.577,-26.083,WSL010420
2025-07-13,buy,GBP,50000,20679.496,-86.692,WSL010420
2025-07-13,buy,IDR,200000000,3840.24,177.76,WSL010420
2025-07-13,buy,OMR,20000,15855.622,6.716,WSL010420
2025-07-13,buy,PLN,200000,17346.591,-603.157,WSL010420
2025-07-13,buy,SAR,700000,56974.14,24.529,WSL010420
2025-07-13,buy,USD,200000,61151.59,-81.59,WSL010420
2025-07-13,sell,EUR,20000,7152,17.803,WSL010420
2025-07-13,buy,BHD,10000,8093.849,3.043,WSL010420
2025-07-13,buy,EUR,150000,53616.786,-110.306,WSL010420
2025-07-13,buy,JOD,100000,43138.89,52.868,WSL010420
2025-07-13,buy,KWD,64000,63947.635,52.365,WSL010420
2025-07-13,buy,SAR,500000,40679.547,33.788,WSL010420
2025-07-13,buy,TRY,6000000,46257.576,4213.524,WSL010420
2025-07-13,sell,VND,199000000,2362.13,35.82,WSL010420
2025-07-13,sell,MAD,100000,3670.07,-8.846,WSL010420
2025-07-13,buy,USD,400,120.4,1.74,WSL010420
2025-07-13,buy,AED,200,16.538,0.107,WSL010420
2025-07-13,buy,SAR,1050,82.95,2.548,WSL010420
2025-07-13,buy,USD,305,91.805,1.327,WSL010420
2025-07-13,buy,USD,200,60.2,0.87,WSL010420
2025-07-13,buy,SAR,300,23.7,0.728,WSL010420
2025-07-12,buy,MAD,100000,3525,152.108,WSL010420
2025-07-12,sell,USD,30000,9183,27,WSL010420
2025-07-12,sell,EUR,5000,1790,7.327,WSL010420
2025-07-12,sell,EUR,15000,5370,21.98,WSL010420
2025-07-12,sell,GEL,2000,230,-4.769,WSL010420
2025-07-12,sell,INR,100000,361,-5.24,WSL010420
2025-07-12,sell,JOD,10000,4320,2.946,WSL010420
2025-07-12,sell,MYR,5000,364.25,-1.697,WSL010420
2025-07-12,sell,SAR,200000,16290,12.666,WSL010420
2025-07-12,sell,TRY,300000,2332.5,-189.813,WSL010420
2025-07-12,sell,USD,20000,6120,16,WSL010420
2025-07-12,sell,USD,20000,6123,19,WSL010420
2025-07-12,sell,USD,20000,6124,20,WSL010420
2025-07-12,sell,USD,30000,9180,24,WSL010420
2025-07-12,sell,THB,4000000,37800,-350,WSL010420
2025-07-12,sell,USD,200000,61220,180,WSL010420
2025-07-12,sell,USD,100000,30610,90,WSL010420
2025-07-12,sell,USD,40000,12244,36,WSL010420
2025-07-12,sell,USD,50000,15305,45,WSL010420
2025-07-12,sell,VND,100000000,1187,19,WSL010420
2025-07-12,sell,AZN,10000,1829,-54.951,WSL010420
2025-07-12,sell,EUR,6000,2148,8.792,WSL010420
2025-07-12,sell,PHP,100000,556,-19.912,WSL010420
2025-07-12,sell,THB,300000,2850,-11.25,WSL010420
2025-07-12,sell,TRY,500000,3890,-313.855,WSL010420
2025-07-12,sell,USD,2610,798.66,2.088,WSL010420
2025-07-12,sell,USD,50000,15310,50,WSL010420
2025-07-12,sell,TRY,141500,1100.87,-88.821,WSL010420
2025-07-12,sell,USD,29200,8938.12,26.28,WSL010420
2025-07-12,sell,EUR,40000,14320,58.614,WSL010420
2025-07-12,sell,USD,76385,23373.81,61.108,WSL010420
2025-07-12,sell,AZN,10000,1828,-55.951,WSL010420
2025-07-12,sell,EUR,5000,1788.5,5.827,WSL010420
2025-07-12,sell,OMR,3000,2379,0.818,WSL010420
2025-07-12,sell,RUB,250000,980,-37.332,WSL010420
2025-07-12,sell,TRY,200000,1553,-128.542,WSL010420
2025-07-12,sell,CHF,2000,770,4.32,WSL010420
2025-07-12,sell,IDR,30000000,579,-23.4,WSL010420
2025-07-12,sell,INR,200000,722,-10.48,WSL010420
2025-07-12,sell,JOD,10000,4320,2.946,WSL010420
2025-07-12,sell,SAR,95000,7737.75,6.016,WSL010420
2025-07-12,sell,TRY,300000,2332.5,-189.813,WSL010420
2025-07-12,sell,USD,20000,6122,18,WSL010420
2025-07-12,sell,LKR,300000,336,-5.643,WSL010420
2025-07-12,sell,TRY,100000,778,-62.771,WSL010420
2025-07-12,sell,USD,30000,9180,24,WSL010420
2025-07-12,sell,EUR,50000,17892.5,65.768,WSL010420
2025-07-12,sell,EUR,120000,42942,157.843,WSL010420
2025-07-12,sell,USD,300000,91785,225,WSL010420
2025-07-12,sell,TRY,385000,2995.3,-241.668,WSL010420
2025-07-12,sell,THB,300000,2850,-11.25,WSL010420
2025-07-12,sell,JOD,4000,1728,1.178,WSL010420
2025-07-12,sell,VND,100000000,1190,22,WSL010420
2025-07-12,sell,USD,100000,30610,90,WSL010420
2025-07-12,buy,EUR,250000,89462.5,-328.84,WSL010420
2025-07-12,sell,QAR,35500,2974.9,12.603,WSL010420
2025-07-12,sell,EUR,10000,3576,10.654,WSL010420
2025-07-12,sell,USD,40000,12244,36,WSL010420
2025-07-12,buy,USD,300000,91698,-138,WSL010420
2025-07-12,buy,CHF,20000,7681.561,-24.762,WSL010420
2025-07-12,buy,EUR,20000,7143.562,-12.869,WSL010420
2025-07-12,buy,RUB,1000000,3892.219,177.111,WSL010420
2025-07-12,buy,THB,4000000,37696.108,453.892,WSL010420
2025-07-12,buy,USD,500000,152727.575,-127.575,WSL010420
2025-07-12,buy,USD,500000,152830,-230,WSL010420
2025-07-10,sell,LKR,150000,169.5,-1.322,WSL010420
2025-07-10,sell,THB,150000,1419.75,-10.875,WSL010420
2025-07-10,sell,PHP,100000,555,-20.912,WSL010420
2025-07-10,sell,TRY,200000,1554,-127.542,WSL010420
2025-07-10,sell,USD,10000,3054,2,WSL010420
2025-07-10,sell,USD,150000,45900,120,WSL010420
2025-07-10,sell,RUB,576210,2247.219,-97.57,WSL010420
2025-07-10,sell,USD,38640,11823.84,30.912,WSL010420
2025-07-10,sell,BAM,4000,768,-4.658,WSL010420
2025-07-10,sell,EUR,20000,7182,23.229,WSL010420
2025-07-10,sell,GBP,10000,4167.5,13.728,WSL010420
2025-07-10,sell,GEL,10000,1150,-23.846,WSL010420
2025-07-10,sell,USD,62527,19127.009,43.769,WSL010420
2025-07-10,sell,EUR,10000,3588,8.614,WSL010420
2025-07-10,sell,GBP,5000,2083,6.114,WSL010420
2025-07-10,sell,TRY,360000,2797.2,-229.576,WSL010420
2025-07-10,sell,TRY,100000,777,-63.771,WSL010420
2025-07-10,sell,BHD,1000,810,0.709,WSL010420
2025-07-10,sell,USD,30000,9180,24,WSL010420
2025-07-10,sell,USD,39793,12172.679,27.855,WSL010420
2025-07-10,buy,SAR,150000,12172.5,35.5,WSL010420
2025-07-10,buy,USD,2500,752.5,10.5,WSL010420
2025-07-10,sell,JOD,100000,43170,-0.54,WSL010420
2025-07-10,sell,JOD,10000,4318,0.946,WSL010420
2025-07-10,sell,SAR,16500,1344.75,1.87,WSL010420
2025-07-10,sell,THB,200000,1892,-15.5,WSL010420
2025-07-10,sell,JOD,15000,6477.75,2.169,WSL010420
2025-07-10,sell,SAR,200000,16284,6.666,WSL010420
2025-07-10,sell,AED,50000,4159,-0.172,WSL010420
2025-07-10,sell,JOD,10000,4318.5,1.446,WSL010420
2025-07-10,sell,SAR,20000,1629,1.267,WSL010420
2025-07-10,sell,EUR,50000,17950,43.916,WSL010420
2025-07-10,sell,USD,60000,18348,36,WSL010420
2025-07-10,sell,EUR,100000,35900,87.832,WSL010420
2025-07-10,sell,GBP,80000,33320,80.058,WSL010420
2025-07-10,sell,USD,300000,91740,180,WSL010420
2025-07-10,buy,EUR,200000,71771.28,-146.944,WSL010420
2025-07-10,buy,JOD,100000,43117.695,52.845,WSL010420
2025-07-10,buy,KWD,40000,39960.714,39.286,WSL010420
2025-07-10,buy,SAR,1000000,81329.957,56.713,WSL010420
2025-07-10,buy,TRY,5000000,38529.04,3509.51,WSL010420
2025-07-10,buy,INR,5000000,17907.865,404.135,WSL010420
2025-07-10,buy,MAD,200000,7222.485,131.731,WSL010420
2025-07-10,buy,MYR,300000,21812.009,144.826,WSL010420
2025-07-10,buy,PHP,7000000,38591.686,1722.154,WSL010420
2025-07-10,buy,QAR,74371,6192.172,13.715,WSL010420
2025-07-10,sell,USD,1000,314.356,9.156,WSL010420
2025-07-10,sell,USD,500000,152981.5,381.5,WSL010420
2025-07-10,sell,JOD,6900,2979.42,0.653,WSL010420
2025-07-10,buy,GBP,100000,41644.54,-88.508,WSL010420
2025-07-10,buy,USD,300000,91740,-180,WSL010420
2025-07-10,buy,USD,800000,244640,-480,WSL010420
2025-07-09,buy,USD,150000,45900,-97.5,WSL010420
2025-07-09,sell,TRY,1620000,12555,-1072.197,WSL010420
2025-07-09,sell,USD,20000,6120,13,WSL010420
2025-07-09,sell,EUR,20000,7172,15.207,WSL010420
2025-07-09,sell,THB,500000,4737.5,-33.595,WSL010420
2025-07-09,sell,TRY,600000,4665,-382.11,WSL010420
2025-07-09,sell,USD,30000,9175.5,15,WSL010420
2025-07-09,sell,USD,30000,9181.5,21,WSL010420
2025-07-09,sell,NPR,150000,357,-24.672,WSL010420
2025-07-09,sell,SAR,30000,2443.5,0.7,WSL010420
2025-07-09,sell,TRY,200000,1556,-126.37,WSL010420
2025-07-09,sell,AED,100000,8322,-0.431,WSL010420
2025-07-09,sell,GBP,5000,2082.5,6.883,WSL010420
2025-07-09,sell,GEL,10000,1150,-24.423,WSL010420
2025-07-09,sell,JOD,5000,2160,0.412,WSL010420
2025-07-09,sell,USD,48500,14845.85,36.375,WSL010420
2025-07-09,sell,EUR,30000,10762.5,33.722,WSL010420
2025-07-09,sell,USD,652,199.577,0.489,WSL010420
2025-07-09,buy,SAR,135000,10962,30.6,WSL010420
2025-07-09,sell,TRY,380000,2945,-251.503,WSL010420
2025-07-09,sell,EUR,10000,3587.5,8.187,WSL010420
2025-07-09,sell,JOD,10000,4320,0.824,WSL010420
2025-07-09,sell,MYR,15000,1092,-6.381,WSL010420
2025-07-09,sell,SAR,135500,11032.41,-0.904,WSL010420
2025-07-09,sell,TRY,150000,1166.25,-95.528,WSL010420
2025-07-09,sell,JOD,10000,4318,-1.176,WSL010420
2025-07-09,sell,THB,100000,946,-8.219,WSL010420
2025-07-09,sell,JOD,10000,4318,-1.176,WSL010420
2025-07-09,sell,THB,200000,1892,-16.438,WSL010420
2025-07-09,sell,TRY,200000,1553,-129.37,WSL010420
2025-07-09,sell,USD,40000,12232,18,WSL010420
2025-07-09,sell,CNY,100000,4290,-10.704,WSL010420
2025-07-09,sell,EUR,35000,12556.25,28.656,WSL010420
2025-07-09,sell,JOD,70000,30229.5,-4.731,WSL010420
2025-07-09,sell,TRY,300000,2337,-186.555,WSL010420
2025-07-09,sell,USD,155000,47430,100.75,WSL010420
2025-07-09,sell,TRY,380000,2950.7,-245.803,WSL010420
2025-07-09,sell,EUR,150000,53887.5,170.328,WSL010420
2025-07-09,sell,GBP,20000,8322,11.594,WSL010420
2025-07-09,sell,CHF,20000,7690,27.516,WSL010420
2025-07-09,sell,EUR,250000,89900,470.62,WSL010420
2025-07-09,sell,GBP,100000,41780,289.042,WSL010420
2025-07-09,sell,INR,5000000,18050,-271,WSL010420
2025-07-09,sell,THB,1000000,9490,-52.19,WSL010420
2025-07-09,sell,TRY,1000000,7800,-611.85,WSL010420
2025-07-09,buy,CHF,20000,7701.134,-38.65,WSL010420
2025-07-09,buy,AED,500000,41588.339,23.816,WSL010420
2025-07-09,buy,AZN,50000,9102.564,321.818,WSL010420
2025-07-09,buy,EGP,5000000,34073.66,2888.94,WSL010420
2025-07-09,buy,EUR,100000,35836.114,-64.362,WSL010420
2025-07-09,buy,EUR,100000,35912.439,-140.687,WSL010420
2025-07-09,buy,EUR,100000,35918.545,-146.793,WSL010420
2025-07-09,buy,EUR,100000,35964.34,-192.588,WSL010420
2025-07-09,buy,INR,3000000,10749.999,242.601,WSL010420
2025-07-09,buy,SAR,200000,16273.987,11.347,WSL010420
2025-07-09,buy,USD,200000,61143.042,-73.042,WSL010420
2025-07-09,buy,EUR,100000,35823.902,-46.042,WSL010420
2025-07-09,buy,JOD,150000,64708.335,79.302,WSL010420
2025-07-09,buy,TRY,7000000,54008.087,4874.863,WSL010420
2025-07-09,buy,USD,300000,91773.18,-168.18,WSL010420
2025-07-09,buy,GBP,50000,20803.5,-51.914,WSL010420
2025-07-08,sell,TRY,200000,1556,-125.818,WSL010420
2025-07-08,sell,JOD,20000,8640,4.478,WSL010420
2025-07-08,sell,JPY,1000000,2120,31.82,WSL010420
2025-07-08,sell,USD,50000,15295,32.5,WSL010420
2025-07-08,sell,ZAR,100000,1790,74.071,WSL010420
2025-07-08,sell,EUR,50000,17971.6,36.636,WSL010420
2025-07-08,sell,EUR,50000,17971.5,36.536,WSL010420
2025-07-08,sell,CHF,10000,3845,12.608,WSL010420
2025-07-08,sell,EGP,200000,1400,-78.02,WSL010420
2025-07-08,sell,EUR,20000,7182,8.014,WSL010420
2025-07-08,sell,JOD,20000,8635,-0.522,WSL010420
2025-07-08,sell,MYR,30000,2191.5,-4.543,WSL010420
2025-07-08,sell,TRY,100000,780,-60.909,WSL010420
2025-07-08,sell,TRY,300000,2338.5,-184.227,WSL010420
2025-07-08,sell,USD,30000,9175.5,18,WSL010420
2025-07-08,sell,CNY,10000,429,-0.93,WSL010420
2025-07-08,sell,JOD,10000,4318,0.239,WSL010420
2025-07-08,sell,OMR,1000,793,0.143,WSL010420
2025-07-08,sell,TRY,200000,1560,-121.818,WSL010420
2025-07-08,sell,USD,30000,9175.5,18,WSL010420
2025-07-08,sell,JOD,10000,4319,1.239,WSL010420
2025-07-08,sell,EUR,10000,3590,2.092,WSL010420
2025-07-08,sell,JOD,10000,4317.5,-0.261,WSL010420
2025-07-08,sell,USD,70260,21492.534,45.669,WSL010420
2025-07-08,sell,USD,90000,27517.5,45,WSL010420
2025-07-08,sell,AUD,500,100.5,0.683,WSL010420
2025-07-08,buy,CZK,300000,4518,-146.877,WSL010420
2025-07-08,sell,BAM,20000,3790,21.481,WSL010420
2025-07-08,sell,MYR,30000,2193,-3.043,WSL010420
2025-07-08,sell,PLN,10000,878,32.057,WSL010420
2025-07-08,sell,USD,50000,15292.5,30,WSL010420
2025-07-08,sell,CHF,15000,5790,45.019,WSL010420
2025-07-08,sell,EGP,1000000,7000,-390.1,WSL010420
2025-07-08,sell,EUR,100000,35990,159.755,WSL010420
2025-07-08,sell,GBP,50000,20850,42.634,WSL010420
2025-07-08,sell,INR,5000000,18050,-265,WSL010420
2025-07-08,sell,JOD,100000,43190,12.388,WSL010420
2025-07-08,sell,PHP,1000000,5560,-200.07,WSL010420
2025-07-08,sell,SAR,800000,65104,-16,WSL010420
2025-07-08,sell,THB,1000000,9450,-89.06,WSL010420
2025-07-08,sell,TRY,1500000,11685,-928.635,WSL010420
2025-07-08,sell,USD,2000000,611600,1100,WSL010420
2025-07-08,buy,CAD,20000,4480,-8.455,WSL010420
2025-07-08,buy,EUR,50000,17930.5,-15.378,WSL010420
2025-07-08,buy,EUR,200000,71844.08,-183.59,WSL010420
2025-07-08,buy,GBP,25000,10422.58,-18.897,WSL010420
2025-07-08,buy,JOD,300000,129374.28,158.556,WSL010420
2025-07-08,buy,SAR,500000,40666.223,33.777,WSL010420
2025-07-08,buy,TRY,3000000,23268.108,1959.162,WSL010420
2025-07-08,buy,CAD,30000,6717.535,-10.218,WSL010420
2025-07-08,buy,CHF,40000,15394.704,-74.754,WSL010420
2025-07-08,buy,INR,7000000,25119.339,521.661,WSL010420
2025-07-08,buy,KRW,10000000,2237.54,-5.94,WSL010420
2025-07-08,buy,SGD,10000,2396.545,-6.925,WSL010420
2025-07-08,buy,THB,10000000,94635.66,754.94,WSL010420
2025-07-08,buy,ZAR,100000,1774.419,-59.464,WSL010420
2025-07-08,buy,USD,500000,152865,-240,WSL010420
2025-07-07,sell,CZK,136000,2033.2,56.237,WSL010420
2025-07-07,sell,EUR,7000,2520,14.627,WSL010420
2025-07-07,sell,EUR,20000,7194,35.791,WSL010420
2025-07-07,sell,GBP,10000,4170,24.537,WSL010420
2025-07-07,sell,THB,500000,4737.5,-30.47,WSL010420
2025-07-07,sell,TRY,60000,468,-36.38,WSL010420
2025-07-07,sell,TRY,500000,3895,-308.17,WSL010420
2025-07-07,sell,USD,100000,30580,65,WSL010420
2025-07-07,sell,AZN,5000,912.5,-29.321,WSL010420
2025-07-07,sell,GEL,5000,572.5,-14.327,WSL010420
2025-07-07,sell,THB,100000,946,-7.594,WSL010420
2025-07-07,sell,USD,33270,10177.293,24.953,WSL010420
2025-07-07,sell,THB,300000,2842.5,-18.282,WSL010420
2025-07-07,sell,USD,51730,15824.207,38.797,WSL010420
2025-07-07,buy,SAR,230000,18664.5,51.366,WSL010420
2025-07-07,sell,EUR,10000,3599,14.403,WSL010420
2025-07-07,sell,JOD,10000,4320,3.653,WSL010420
2025-07-07,sell,TRY,500000,3900,-303.17,WSL010420
2025-07-07,sell,EUR,10000,3600,12.657,WSL010420
2025-07-07,sell,GBP,10000,4170,15.688,WSL010420
2025-07-07,sell,PHP,200000,1112,-39.636,WSL010420
2025-07-07,sell,TRY,1000000,7784,-622.34,WSL010420
2025-07-07,sell,USD,20000,6116,13,WSL010420
2025-07-07,sell,EGP,10000,70.5,-3.377,WSL010420
2025-07-07,sell,USD,8000,2445.6,4.4,WSL010420
2025-07-07,buy,EUR,50,16.003,1.934,WSL010420
2025-07-07,buy,SAR,500,40.5,0.187,WSL010420
2025-07-07,buy,EUR,50,16,1.937,WSL010420
2025-07-07,buy,USD,100,30.2,0.315,WSL010420
2025-07-07,buy,USD,200,60.4,0.63,WSL010420
2025-07-07,sell,AED,600,50.079,0.177,WSL010420
2025-07-07,sell,AED,800,66.772,0.236,WSL010420
2025-07-07,sell,EUR,100000,36000,126.566,WSL010420
2025-07-07,sell,QAR,200000,16760,73.738,WSL010420
2025-07-06,sell,EUR,20000,7204,17.022,WSL010420
2025-07-06,sell,USD,500000,152750,225,WSL010420
2025-07-06,sell,EUR,40000,14416,42.044,WSL010420
2025-07-06,sell,EUR,50000,18015,47.555,WSL010420
2025-07-06,sell,AED,100000,8314,-0.255,WSL010420
2025-07-06,sell,GBP,5000,2087.5,5.076,WSL010420
2025-07-06,sell,THB,100000,952,-1.281,WSL010420
2025-07-06,sell,TRY,122050,951.99,-73.667,WSL010420
2025-07-06,sell,USD,1847,564.813,1.386,WSL010420
2025-07-06,sell,AZN,10000,1829,-54.025,WSL010420
2025-07-06,sell,EUR,10000,3603,9.511,WSL010420
2025-07-06,sell,INR,200000,724,-8.12,WSL010420
2025-07-06,sell,USD,58153,17783.187,43.614,WSL010420
2025-07-06,buy,SAR,295000,23939.25,58.018,WSL010420
2025-07-06,sell,PLN,20000,1754,59.795,WSL010420
2025-07-06,sell,EUR,5000,1801,4.256,WSL010420
2025-07-06,sell,GBP,5000,2086.5,4.076,WSL010420
2025-07-06,sell,GEL,10000,1150,-23.269,WSL010420
2025-07-06,sell,TRY,300000,2337,-184.074,WSL010420
2025-07-06,sell,USD,40000,12228,26,WSL010420
2025-07-06,sell,USD,60000,18327,24,WSL010420
2025-07-06,sell,EUR,7000,2521.4,5.958,WSL010420
2025-07-06,sell,JOD,7000,3017,-3.453,WSL010420
2025-07-06,sell,USD,70000,21399,45.5,WSL010420
2025-07-06,sell,USD,20000,6108,7,WSL010420
2025-07-06,sell,EGP,100000,700,-38.526,WSL010420
2025-07-06,sell,EUR,20000,7206,19.022,WSL010420
2025-07-06,sell,GBP,5000,2088,5.576,WSL010420
2025-07-06,sell,TRY,200000,1560,-120.716,WSL010420
2025-07-06,sell,USD,30000,9172.5,21,WSL010420
2025-07-06,sell,BAM,20000,3776,9.951,WSL010420
2025-07-06,sell,JOD,15000,6475.5,3.102,WSL010420
2025-07-06,sell,EUR,20000,7204,17.022,WSL010420
2025-07-06,sell,USD,100000,30550,45,WSL010420
2025-07-06,sell,PLN,20000,1747,52.795,WSL010420
2025-07-06,sell,EUR,10000,3603,9.511,WSL010420
2025-07-06,sell,USD,40000,12220,18,WSL010420
2025-07-06,sell,JOD,40000,17266,6.271,WSL010420
2025-07-06,buy,AED,200000,16618.989,9.521,WSL010420
2025-07-06,buy,EUR,100000,35968.65,-33.76,WSL010420
2025-07-06,buy,GBP,30000,12509.88,-15.337,WSL010420
2025-07-06,buy,KWD,25000,24971.344,28.656,WSL010420
2025-07-06,buy,SAR,100000,8128.998,5.669,WSL010420
2025-07-06,buy,SAR,300000,24380.496,23.505,WSL010420
2025-07-06,buy,TRY,2500000,19451.53,1557.42,WSL010420
2025-07-06,buy,USD,50000,15250,2.5,WSL010420
2025-07-06,buy,USD,400000,122122,-102,WSL010420
2025-07-06,buy,BAM,50000,9390,25.124,WSL010420
2025-07-06,buy,PLN,50000,4325,-89.488,WSL010420
2025-07-06,buy,EUR,100000,36020,-85.11,WSL010420
2025-07-05,sell,TRY,80000,623.2,-49.086,WSL010420
2025-07-05,sell,EUR,30000,10815,34.533,WSL010420
2025-07-05,sell,THB,500000,4745,-21.405,WSL010420
2025-07-05,sell,USD,80000,24448,44,WSL010420
2025-07-05,sell,THB,500000,4745,-21.405,WSL010420
2025-07-05,sell,USD,50000,15295,42.5,WSL010420
2025-07-05,sell,USD,8700,2659.59,5.655,WSL010420
2025-07-05,sell,MYR,100000,7300,-15.348,WSL010420
2025-07-05,sell,NPR,1000000,2360,-181.98,WSL010420
2025-07-05,sell,PHP,2000000,10980,-532.58,WSL010420
2025-07-05,sell,PLN,30000,2602.5,61.193,WSL010420
2025-07-05,sell,THB,1585000,15009.95,-99.554,WSL010420
2025-07-05,sell,USD,100000,30610,105,WSL010420
2025-07-05,sell,AED,30000,2494.5,0.224,WSL010420
2025-07-05,sell,BAM,5000,935,10.606,WSL010420
2025-07-05,sell,CHF,2000,772.2,4.199,WSL010420
2025-07-05,sell,EUR,5000,1802,5.256,WSL010420
2025-07-05,sell,GBP,10000,4170,5.152,WSL010420
2025-07-05,sell,JOD,5000,2158.5,1.034,WSL010420
2025-07-05,sell,OMR,2000,1585,0.325,WSL010420
2025-07-05,sell,PLN,15000,1305,34.347,WSL010420
2025-07-05,sell,TRY,200000,1558,-122.716,WSL010420
2025-07-05,sell,USD,60000,18342,39,WSL010420
2025-07-05,sell,GBP,5000,2085,2.576,WSL010420
2025-07-05,sell,USD,10000,3060,9.5,WSL010420
2025-07-05,sell,TRY,285000,2220.15,-174.87,WSL010420
2025-07-05,sell,NPR,100000,237,-17.198,WSL010420
2025-07-05,sell,USD,53000,16202.1,34.45,WSL010420
2025-07-05,sell,TRY,100000,779,-61.358,WSL010420
2025-07-05,sell,USD,20000,6114,13,WSL010420
2025-07-05,sell,KRW,10000000,2250,11.6,WSL010420
2025-07-05,sell,THB,200000,1898,-8.562,WSL010420
2025-07-05,sell,TRY,200000,1558,-122.716,WSL010420
2025-07-05,sell,USD,40000,12228,26,WSL010420
2025-07-05,sell,EUR,60000,21618,57.066,WSL010420
2025-07-05,buy,EUR,130000,46839,-123.643,WSL010420
2025-07-05,sell,JOD,760,328.092,0.157,WSL010420
2025-07-03,sell,TRY,150000,1167,-93.537,WSL010420
2025-07-03,sell,USD,49295,15069.482,32.042,WSL010420
2025-07-03,sell,AZN,10000,1829,-54.025,WSL010420
2025-07-03,sell,EUR,20000,7215,19.481,WSL010420
2025-07-03,sell,THB,100000,949,-4.281,WSL010420
2025-07-03,sell,THB,600000,5694,-25.686,WSL010420
2025-07-03,sell,TRY,300000,2343,-178.074,WSL010420
2025-07-03,sell,USD,30000,9177,25.5,WSL010420
2025-07-03,sell,EUR,160000,57720,131.44,WSL010420
2025-07-03,sell,GBP,150000,62685,157.377,WSL010420
2025-07-03,sell,USD,300000,91710,195,WSL010420
2025-07-03,sell,USD,40000,12228,26,WSL010420
2025-07-03,sell,EUR,30000,10797,-5.431,WSL010420
2025-07-03,sell,USD,7748,2368.564,5.037,WSL010420
2025-07-03,sell,USD,21098,6455.999,20.054,WSL010420
2025-07-03,sell,CZK,100000,1490,31.547,WSL010420
2025-07-03,sell,JOD,10000,4317,2.068,WSL010420
2025-07-03,sell,ZAR,130000,2307.5,43.549,WSL010420
2025-07-03,sell,EUR,2100,756,-0.17,WSL010420
2025-07-03,sell,TRY,250000,1950,-150.895,WSL010420
2025-07-03,sell,USD,50000,15295,42.5,WSL010420
2025-07-03,sell,JOD,20000,8632,2.136,WSL010420
2025-07-03,sell,USD,80000,24464,60,WSL010420
2025-07-03,sell,USD,100000,30570,65,WSL010420
2025-07-03,sell,AED,20000,1663,0.149,WSL010420
2025-07-03,sell,BAM,10000,1869,20.212,WSL010420
2025-07-03,sell,EUR,17100,6168.825,11.44,WSL010420
2025-07-03,sell,JOD,10000,4317,2.068,WSL010420
2025-07-03,sell,OMR,1500,1188.75,0.244,WSL010420
2025-07-03,sell,THB,100000,949,-4.281,WSL010420
2025-07-03,sell,TRY,400000,3124,-237.432,WSL010420
2025-07-03,buy,EUR,100000,36060,-51.898,WSL010420
2025-07-03,buy,GBP,100000,41760,-96.271,WSL010420
2025-07-03,sell,JOD,100000,43149.322,0,WSL010420
2025-07-03,sell,MYR,50000,3662.065,4.391,WSL010420
2025-07-03,sell,TRY,2000000,15603.58,-1203.58,WSL010420
2025-07-03,buy,GBP,40000,16704,-45.83,WSL010420
2025-07-03,sell,USD,100000,30560,55,WSL010420
2025-07-03,buy,EUR,150000,54053.625,-50.623,WSL010420
2025-07-03,sell,GBP,10000,4156.3,-8.243,WSL010420
2025-07-03,sell,USD,40000,12236,34,WSL010420
2025-07-03,buy,EUR,50000,17964.5,36.5,WSL010420
2025-07-03,buy,GBP,50000,20740,82.713,WSL010420
2025-07-03,buy,JOD,400000,172361.6,235.688,WSL010420
2025-07-03,buy,KWD,130000,129957.391,42.609,WSL010420
2025-07-03,buy,OMR,20000,15835.929,10.824,WSL010420
2025-07-03,buy,SAR,300000,24383.744,20.257,WSL010420
2025-07-03,buy,TRY,2000000,15482.234,1324.926,WSL010420
2025-07-03,buy,TRY,3000000,23264.682,1946.058,WSL010420
2025-07-03,buy,TRY,5000000,38715.41,3302.49,WSL010420
2025-07-03,buy,USD,500000,152652.5,-127.5,WSL010420
2025-07-03,buy,BHD,1638,1323.417,1.551,WSL010420
2025-07-03,buy,CNY,200000,8537.439,55.519,WSL010420
2025-07-03,buy,CNY,200000,8549.404,43.554,WSL010420
2025-07-03,buy,INR,3000000,10752.057,229.743,WSL010420
2025-07-03,buy,THB,4000000,37829.456,301.784,WSL010420
2025-07-03,buy,USD,700000,213990,-455,WSL010420
2025-07-02,sell,USD,150000,45840,97.5,WSL010420
2025-07-02,sell,BDT,150000,402,-17.655,WSL010420
2025-07-02,sell,EGP,10000,71,-2.828,WSL010420
2025-07-02,sell,INR,500000,1805,-24.7,WSL010420
2025-07-02,sell,PHP,50000,276,-11.72,WSL010420
2025-07-02,sell,USD,40000,12224,26,WSL010420
2025-07-02,sell,AED,250000,20775,-3.822,WSL010420
2025-07-02,sell,MYR,10000,732.5,1.205,WSL010420
2025-07-02,sell,SAR,300000,24405,9,WSL010420
2025-07-02,sell,USD,50000,15280,32.5,WSL010420
2025-07-02,sell,USD,20000,6112,13,WSL010420
2025-07-02,sell,EUR,20000,7200,26.966,WSL010420
2025-07-02,sell,USD,50000,15277.5,30,WSL010420
2025-07-02,sell,THB,300000,2841,-17.907,WSL010420
2025-07-02,sell,SAR,50000,4067.5,1.5,WSL010420
2025-07-02,sell,THB,415000,3930,-24.821,WSL010420
2025-07-02,sell,TRY,700000,5460,-420.581,WSL010420
2025-07-02,sell,USD,100000,30610,115,WSL010420
2025-07-02,sell,EUR,40000,14400,34.415,WSL010420
2025-07-02,sell,GBP,44225,18574.5,85.975,WSL010420
2025-07-02,sell,THB,200000,1892,-13.938,WSL010420
2025-07-02,sell,USD,10000,3055,5.5,WSL010420
2025-07-02,sell,CNY,30000,1284,-4.521,WSL010420
2025-07-02,sell,MYR,20000,1464,1.41,WSL010420
2025-07-02,sell,TRY,200000,1566,-114.166,WSL010420
2025-07-02,sell,AZN,10000,1828,-54.407,WSL010420
2025-07-02,sell,GEL,20000,2296,-49.769,WSL010420
2025-07-02,sell,USD,80000,24444,48,WSL010420
2025-07-02,sell,MYR,20000,1465,2.41,WSL010420
2025-07-02,sell,NPR,100000,238,-16.115,WSL010420
2025-07-02,sell,PLN,6000,522,14.849,WSL010420
2025-07-02,sell,THB,200000,1896,-9.938,WSL010420
2025-07-02,sell,USD,25000,7640,16.25,WSL010420
2025-07-02,sell,USD,150000,45840,97.5,WSL010420
2025-07-02,sell,INR,100000,361.5,-4.44,WSL010420
2025-07-02,sell,EUR,13000,4682.6,14.974,WSL010420
2025-07-02,sell,TRY,3325,25.998,-1.935,WSL010420
2025-07-02,sell,TRY,300000,2347.5,-172.749,WSL010420
2025-07-02,sell,USD,30000,9168,19.5,WSL010420
2025-07-02,sell,ZAR,100000,1775,52.557,WSL010420
2025-07-02,sell,GBP,50000,21012.5,92.93,WSL010420
2025-07-02,buy,BDT,2000000,5234.334,361.066,WSL010420
2025-07-02,buy,THB,3000000,28345.212,243.858,WSL010420
2025-07-02,buy,THB,7000000,65975.273,732.557,WSL010420
2025-07-02,buy,ZAR,230000,4037.248,-59.159,WSL010420
2025-07-02,sell,USD,2000000,611800,1900,WSL010420
2025-07-02,buy,GBP,50000,20992.365,-46.874,WSL010420
2025-07-02,buy,USD,1000000,305357.355,-407.355,WSL010420
2025-07-02,buy,USD,2000000,611716.2,-1816.2,WSL010420
2025-07-01,sell,USD,20000,6118,17,WSL010420
2025-07-01,sell,BDT,500000,1340,-59.31,WSL010420
2025-07-01,sell,USD,50000,15280,27.5,WSL010420
2025-07-01,sell,TRY,620000,4857.7,-395.938,WSL010420
2025-07-01,sell,TRY,500000,3925,-311.805,WSL010420
2025-07-01,sell,THB,500000,4750,-1.55,WSL010420
2025-07-01,sell,TRY,200000,1570,-124.722,WSL010420
2025-07-01,sell,TRY,60000,471,-37.417,WSL010420
2025-07-01,sell,USD,100000,30550,45,WSL010420
2025-07-01,sell,USD,23618,7218.842,14.171,WSL010420
2025-07-01,sell,GBP,5000,2100,-2.1,WSL010420
2025-07-01,sell,USD,37625,11500.081,22.575,WSL010420
2025-07-01,sell,MYR,10000,733,1.465,WSL010420
2025-07-01,sell,THB,400000,3792,-9.24,WSL010420
2025-07-01,sell,TRY,100000,783,-64.361,WSL010420
2025-07-01,buy,MAD,300000,10425,405.177,WSL010420
2025-07-01,sell,CNY,100000,4290,-6.479,WSL010420
2025-07-01,sell,JOD,80000,34482.8,-36.658,WSL010420
2025-07-01,sell,SAR,300000,24420,15.999,WSL010420
2025-07-01,sell,CNY,50000,2145,-3.24,WSL010420
2025-07-01,sell,IDR,100000000,1920,-87,WSL010420
2025-07-01,sell,IDR,80000000,1544,-61.6,WSL010420
2025-07-01,sell,EUR,10000,3602,6.681,WSL010420
2025-07-01,sell,GBP,5000,2100,-0.269,WSL010420
2025-07-01,sell,INR,50000,181,-2.03,WSL010420
2025-07-01,sell,MYR,10000,734,2.465,WSL010420
2025-07-01,sell,THB,100000,949,-1.31,WSL010420
2025-07-01,sell,TRY,250000,1962.5,-155.902,WSL010420
2025-07-01,buy,EUR,100000,36000,-49.858,WSL010420
2025-07-01,sell,JOD,50000,21589.914,15.253,WSL010420
2025-07-01,buy,EGP,1700000,11786.024,768.918,WSL010420
2025-07-01,sell,TRY,100000,785,-62.361,WSL010420
2025-07-01,sell,TRY,1200000,9386.4,-781.932,WSL010420
2025-07-01,sell,USD,40000,12228,26,WSL010420
2025-07-01,sell,TRY,200000,1570,-124.722,WSL010420
2025-07-01,sell,TRY,350000,2747.5,-218.264,WSL010420
2025-07-01,sell,AED,800000,66568,53.96,WSL010420
2025-07-01,sell,BDT,800000,2136,-102.896,WSL010420
2025-07-01,sell,CAD,50000,11200,-7.656,WSL010420
2025-07-01,sell,EGP,1000000,7100,-285.26,WSL010420
2025-07-01,sell,EUR,200000,71850,-25.88,WSL010420
2025-07-01,sell,INR,10000000,36200,-406,WSL010420
2025-07-01,sell,JOD,70000,30240,35.475,WSL010420
2025-07-01,sell,MYR,10000,730,-1.535,WSL010420
2025-07-01,sell,SAR,1000000,81410,63.33,WSL010420
2025-07-01,sell,THB,1000000,9470,-33.1,WSL010420
2025-07-01,sell,TRY,1000000,7830,-643.61,WSL010420
2025-07-01,buy,AED,1000000,83094.946,47.604,WSL010420
2025-07-01,buy,CAD,40000,8937.729,28.396,WSL010420
2025-07-01,buy,CHF,10000,3836.478,14.677,WSL010420
2025-07-01,buy,EGP,1500000,10374.15,703.74,WSL010420
2025-07-01,buy,EUR,50000,17903.5,65.47,WSL010420
2025-07-01,buy,GBP,30000,12555.63,20.361,WSL010420
2025-07-01,buy,SAR,500000,40634.159,39.176,WSL010420
2025-07-01,buy,SAR,500000,40644.989,28.346,WSL010420
2025-07-01,buy,USD,300000,91591.5,-76.5,WSL010420
2025-07-01,buy,AED,1652000,137216.776,134.717,WSL010420
2025-07-01,buy,BHD,10000,8079.47,9.467,WSL010420
2025-07-01,buy,CNY,300000,12824.107,65.33,WSL010420
2025-07-01,buy,INR,9000000,32161.68,783.72,WSL010420
2025-07-01,buy,JPY,2000000,4264.244,-17.704,WSL010420
2025-07-01,buy,EUR,100000,35884.5,74.794,WSL010420
2025-06-30,sell,THB,1000000,9470,-45.56,WSL010420
2025-06-30,sell,TRY,380000,2977.3,-246.894,WSL010420
2025-06-30,sell,USD,50000,15280,7.5,WSL010420
2025-06-30,sell,BAM,5000,932.5,6.894,WSL010420
2025-06-30,sell,EUR,10000,3590,10.737,WSL010420
2025-06-30,sell,GBP,10000,4202.5,21.195,WSL010420
2025-06-30,sell,PLN,10000,860,15.796,WSL010420
2025-06-30,sell,TRY,300000,2355,-190.416,WSL010420
2025-06-30,sell,THB,200000,1894,-9.112,WSL010420
2025-06-30,sell,TRY,200000,1570,-126.944,WSL010420
2025-06-30,sell,TRY,300000,2352,-193.416,WSL010420
2025-06-30,buy,EGP,11640,74.496,11.581,WSL010420
2025-06-30,buy,EUR,900,321.75,0.741,WSL010420
2025-06-30,buy,USD,2000,604,6.9,WSL010420
2025-06-30,sell,EUR,10000,3589,5.766,WSL010420
2025-06-30,sell,JOD,15000,6480,-0.885,WSL010420
2025-06-30,sell,TRY,300000,2352,-193.416,WSL010420
2025-06-30,sell,SAR,150000,12217.5,-0.5,WSL010420
2025-06-30,sell,THB,200000,1894,-9.112,WSL010420
2025-06-30,buy,CHF,4000,1537.6,-5.946,WSL010420
2025-06-30,sell,USD,9700,2977.9,15.035,WSL010420
2025-06-30,sell,THB,650000,6155.5,-29.614,WSL010420
2025-06-30,sell,EUR,10000,3589,0.879,WSL010420
2025-06-30,sell,USD,22900,7011.98,17.175,WSL010420
2025-06-30,sell,THB,300000,2841,-13.668,WSL010420
2025-06-30,sell,EGP,29000,204.45,-10.003,WSL010420
2025-06-30,sell,THB,100000,948,-3.556,WSL010420
2025-06-30,sell,USD,59043,18073.062,38.378,WSL010420
2025-06-30,sell,JOD,30000,12960,-1.771,WSL010420
2025-06-30,sell,PHP,200000,1096,-56.768,WSL010420
2025-06-30,sell,EUR,100000,35890,8.788,WSL010420
2025-06-30,sell,GBP,50000,21000,20.167,WSL010420
2025-06-30,buy,AED,1000000,83192.591,58.929,WSL010420
2025-06-30,buy,BHD,20000,16190.855,8.233,WSL010420
2025-06-30,buy,EUR,250000,89566.185,-15.88,WSL010420
2025-06-30,buy,GBP,50000,20984.034,-11.837,WSL010420
2025-06-30,buy,JOD,200000,86293.824,117.98,WSL010420
2025-06-30,buy,KWD,65000,64957.461,42.539,WSL010420
2025-06-30,buy,SAR,500000,40682.03,44.635,WSL010420
2025-06-30,buy,TRY,5800000,44957.354,4254.022,WSL010420
2025-06-29,sell,EUR,10000,3589,10.959,WSL010420
2025-06-29,sell,INR,900000,3249,-49.86,WSL010420
2025-06-29,sell,JOD,4000,1730.8,2.564,WSL010420
2025-06-29,sell,USD,40000,12244,26,WSL010420
2025-06-29,sell,USD,80000,24480,44,WSL010420
2025-06-29,sell,EUR,5000,1793.75,4.729,WSL010420
2025-06-29,sell,THB,200000,1898,-5.112,WSL010420
2025-06-29,sell,USD,20000,6122,13,WSL010420
2025-06-29,sell,AUD,6300,1261.89,5.107,WSL010420
2025-06-29,sell,MYR,20000,1460,-4.988,WSL010420
2025-06-29,sell,OMR,2000,1587.6,0.847,WSL010420
2025-06-29,sell,THB,200000,1898,-5.112,WSL010420
2025-06-29,sell,TRY,500000,3910,-332.36,WSL010420
2025-06-29,sell,USD,80000,24480,44,WSL010420
2025-06-29,sell,CNY,50000,2145,-6.056,WSL010420
2025-06-29,sell,EUR,10000,3587.5,9.459,WSL010420
2025-06-29,sell,GBP,5000,2100,4.918,WSL010420
2025-06-29,sell,JOD,5000,2161,0.705,WSL010420
2025-06-29,sell,USD,50000,15305,32.5,WSL010420
2025-06-29,sell,JOD,20000,8644,2.82,WSL010420
2025-06-29,sell,PHP,200000,1096,-56.768,WSL010420
2025-06-29,sell,EUR,10000,3587.5,9.459,WSL010420
2025-06-29,sell,GBP,5000,2100,4.918,WSL010420
2025-06-29,sell,PLN,5000,431.25,9.393,WSL010420
2025-06-29,sell,EUR,50000,17930,39.794,WSL010420
2025-06-29,sell,USD,600000,183540,270,WSL010420
2025-06-29,sell,BHD,2000,1620,0.091,WSL010420
2025-06-29,sell,JOD,5000,2160,-0.295,WSL010420
2025-06-29,sell,SAR,100000,8140,-5.333,WSL010420
2025-06-29,sell,TRY,300000,2352,-193.416,WSL010420
2025-06-29,sell,EUR,20000,7175,18.917,WSL010420
2025-06-29,sell,TRY,40000,314,-25.389,WSL010420
2025-06-29,sell,USD,150000,45900,82.5,WSL010420
2025-06-29,sell,EUR,10000,3590,11.959,WSL010420
2025-06-29,sell,INR,100000,361,-5.54,WSL010420
2025-06-29,sell,TRY,100000,785,-63.472,WSL010420
2025-06-29,sell,USD,30640,9378.904,19.916,WSL010420
2025-06-29,sell,AED,22050,1836.765,1.068,WSL010420
2025-06-29,sell,EUR,20000,7180,23.917,WSL010420
2025-06-29,sell,GBP,5000,2100,4.918,WSL010420
2025-06-29,sell,INR,200000,722,-11.08,WSL010420
2025-06-29,sell,JOD,5000,2161,0.705,WSL010420
2025-06-29,buy,EUR,100000,35860,-79.587,WSL010420
2025-06-29,sell,JOD,100000,43184.52,-21.382,WSL010420
2025-06-29,sell,AZN,10000,1828.5,-56.994,WSL010420
2025-06-29,sell,CNY,50000,2145,-6.056,WSL010420
2025-06-29,sell,JOD,10000,4322,1.41,WSL010420
2025-06-29,sell,TRY,500000,3915,-327.36,WSL010420
2025-06-29,sell,USD,50000,15300,27.5,WSL010420
2025-06-29,buy,AED,500000,41579.306,46.479,WSL010420
2025-06-29,buy,INR,3000000,10715.789,280.411,WSL010420
2025-06-29,buy,INR,10000000,35470.383,1183.617,WSL010420
2025-06-29,buy,THB,4000000,37867.328,194.912,WSL010420
2025-06-28,sell,USD,20000,6138,22,WSL010420
2025-06-28,buy,EUR,5000,1755,36.071,WSL010420
2025-06-28,buy,TRY,150000,1183.5,90.666,WSL010420
2025-06-28,buy,USD,50000,15335,-45,WSL010420
2025-06-28,sell,CHF,5000,1918.5,6.055,WSL010420
2025-06-28,sell,CNY,30000,1287,-5.113,WSL010420
2025-06-28,sell,USD,30000,9210,36,WSL010420
2025-06-28,sell,MYR,50000,3640,-26.666,WSL010420
2025-06-28,sell,THB,3000000,28440,-139.41,WSL010420
2025-06-28,sell,USD,100000,30690,110,WSL010420
2025-06-28,sell,AZN,10000,1830,-57.654,WSL010420
2025-06-28,sell,THB,100000,949,-3.647,WSL010420
2025-06-28,sell,USD,10000,3067,9,WSL010420
2025-06-28,sell,USD,40000,12280,48,WSL010420
2025-06-28,sell,BHD,2000,1622,0.235,WSL010420
2025-06-28,sell,CHF,5000,1918.5,6.055,WSL010420
2025-06-28,sell,CNY,30000,1287,-5.113,WSL010420
2025-06-28,sell,MYR,30000,2190,-10,WSL010420
2025-06-28,sell,JPY,1000000,2130,16.66,WSL010420
2025-06-28,sell,TRY,1000000,7860,-634.44,WSL010420
2025-06-28,sell,USD,20000,6128,12,WSL010420
2025-06-28,buy,USD,200000,61270,-110,WSL010420
2025-06-28,sell,USD,100000,30700,120,WSL010420
2025-06-28,buy,PLN,50000,4262.5,-39.093,WSL010420
2025-06-28,sell,AED,30000,2500.5,0.091,WSL010420
2025-06-28,sell,CNY,20000,858,-3.408,WSL010420
2025-06-28,sell,INR,100000,361,-5.96,WSL010420
2025-06-28,sell,JOD,10000,4329,3.459,WSL010420
2025-06-28,sell,SAR,150000,12232.5,0.5,WSL010420
2025-06-28,sell,CNY,100000,4290,-17.042,WSL010420
2025-06-28,sell,IDR,100000000,1920,-92,WSL010420
2025-06-28,sell,INR,500000,1802.5,-32.3,WSL010420
2025-06-28,sell,JOD,15000,6492,3.688,WSL010420
2025-06-28,sell,TRY,300000,2364,-184.332,WSL010420
2025-06-28,sell,USD,50000,15327.5,37.5,WSL010420
2025-06-28,sell,AED,50000,4167.5,0.152,WSL010420
2025-06-28,sell,AZN,10000,1828,-59.654,WSL010420
2025-06-28,sell,INR,200000,722,-11.92,WSL010420
2025-06-28,sell,JOD,10000,4329,3.459,WSL010420
2025-06-28,sell,TRY,200000,1580,-118.888,WSL010420
2025-06-28,sell,USD,50000,15350,60,WSL010420
2025-06-28,sell,USD,42303,12970.1,33.843,WSL010420
2025-06-28,sell,TRY,100000,790,-59.444,WSL010420
2025-06-28,sell,USD,67109,20575.619,53.687,WSL010420
2025-06-28,sell,AED,100000,8335,0.304,WSL010420
2025-06-28,sell,AZN,10000,1830,-57.654,WSL010420
2025-06-28,sell,BAM,10000,1865,11.667,WSL010420
2025-06-28,sell,BHD,2000,1622,0.235,WSL010420
2025-06-28,sell,EUR,10000,3592.5,10.359,WSL010420
2025-06-28,sell,THB,300000,2847,-10.941,WSL010420
2025-06-28,sell,TRY,200000,1580,-118.888,WSL010420
2025-06-28,sell,USD,61770,18938.682,49.416,WSL010420
2025-06-28,buy,SAR,500000,40610,163.335,WSL010420
2025-06-28,sell,TRY,300000,2367,-181.332,WSL010420
2025-06-28,sell,USD,50000,15330,40,WSL010420
2025-06-28,buy,USD,1500,454.5,4.2,WSL010420
2025-06-28,sell,TRY,200000,1580,-118.888,WSL010420
2025-06-28,sell,EUR,100000,35870,48.588,WSL010420
2025-06-28,sell,GBP,50000,21000,25.178,WSL010420
2025-06-28,sell,TRY,10000000,78410.25,-6534.15,WSL010420
2025-06-28,buy,CAD,20000,4463.504,0.078,WSL010420
2025-06-28,buy,EUR,100000,35497.575,323.837,WSL010420
2025-06-28,buy,EUR,100000,35864.475,-43.063,WSL010420
2025-06-28,buy,GBP,50000,20844.506,130.316,WSL010420
2025-06-28,buy,GBP,50000,21008.083,-33.261,WSL010420
2025-06-28,buy,JOD,150000,64794.54,88.575,WSL010420
2025-06-28,buy,KWD,40000,39967.32,32.68,WSL010420
2025-06-28,buy,TRY,4500000,35080.952,3144.028,WSL010420
2025-06-28,buy,TRY,15000000,117026.025,10390.575,WSL010420
2025-06-28,buy,USD,300000,91816.725,-76.725,WSL010420
2025-06-25,sell,AZN,10000,1831,-56.654,WSL010420
2025-06-25,sell,SAR,100000,8155,0.333,WSL010420
2025-06-25,sell,USD,30000,9204,30,WSL010420
2025-06-25,sell,USD,70000,21455,49,WSL010420
2025-06-25,sell,USD,50000,15345,55,WSL010420
2025-06-25,sell,PLN,100000,8485,119.523,WSL010420
2025-06-25,sell,THB,1000000,9430,-96.47,WSL010420
2025-06-25,sell,TRY,1000000,7885,-609.44,WSL010420
2025-06-25,sell,USD,100000,30680,100,WSL010420
2025-06-25,sell,TRY,300000,2367,-181.332,WSL010420
2025-06-25,sell,USD,5000,1534.5,5.5,WSL010420
2025-06-25,sell,USD,40000,12264,32,WSL010420
2025-06-25,sell,USD,48932,15000,36.594,WSL010420
2025-06-25,buy,EUR,8400,2989.56,-11.129,WSL010420
2025-06-25,sell,SAR,150000,12237,5,WSL010420
2025-06-25,sell,USD,10000,3069,11,WSL010420
2025-06-25,sell,USD,140000,42924,112,WSL010420
2025-06-25,sell,BHD,3000,2433,0.353,WSL010420
2025-06-25,sell,SAR,200000,16310,0.666,WSL010420
2025-06-25,sell,THB,500000,4725,-38.235,WSL010420
2025-06-25,sell,TRY,500000,3950,-297.22,WSL010420
2025-06-25,sell,USD,100000,30660,80,WSL010420
2025-06-25,sell,USD,9700,2973.535,7.275,WSL010420
2025-06-25,sell,EUR,40000,14240,53.326,WSL010420
2025-06-25,sell,INR,500000,1795,-39.8,WSL010420
2025-06-25,sell,TRY,500000,3945,-302.22,WSL010420
2025-06-25,sell,USD,20000,6136,20,WSL010420
2025-06-25,sell,USD,40000,12264,32,WSL010420
2025-06-25,sell,EUR,8000,2848,10.176,WSL010420
2025-06-25,sell,EUR,130000,46254,139.36,WSL010420
2025-06-25,sell,USD,605000,185372,363,WSL010420
2025-06-25,sell,EUR,25000,8897.5,29.3,WSL010420
2025-06-25,sell,USD,20000,6130,14,WSL010420
2025-06-25,sell,AED,100000,8336,1.304,WSL010420
2025-06-25,sell,TRY,200000,1574,-124.888,WSL010420
2025-06-25,sell,EUR,30000,10674,23.903,WSL010420
2025-06-25,sell,USD,10000,3069,11,WSL010420
2025-06-25,sell,JPY,1000000,2101.75,-2.72,WSL010420
2025-06-25,sell,TRY,550000,4336.75,-335.192,WSL010420
2025-06-25,sell,USD,15000,4599,12,WSL010420
2025-06-25,sell,USD,50000,15330,40,WSL010420
2025-06-25,sell,THB,1000000,9440,-86.47,WSL010420
2025-06-25,sell,USD,50000,15330,40,WSL010420
2025-06-25,sell,USD,70000,21483,77,WSL010420
2025-06-25,buy,AED,1000000,83299.278,47.682,WSL010420
2025-06-25,buy,CHF,10000,3744.642,56.004,WSL010420
2025-06-25,buy,EUR,40000,14040.04,174.767,WSL010420
2025-06-25,buy,EUR,50000,17546.993,221.516,WSL010420
2025-06-25,buy,GBP,20000,8203.273,132.835,WSL010420
2025-06-25,buy,LKR,2000000,2199.64,82.44,WSL010420
2025-06-25,buy,TRY,3500000,27299.108,2431.432,WSL010420
2025-06-25,buy,USD,400000,122397.84,-77.84,WSL010420
2025-06-25,buy,EUR,70000,24848.302,8.345,WSL010420
2025-06-25,buy,PHP,6000000,32411.658,2211.042,WSL010420
2025-06-25,buy,THB,4000000,37538.368,567.512,WSL010420
2025-06-24,buy,GBP,20000,8280,57.61,WSL010420
2025-06-24,sell,CAD,16600,3716.74,9.944,WSL010420
2025-06-24,sell,USD,20000,6134,16,WSL010420
2025-06-24,sell,USD,30000,9210,33,WSL010420
2025-06-24,sell,THB,200000,1894,-11.916,WSL010420
2025-06-24,sell,USD,80000,24536,64,WSL010420
2025-06-24,sell,USD,50000,15345,50,WSL010420
2025-06-24,sell,INR,1000000,3600,-70.8,WSL010420
2025-06-24,sell,USD,100000,30700,110,WSL010420
2025-06-24,sell,USD,30000,9201,24,WSL010420
2025-06-24,sell,USD,30000,9210,33,WSL010420
2025-06-24,sell,USD,100000,30665,75,WSL010420
2025-06-24,sell,CNY,20000,860,-1.69,WSL010420
2025-06-24,sell,LKR,500000,560,-10.71,WSL010420
2025-06-24,sell,THB,200000,1890,-15.916,WSL010420
2025-06-24,sell,USD,100000,30670,80,WSL010420
2025-06-24,sell,THB,500000,4705,-59.79,WSL010420
2025-06-24,sell,USD,9500,2913.65,7.6,WSL010420
2025-06-24,sell,INR,200000,726,-8.16,WSL010420
2025-06-24,sell,USD,16374,5021.906,13.099,WSL010420
2025-06-24,sell,EUR,19090,6799.858,28.806,WSL010420
2025-06-24,buy,CNY,500000,21388.112,154.143,WSL010420
2025-06-24,buy,IDR,200000000,3764.3,261.7,WSL010420
2025-06-24,buy,PHP,1000000,5427.684,344.646,WSL010420
2025-06-24,buy,THB,3000000,27982.617,606.123,WSL010420
2025-06-24,sell,USD,40300,12360.01,32.24,WSL010420
2025-06-24,sell,USD,9700,2974.99,7.76,WSL010420
2025-06-24,sell,THB,100000,945,-7.958,WSL010420
2025-06-24,sell,USD,30000,9201,24,WSL010420
2025-06-24,sell,USD,37000,11338.65,20.35,WSL010420
2025-06-24,sell,AED,1000000,83500,125.78,WSL010420
2025-06-24,sell,BHD,10000,8127.5,16.024,WSL010420
2025-06-24,sell,CNY,20000,860,-1.69,WSL010420
2025-06-24,sell,EGP,500000,3550,-152.92,WSL010420
2025-06-24,sell,EUR,150000,52875,-379.131,WSL010420
2025-06-24,sell,GBP,20000,8230,-81.303,WSL010420
2025-06-24,sell,INR,5000000,18050,-304,WSL010420
2025-06-24,sell,JOD,40000,17352,44.178,WSL010420
2025-06-24,sell,PHP,2000000,11080,-464.66,WSL010420
2025-06-24,sell,USD,1500000,460500,1650,WSL010420
2025-06-24,buy,QAR,32,2.674,0.002,WSL010420
2025-06-24,buy,USD,10,3.02,0.039,WSL010420
2025-06-24,buy,SAR,500,40.5,0.287,WSL010420
2025-06-24,buy,EUR,10,3.2,0.35,WSL010420
2025-06-24,buy,BHD,106,85.551,0.431,WSL010420
2025-06-24,buy,QAR,100,8.356,0.008,WSL010420
2025-06-24,buy,EUR,100000,35573.41,-33.948,WSL010420
2025-06-23,sell,INR,500000,1800,-38.4,WSL010420
2025-06-23,sell,PHP,200000,1108,-48.354,WSL010420
2025-06-23,sell,THB,1000000,9420,-125.16,WSL010420
2025-06-23,sell,EUR,15000,5302.5,21.236,WSL010420
2025-06-23,buy,USD,1000000,306809.53,-409.53,WSL010420
2025-06-23,sell,EGP,300000,2100,-125.382,WSL010420
2025-06-23,sell,OMR,1000,795.8,-0.044,WSL010420
2025-06-23,sell,SAR,300000,24477,-35.001,WSL010420
2025-06-23,sell,CNY,100000,4297.335,-18.158,WSL010420
2025-06-23,sell,CAD,500,112,0.744,WSL010420
2025-06-23,sell,GBP,250,103.5,0.596,WSL010420
2025-06-23,sell,INR,20000,72.8,-0.736,WSL010420
2025-06-23,sell,KRW,5000000,1120,11.75,WSL010420
2025-06-23,sell,TRY,500000,3945,-310.555,WSL010420
2025-06-23,sell,USD,20000,6138,10,WSL010420
2025-06-23,sell,USD,15464,4744.355,6.185,WSL010420
2025-06-23,sell,INR,100000,361,-6.68,WSL010420
2025-06-23,sell,JOD,5000,2168.5,1.486,WSL010420
2025-06-23,sell,PHP,100000,558,-20.177,WSL010420
2025-06-23,sell,TRY,100000,792,-59.111,WSL010420
2025-06-23,sell,USD,20000,6136,8,WSL010420
2025-06-23,sell,USD,42047,12899.999,16.798,WSL010420
2025-06-23,sell,EUR,10000,3536,12.706,WSL010420
2025-06-23,sell,USD,5000,1534.5,2.5,WSL010420
2025-06-23,sell,BAM,10000,1860,3.03,WSL010420
2025-06-23,sell,INR,200000,722,-13.36,WSL010420
2025-06-23,sell,PHP,100000,558,-20.177,WSL010420
2025-06-23,sell,USD,60000,18420,36,WSL010420
2025-06-23,sell,USD,62337,19124.992,24.935,WSL010420
2025-06-23,buy,SAR,500000,40685,168.335,WSL010420
2025-06-23,sell,THB,500000,4705,-67.58,WSL010420
2025-06-23,sell,USD,100000,30690,50,WSL010420
2025-06-23,sell,EUR,5600,1980.16,7.287,WSL010420
2025-06-23,buy,USD,1000,303,3.4,WSL010420
2025-06-23,sell,IDR,20000000,386,-17.2,WSL010420
2025-06-22,sell,EUR,20000,7072,14.848,WSL010420
2025-06-22,sell,THB,500000,4715,-56.02,WSL010420
2025-06-22,sell,USD,40000,12274,22,WSL010420
2025-06-22,sell,EUR,5000,1769,4.712,WSL010420
2025-06-22,sell,INR,500000,1810,-27.8,WSL010420
2025-06-22,sell,JOD,3000,1300.5,0.716,WSL010420
2025-06-22,sell,USD,60000,18402,24,WSL010420
2025-06-22,sell,SAR,100000,8158,-10,WSL010420
2025-06-22,sell,THB,100000,944,-10.204,WSL010420
2025-06-22,sell,TRY,60000,475.2,-35.3,WSL010420
2025-06-22,sell,USD,10000,3069,6,WSL010420
2025-06-22,sell,SAR,150000,12237,-15,WSL010420
2025-06-22,sell,CNY,100000,4295,-19.085,WSL010420
2025-06-22,sell,EUR,100000,35163.2,-122.56,WSL010420
2025-06-22,sell,LKR,1000000,1100,-42.91,WSL010420
2025-06-22,sell,ZAR,51100,899.36,29.542,WSL010420
2025-06-22,sell,USD,50000,15335,20,WSL010420
2025-06-22,sell,USD,9700,2974.99,3.88,WSL010420
2025-06-22,sell,AED,30000,2504.7,0.203,WSL010420
2025-06-22,sell,EUR,15000,5305.5,12.636,WSL010420
2025-06-22,sell,GBP,5000,2066.5,6.786,WSL010420
2025-06-22,sell,INR,100000,362,-5.56,WSL010420
2025-06-22,sell,USD,30000,9205.5,16.5,WSL010420
2025-06-22,sell,EUR,10000,3535,6.424,WSL010420
2025-06-22,sell,TRY,300000,2373,-179.499,WSL010420
2025-06-22,sell,CNY,100000,4298,-16.085,WSL010420
2025-06-22,sell,EUR,20000,7074,16.848,WSL010420
2025-06-22,sell,IDR,100000000,1930,-85,WSL010420
2025-06-22,sell,LKR,1000000,1115,-27.91,WSL010420
2025-06-22,sell,USD,20050,6150.338,9.023,WSL010420
2025-06-22,sell,USD,23798,7300.001,10.674,WSL010420
2025-06-22,sell,INR,100000,362,-5.56,WSL010420
2025-06-22,sell,USD,30632,9396.366,13.784,WSL010420
2025-06-22,buy,SAR,120000,9758.4,43.2,WSL010420
2025-06-22,sell,EUR,100000,35360,74.24,WSL010420
2025-06-22,sell,GBP,50000,20650,52.856,WSL010420
2025-06-22,sell,USD,500000,153400,250,WSL010420
2025-06-22,buy,AED,500000,41706.387,35.233,WSL010420
2025-06-22,buy,BHD,4680,3798.198,2.937,WSL010420
2025-06-22,buy,JPY,3000000,6358.131,-69.891,WSL010420
2025-06-22,buy,KRW,20000000,4464.28,-1.48,WSL010420
2025-06-22,buy,KWD,5017,5009.639,7.361,WSL010420
2025-06-22,buy,LKR,2000000,2141.608,144.212,WSL010420
2025-06-22,buy,THB,5000000,46970.86,739.34,WSL010420
2025-06-22,buy,BHD,20000,16240.223,3.943,WSL010420
2025-06-22,buy,CAD,20000,4474.069,-16.527,WSL010420
2025-06-22,buy,EUR,100000,35129.938,155.822,WSL010420
2025-06-22,buy,EUR,100000,35319.813,-34.053,WSL010420
2025-06-22,buy,GBP,100000,41300.875,-106.588,WSL010420
2025-06-22,buy,OMR,10000,7952.48,3.364,WSL010420
2025-06-22,buy,USD,2000000,613112.5,-512.5,WSL010420
2025-06-21,sell,TRY,300000,2367,-186.333,WSL010420
2025-06-21,sell,THB,2000000,18850,-240.32,WSL010420
2025-06-21,buy,CZK,300000,4395,-126.996,WSL010420
2025-06-21,sell,AED,120000,10024.8,3.541,WSL010420
2025-06-21,sell,EUR,10000,3537.5,7.772,WSL010420
2025-06-21,sell,AED,45065,3761.999,-1.401,WSL010420
2025-06-21,sell,TRY,200000,1578,-124.222,WSL010420
2025-06-21,sell,USD,50000,15350,30,WSL010420
2025-06-21,sell,USD,20000,6138,10,WSL010420
2025-06-21,sell,USD,30000,9201,9,WSL010420
2025-06-21,sell,TRY,350000,2765,-213.888,WSL010420
2025-06-21,sell,TRY,100000,789,-62.111,WSL010420
2025-06-21,sell,USD,44753,13736.933,24.614,WSL010420
2025-06-21,sell,USD,34700,10651.165,19.085,WSL010420
2025-06-21,sell,TRY,200000,1578,-124.222,WSL010420
2025-06-21,sell,USD,65247,20027.567,35.886,WSL010420
2025-06-21,buy,SAR,265590,21605.747,94.727,WSL010420
2025-06-19,sell,HUF,2000000,1830,83.98,WSL010420
2025-06-19,sell,BAM,30000,5565,-5.909,WSL010420
2025-06-19,sell,CNY,100000,4295,-20.493,WSL010420
2025-06-19,sell,CZK,100000,1470,52.663,WSL010420
2025-06-19,sell,JPY,500000,1065,11.645,WSL010420
2025-06-19,sell,KRW,20000000,4490,45.4,WSL010420
2025-06-19,sell,LKR,1000000,1100,-43.28,WSL010420
2025-06-19,sell,THB,1000000,9480,-65.16,WSL010420
2025-06-19,sell,USD,100000,30685,45,WSL010420
2025-06-19,sell,PHP,100000,559,-19.177,WSL010420
2025-06-19,sell,THB,500000,4735,-37.58,WSL010420
2025-06-19,sell,USD,30000,9204,12,WSL010420
2025-06-19,sell,USD,50000,15340,20,WSL010420
2025-06-19,buy,HUF,2000000,1799.4,-53.92,WSL010420
2025-06-19,sell,CNY,5000,214.75,-1.025,WSL010420
2025-06-19,sell,EUR,5000,1760,1.877,WSL010420
2025-06-19,sell,USD,20000,6140,12,WSL010420
2025-06-19,sell,USD,70000,21476,28,WSL010420
2025-06-19,sell,USD,50000,15350,30,WSL010420
2025-06-19,sell,EUR,40000,14080,12.563,WSL010420
2025-06-19,sell,SAR,150000,12237,-19,WSL010420
2025-06-19,sell,THB,500000,4725,-47.58,WSL010420
2025-06-19,sell,TRY,200000,1580,-122.222,WSL010420
2025-06-19,sell,THB,500000,4725,-47.58,WSL010420
2025-06-19,sell,TRY,100000,790,-61.111,WSL010420
2025-06-19,sell,USD,50000,15340,20,WSL010420
2025-06-19,sell,OMR,3000,2387.4,-0.132,WSL010420
2025-06-19,sell,THB,500000,4725,-47.58,WSL010420
2025-06-19,sell,TRY,500000,3942.5,-313.055,WSL010420
2025-06-19,sell,EUR,5000,1755,-3.43,WSL010420
2025-06-19,sell,TRY,150000,1183.5,-93.166,WSL010420
2025-06-19,sell,USD,50000,15335,15,WSL010420
2025-06-19,sell,EUR,80000,28180,81.894,WSL010420
2025-06-19,sell,GBP,25000,10287.5,19.27,WSL010420
2025-06-19,sell,USD,105000,32224.5,52.5,WSL010420
2025-06-19,sell,INR,100000,362,-5.68,WSL010420
2025-06-19,sell,PHP,200000,1118,-38.354,WSL010420
2025-06-19,sell,USD,50000,15335,15,WSL010420
2025-06-19,sell,BHD,17000,13812.5,0.451,WSL010420
2025-06-19,sell,EUR,10000,3520,7.737,WSL010420
2025-06-19,sell,JOD,10000,4332.5,-1.528,WSL010420
2025-06-19,sell,USD,13500,4141.8,5.4,WSL010420
2025-06-19,sell,TRY,100000,790,-61.111,WSL010420
2025-06-19,sell,USD,6500,1994.2,2.6,WSL010420
2025-06-19,sell,USD,100000,30680,40,WSL010420
2025-06-19,sell,EUR,10000,3520,7.737,WSL010420
2025-06-19,sell,USD,150000,46020,60,WSL010420
2025-06-19,buy,IQD,250000000,55593.5,2216.5,WSL010420
2025-06-19,sell,JOD,2736,1185.372,-0.418,WSL010420
2025-06-19,sell,USD,20000,6136,8,WSL010420
2025-06-19,sell,USD,24208,7427.014,9.683,WSL010420
2025-06-19,sell,THB,300000,2841,-22.548,WSL010420
2025-06-19,sell,AED,500000,41712.5,-42.745,WSL010420
2025-06-19,sell,CAD,40000,8996,63.055,WSL010420
2025-06-19,sell,EUR,200000,70630,354.096,WSL010420
2025-06-19,sell,GBP,50000,20690,148.944,WSL010420
2025-06-19,sell,BDT,50000,133.5,-7.05,WSL010420
2025-06-19,sell,USD,9300,2854.17,4.65,WSL010420
2025-06-19,sell,BHD,1000,812,-0.473,WSL010420
2025-06-19,sell,MYR,20000,1454,-15.544,WSL010420
2025-06-19,sell,THB,200000,1892,-17.032,WSL010420
2025-06-19,sell,USD,50000,15345,25,WSL010420
2025-06-19,sell,EUR,30000,10567.5,26.114,WSL010420
2025-06-19,buy,AED,200000,16692.549,9.549,WSL010420
2025-06-19,buy,CAD,30000,6740.374,-40.665,WSL010420
2025-06-19,buy,EUR,60000,21185.94,-103.169,WSL010420
2025-06-19,buy,EUR,100000,35291.52,-153.568,WSL010420
2025-06-19,buy,EUR,100000,35328.282,-190.33,WSL010420
2025-06-19,buy,KWD,20000,19977.176,22.824,WSL010420
2025-06-19,buy,USD,30000,9190.5,1.5,WSL010420
2025-06-19,buy,USD,700000,214573.667,-93.667,WSL010420
2025-06-19,sell,EGP,20000,146,-2.359,WSL010420
2025-06-19,sell,USD,1760,540.32,1.056,WSL010420
2025-06-19,buy,BHD,13281,10777.839,12.621,WSL010420
2025-06-19,buy,CNY,300000,12853.846,92.633,WSL010420
2025-06-19,buy,INR,7000000,25273.424,464.176,WSL010420
2025-06-19,buy,KWD,64402,64380.984,21.016,WSL010420
2025-06-19,buy,QAR,100000,8358.8,18.507,WSL010420
2025-06-19,buy,THB,4000000,37786,394.64,WSL010420
2025-06-19,buy,GBP,25000,10287.38,-30.64,WSL010420
2025-06-19,buy,EUR,50000,17587.36,-33.704,WSL010420
2025-06-19,buy,EUR,100000,35183.91,-76.598,WSL010420
2025-06-18,sell,PLN,20000,1678,27.01,WSL010420
2025-06-18,sell,INR,200000,724,-9.588,WSL010420
2025-06-18,sell,LKR,200000,224,-4.582,WSL010420
2025-06-18,sell,USD,180000,55242,108,WSL010420
2025-06-18,sell,EUR,10000,3534.5,9.293,WSL010420
2025-06-18,sell,USD,50000,15332.5,17.5,WSL010420
2025-06-18,sell,USD,100000,30665,35,WSL010420
2025-06-18,sell,EUR,30000,10594.92,19.3,WSL010420
2025-06-18,sell,USD,30000,9199.5,10.5,WSL010420
2025-06-18,sell,PHP,150000,839.25,-27.732,WSL010420
2025-06-18,sell,USD,20000,6138,12,WSL010420
2025-06-18,sell,GBP,10000,4135,13.734,WSL010420
2025-06-18,sell,GEL,10000,1153,-25.077,WSL010420
2025-06-18,sell,PHP,200000,1130,-25.976,WSL010420
2025-06-18,sell,USD,50000,15335,20,WSL010420
2025-06-18,sell,PHP,100000,565,-12.988,WSL010420
2025-06-18,sell,USD,21300,6532.71,8.52,WSL010420
2025-06-18,sell,USD,34235,10499.875,13.695,WSL010420
2025-06-18,sell,CZK,35000,516.25,19.378,WSL010420
2025-06-18,sell,EUR,20000,7064,16.037,WSL010420
2025-06-18,sell,PHP,100000,564,-13.988,WSL010420
2025-06-18,sell,THB,100000,948,-6.204,WSL010420
2025-06-18,buy,USD,1900,575.7,6.27,WSL010420
2025-06-18,sell,BDT,150000,400.5,-21.014,WSL010420
2025-06-18,sell,PHP,30000,168.6,-4.796,WSL010420
2025-06-18,sell,USD,7900,2422.93,3.16,WSL010420
2025-06-18,sell,LKR,200000,224,-4.582,WSL010420
2025-06-18,sell,THB,300000,2844,-18.612,WSL010420
2025-06-18,sell,USD,30000,9207,18,WSL010420
2025-06-18,sell,JOD,5000,2166.25,-0.057,WSL010420
2025-06-18,sell,PHP,100000,565,-12.988,WSL010420
2025-06-18,sell,THB,600000,5688,-37.224,WSL010420
2025-06-18,sell,USD,53399,16377.473,21.359,WSL010420
2025-06-18,buy,SAR,305000,24796.5,115.9,WSL010420
2025-06-18,buy,EGP,750000,5104.167,457.473,WSL010420
2025-06-18,buy,JOD,250000,108182.813,132.525,WSL010420
2025-06-18,buy,KWD,187000,186908.453,91.547,WSL010420
2025-06-18,buy,TRY,1000000,7870.727,637.603,WSL010420
2025-06-18,buy,TRY,2000000,15757.654,1259.006,WSL010420
2025-06-18,buy,TRY,5000000,39272.89,3268.76,WSL010420
2025-06-17,buy,EUR,1000,350,2.868,WSL010420
2025-06-17,buy,GBP,2440,951.6,58.502,WSL010420
2025-06-17,sell,BAM,20000,3708,-2.909,WSL010420
2025-06-17,sell,GBP,10000,4163,15.892,WSL010420
2025-06-17,sell,CAD,5000,1129,0.96,WSL010420
2025-06-17,sell,PHP,100000,565,-12.705,WSL010420
2025-06-17,sell,USD,50000,15332.5,25,WSL010420
2025-06-17,buy,EGP,1500000,10500,617.835,WSL010420
2025-06-17,sell,RUB,300000,1179,-45.6,WSL010420
2025-06-17,sell,USD,51250,15720.938,30.75,WSL010420
2025-06-17,sell,USD,14378,4408.999,7.174,WSL010420
2025-06-17,sell,THB,300000,2850,-11.211,WSL010420
2025-06-17,sell,EGP,1000000,7100,-311.89,WSL010420
2025-06-17,sell,EUR,150000,53235,153.183,WSL010420
2025-06-17,sell,GBP,30000,12498,36.47,WSL010420
2025-06-17,sell,INR,5000000,18100,-230.75,WSL010420
2025-06-17,sell,JOD,50000,21675,22.541,WSL010420
2025-06-17,sell,THB,1000000,9500,-37.37,WSL010420
2025-06-17,sell,TRY,1000000,7940,-564.17,WSL010420
2025-06-17,sell,USD,505000,154858.25,252.5,WSL010420
2025-06-17,sell,INR,200000,724,-9.23,WSL010420
2025-06-17,sell,USD,30000,9202.5,18,WSL010420
2025-06-17,sell,TRY,250000,1985,-141.042,WSL010420
2025-06-17,buy,JOD,25000,10828.75,-2.52,WSL010420
2025-06-17,buy,EUR,100000,35461.355,-73.477,WSL010420
2025-06-17,buy,EUR,20000,7096.62,-15.983,WSL010420
2025-06-17,buy,USD,10000,3069,-7.5,WSL010420
2025-06-17,buy,IDR,200000000,3833.42,194.58,WSL010420
2025-06-17,buy,NZD,10000,1854.966,1.221,WSL010420
2025-06-17,buy,PHP,8000000,44523.64,1692.76,WSL010420
2025-06-17,buy,RUB,1000000,3874.684,207.316,WSL010420
2025-06-17,buy,THB,4000000,37871.944,277.536,WSL010420
2025-06-17,sell,EUR,50000,17725,31.061,WSL010420
2025-06-17,sell,GBP,50000,20825,49.661,WSL010420
2025-06-17,sell,USD,500000,153300,225,WSL010420
2025-06-16,sell,AED,14355,1198,0.185,WSL010420
2025-06-16,sell,AED,40000,3338.4,0.706,WSL010420
2025-06-16,sell,EUR,5000,1775.5,0.748,WSL010420
2025-06-16,sell,CNY,50000,2150,-5.986,WSL010420
2025-06-16,sell,EUR,20000,7088,-1.822,WSL010420
2025-06-16,sell,IDR,50000000,967.5,-39.5,WSL010420
2025-06-16,sell,OMR,5000,3977.5,1.526,WSL010420
2025-06-16,sell,THB,200000,1900,-7.474,WSL010420
2025-06-16,sell,TRY,130000,1028.3,-77.242,WSL010420
2025-06-16,sell,USD,20000,6140,17,WSL010420
2025-06-16,sell,TRY,500000,3955.4,-296.685,WSL010420
2025-06-16,sell,USD,50000,15342.5,35,WSL010420
2025-06-16,sell,TRY,60000,477,-33.25,WSL010420
2025-06-16,sell,USD,20000,6138,15,WSL010420
2025-06-16,sell,USD,40000,12270,24,WSL010420
2025-06-16,sell,USD,20000,6135,12,WSL010420
2025-06-16,sell,EUR,20478,7257.403,-3.119,WSL010420
2025-06-16,sell,USD,1504,461.352,0.902,WSL010420
2025-06-16,buy,SAR,95000,7718.75,37.05,WSL010420
2025-06-16,sell,GBP,5000,2083,2.711,WSL010420
2025-06-16,sell,THB,300000,2850,-11.211,WSL010420
2025-06-16,sell,AED,150000,12520.5,4.148,WSL010420
2025-06-16,sell,EUR,9522,3374.597,-2.033,WSL010420
2025-06-16,buy,USD,100,30.2,0.415,WSL010420
2025-06-16,buy,QAR,500,41.813,0.039,WSL010420
2025-06-16,buy,QAR,500,41.813,0.039,WSL010420
2025-06-16,buy,USD,200,60.4,0.83,WSL010420
2025-06-16,buy,SAR,500,40.5,0.32,WSL010420
2025-06-15,sell,USD,22000,6748.5,13.2,WSL010420
2025-06-15,sell,INR,500000,1810,-23.075,WSL010420
2025-06-15,sell,USD,3000,920.25,1.8,WSL010420
2025-06-15,sell,EUR,5000,1771.5,4.249,WSL010420
2025-06-15,sell,PHP,20000,113,-2.541,WSL010420
2025-06-15,sell,THB,50000,475.5,-1.368,WSL010420
2025-06-15,sell,AED,100000,8345,0.765,WSL010420
2025-06-15,sell,BHD,3000,2436,0.568,WSL010420
2025-06-15,sell,EGP,200000,1398,-84.378,WSL010420
2025-06-15,sell,EUR,30000,10624.5,20.995,WSL010420
2025-06-15,sell,INR,200000,720,-13.23,WSL010420
2025-06-15,sell,OMR,2000,1590.8,0.41,WSL010420
2025-06-15,sell,USD,50000,15337.5,30,WSL010420
2025-06-15,sell,EGP,1000000,6880,-531.89,WSL010420
2025-06-15,sell,JPY,2000000,4280,24.96,WSL010420
2025-06-15,sell,PHP,1000000,5650,-127.05,WSL010420
2025-06-15,sell,USD,12000,3936,262.2,WSL010420
2025-06-15,sell,USD,100000,30695,80,WSL010420
2025-06-15,sell,USD,10000,3070,8.5,WSL010420
2025-06-15,sell,USD,70000,21472.5,42,WSL010420
2025-06-15,sell,BHD,2000,1624,0.379,WSL010420
2025-06-15,sell,THB,500000,4750,-18.685,WSL010420
2025-06-15,sell,TRY,100000,796,-54.417,WSL010420
2025-06-15,sell,USD,30000,9202.5,18,WSL010420
2025-06-15,sell,CNY,10000,430,-1.197,WSL010420
2025-06-15,sell,USD,70000,21472.5,42,WSL010420
2025-06-15,sell,CNY,10000,431,-0.197,WSL010420
2025-06-15,sell,TRY,200000,1598,-102.834,WSL010420
2025-06-15,sell,USD,12945,3970.879,7.767,WSL010420
2025-06-15,sell,USD,30579,9380.108,18.347,WSL010420
2025-06-15,sell,EUR,20000,7090,20.996,WSL010420
2025-06-15,sell,USD,43105,13222.459,25.863,WSL010420
2025-06-15,buy,SAR,250000,20312.5,97.5,WSL010420
2025-06-15,buy,GEL,100000,11457.71,317.29,WSL010420
2025-06-15,buy,PKR,500000,599,13.3,WSL010420
2025-06-15,sell,TRY,370000,2926.7,-219.843,WSL010420
2025-06-15,sell,EUR,150000,53145,127.473,WSL010420
2025-06-15,sell,GBP,50000,20820,53.846,WSL010420
2025-06-15,buy,AED,500000,41697.316,23.859,WSL010420
2025-06-15,buy,BHD,20000,16230.117,6.094,WSL010420
2025-06-15,buy,EUR,70000,24748.185,-6.672,WSL010420
2025-06-15,buy,GBP,30000,12456.74,2.953,WSL010420
2025-06-15,buy,GBP,100000,41598.99,-66.681,WSL010420
2025-06-15,buy,INR,2000000,7177.022,155.278,WSL010420
2025-06-15,buy,JPY,2000000,4266.202,-11.162,WSL010420
2025-06-15,buy,TRY,1000000,7909.561,594.609,WSL010420
2025-06-15,buy,USD,50000,15305,2.5,WSL010420
2025-06-15,buy,USD,950000,290911.318,-68.818,WSL010420
2025-06-15,buy,ZAR,50000,867.139,-13.255,WSL010420
2025-06-15,buy,BAM,45000,8348.18,1.365,WSL010420
2025-06-15,buy,BHD,10000,8117.21,0.896,WSL010420
2025-06-15,buy,EUR,400000,141589.616,-209.544,WSL010420
2025-06-15,buy,GBP,50000,20817.861,-51.707,WSL010420
2025-06-15,buy,NZD,5000,926.718,-5.513,WSL010420
2025-06-15,buy,OMR,20000,15897.17,6.726,WSL010420
2025-06-15,buy,PKR,1000000,1200.392,24.208,WSL010420
2025-06-15,buy,PLN,100000,8295.393,-22.634,WSL010420
2025-06-15,buy,USD,350000,107263.562,-111.062,WSL010420
2025-06-14,sell,CZK,200000,2940,92.488,WSL010420
2025-06-14,sell,USD,100000,30695,70,WSL010420
2025-06-14,sell,EUR,10000,3545,9.344,WSL010420
2025-06-14,sell,USD,20000,6144,19,WSL010420
2025-06-14,sell,THB,200000,1900,-8.096,WSL010420
2025-06-14,sell,TRY,200000,1598,-103.388,WSL010420
2025-06-14,sell,USD,50000,15347,34.5,WSL010420
2025-06-14,sell,MYR,50000,3645,-27.062,WSL010420
2025-06-14,sell,OMR,5000,3978.75,1.477,WSL010420
2025-06-14,sell,PHP,100000,565,-12.894,WSL010420
2025-06-14,sell,TRY,500000,3956.7,-296.77,WSL010420
2025-06-14,sell,USD,50000,15350,37.5,WSL010420
2025-06-14,sell,RUB,220000,862.4,-35.933,WSL010420
2025-06-14,sell,AED,10000,834.8,0.104,WSL010420
2025-06-14,sell,SAR,5000,408.5,0.167,WSL010420
2025-06-14,sell,BAM,10000,1850,-6.061,WSL010420
2025-06-14,sell,THB,300000,2850,-12.144,WSL010420
2025-06-14,sell,USD,50000,15350,37.5,WSL010420
2025-06-14,sell,USD,13350,4099.785,11.347,WSL010420
2025-06-14,sell,USD,27050,8307.055,22.993,WSL010420
2025-06-14,sell,USD,9700,2978.87,8.245,WSL010420
2025-06-14,sell,TRY,540000,4306.5,-287.248,WSL010420
2025-06-12,sell,GEL,10000,1150,-27.885,WSL010420
2025-06-12,sell,IDR,30000000,582,-22.5,WSL010420
2025-06-12,sell,THB,300000,2844,-18.144,WSL010420
2025-06-12,sell,USD,30000,9201,13.5,WSL010420
2025-06-12,sell,USD,50000,15342.5,30,WSL010420
2025-06-12,sell,AED,20000,1669.6,0.208,WSL010420
2025-06-12,sell,USD,50000,15342.5,30,WSL010420
2025-06-12,sell,JPY,1000000,2145,12.79,WSL010420
2025-06-12,sell,MYR,50000,3650,-22.062,WSL010420
2025-06-12,sell,THB,500000,4735,-35.24,WSL010420
2025-06-12,sell,USD,30000,9205.5,18,WSL010420
2025-06-12,sell,USD,50000,15345,32.5,WSL010420
2025-06-12,sell,EUR,50000,17487,-175.969,WSL010420
2025-06-12,sell,GBP,10000,4161,12.231,WSL010420
2025-06-12,sell,USD,9700,2977.9,7.275,WSL010420
2025-06-12,sell,CNY,100000,4300,-13.38,WSL010420
2025-06-12,sell,EUR,20000,7068,2.812,WSL010420
2025-06-12,sell,INR,1000000,3600,-67.34,WSL010420
2025-06-12,sell,PHP,95000,537.7,-11.299,WSL010420
2025-06-12,sell,USD,130000,39936,123.5,WSL010420
2025-06-12,sell,EUR,10000,3532.5,-0.094,WSL010420
2025-06-12,sell,USD,220000,67469.6,94.6,WSL010420
2025-06-12,sell,EUR,10000,3533.5,0.906,WSL010420
2025-06-12,sell,GEL,5000,576,-12.942,WSL010420
2025-06-12,sell,INR,300000,1086,-14.202,WSL010420
2025-06-12,sell,TRY,60000,478.5,-31.916,WSL010420
2025-06-12,sell,USD,50000,15335,22.5,WSL010420
2025-06-12,sell,USD,50000,15345,32.5,WSL010420
2025-06-12,sell,EUR,8000,2824,3.56,WSL010420
2025-06-12,sell,USD,50000,15340,27.5,WSL010420
2025-06-12,sell,AED,35000,2921.8,0.364,WSL010420
2025-06-12,sell,BHD,2000,1625,0.849,WSL010420
2025-06-12,sell,GEL,10000,1150,-27.885,WSL010420
2025-06-12,sell,USD,200000,61360,110,WSL010420
2025-06-12,sell,USD,46142,14154.059,23.071,WSL010420
2025-06-12,sell,INR,200000,724,-9.468,WSL010420
2025-06-12,sell,USD,20000,6135,10,WSL010420
2025-06-12,sell,EUR,20000,7070,18.9,WSL010420
2025-06-12,sell,GBP,5000,2085,10.922,WSL010420
2025-06-12,sell,USD,55019,16877.078,27.509,WSL010420
2025-06-12,buy,SAR,320000,26032,101.334,WSL010420
2025-06-12,sell,USD,50000,15334,21.5,WSL010420
2025-06-12,sell,BAM,10000,1852.5,-3.561,WSL010420
2025-06-12,sell,TRY,60000,477.6,-32.816,WSL010420
2025-06-12,sell,TRY,250000,1993.75,-132.985,WSL010420
2025-06-12,sell,USD,500000,153500,375,WSL010420
2025-06-12,buy,AUD,20000,3995.91,-11.598,WSL010420
2025-06-12,buy,AZN,150000,27388.193,968.289,WSL010420
2025-06-12,buy,EGP,4000000,27181.536,2475.704,WSL010420
2025-06-12,buy,EUR,100000,34983.35,324.212,WSL010420
2025-06-12,buy,GBP,34280,14170.324,99.947,WSL010420
2025-06-12,buy,KWD,12011,11979.711,31.289,WSL010420
2025-06-12,buy,SGD,7650,1822.903,6.133,WSL010420
2025-06-12,buy,TRY,4000000,31567.012,2460.748,WSL010420
2025-06-12,buy,AED,1229200,102514.242,86.603,WSL010420
2025-06-12,buy,CNY,300000,12838.574,101.566,WSL010420
2025-06-12,buy,EUR,68150,23862.023,200.081,WSL010420
2025-06-12,buy,INR,10000000,35812.87,645.43,WSL010420
2025-06-12,buy,PHP,2000000,11257.352,300.528,WSL010420
2025-06-12,buy,QAR,207600,17344.371,38.405,WSL010420
2025-06-12,buy,THB,3000000,28264.614,356.826,WSL010420
2025-06-12,buy,VND,500000000,5934.05,-54.05,WSL010420
2025-06-11,sell,USD,183000,56226.75,109.8,WSL010420
2025-06-11,buy,IQD,15000000,3405,66.45,WSL010420
2025-06-11,sell,USD,70000,21504,38.5,WSL010420
2025-06-11,sell,CHF,5000,1870,4.278,WSL010420
2025-06-11,sell,EGP,100000,693,-49.4,WSL010420
2025-06-11,sell,PLN,5000,419,7.212,WSL010420
2025-06-11,sell,TRY,250000,1995,-134.515,WSL010420
2025-06-11,sell,BDT,50000,134,-6.665,WSL010420
2025-06-11,sell,EUR,13000,4564.3,6.592,WSL010420
2025-06-11,sell,PHP,100000,567,-11.649,WSL010420
2025-06-11,sell,THB,50000,474.5,-3.147,WSL010420
2025-06-11,sell,TRY,350000,2796.5,-184.821,WSL010420
2025-06-11,sell,USD,2000,614,0.7,WSL010420
2025-06-11,sell,USD,50000,15350,17.5,WSL010420
2025-06-11,sell,PLN,20000,1680,37.305,WSL010420
2025-06-11,sell,USD,50000,15350,17.5,WSL010420
2025-06-11,sell,TRY,180000,1438.2,-95.051,WSL010420
2025-06-11,sell,USD,35000,10750.999,18.249,WSL010420
2025-06-11,sell,EUR,10000,3510,8.057,WSL010420
2025-06-11,sell,GBP,5000,2075,7.106,WSL010420
2025-06-11,sell,THB,200000,1898,-12.588,WSL010420
2025-06-11,sell,TRY,300000,2400,-155.418,WSL010420
2025-06-11,sell,USD,33932,10417.124,11.876,WSL010420
2025-06-11,sell,USD,30000,9208.5,9,WSL010420
2025-06-11,sell,INR,100000,362,-3.059,WSL010420
2025-06-11,sell,PHP,100000,568,-10.649,WSL010420
2025-06-11,sell,EUR,15000,5263.5,15.645,WSL010420
2025-06-11,sell,TRY,300000,2395.5,-159.918,WSL010420
2025-06-11,sell,EUR,70000,24594.5,104.511,WSL010420
2025-06-11,sell,GBP,100000,41480,174.245,WSL010420
2025-06-11,buy,AED,500000,41765.427,23.888,WSL010420
2025-06-11,buy,BHD,10000,8128.314,3.05,WSL010420
2025-06-11,buy,EUR,50000,17462.403,30.446,WSL010420
2025-06-11,buy,EUR,50000,17491.53,1.319,WSL010420
2025-06-11,buy,EUR,50000,17565.114,-72.265,WSL010420
2025-06-11,buy,KWD,25000,24967.427,32.573,WSL010420
2025-06-11,buy,OMR,5000,3980.784,1.684,WSL010420
2025-06-11,buy,USD,700000,214727.31,-72.31,WSL010420
2025-06-11,sell,AZN,150000,27461.19,-932.328,WSL010420
2025-06-11,sell,GEL,100000,11528.195,-266.036,WSL010420
2025-06-11,buy,GEL,100000,11485,309.231,WSL010420
2025-06-10,sell,TRY,240000,1911.6,-138.427,WSL010420
2025-06-10,sell,INR,700000,2520,-35.413,WSL010420
2025-06-10,sell,PHP,1000000,5660,-126.49,WSL010420
2025-06-10,sell,USD,300000,92160,165,WSL010420
2025-06-10,sell,USD,250000,76800,137.5,WSL010420
2025-06-10,sell,USD,30000,9217.5,18,WSL010420
2025-06-10,sell,USD,50000,15347.5,15,WSL010420
2025-06-10,sell,USD,20000,6145,12,WSL010420
2025-06-10,sell,USD,50000,15350,17.5,WSL010420
2025-06-10,sell,JPY,500000,1071.5,12.335,WSL010420
2025-06-10,sell,AED,40000,3342,-1.145,WSL010420
2025-06-10,sell,GEL,5000,575,-14.712,WSL010420
2025-06-10,sell,INR,100000,360,-5.059,WSL010420
2025-06-10,sell,JOD,5000,2168,-0.782,WSL010420
2025-06-10,sell,OMR,1000,796,-0.494,WSL010420
2025-06-10,sell,USD,50000,15345,12.5,WSL010420
2025-06-10,sell,CNY,30000,1287,-8.704,WSL010420
2025-06-10,sell,GEL,5000,575,-14.712,WSL010420
2025-06-10,sell,TRY,300000,2394,-168.534,WSL010420
2025-06-10,sell,USD,20000,6138,5,WSL010420
2025-06-10,sell,USD,70000,21504,38.5,WSL010420
2025-06-10,sell,TRY,350000,2793,-196.623,WSL010420
2025-06-10,buy,USD,500,152,1.325,WSL010420
2025-06-10,sell,BAM,7000,1295,-5.939,WSL010420
2025-06-10,sell,JOD,5000,2169.5,0.718,WSL010420
2025-06-10,sell,MYR,20000,1459,-11.743,WSL010420
2025-06-10,sell,THB,200000,1896,-14.588,WSL010420
2025-06-10,sell,INR,52000,188.24,-1.591,WSL010420
2025-06-10,sell,EUR,5000,1755,8.168,WSL010420
2025-06-10,sell,THB,100000,948,-7.294,WSL010420
2025-06-10,sell,USD,30000,9208.5,9,WSL010420
2025-06-10,sell,AED,100000,8360,2.137,WSL010420
2025-06-10,sell,PHP,35500,201.999,-3.421,WSL010420
2025-06-10,sell,USD,71786,22038.302,25.125,WSL010420
2025-06-10,sell,BAM,10000,1857,-1.485,WSL010420
2025-06-10,sell,GBP,5000,2080.5,15.059,WSL010420
2025-06-10,sell,INR,200000,724,-6.118,WSL010420
2025-06-10,sell,PHP,64500,367.005,-6.224,WSL010420
2025-06-10,sell,THB,200000,1896,-14.588,WSL010420
2025-06-10,buy,SAR,85000,6924.95,25.783,WSL010420
2025-06-10,sell,USD,20000,6139,6,WSL010420
2025-06-10,sell,CNY,100000,4300,-19.014,WSL010420
2025-06-10,sell,IDR,200000000,3860,-176,WSL010420
2025-06-10,sell,USD,100000,30725,60,WSL010420
2025-06-10,sell,VND,364000000,4357.08,72.8,WSL010420
2025-06-10,sell,CHF,20000,7525,69.372,WSL010420
2025-06-10,sell,BHD,150,122.579,0.609,WSL010420
2025-06-10,buy,USD,200,60.4,0.93,WSL010420
2025-06-10,buy,AED,100,8.304,0.054,WSL010420
2025-06-10,buy,SAR,100,8.1,0.077,WSL010420
2025-06-10,buy,BHD,40,32.363,0.162,WSL010420
2025-06-10,buy,EUR,100,32,2.937,WSL010420
2025-06-10,buy,USD,100,30.2,0.465,WSL010420
2025-06-10,buy,USD,100,30.2,0.465,WSL010420
2025-06-10,buy,USD,200,60.4,0.93,WSL010420
2025-06-10,buy,KWD,11351.5,11340.401,11.099,WSL010420
2025-06-08,sell,EUR,10000,3515,20.11,WSL010420
2025-06-08,sell,MYR,5000,366.5,-1.186,WSL010420
2025-06-08,sell,TRY,300000,2400,-162.534,WSL010420
2025-06-08,sell,SGD,10000,2390,11.762,WSL010420
2025-06-08,sell,INR,100000,361,-4.059,WSL010420
2025-06-08,sell,USD,10000,3072,5.5,WSL010420
2025-06-08,sell,USD,46555,14306.352,30.261,WSL010420
2025-06-08,sell,PLN,100000,8390,241.783,WSL010420
2025-06-08,sell,THB,1000000,9490,-62.94,WSL010420
2025-06-08,sell,USD,100000,30705,40,WSL010420
2025-06-08,buy,SAR,175000,14253.75,56.583,WSL010420
2025-06-08,sell,EUR,80000,28104,144.88,WSL010420
2025-06-08,buy,AED,1000000,83542.234,36.396,WSL010420
2025-06-08,buy,BAM,100000,18414.414,170.434,WSL010420
2025-06-08,buy,CAD,30000,6735.994,-18.088,WSL010420
2025-06-08,buy,CHF,20000,7491.753,-33.404,WSL010420
2025-06-08,buy,CNY,200000,8588.235,49.793,WSL010420
2025-06-08,buy,EUR,150000,52672.347,-248.997,WSL010420
2025-06-08,buy,GBP,100000,41590.29,-94.412,WSL010420
2025-06-08,buy,OMR,10000,7961.568,3.367,WSL010420
2025-06-08,buy,TRY,2000000,15886.01,1197.55,WSL010420
2025-06-08,buy,USD,1000000,306783.96,-133.96,WSL010420
2025-06-04,sell,BAM,15000,2767.5,-20.227,WSL010420
2025-06-04,sell,USD,100000,30750,85,WSL010420
2025-06-04,sell,EUR,8500,2992,11.699,WSL010420
2025-06-04,sell,CHF,18000,6741,25.219,WSL010420
2025-06-04,sell,USD,40000,12296,30,WSL010420
2025-06-04,sell,CHF,48000,18028.8,148.333,WSL010420
2025-06-04,sell,EUR,70000,24542,90.649,WSL010420
2025-06-04,sell,GBP,220000,91498,207.068,WSL010420
2025-06-04,sell,USD,100000,30727,62,WSL010420
2025-06-04,sell,CNY,50000,2147.5,-12.007,WSL010420
2025-06-04,sell,PHP,100000,570,-8.649,WSL010420
2025-06-04,sell,TRY,200000,1597,-111.356,WSL010420
2025-06-04,sell,USD,20000,6142,9,WSL010420
2025-06-04,sell,USD,39075,11999.999,17.65,WSL010420
2025-06-04,sell,AZN,10000,1835,-57.901,WSL010420
2025-06-04,sell,GEL,10000,1154,-25.423,WSL010420
2025-06-04,sell,MYR,5000,365,-2.686,WSL010420
2025-06-04,sell,PLN,20000,1678,44.276,WSL010420
2025-06-04,sell,TRY,60000,479.1,-33.407,WSL010420
2025-06-04,sell,TRY,200000,1595,-113.356,WSL010420
2025-06-04,sell,TRY,600000,4779,-346.068,WSL010420
2025-06-04,sell,PLN,100000,8390,221.38,WSL010420
2025-06-04,sell,THB,200000,1900,-10.588,WSL010420
2025-06-04,sell,EUR,40000,13984,11.799,WSL010420
2025-06-04,sell,USD,40000,12284,18,WSL010420
2025-06-04,sell,USD,50000,15355,22.5,WSL010420
2025-06-04,sell,USD,205000,62990.35,127.1,WSL010420
2025-06-04,sell,TRY,200000,1596,-112.356,WSL010420
2025-06-04,sell,USD,70000,21497,31.5,WSL010420
2025-06-04,sell,EUR,20000,6992,6.513,WSL010420
2025-06-04,sell,GBP,5000,2080,5.053,WSL010420
2025-06-04,sell,TRY,400000,3192,-224.712,WSL010420
2025-06-04,sell,USD,39583,12155.939,17.812,WSL010420
2025-06-04,buy,SAR,300000,24420,111.999,WSL010420
2025-06-04,sell,USD,100000,30750,85,WSL010420
2025-06-04,sell,CNY,30000,1290,-5.704,WSL010420
2025-06-04,sell,GEL,10000,1152,-27.423,WSL010420
2025-06-04,sell,THB,500000,4757.5,-18.97,WSL010420
2025-06-04,buy,GBP,100000,41559.63,-60.686,WSL010420
2025-06-04,sell,TRY,700000,5575.5,-403.746,WSL010420
2025-06-04,sell,USD,75000,23032.5,33.75,WSL010420
2025-06-04,buy,EUR,100000,35050,-110.299,WSL010420
2025-06-04,sell,EUR,45000,15750,50.594,WSL010420
2025-06-04,sell,CAD,30000,6717,13.779,WSL010420
2025-06-04,sell,EUR,300000,104850,187.29,WSL010420
2025-06-04,sell,USD,510000,156707.7,316.2,WSL010420
2025-06-04,buy,AZN,100000,18250,679.012,WSL010420
2025-06-04,buy,CAD,30000,6716.32,-13.099,WSL010420
2025-06-04,buy,CZK,500000,7197.183,-186.758,WSL010420
2025-06-04,buy,EUR,500000,174409.41,28.44,WSL010420
2025-06-04,buy,GBP,120000,49827.406,-54.431,WSL010420
2025-06-04,buy,GEL,50000,5709.497,187.619,WSL010420
2025-06-04,buy,GEL,200000,22923.364,665.098,WSL010420
2025-06-04,buy,JOD,50000,21684.285,3.536,WSL010420
2025-06-04,buy,JPY,2000000,4283.619,-24.299,WSL010420
2025-06-04,buy,PLN,300000,24926.829,-452.913,WSL010420
2025-06-04,buy,TRY,5000000,39694.459,3014.441,WSL010420
2025-06-04,buy,USD,1000000,306814.62,-164.62,WSL010420
2025-06-04,buy,USD,1000000,307121.22,-471.22,WSL010420
2025-06-04,buy,AED,300000,25052.431,21.158,WSL010420
2025-06-04,buy,AUD,10000,1986.768,-5.502,WSL010420
2025-06-04,buy,CHF,70000,26285.364,-212.851,WSL010420
2025-06-04,buy,IDR,300000000,5741.58,312.42,WSL010420
2025-06-04,buy,IQD,10000000,2313.962,0.338,WSL010420
2025-06-04,buy,MYR,200000,14496.454,210.98,WSL010420
2025-06-04,buy,MYR,200000,14534.25,173.184,WSL010420
2025-06-04,buy,SAR,500000,40847.322,39.343,WSL010420
2025-06-04,buy,SGD,10000,2388.781,-14.042,WSL010420
2025-06-04,buy,THB,3000000,28520.931,137.889,WSL010420
2025-06-04,buy,BDT,7000000,18219.012,1474.088,WSL010420
2025-06-04,buy,KWD,20500,20473.29,26.71,WSL010420
2025-06-04,buy,BHD,10000,8135,-3.636,WSL010420
2025-06-04,buy,GBP,50000,20785,-66.193,WSL010420
2025-06-04,buy,OMR,10000,7967,-2.065,WSL010420
2025-06-03,sell,USD,9500,2919.35,8.075,WSL010420
2025-06-03,sell,TRY,300000,2389.5,-171.363,WSL010420
2025-06-03,sell,AZN,100000,18290,-626.667,WSL010420
2025-06-03,sell,CZK,100000,1460,54.395,WSL010420
2025-06-03,sell,HUF,1000000,920,52.73,WSL010420
2025-06-03,sell,MYR,100000,7290,-58.921,WSL010420
2025-06-03,sell,PLN,50000,4225,133.217,WSL010420
2025-06-03,sell,THB,1000000,9440,-106.71,WSL010420
2025-06-03,sell,TRY,70000,558.6,-38.935,WSL010420
2025-06-03,sell,USD,40000,12286,28,WSL010420
2025-06-03,sell,BAM,5000,922.5,-6.136,WSL010420
2025-06-03,sell,EUR,20000,7016,20.359,WSL010420
2025-06-03,sell,THB,300000,2853,-11.013,WSL010420
2025-06-03,sell,USD,20000,6134,5,WSL010420
2025-06-03,sell,USD,20000,6142,13,WSL010420
2025-06-03,sell,EUR,10000,3507,9.18,WSL010420
2025-06-03,sell,USD,20000,6136,7,WSL010420
2025-06-03,sell,USD,200000,61460,170,WSL010420
2025-06-03,sell,PLN,40000,3388,112.649,WSL010420
2025-06-03,sell,RUB,200000,788,-29.2,WSL010420
2025-06-03,sell,EUR,20000,7020,24.359,WSL010420
2025-06-03,sell,GEL,10000,1152,-17.656,WSL010420
2025-06-03,sell,NPR,100000,248,-7.365,WSL010420
2025-06-03,sell,TRY,100000,798,-55.621,WSL010420
2025-06-03,sell,TRY,200000,1598,-109.242,WSL010420
2025-06-03,sell,USD,100000,30680,35,WSL010420
2025-06-03,sell,INR,100000,362,-2.821,WSL010420
2025-06-03,sell,USD,20000,6138,9,WSL010420
2025-06-03,sell,EUR,30000,10527,16.991,WSL010420
2025-06-03,sell,THB,100700,958.644,-2.71,WSL010420
2025-06-03,sell,USD,60327,18514.356,27.147,WSL010420
2025-06-03,sell,JOD,5000,2170,2.632,WSL010420
2025-06-03,sell,THB,199300,1897.336,-5.323,WSL010420
2025-06-03,buy,SAR,50000,4067.5,18.5,WSL010420
2025-06-03,sell,AED,750000,62640,-3.09,WSL010420
2025-06-03,sell,BDT,750000,2025,-83.595,WSL010420
2025-06-03,sell,CAD,40000,8992,65.405,WSL010420
2025-06-03,sell,EUR,250000,87675,114.575,WSL010420
2025-06-03,sell,GBP,75000,31230,116.898,WSL010420
2025-06-03,sell,INR,6000000,21600,-289.26,WSL010420
2025-06-03,sell,JOD,50000,21687.5,13.824,WSL010420
2025-06-03,sell,PHP,2000000,11380,-185.42,WSL010420
2025-06-03,sell,SAR,1000000,81760,40,WSL010420
2025-06-03,sell,THB,1000000,9500,-46.71,WSL010420
2025-06-03,sell,USD,1500000,460725,1050,WSL010420
2025-06-03,buy,AED,525000,43813.155,37.008,WSL010420
2025-06-03,buy,BHD,12000,9739.868,11.405,WSL010420
2025-06-03,buy,CNY,200000,8558.659,73.735,WSL010420
2025-06-03,buy,CNY,200000,8567.035,65.359,WSL010420
2025-06-03,buy,INR,3000000,10750.872,193.758,WSL010420
2025-06-03,buy,INR,4000000,14301.052,291.788,WSL010420
2025-06-03,buy,THB,7000000,66034.472,792.498,WSL010420
2025-06-03,sell,INR,3000000,10752.63,-192,WSL010420
2025-06-03,buy,EUR,100000,35067.48,-43.31,WSL010420
2025-06-03,buy,EUR,100000,35091.99,-67.82,WSL010420
2025-06-03,buy,PLN,55000,4598.09,-74.053,WSL010420
2025-06-02,sell,EUR,30000,10545,24.452,WSL010420
2025-06-02,buy,CAD,40000,8972,-18.062,WSL010420
2025-06-02,buy,EUR,100000,35050,43.026,WSL010420
2025-06-02,buy,GBP,70000,29120,-29.954,WSL010420
2025-06-02,sell,USD,50000,15350,17.5,WSL010420
2025-06-02,buy,AZN,100000,18242.115,686.897,WSL010420
2025-06-02,sell,EUR,30000,10497,-15.269,WSL010420
2025-06-02,sell,EUR,10000,3502.5,-1.59,WSL010420
2025-06-02,sell,GBP,3000,1248,1.928,WSL010420
2025-06-02,sell,SAR,500000,40840,7.775,WSL010420
2025-06-02,sell,EGP,200000,1370,-114.8,WSL010420
2025-06-02,sell,GEL,10000,1148,-22.42,WSL010420
2025-06-02,sell,SGD,10000,2387,2.845,WSL010420
2025-06-02,sell,USD,50000,15347.5,15,WSL010420
2025-06-02,sell,USD,30000,9210,10.5,WSL010420
2025-06-02,sell,USD,30000,9217.5,18,WSL010420
2025-06-02,sell,THB,1000000,9450,-58.53,WSL010420
2025-06-02,sell,USD,30000,9210,10.5,WSL010420
2025-06-02,sell,TRY,500000,3987.5,-283.39,WSL010420
2025-06-02,sell,AZN,5000,915,-31.451,WSL010420
2025-06-02,sell,BAM,5000,922,-7.242,WSL010420
2025-06-02,sell,EUR,8000,2804.8,3,WSL010420
2025-06-02,sell,GEL,5000,575,-10.21,WSL010420
2025-06-02,sell,BDT,100000,270,-11.33,WSL010420
2025-06-02,sell,EUR,5000,1753,1.875,WSL010420
2025-06-02,sell,THB,200000,1896,-5.706,WSL010420
2025-06-02,sell,TRY,300000,2394,-168.534,WSL010420
2025-06-02,sell,USD,50000,15360,27.5,WSL010420
2025-06-02,sell,AED,20000,1671.6,0.027,WSL010420
2025-06-02,sell,USD,50000,15345,12.5,WSL010420
2025-06-02,sell,USD,100000,30690,25,WSL010420
2025-06-02,sell,EUR,5000,1754,2.875,WSL010420
2025-06-02,sell,JOD,10000,4336,-1.564,WSL010420
2025-06-02,sell,USD,70000,21483,17.5,WSL010420
2025-06-02,sell,PLN,10000,852.5,29.698,WSL010420
2025-06-02,sell,USD,50000,15362.5,30,WSL010420
2025-06-02,buy,PLN,20000,1673.124,-31.045,WSL010420
2025-06-02,sell,USD,30000,9208.5,9,WSL010420
2025-06-02,sell,TRY,200000,1597,-111.356,WSL010420
2025-06-02,sell,USD,5000,1535,1.75,WSL010420
2025-06-02,sell,USD,30000,9210,10.5,WSL010420
2025-06-02,sell,TRY,100000,804,-50.178,WSL010420
2025-06-02,sell,EUR,8000,2802.4,-0.872,WSL010420
2025-06-02,sell,USD,10000,3070,3.5,WSL010420
2025-06-02,sell,USD,38110,11699.999,13.567,WSL010420
2025-06-02,sell,CZK,50000,735,32.19,WSL010420
2025-06-02,sell,EUR,20000,6992,-16.179,WSL010420
2025-06-02,sell,GBP,5000,2076,-1.86,WSL010420
2025-06-02,sell,JOD,14000,6069.7,-2.89,WSL010420
2025-06-02,buy,SAR,195000,15863.25,61.318,WSL010420
2025-06-02,buy,EUR,140000,48894.72,59.5,WSL010420
2025-06-02,sell,EGP,10000,68.5,-5.74,WSL010420
2025-06-02,sell,EGP,3000000,20557.53,-1714.47,WSL010420
2025-06-02,sell,GEL,100000,11497.937,-206.261,WSL010420
2025-06-02,buy,JOD,60000,26007,18.385,WSL010420
2025-06-01,sell,USD,100000,30700,25,WSL010420
2025-06-01,sell,AED,100000,8360,-0.589,WSL010420
2025-06-01,sell,CNY,100000,4295,-25.423,WSL010420
2025-06-01,sell,EUR,20000,6972,6.321,WSL010420
2025-06-01,sell,IDR,100000000,1920,-98,WSL010420
2025-06-01,sell,JOD,15000,6504,-4.468,WSL010420
2025-06-01,sell,MYR,100000,7300,-56.115,WSL010420
2025-06-01,sell,RUB,500000,1975,-70,WSL010420
2025-06-01,sell,TRY,500000,3988.5,-283.785,WSL010420
2025-06-01,buy,EGP,1000000,6800,626.42,WSL010420
2025-06-01,buy,EGP,2000000,13580,1272.84,WSL010420
2025-06-01,buy,RUB,1000000,3850,240,WSL010420
2025-06-01,buy,SAR,750000,61237.5,30.81,WSL010420
2025-06-01,sell,HUF,1000000,910,47.59,WSL010420
2025-06-01,sell,AED,30000,2508.3,0.123,WSL010420
2025-06-01,sell,EUR,5000,1743,1.58,WSL010420
2025-06-01,sell,GBP,10000,4140,7.464,WSL010420
2025-06-01,sell,JOD,10000,4336,-2.979,WSL010420
2025-06-01,sell,QAR,20000,1682,4.625,WSL010420
2025-06-01,sell,IQD,50000000,11300,64,WSL010420
2025-06-01,sell,THB,500000,4725,-30.815,WSL010420
2025-06-01,sell,EUR,10000,3487,4.16,WSL010420
2025-06-01,sell,MYR,15000,1096.5,-6.917,WSL010420
2025-06-01,sell,RUB,100000,395,-14,WSL010420
2025-06-01,sell,TRY,400000,3196,-221.828,WSL010420
2025-06-01,sell,USD,40000,12280,10,WSL010420
2025-06-01,sell,MYR,15000,1096.5,-6.917,WSL010420
2025-06-01,sell,AZN,10000,1832,-61.518,WSL010420
2025-06-01,sell,BHD,4000,3254,0.394,WSL010420
2025-06-01,sell,EUR,30000,10459.5,10.982,WSL010420
2025-06-01,sell,GBP,5000,2070,3.732,WSL010420
2025-06-01,sell,TRY,300000,2397,-166.371,WSL010420
2025-06-01,sell,USD,20000,6146,11,WSL010420
2025-06-01,sell,USD,50000,15350,12.5,WSL010420
2025-06-01,sell,MYR,20000,1460,-11.223,WSL010420
2025-06-01,sell,TRY,190000,1518.1,-105.368,WSL010420
2025-06-01,buy,KWD,73000,72952.428,47.572,WSL010420
2025-06-01,buy,TRY,10000000,79394.25,6051.45,WSL010420
2025-06-01,sell,USD,77198,23699.786,19.3,WSL010420
2025-06-01,sell,EUR,12000,4184.4,4.993,WSL010420
2025-06-01,sell,USD,13000,3991,3.25,WSL010420
2025-06-01,sell,AED,100000,8361,0.411,WSL010420
2025-06-01,sell,EUR,20000,6975,9.321,WSL010420
2025-06-01,sell,GBP,5000,2070.5,4.232,WSL010420
2025-06-01,sell,JOD,10000,4336.5,-2.479,WSL010420
2025-06-01,sell,RUB,300000,1185,-42,WSL010420
2025-06-01,sell,USD,10215,3136,2.549,WSL010420
2025-06-01,buy,SAR,320000,26064,77.146,WSL010420
2025-06-01,sell,EUR,25000,8718.75,11.651,WSL010420
2025-06-01,sell,GBP,5000,2070,3.732,WSL010420
2025-06-01,sell,BHD,1000,814.5,1.098,WSL010420
2025-06-01,sell,THB,100000,945,-6.163,WSL010420
2025-06-01,sell,BAM,5000,922.5,-7.045,WSL010420
2025-06-01,sell,EUR,140000,48790,30.247,WSL010420
2025-06-01,sell,USD,500000,153600,225,WSL010420
2025-06-01,sell,USD,200000,61440,90,WSL010420
2025-06-01,buy,CNY,150000,6434.266,46.368,WSL010420
2025-06-01,buy,EGP,2000000,13631.112,1221.728,WSL010420
2025-06-01,buy,EUR,100000,34841.12,-12.725,WSL010420
2025-06-01,buy,EUR,300000,104514.159,-28.974,WSL010420
2025-06-01,buy,GEL,150000,17134.074,427.948,WSL010420
2025-06-01,buy,KWD,51238,51187.93,50.07,WSL010420
2025-06-01,buy,USD,400000,122741.34,-41.34,WSL010420
2025-06-01,sell,JPY,1390000,2981.55,19.738,WSL010420
2025-06-01,buy,CAD,10000,2234.608,0.69,WSL010420
2025-06-01,buy,EUR,30000,10440.375,8.143,WSL010420
2025-06-01,buy,GBP,50000,20671.58,-8.9,WSL010420
2025-06-01,buy,INR,9000000,32171.329,694.781,WSL010420
2025-06-01,buy,LKR,2000000,2175.178,114.002,WSL010420
2025-06-01,buy,USD,900000,276140.412,-65.412,WSL010420
2025-06-01,buy,MYR,200000,14552.788,159.442,WSL010420
2025-06-01,buy,MYR,200000,14570.071,142.159,WSL010420
2025-06-01,buy,PHP,5000000,28215.27,726.58,WSL010420
2025-06-01,buy,THB,3000000,28293.357,241.533,WSL010420
2025-06-01,buy,THB,4000000,37608.828,437.692,WSL010420
2025-06-01,buy,EUR,100,32,2.828,WSL010420
2025-06-01,buy,SAR,200,16.2,0.138,WSL010420
2025-06-01,buy,EUR,180,57.6,5.091,WSL010420
2025-06-01,buy,USD,60,18.12,0.285,WSL010420
2025-06-01,buy,USD,200,60.4,0.95,WSL010420
2025-06-01,buy,USD,201,60.702,0.955,WSL010420
2025-06-01,buy,OMR,20,15.868,0.067,WSL010420
2025-06-01,buy,HUF,2000000,1796,-71.18,WSL010420
2025-05-31,sell,INR,600000,2172,-21.93,WSL010420
2025-05-31,sell,JOD,10000,4341.5,-3.137,WSL010420
2025-05-31,sell,THB,400000,3780,-29.612,WSL010420
2025-05-31,sell,CAD,5000,1120,0.893,WSL010420
2025-05-31,sell,JOD,10000,4342,-2.637,WSL010420
2025-05-31,sell,THB,100000,945,-7.403,WSL010420
2025-05-31,sell,USD,20000,6146,3,WSL010420
2025-05-31,sell,THB,400000,3780,-29.612,WSL010420
2025-05-31,sell,USD,40000,12292,6,WSL010420
2025-05-31,buy,IQD,50000000,11250,1,WSL010420
2025-05-31,buy,RUB,1000000,3850,245.33,WSL010420
2025-05-31,buy,SYP,10000000,350,11.4,WSL010420
2025-05-31,sell,JOD,5000,2171,-1.318,WSL010420
2025-05-31,sell,KRW,8000000,1784,7.6,WSL010420
2025-05-31,sell,THB,150000,1417.5,-11.104,WSL010420
2025-05-31,sell,USD,40000,12300,14,WSL010420
2025-05-31,sell,USD,100000,30730,15,WSL010420
2025-05-31,sell,CNY,10000,429,-3.606,WSL010420
2025-05-31,sell,INR,200000,726,-5.31,WSL010420
2025-05-31,sell,USD,100000,30720,5,WSL010420
2025-05-31,sell,BAM,10000,1845,-16.515,WSL010420
2025-05-31,sell,JOD,10000,4340,-4.637,WSL010420
2025-05-31,sell,USD,67393,20709.869,10.109,WSL010420
2025-05-31,buy,SAR,330000,26895,98.208,WSL010420
2025-05-31,sell,USD,20000,6146,3,WSL010420
2025-05-31,sell,CNY,31000,1333,-8.077,WSL010420
2025-05-31,sell,PLN,10000,842.5,21.616,WSL010420
2025-05-29,sell,CZK,5000,73.75,3.708,WSL010420
2025-05-29,sell,PLN,1000,84.5,2.167,WSL010420
2025-05-29,sell,PLN,20000,1683,36.569,WSL010420
2025-05-29,sell,BAM,10000,1844,-17.515,WSL010420
2025-05-29,sell,MYR,50000,3657.5,-25.354,WSL010420
2025-05-29,sell,HUF,1000000,900,43.67,WSL010420
2025-05-29,sell,THB,1000000,9480,-44.03,WSL010420
2025-05-29,sell,TRY,1000000,7988.296,-615.344,WSL010420
2025-05-29,sell,USD,100000,30700,-15,WSL010420
2025-05-29,buy,SAR,500000,40850,48.8,WSL010420
2025-05-29,sell,EUR,7000,2429,3.959,WSL010420
2025-05-29,sell,USD,20000,6147,4,WSL010420
2025-05-29,sell,USD,20000,6152,9,WSL010420
2025-05-29,sell,TRY,200000,1606,-114.728,WSL010420
2025-05-29,sell,USD,50000,15367.5,10,WSL010420
2025-05-29,sell,EUR,10000,3470,7.191,WSL010420
2025-05-29,sell,USD,40000,12294,8,WSL010420
2025-05-29,sell,EUR,30000,10401,12.573,WSL010420
2025-05-29,sell,MYR,100000,7320,-45.707,WSL010420
2025-05-29,sell,USD,100000,30730,15,WSL010420
2025-05-29,sell,THB,200000,1894,-10.806,WSL010420
2025-05-29,sell,USD,100000,30735,20,WSL010420
2025-05-29,buy,MAD,200000,6700,569.822,WSL010420
2025-05-29,buy,SAR,500000,40850,48.8,WSL010420
2025-05-29,sell,CNY,30000,1287,-10.817,WSL010420
2025-05-29,sell,THB,180000,1702.8,-11.525,WSL010420
2025-05-29,sell,USD,40000,12292,6,WSL010420
2025-05-29,sell,JOD,10000,4342.5,-2.137,WSL010420
2025-05-29,sell,QAR,30000,2520,0.656,WSL010420
2025-05-29,sell,THB,200000,1894,-10.806,WSL010420
2025-05-29,sell,EUR,20000,6987.65,60.189,WSL010420
2025-05-29,sell,USD,20000,6147,4,WSL010420
2025-05-29,sell,MAD,15000,506.001,-39.236,WSL010420
2025-05-29,sell,EUR,2000,697.6,4.854,WSL010420
2025-05-29,sell,CNY,69000,2967,-17.979,WSL010420
2025-05-29,sell,USD,58890,18099.842,11.778,WSL010420
2025-05-29,sell,EUR,5000,1733,2.056,WSL010420
2025-05-29,sell,TRY,200000,1606,-114.728,WSL010420
2025-05-29,sell,USD,20000,6147,4,WSL010420
2025-05-29,sell,AZN,10000,1835,-60.988,WSL010420
2025-05-29,sell,THB,300000,2844,-13.209,WSL010420
2025-05-29,sell,TRY,200000,1606,-114.728,WSL010420
2025-05-29,sell,USD,45900,14107.365,9.18,WSL010420
2025-05-29,buy,SAR,250000,20392.5,56.9,WSL010420
2025-05-29,sell,CHF,20000,7446,55.48,WSL010420
2025-05-29,sell,EUR,100000,34750,131.124,WSL010420
2025-05-29,sell,USD,500000,153800,225,WSL010420
2025-05-29,sell,USD,200000,61520,90,WSL010420
2025-05-29,sell,USD,40000,12294,8,WSL010420
2025-05-29,buy,EUR,100000,34573.318,45.558,WSL010420
2025-05-29,buy,EUR,100000,34769.862,-150.986,WSL010420
2025-05-29,buy,JOD,150000,65112.878,56.674,WSL010420
2025-05-29,buy,JPY,1000000,2149.055,-39.365,WSL010420
2025-05-29,buy,KWD,319922,319609.779,312.221,WSL010420
2025-05-29,buy,USD,200000,61450.71,-20.71,WSL010420
2025-05-29,buy,USD,800000,246048.52,-328.52,WSL010420
2025-05-29,buy,AED,1000000,83667.075,47.835,WSL010420
2025-05-29,buy,CAD,20000,4445.892,-11.473,WSL010420
2025-05-29,buy,CHF,20000,7444.848,-71.183,WSL010420
2025-05-29,buy,EGP,500000,3397.124,320.926,WSL010420
2025-05-29,buy,GBP,20000,8294.771,-41.651,WSL010420
2025-05-29,buy,GBP,30000,12419.124,-39.443,WSL010420
2025-05-29,buy,USD,50000,15355,2.5,WSL010420
2025-05-29,buy,USD,620000,190478.161,-45.161,WSL010420
2025-05-29,buy,AED,1000000,83644.287,70.623,WSL010420
2025-05-29,buy,BHD,25952,21112.21,24.714,WSL010420
2025-05-29,buy,INR,6000000,21500.584,438.716,WSL010420
2025-05-29,buy,KWD,4755,4759.65,-4.65,WSL010420
2025-05-29,buy,PHP,1000000,5655.617,140.303,WSL010420
2025-05-29,buy,THB,3000000,28356.417,215.673,WSL010420
2025-05-28,sell,BDT,300000,810,-34.677,WSL010420
2025-05-28,sell,EGP,100000,695,-48.005,WSL010420
2025-05-28,sell,INR,300000,1080,-7.014,WSL010420
2025-05-28,sell,TRY,150000,1201.5,-95.26,WSL010420
2025-05-28,sell,USD,20000,6143,5,WSL010420
2025-05-28,sell,EGP,100000,690,-53.005,WSL010420
2025-05-28,sell,THB,1000000,9480,-36.28,WSL010420
2025-05-28,sell,USD,50000,15355,10,WSL010420
2025-05-28,sell,JOD,6900,2993.91,-1.449,WSL010420
2025-05-28,sell,AED,666970,55798.71,8.824,WSL010420
2025-05-28,sell,EUR,20000,6956,-2.037,WSL010420
2025-05-28,sell,THB,1000000,9480,-36.28,WSL010420
2025-05-28,sell,TRY,300000,2400,-193.521,WSL010420
2025-05-28,sell,USD,50000,15355,10,WSL010420
2025-05-28,sell,AZN,10000,1834,-60.444,WSL010420
2025-05-28,sell,EUR,10000,3479,1.209,WSL010420
2025-05-28,sell,GBP,5000,2075,1.737,WSL010420
2025-05-28,sell,THB,400000,3792,-14.512,WSL010420
2025-05-28,sell,TRY,200000,1604,-125.014,WSL010420
2025-05-28,sell,USD,10000,3073.5,4.5,WSL010420
2025-05-28,sell,USD,20000,6135,-3,WSL010420
2025-05-28,sell,USD,40000,12286,10,WSL010420
2025-05-28,sell,JOD,15000,6507.75,-3.901,WSL010420
2025-05-28,sell,THB,500000,4740,-18.14,WSL010420
2025-05-28,sell,TRY,300000,2400,-193.521,WSL010420
2025-05-28,sell,MYR,50000,3645,-34.856,WSL010420
2025-05-28,sell,USD,50000,15355,10,WSL010420
2025-05-28,sell,EUR,30000,10486.5,53.128,WSL010420
2025-05-28,sell,PLN,20000,1668,29.233,WSL010420
2025-05-28,sell,TRY,500000,4000,-322.535,WSL010420
2025-05-28,sell,EGP,200000,1378,-108.01,WSL010420
2025-05-28,sell,USD,68696,21099.976,17.174,WSL010420
2025-05-28,sell,EUR,10000,3479,1.209,WSL010420
2025-05-28,sell,USD,10000,3071.5,2.5,WSL010420
2025-05-28,buy,SAR,770000,62755,177.893,WSL010420
2025-05-28,sell,JOD,3000,1301.4,-0.93,WSL010420
2025-05-28,sell,PHP,80000,454.4,-8.896,WSL010420
2025-05-28,sell,RUB,100000,389,5.375,WSL010420
2025-05-28,sell,TRY,100000,800,-64.507,WSL010420
2025-05-28,sell,MYR,100000,7290,-69.712,WSL010420
2025-05-28,buy,AED,500000,41825.665,-2.28,WSL010420
2025-05-28,buy,OMR,10,7.938,0.033,WSL010420
2025-05-28,buy,USD,200,60.8,0.58,WSL010420
2025-05-28,buy,USD,100,30.4,0.29,WSL010420
2025-05-28,buy,EUR,10,3.1,0.368,WSL010420
2025-05-28,buy,SAR,100,8.1,0.073,WSL010420
2025-05-28,buy,USD,150,45.6,0.435,WSL010420
2025-05-28,buy,SAR,50,4.05,0.037,WSL010420
2025-05-28,buy,USD,100,30.4,0.29,WSL010420
2025-05-28,buy,AED,200,16.622,0.107,WSL010420
2025-05-28,buy,EUR,100,31,3.683,WSL010420
2025-05-28,buy,SAR,100,8.1,0.073,WSL010420
2025-05-28,buy,USD,713,216.752,2.068,WSL010420
2025-05-27,sell,LKR,200000,228,-0.656,WSL010420
2025-05-27,sell,AZN,20000,3665,-117.716,WSL010420
2025-05-27,sell,PHP,100000,571,-7.177,WSL010420
2025-05-27,sell,THB,100000,948,-2.077,WSL010420
2025-05-27,sell,USD,10000,3067.5,3.5,WSL010420
2025-05-27,sell,USD,20000,6139,11,WSL010420
2025-05-27,sell,GBP,5000,2083.5,8.712,WSL010420
2025-05-27,sell,USD,60000,18402,18,WSL010420
2025-05-27,sell,THB,300000,2844,-6.231,WSL010420
2025-05-27,sell,GEL,20000,2288,-50.931,WSL010420
2025-05-27,sell,CNY,20000,858,-5.099,WSL010420
2025-05-27,sell,JOD,10000,4333,-1.028,WSL010420
2025-05-27,sell,TRY,400000,3200,-252.396,WSL010420
2025-05-27,sell,USD,20000,6132,4,WSL010420
2025-05-27,sell,GBP,100000,41685.7,202.204,WSL010420
2025-05-27,sell,AZN,10000,1831,-60.358,WSL010420
2025-05-27,sell,TRY,400000,3204,-248.396,WSL010420
2025-05-27,sell,USD,70000,21469,21,WSL010420
2025-05-27,sell,CNY,26800,1152.4,-4.152,WSL010420
2025-05-27,sell,EUR,20000,6990,35.333,WSL010420
2025-05-27,buy,SAR,100000,8140,19.787,WSL010420
2025-05-27,sell,USD,86188,26433.86,25.857,WSL010420
2025-05-27,sell,JOD,5000,2167,-0.014,WSL010420
2025-05-27,sell,EUR,10000,3474,-3.334,WSL010420
2025-05-27,sell,AED,50000,4176,0.476,WSL010420
2025-05-27,sell,AED,50000,4176,0.476,WSL010420
2025-05-27,sell,CNY,20000,860,-3.099,WSL010420
2025-05-27,sell,CZK,30000,441,22.135,WSL010420
2025-05-27,sell,EUR,10000,3490,12.666,WSL010420
2025-05-27,sell,JOD,5000,2167.5,0.486,WSL010420
2025-05-27,sell,EUR,850,297.5,1.953,WSL010420
2025-05-27,buy,AED,400000,33408,-3.804,WSL010420
2025-05-27,sell,USD,20000,6134,6,WSL010420
2025-05-27,sell,AED,500000,41725,-30.245,WSL010420
2025-05-27,sell,BDT,1000000,2675,-136.01,WSL010420
2025-05-27,sell,BHD,20000,16252,2.53,WSL010420
2025-05-27,sell,CAD,30000,6729,45.853,WSL010420
2025-05-27,sell,CHF,20000,7499,59.398,WSL010420
2025-05-27,sell,CNY,20000,855.5,-7.599,WSL010420
2025-05-27,sell,EGP,1000000,7000,-417.94,WSL010420
2025-05-27,sell,EUR,150000,52462.5,307.092,WSL010420
2025-05-27,sell,GBP,50000,20850,106.72,WSL010420
2025-05-27,sell,INR,7000000,25095,-227.29,WSL010420
2025-05-27,sell,JOD,50000,21682.5,12.36,WSL010420
2025-05-27,sell,PHP,1000000,5665,-116.77,WSL010420
2025-05-27,sell,SAR,500000,40845,46.065,WSL010420
2025-05-27,sell,USD,1000000,306795,395,WSL010420
2025-05-27,sell,TRY,200000,1600,-126.198,WSL010420
2025-05-27,sell,EUR,302000,105811.257,638.477,WSL010420
2025-05-27,sell,GEL,2000,229,-4.893,WSL010420
2025-05-27,buy,EUR,302000,105470.178,-177.105,WSL010420
2025-05-27,buy,LKR,1000000,1082.509,60.771,WSL010420
2025-05-27,buy,MYR,300000,21934.367,108.799,WSL010420
2025-05-27,buy,QAR,158351,13236.243,29.306,WSL010420
2025-05-27,buy,SAR,500000,40814.015,-15.08,WSL010420
2025-05-27,buy,THB,3000000,28365.741,136.569,WSL010420
2025-05-27,buy,THB,5000000,47232.5,271.35,WSL010420
2025-05-27,buy,THB,5000000,47349.305,154.545,WSL010420
2025-05-27,buy,AED,300000,25045.646,7.501,WSL010420
2025-05-27,buy,CAD,30000,6708.394,-18.438,WSL010420
2025-05-27,buy,CHF,20000,7484.73,-27.02,WSL010420
2025-05-27,buy,EUR,100000,34902.456,-37.2,WSL010420
2025-05-27,buy,EUR,100000,34963.726,-98.47,WSL010420
2025-05-27,buy,GBP,50000,20842.522,-73.198,WSL010420
2025-05-27,buy,GBP,100000,41657.473,-118.825,WSL010420
2025-05-27,buy,JOD,150000,64953.859,56.561,WSL010420
2025-05-27,buy,KWD,34477.25,34404.253,72.997,WSL010420
2025-05-27,buy,TRY,2000000,15906.022,1355.958,WSL010420
2025-05-27,buy,USD,100000,30635,5,WSL010420
2025-05-27,buy,USD,1000000,306533.81,-133.81,WSL010420
2025-05-27,buy,BHD,13000,10565.75,-3.595,WSL010420
2025-05-27,sell,AED,1000000,83544,33.51,WSL010420
2025-05-27,buy,USD,1300000,398853,-533,WSL010420
2025-05-27,buy,AED,1000000,83520,-9.51,WSL010420
2025-05-27,buy,HUF,1000000,883,-19.56,WSL010420
2025-05-26,sell,USD,9700,2975.96,3.88,WSL010420
2025-05-26,sell,LKR,50000,56.5,-0.664,WSL010420
2025-05-26,sell,NPR,100000,247,-8.323,WSL010420
2025-05-26,sell,PHP,25000,142.75,-1.794,WSL010420
2025-05-26,sell,THB,100000,949,-1.077,WSL010420
2025-05-26,buy,EUR,50000,17497.18,-56.892,WSL010420
2025-05-26,buy,EGP,1000000,6875,542.94,WSL010420
2025-05-26,buy,SAR,50000,4072,7.894,WSL010420
2025-05-26,sell,JOD,10000,4333,-1.028,WSL010420
2025-05-26,sell,THB,600000,5688,-12.462,WSL010420
2025-05-26,sell,USD,100000,30660,20,WSL010420
2025-05-26,sell,JOD,15000,6502.5,1.458,WSL010420
2025-05-26,sell,GBP,50000,20835,50.356,WSL010420
2025-05-26,sell,USD,100000,30670,30,WSL010420
2025-05-26,sell,EUR,30000,10500,34.908,WSL010420
2025-05-26,sell,JOD,15000,6501,-0.042,WSL010420
2025-05-26,sell,THB,1000000,9480,-20.77,WSL010420
2025-05-26,sell,TRY,500000,4005,-310.495,WSL010420
2025-05-26,sell,USD,50000,15335,15,WSL010420
2025-05-26,sell,AED,50000,4177,1.476,WSL010420
2025-05-26,sell,JOD,5000,2167,-0.014,WSL010420
2025-05-26,sell,USD,10000,3070,6,WSL010420
2025-05-26,sell,USD,30000,9201,9,WSL010420
2025-05-26,sell,USD,50000,15335,15,WSL010420
2025-05-26,sell,TRY,400000,3208,-244.396,WSL010420
2025-05-26,sell,USD,30000,9201,9,WSL010420
2025-05-26,buy,IQD,5000000,1110,-15.7,WSL010420
2025-05-26,buy,SYP,30000000,1035,46.5,WSL010420
2025-05-26,sell,EGP,20000,138,-10.359,WSL010420
2025-05-26,sell,QAR,40000,3356,5.077,WSL010420
2025-05-26,sell,JOD,10000,4333,-1.028,WSL010420
2025-05-26,sell,TRY,100000,801,-62.099,WSL010420
2025-05-26,sell,USD,20000,6134,6,WSL010420
2025-05-26,sell,RUB,315000,1222.2,15.75,WSL010420
2025-05-26,sell,THB,300000,2848.5,-1.731,WSL010420
2025-05-26,buy,RUB,500000,1935,-20,WSL010420
2025-05-26,sell,BHD,2000,1626,1.053,WSL010420
2025-05-26,sell,EUR,10000,3502.5,12.604,WSL010420
2025-05-26,sell,JOD,5000,2167.5,0.486,WSL010420
2025-05-26,sell,TRY,100000,802,-61.099,WSL010420
2025-05-26,sell,USD,20000,6134,6,WSL010420
2025-05-26,sell,USD,70753,21699.945,21.226,WSL010420
2025-05-26,buy,SGD,1593,374.355,5.811,WSL010420
2025-05-26,sell,BDT,200000,536,-26.202,WSL010420
2025-05-26,sell,EGP,50000,347.5,-23.397,WSL010420
2025-05-26,sell,SAR,500000,40845,46.065,WSL010420
2025-05-26,sell,THB,700000,6643,-7.539,WSL010420
2025-05-26,sell,JOD,40000,17340,3.888,WSL010420
2025-05-26,sell,USD,150000,46005,45,WSL010420
2025-05-26,sell,LKR,1000000,1090,-53.28,WSL010420
2025-05-26,sell,CZK,150000,2190,83.676,WSL010420
2025-05-26,sell,PLN,9700,802.675,6.191,WSL010420
2025-05-26,sell,JOD,10000,4335,0.972,WSL010420
2025-05-26,sell,THB,1000000,9490,-10.77,WSL010420
2025-05-26,sell,TRY,600000,4800,-378.594,WSL010420
2025-05-26,sell,GEL,10000,1147,-22.466,WSL010420
2025-05-26,buy,GBP,50000,20831.8,-36.432,WSL010420
2025-05-26,buy,INR,1000000,3575,42.47,WSL010420
2025-05-26,buy,CZK,200000,2878,-69.568,WSL010420
2025-05-26,buy,PLN,100000,8270,-45.601,WSL010420
2025-05-26,sell,TRY,1500000,11984.355,-962.13,WSL010420
2025-05-25,sell,JOD,6900,2991.15,-0.793,WSL010420
2025-05-25,sell,INR,200000,714,-9.848,WSL010420
2025-05-25,sell,THB,2000000,18960,-50.86,WSL010420
2025-05-25,sell,TRY,200000,1605,-122.042,WSL010420
2025-05-25,sell,EGP,70000,490,-29.511,WSL010420
2025-05-25,sell,INR,400000,1436,-11.696,WSL010420
2025-05-25,sell,THB,50000,474.5,-0.772,WSL010420
2025-05-25,sell,JOD,6900,2989.77,-2.173,WSL010420
2025-05-25,buy,SAR,150000,12217.5,28.173,WSL010420
2025-05-25,sell,THB,1000000,9480,-25.43,WSL010420
2025-05-25,sell,USD,50000,15335,7.5,WSL010420
2025-05-25,sell,GEL,20000,2295,-45.076,WSL010420
2025-05-25,sell,JPY,1000000,2160,9.53,WSL010420
2025-05-25,sell,TRY,1000000,7972.69,-662.52,WSL010420
2025-05-25,buy,AED,400000,33392.346,28.206,WSL010420
2025-05-25,buy,CNY,300000,12851.153,101.665,WSL010420
2025-05-25,buy,INR,5000000,17799.07,297.13,WSL010420
2025-05-25,buy,OMR,10000,7958.972,3.366,WSL010420
2025-05-25,buy,PHP,1000000,5649.77,134.83,WSL010420
2025-05-25,buy,SGD,20000,4759.317,14.118,WSL010420
2025-05-25,buy,THB,2000000,18919.754,91.106,WSL010420
2025-05-25,buy,THB,4000000,37572.784,448.936,WSL010420
2025-05-25,buy,VND,200000000,2352.26,9.74,WSL010420
2025-05-25,sell,EUR,100000,34900,82.051,WSL010420
2025-05-25,sell,USD,800000,245520,280,WSL010420
2025-05-25,sell,CZK,30000,438,17.416,WSL010420
2025-05-25,sell,PLN,10000,827,8.879,WSL010420
2025-05-25,sell,AED,490605,40999.86,9.135,WSL010420
2025-05-25,sell,TRY,200000,1605,-122.042,WSL010420
2025-05-25,sell,USD,20000,6138,7,WSL010420
2025-05-25,sell,AED,260000,21728.2,4.841,WSL010420
2025-05-25,sell,JOD,10000,4335,-1.15,WSL010420
2025-05-25,sell,USD,37188,11412.997,13.016,WSL010420
2025-05-25,buy,SAR,460000,37476.2,77.197,WSL010420
2025-05-25,sell,EGP,1000000,7125,-296.58,WSL010420
2025-05-25,sell,EUR,100000,34800,-17.949,WSL010420
2025-05-25,sell,INR,5000000,17825,-271.2,WSL010420
2025-05-25,sell,THB,1000000,9425,-80.43,WSL010420
2025-05-25,sell,TRY,1000000,8010,-625.21,WSL010420
2025-05-25,sell,USD,2000000,614400,1300,WSL010420
2025-05-25,buy,EUR,250000,87153.275,-108.403,WSL010420
2025-05-25,buy,AED,500000,41775,0.69,WSL010420
2025-05-25,buy,AZN,100000,18236.17,686.67,WSL010420
2025-05-24,sell,TRY,200000,1600,-128.45,WSL010420
2025-05-24,sell,AZN,10000,1831.5,-62.327,WSL010420
2025-05-24,sell,INR,300000,1077,-9.66,WSL010420
2025-05-24,sell,THB,100000,949,-2.318,WSL010420
2025-05-24,sell,USD,80000,24560,16,WSL010420
2025-05-24,sell,SAR,50000,4088.5,3.28,WSL010420
2025-05-24,sell,SAR,250000,20442.5,16.402,WSL010420
2025-05-24,sell,SAR,36000,2943.72,2.362,WSL010420
2025-05-24,sell,EUR,40000,13916.5,-22.038,WSL010420
2025-05-24,sell,EUR,50000,17395.56,-27.612,WSL010420
2025-05-24,sell,CZK,100000,1445,41.908,WSL010420
2025-05-24,sell,MYR,10000,722,-1.585,WSL010420
2025-05-24,sell,EUR,20000,6986,16.731,WSL010420
2025-05-24,sell,EUR,50000,17470,46.828,WSL010420
2025-05-24,sell,IDR,100000000,1910,-108,WSL010420
2025-05-24,sell,JOD,20000,8676,-3.372,WSL010420
2025-05-24,sell,THB,1000000,9450,-63.18,WSL010420
2025-05-24,sell,USD,50000,15365,25,WSL010420
2025-05-24,sell,JPY,500000,1083.5,7.385,WSL010420
2025-05-24,sell,THB,200000,1896,-6.636,WSL010420
2025-05-24,buy,EGP,1000000,6875,552.63,WSL010420
2025-05-24,sell,GBP,5000,2078.75,3.095,WSL010420
2025-05-24,sell,JOD,5000,2169,-0.843,WSL010420
2025-05-24,sell,MYR,30000,2175,4.245,WSL010420
2025-05-24,sell,USD,40000,12280,8,WSL010420
2025-05-24,sell,MYR,40000,2900,5.66,WSL010420
2025-05-24,sell,USD,50000,15347.5,7.5,WSL010420
2025-05-24,sell,INR,200000,716,-8.44,WSL010420
2025-05-24,sell,TRY,100000,801,-63.225,WSL010420
2025-05-24,sell,AZN,10000,1831.5,-62.327,WSL010420
2025-05-24,sell,EUR,20000,6986,16.731,WSL010420
2025-05-24,sell,GBP,5000,2078.75,3.095,WSL010420
2025-05-24,sell,THB,300000,2847,-6.954,WSL010420
2025-05-24,sell,TRY,300000,2406,-186.675,WSL010420
2025-05-24,sell,USD,106645,32750.68,31.994,WSL010420
2025-05-24,buy,SAR,600000,48900,122.634,WSL010420
2025-05-24,buy,AED,400000,33433.242,14.562,WSL010420
2025-05-24,buy,EGP,2000000,13633.334,1221.926,WSL010420
2025-05-24,buy,JOD,250000,108344.1,148.05,WSL010420
2025-05-24,buy,KWD,55000,54964.164,35.836,WSL010420
2025-05-24,buy,TRY,2000000,15943.348,1341.152,WSL010420
2025-05-24,buy,TRY,2000000,15955.786,1328.714,WSL010420
2025-05-24,buy,TRY,2000000,15964.09,1320.41,WSL010420
2025-05-24,buy,TRY,3000000,23939.907,1986.843,WSL010420
2025-05-24,buy,AED,100000,8360.589,1.362,WSL010420
2025-05-24,buy,AED,400000,33442.355,5.449,WSL010420
2025-05-24,buy,EUR,50000,17346.713,76.459,WSL010420
2025-05-24,buy,EUR,100000,34754.775,91.569,WSL010420
2025-05-24,buy,EUR,100000,34776.248,70.096,WSL010420
2025-05-24,buy,USD,1000000,306934.05,-134.05,WSL010420
2025-05-22,buy,EGP,1000000,6800,627.63,WSL010420
2025-05-22,buy,MAD,100000,3350,280.769,WSL010420
2025-05-22,sell,GBP,50000,20650,86.73,WSL010420
2025-05-22,sell,MYR,4919,355.398,-0.533,WSL010420
2025-05-22,sell,SAR,240000,19627.2,18.146,WSL010420
2025-05-22,sell,TRY,150000,1203.75,-92.588,WSL010420
2025-05-22,sell,OMR,3000,2391,0.351,WSL010420
2025-05-22,sell,TRY,300000,2403,-189.675,WSL010420
2025-05-22,sell,TRY,300000,2406,-186.675,WSL010420
2025-05-22,sell,EUR,25000,8719.37,49.202,WSL010420
2025-05-22,sell,THB,200000,1888,-14.636,WSL010420
2025-05-22,sell,USD,10000,3076,8,WSL010420
2025-05-22,sell,USD,20000,6142,6,WSL010420
2025-05-22,sell,USD,30000,9228,24,WSL010420
2025-05-22,sell,AZN,10000,1832,-61.827,WSL010420
2025-05-22,sell,EUR,10000,3482.5,14.433,WSL010420
2025-05-22,sell,THB,200000,1888,-14.636,WSL010420
2025-05-22,sell,TRY,300000,2407.5,-185.175,WSL010420
2025-05-22,sell,THB,2000000,18860,-166.36,WSL010420
2025-05-22,sell,TRY,100000,801,-63.225,WSL010420
2025-05-22,sell,JOD,5000,2169,-0.843,WSL010420
2025-05-22,sell,TRY,100000,801,-63.225,WSL010420
2025-05-22,sell,USD,50000,15352.5,12.5,WSL010420
2025-05-22,sell,MYR,40000,2888,-6.34,WSL010420
2025-05-22,sell,USD,50000,15355,15,WSL010420
2025-05-22,sell,TRY,150000,1201.5,-94.838,WSL010420
2025-05-22,sell,USD,70000,21493.5,17.5,WSL010420
2025-05-22,sell,EUR,10000,3485,9.263,WSL010420
2025-05-22,sell,THB,200000,1888,-14.636,WSL010420
2025-05-22,sell,USD,21181,6505.744,7.413,WSL010420
2025-05-22,buy,SAR,145750,11878.625,29.79,WSL010420
2025-05-22,sell,USD,31255,9599.973,10.939,WSL010420
2025-05-22,sell,JPY,1000000,2126,-16.61,WSL010420
2025-05-22,sell,EUR,10000,3480,6.717,WSL010420
2025-05-22,sell,JOD,10000,4340,0.314,WSL010420
2025-05-22,sell,USD,50000,15355,15,WSL010420
2025-05-22,sell,USD,100000,30730,50,WSL010420
2025-05-22,sell,JOD,10000,4336.5,-3.186,WSL010420
2025-05-22,sell,USD,300000,92220,180,WSL010420
2025-05-22,sell,MAD,59500,2008,-152.308,WSL010420
2025-05-22,sell,JOD,30000,13014.459,-4.599,WSL010420
2025-05-22,sell,EUR,100000,34846.344,67.496,WSL010420
2025-05-22,sell,EUR,271500,94832.724,408.152,WSL010420
2025-05-22,buy,EUR,100000,34788.518,-9.67,WSL010420
2025-05-22,buy,EUR,171500,59735.958,-90.234,WSL010420
2025-05-22,buy,AZN,50000,9129.464,339.672,WSL010420
2025-05-22,buy,BAM,100000,18204.748,389.191,WSL010420
2025-05-22,buy,EUR,50000,17417.265,-27.841,WSL010420
2025-05-22,buy,EUR,100000,34840.665,-61.817,WSL010420
2025-05-22,buy,GBP,50000,20604.398,-8.914,WSL010420
2025-05-22,buy,GEL,50000,5701.673,153.289,WSL010420
2025-05-22,buy,KWD,7329.75,7323.781,5.969,WSL010420
2025-05-22,buy,THB,3000000,28228.527,311.013,WSL010420
2025-05-22,buy,USD,700000,214853.835,-93.835,WSL010420
2025-05-22,buy,USD,500000,153620.4,-220.4,WSL010420
2025-05-21,buy,EGP,500000,3350,363.815,WSL010420
2025-05-21,sell,BAM,100000,18350,88.095,WSL010420
2025-05-21,sell,EUR,30000,10455,15.823,WSL010420
2025-05-21,sell,CNY,100000,4295,-7.945,WSL010420
2025-05-21,sell,GBP,10000,4124,3.983,WSL010420
2025-05-21,sell,USD,50000,15365,25,WSL010420
2025-05-21,sell,SAR,400000,32712,30.244,WSL010420
2025-05-21,buy,THB,1000000,9330,110.24,WSL010420
2025-05-21,sell,BAM,50000,9175,44.048,WSL010420
2025-05-21,sell,USD,88000,27024.8,26.4,WSL010420
2025-05-21,sell,THB,1000000,9340,-100.24,WSL010420
2025-05-21,sell,TRY,500000,4000,-357.955,WSL010420
2025-05-21,sell,USD,70000,21497,21,WSL010420
2025-05-21,sell,AED,50000,4182.5,1.524,WSL010420
2025-05-21,sell,JOD,10000,4339,-0.686,WSL010420
2025-05-21,sell,TRY,800000,6400,-572.728,WSL010420
2025-05-21,sell,USD,80000,24568,24,WSL010420
2025-05-21,sell,AED,50000,4182.5,1.524,WSL010420
2025-05-21,sell,JOD,10000,4339,-0.686,WSL010420
2025-05-21,sell,USD,50000,15355,15,WSL010420
2025-05-21,sell,AED,30000,2508.6,0.015,WSL010420
2025-05-21,sell,BHD,2000,1626,-1.068,WSL010420
2025-05-21,sell,EUR,5000,1742,4.898,WSL010420
2025-05-21,sell,PLN,10000,827,7.315,WSL010420
2025-05-21,sell,JOD,5000,2169,-0.843,WSL010420
2025-05-21,sell,THB,200000,1886,-2.048,WSL010420
2025-05-21,sell,USD,20000,6144,8,WSL010420
2025-05-21,sell,AED,20000,1672.4,0.01,WSL010420
2025-05-21,sell,USD,70000,21511,35,WSL010420
2025-05-21,sell,USD,10000,3071,3,WSL010420
2025-05-21,sell,THB,100000,943,-1.024,WSL010420
2025-05-21,sell,USD,30000,9220.5,16.5,WSL010420
2025-05-21,sell,EUR,30000,10382.1,-42.35,WSL010420
2025-05-21,sell,JOD,20000,8673,-6.372,WSL010420
2025-05-21,sell,TRY,1000000,8010,-705.91,WSL010420
2025-05-21,sell,USD,200000,61460,100,WSL010420
2025-05-21,sell,CNY,20000,858,-2.589,WSL010420
2025-05-21,sell,GEL,10000,1149,-21.992,WSL010420
2025-05-21,sell,JOD,10000,4339,-0.686,WSL010420
2025-05-21,sell,TRY,200000,1604,-139.182,WSL010420
2025-05-21,sell,USD,32498,9980.136,9.75,WSL010420
2025-05-21,buy,SAR,220000,17930,44.966,WSL010420
2025-05-21,sell,USD,29306,8999.873,8.792,WSL010420
2025-05-20,sell,EGP,10000,69,-5.361,WSL030330
2025-05-20,sell,PHP,10000,57.3,-0.659,WSL030330
2025-05-20,sell,USD,40000,12294,8,WSL030330
2025-05-20,sell,CNY,60000,2577,-7.712,WSL030330
2025-05-20,buy,RUB,500000,1915,4.69,WSL030330
2025-05-20,sell,SAR,450000,36832.5,23.58,WSL030330
2025-05-20,sell,AED,20000,1674,-0.298,WSL030330
2025-05-20,sell,EUR,5000,1732,2.438,WSL030330
2025-05-20,sell,JOD,8000,3472.8,-2.909,WSL030330
2025-05-20,sell,PHP,100000,571,-8.592,WSL030330
2025-05-20,sell,THB,200000,1866,-24.202,WSL030330
2025-05-20,sell,TRY,400000,3206,-284.34,WSL030330
2025-05-20,sell,USD,20000,6146,3,WSL030330
2025-05-20,sell,THB,1000000,9330,-121.01,WSL030330
2025-05-20,sell,INR,250000,887.5,-19.082,WSL030330
2025-05-20,sell,PLN,10000,822.5,9.332,WSL030330
2025-05-20,sell,TRY,500000,4010,-352.925,WSL030330
2025-05-20,sell,USD,30000,9220.5,6,WSL030330
2025-05-20,sell,USD,50000,15380,22.5,WSL030330
2025-05-20,sell,AED,30000,2511.999,0.552,WSL030330
2025-05-20,sell,EUR,5000,1732,2.438,WSL030330
2025-05-20,sell,JOD,5000,2171.5,-0.818,WSL030330
2025-05-20,sell,TRY,60000,481.5,-42.051,WSL030330
2025-05-20,sell,USD,32000,9836.8,8,WSL030330
2025-05-20,sell,JOD,10000,4342,-2.637,WSL030330
2025-05-20,sell,TRY,200000,1603,-142.17,WSL030330
2025-05-20,sell,USD,20000,6160,17,WSL030330
2025-05-20,sell,USD,70000,21511,10.5,WSL030330
2025-05-20,sell,EUR,8600,2981.62,4.925,WSL030330
2025-05-20,buy,SAR,860000,70193.2,152.736,WSL030330
2025-05-20,sell,AED,572070,47905.142,14.353,WSL030330
2025-05-20,sell,RUB,200000,770,2.124,WSL030330
2025-05-20,sell,USD,70000,21518,17.5,WSL030330
2025-05-20,sell,RUB,100000,385,1.062,WSL030330
2025-05-20,sell,TRY,200000,1605,-140.17,WSL030330
2025-05-20,buy,USD,100,30.41,0.305,WSL030330
2025-05-20,buy,USD,100,30.4,0.315,WSL030330
2025-05-20,buy,QAR,210,17.619,0.016,WSL030330
2025-05-20,buy,USD,200,60.8,0.63,WSL030330
2025-05-20,buy,EUR,200,62,7.158,WSL030330
2025-05-20,buy,USD,50,15.2,0.158,WSL030330
2025-05-20,buy,INR,5000000,17774.884,356.766,WSL030330
2025-05-20,sell,AED,500000,41850,-7.455,WSL030330
2025-05-20,sell,BDT,1500000,4020,-206.835,WSL030330
2025-05-20,sell,CAD,30000,6622.5,16.65,WSL030330
2025-05-20,sell,EGP,1000000,6550,-886.1,WSL030330
2025-05-20,sell,EUR,150000,51780,-88.42,WSL030330
2025-05-20,sell,INR,10000000,35650,-613.3,WSL030330
2025-05-20,sell,JOD,50000,21725,1.816,WSL030330
2025-05-20,sell,PHP,1000000,5680,-115.92,WSL030330
2025-05-20,sell,THB,1500000,13987.5,-189.015,WSL030330
2025-05-20,sell,TRY,1000000,8025,-700.85,WSL030330
2025-05-20,sell,USD,2000000,615500,1200,WSL030330
2025-05-20,buy,CHF,20000,7391.095,-16.545,WSL030330
2025-05-20,buy,EUR,100000,34502.685,76.262,WSL030330
2025-05-20,buy,JOD,100000,43387.088,59.28,WSL030330
2025-05-20,buy,KWD,54000,53929.756,70.244,WSL030330
2025-05-20,buy,TRY,6000000,47797.668,4557.432,WSL030330
2025-05-20,buy,USD,400000,122993.548,-133.548,WSL030330
2025-05-20,buy,CNY,500000,21445.53,93.74,WSL030330
2025-05-20,buy,INR,2000000,7076.032,176.628,WSL030330
2025-05-20,buy,INR,3000000,10607.94,271.05,WSL030330
2025-05-20,buy,PHP,3000000,17013.849,373.911,WSL030330
2025-05-20,buy,THB,7000000,65004.52,1152.55,WSL030330
2025-05-20,buy,BAM,200000,36023.46,542.016,WSL030330
2025-05-20,buy,EUR,50000,17326.582,-37.108,WSL030330
2025-05-20,buy,IDR,100000000,1895.7,125.3,WSL030330
2025-05-20,buy,INR,3000000,10650.867,228.123,WSL030330
2025-05-20,buy,KWD,5242,5236.033,5.967,WSL030330
2025-05-20,buy,THB,4000000,37224.244,579.796,WSL030330
2025-05-20,buy,USD,500000,153626.775,-51.775,WSL030330
2025-05-19,sell,EGP,10000,57,-17.409,WSL030330
2025-05-19,sell,INR,200000,714,-11.738,WSL030330
2025-05-19,buy,BDT,1000000,2610,209.72,WSL030330
2025-05-19,buy,EGP,1500000,9825,1336.41,WSL030330
2025-05-19,buy,INR,3000000,10650,236.07,WSL030330
2025-05-19,sell,AZN,20000,3660,-134.444,WSL030330
2025-05-19,sell,BAM,20000,3660,1.071,WSL030330
2025-05-19,sell,USD,20000,6149,2,WSL030330
2025-05-19,sell,AED,100000,8377,0.058,WSL030330
2025-05-19,sell,IQD,1000000,219,-0.54,WSL030330
2025-05-19,sell,PHP,100000,571,-8.969,WSL030330
2025-05-19,sell,THB,1000000,9320,-137.16,WSL030330
2025-05-19,sell,USD,50000,15377.5,10,WSL030330
2025-05-19,sell,USD,50000,15377.5,10,WSL030330
2025-05-19,sell,THB,1000000,9330,-127.16,WSL030330
2025-05-19,buy,IDR,80000000,1534.4,83.2,WSL030330
2025-05-19,sell,BAM,16000,2948,20.857,WSL030330
2025-05-19,buy,QAR,110000,9218,25.609,WSL030330
2025-05-19,sell,RUB,200000,766,-2.376,WSL030330
2025-05-19,sell,USD,20000,6151,4,WSL030330
2025-05-19,buy,BAM,20000,3636.686,22.243,WSL030330
2025-05-19,sell,BAM,10000,1820,-9.464,WSL030330
2025-05-19,sell,BAM,6000,1092,-5.679,WSL030330
2025-05-19,buy,BHD,14000,11382,27.896,WSL030330
2025-05-19,sell,BAM,12500,2275,-11.83,WSL030330
2025-05-19,sell,TRY,250000,2007.5,-175.382,WSL030330
2025-05-19,sell,USD,9000,2767.95,1.8,WSL030330
2025-05-19,sell,BAM,10000,1820,-9.464,WSL030330
2025-05-19,buy,EUR,100000,34490,-63.726,WSL030330
2025-05-19,sell,SAR,250000,20541.444,78.726,WSL030330
2025-05-19,sell,SAR,1500000,122920,143.695,WSL030330
2025-05-19,buy,EUR,50000,17181.143,8.943,WSL030330
2025-05-19,buy,EUR,50000,17208.8,-18.714,WSL030330
2025-05-18,sell,USD,60000,18456,9,WSL030330
2025-05-18,buy,SAR,480000,39240,61.2,WSL030330
2025-05-18,sell,INR,200000,710,-15.974,WSL030330
2025-05-18,sell,TRY,200000,1606,-140.876,WSL030330
2025-05-18,sell,EUR,30000,10320,35.798,WSL030330
2025-05-18,sell,AZN,10000,1833,-64.84,WSL030330
2025-05-18,sell,BAM,10000,1827.5,-2.56,WSL030330
2025-05-18,sell,EUR,10000,3440,11.932,WSL030330
2025-05-18,sell,EUR,30000,10320,35.798,WSL030330
2025-05-18,sell,GEL,10000,1148,-25.473,WSL030330
2025-05-18,sell,IQD,10000000,2180,-16.1,WSL030330
2025-05-18,sell,JOD,5000,2167.5,-6.94,WSL030330
2025-05-18,sell,JOD,15000,6517.5,-5.82,WSL030330
2025-05-18,sell,THB,100000,933,-13.024,WSL030330
2025-05-18,sell,THB,400000,3730,-54.096,WSL030330
2025-05-18,sell,TRY,60000,482.4,-41.663,WSL030330
2025-05-18,sell,USD,20000,6152,3,WSL030330
2025-05-18,sell,USD,20000,6152,3,WSL030330
2025-05-18,sell,BAM,10000,1820,-10.06,WSL030330
2025-05-18,sell,JOD,3000,1302,-2.664,WSL030330
2025-05-18,sell,MYR,10000,720,-5.118,WSL030330
2025-05-18,sell,THB,100000,932,-14.024,WSL030330
2025-05-18,sell,EUR,10000,3440,11.932,WSL030330
2025-05-18,sell,INR,500000,1780,-34.935,WSL030330
2025-05-18,sell,JOD,2000,869,-0.776,WSL030330
2025-05-18,sell,USD,30000,9228,4.5,WSL030330
2025-05-18,buy,USD,1500,457.5,3.675,WSL030330
2025-05-18,buy,RUB,500000,1900,21.56,WSL030330
2025-05-18,sell,BHD,1500,1222.5,-0.387,WSL030330
2025-05-18,sell,CHF,5000,1841.25,9.446,WSL030330
2025-05-18,sell,EUR,10000,3438.5,10.432,WSL030330
2025-05-18,sell,GBP,5000,2046.25,5.089,WSL030330
2025-05-18,sell,CNY,20000,861,-1.412,WSL030330
2025-05-18,sell,EUR,30000,10320,35.798,WSL030330
2025-05-18,sell,USD,20062,6170,1.938,WSL030330
2025-05-18,sell,CNY,30000,1291.5,-2.119,WSL030330
2025-05-18,sell,USD,150000,46132.5,15,WSL030330
2025-05-18,sell,AED,163505,13700.084,-1.073,WSL030330
2025-05-18,sell,AED,328500,27525.015,-2.155,WSL030330
2025-05-18,sell,AZN,5000,916.5,-32.42,WSL030330
2025-05-18,sell,BAM,10000,1827,-3.06,WSL030330
2025-05-18,sell,CNY,30000,1291.5,-2.119,WSL030330
2025-05-18,sell,JOD,5000,2172.5,-1.94,WSL030330
2025-05-18,sell,PHP,100000,569,-11.158,WSL030330
2025-05-18,buy,SAR,420000,34301.4,87.15,WSL030330
2025-05-18,sell,EUR,50000,17200,59.662,WSL030330
2025-05-18,sell,USD,100000,30755,10,WSL030330
2025-05-18,sell,CHF,50000,18500,181.959,WSL030330
2025-05-18,buy,CHF,50000,18437.5,-119.459,WSL030330
2025-05-18,sell,USD,100000,30750,5,WSL030330
2025-05-18,sell,EUR,30000,10312.5,28.298,WSL030330
2025-05-18,sell,USD,100000,30776,31,WSL030330
2025-05-18,sell,EUR,100000,34375,94.325,WSL030330
2025-05-18,sell,USD,900000,276984,279,WSL030330
2025-05-18,sell,PKR,200000,234,-2.49,WSL030330
2025-05-18,buy,BAM,50000,9014.663,135.635,WSL030330
2025-05-18,buy,CHF,10000,3681.437,-17.829,WSL030330
2025-05-18,buy,EUR,200000,68746.936,-185.586,WSL030330
2025-05-18,buy,GBP,50000,20460.544,-48.938,WSL030330
2025-05-18,buy,IDR,200000000,3818.6,227.4,WSL030330
2025-05-18,buy,IQD,11153000,2389.151,60.159,WSL030330
2025-05-18,buy,JOD,150000,65176.485,56.718,WSL030330
2025-05-18,buy,KRW,30000000,6587.13,5.07,WSL030330
2025-05-18,buy,KWD,121717.5,121638.36,79.14,WSL030330
2025-05-18,buy,PKR,300000,348,6.735,WSL030330
2025-05-18,buy,EUR,100000,34390,-109.325,WSL030330
2025-05-17,buy,MAD,200000,6670,606.924,WSL030330
2025-05-17,buy,SAR,1600000,130800,204,WSL030330
2025-05-17,buy,USD,76500,23332.5,187.425,WSL030330
2025-05-17,sell,CNY,200000,8600,-24.124,WSL030330
2025-05-17,sell,EGP,3000000,19458,-2872.08,WSL030330
2025-05-17,sell,BHD,2000,1631,0.485,WSL030330
2025-05-17,sell,THB,200000,1865,-27.048,WSL030330
2025-05-17,sell,USD,30000,9228,4.5,WSL030330
2025-05-17,sell,USD,60000,18450,3,WSL030330
2025-05-17,sell,JOD,4000,1736.4,-3.152,WSL030330
2025-05-17,sell,TRY,200000,1607,-139.876,WSL030330
2025-05-17,sell,JPY,1000000,2122,15.6,WSL030330
2025-05-17,sell,AED,300000,25134,-5.001,WSL030330
2025-05-17,sell,GBP,15000,6135,11.518,WSL030330
2025-05-17,sell,USD,30000,9226.5,3,WSL030330
2025-05-17,sell,USD,50000,15395,22.5,WSL030330
2025-05-17,buy,AED,400000,33516,2.668,WSL030330
2025-05-17,sell,JOD,5000,2171,-3.44,WSL030330
2025-05-17,buy,EGP,1000000,6464.77,978.59,WSL030330
2025-05-17,buy,EGP,1000000,6512.711,930.649,WSL030330
2025-05-17,buy,EGP,3000000,19373.949,2956.131,WSL030330
2025-05-17,sell,AED,392550,32891.765,-2.618,WSL030330
2025-05-17,sell,THB,300000,2797.5,-40.572,WSL030330
2025-05-17,sell,USD,30000,9229.5,6,WSL030330
2025-05-17,buy,SAR,550000,44918.5,114.125,WSL030330
2025-05-17,sell,AED,30000,2511.72,-2.18,WSL030330
2025-05-17,sell,INR,125000,445.625,-8.109,WSL030330
2025-05-17,sell,USD,40000,12306,8,WSL030330
2025-05-17,buy,AED,2000000,167451.994,141.346,WSL030330
2025-05-17,buy,INR,7000000,24733.328,675.762,WSL030330
2025-05-17,buy,KWD,25360,25331.158,28.842,WSL030330
2025-05-17,buy,PHP,1500000,8523.102,179.268,WSL030330
2025-05-17,sell,CHF,80000,30080,771.134,WSL030330
2025-05-15,sell,EGP,5000,32.75,-4.467,WSL030330
2025-05-15,sell,CNY,40000,1720,-4.825,WSL030330
2025-05-15,sell,THB,200000,1866,-26.048,WSL030330
2025-05-15,sell,TRY,50000,402.5,-34.219,WSL030330
2025-05-15,sell,TRY,400000,3218,-275.752,WSL030330
2025-05-15,sell,USD,30000,9231,7.5,WSL030330
2025-05-15,sell,USD,50000,15385,12.5,WSL030330
2025-05-15,sell,USD,100000,30765,20,WSL030330
2025-05-15,sell,BAM,10000,1820,-10.06,WSL030330
2025-05-15,sell,EUR,30000,10360.75,20.284,WSL030330
2025-05-15,sell,SGD,4000,949.6,2.58,WSL030330
2025-05-15,sell,AED,20000,1674.6,-1.333,WSL030330
2025-05-15,sell,AZN,4000,732,-27.136,WSL030330
2025-05-15,sell,EUR,5000,1726.5,2.935,WSL030330
2025-05-15,sell,GEL,4000,459.2,-10.189,WSL030330
2025-05-15,sell,INR,200000,712,-13.974,WSL030330
2025-05-15,sell,JOD,5000,2172.5,-1.94,WSL030330
2025-05-15,sell,THB,100000,932,-14.024,WSL030330
2025-05-15,sell,USD,100000,30750,5,WSL030330
2025-05-15,sell,USD,20000,6152,3,WSL030330
2025-05-15,buy,USD,700000,215250,-35,WSL030330
2025-05-15,sell,USD,50000,15392.5,20,WSL030330
2025-05-15,sell,EUR,70000,24164,40.551,WSL030330
2025-05-15,sell,GBP,20000,8206,30.29,WSL030330
2025-05-15,sell,USD,300000,92355,120,WSL030330
2025-05-15,sell,THB,300000,2799,-39.072,WSL030330
2025-05-15,buy,SAR,1090000,89020.3,226.175,WSL030330
2025-05-15,sell,AED,800000,67024,-13.336,WSL030330
2025-05-15,sell,USD,71486,21996.242,17.871,WSL030330
2025-05-15,buy,CHF,20000,7409.908,-80.071,WSL030330
2025-05-15,buy,USD,400000,123132.144,-152.144,WSL030330
2025-05-15,buy,CHF,40000,14744,-84.327,WSL030330
2025-05-15,sell,INR,5000000,17800,-349.35,WSL030330
2025-05-15,sell,USD,300000,92355,120,WSL030330
2025-05-15,buy,AED,600000,50249.285,28.717,WSL030330
2025-05-15,buy,EUR,100000,34521.02,-58.95,WSL030330
2025-05-15,buy,GBP,30000,12306.759,-43.193,WSL030330
2025-05-15,buy,SAR,500000,40964.819,-26.069,WSL030330
2025-05-15,buy,USD,800000,246030.664,-70.664,WSL030330
2025-05-15,buy,BDT,4000000,10464.68,817.88,WSL030330
2025-05-15,buy,KWD,65780,65630.548,149.452,WSL030330
2025-05-15,buy,NPR,3000000,6960,725.94,WSL030330
2025-05-14,sell,INR,200000,714,-11.974,WSL030330
2025-05-14,sell,THB,100000,933,-13.024,WSL030330
2025-05-14,sell,TRY,20000,161,-13.688,WSL030330
2025-05-14,sell,USD,30000,9225,1.5,WSL030330
2025-05-14,buy,BHD,20000,16260,45.155,WSL030330
2025-05-14,sell,SAR,200000,16380,4.5,WSL030330
2025-05-14,sell,USD,9000,2766.6,-0.45,WSL030330
2025-05-14,sell,JOD,10000,4346,-2.88,WSL030330
2025-05-14,sell,THB,1000000,9316.65,-143.59,WSL030330
2025-05-14,sell,USD,30000,9238.5,15,WSL030330
2025-05-14,sell,EUR,5000,1725,-5.021,WSL030330
2025-05-14,sell,EUR,5000,1725,-5.021,WSL030330
2025-05-14,sell,EUR,10000,3450,-10.042,WSL030330
2025-05-14,sell,EUR,40000,13894.48,54.311,WSL030330
2025-05-14,sell,GBP,5000,2049.5,-3.959,WSL030330
2025-05-14,sell,GEL,10000,1148,-25.473,WSL030330
2025-05-14,sell,JOD,5000,2173.5,-0.94,WSL030330
2025-05-14,sell,THB,200000,1868,-24.048,WSL030330
2025-05-14,sell,THB,300000,2802,-36.072,WSL030330
2025-05-14,sell,TRY,100000,804,-69.438,WSL030330
2025-05-14,sell,USD,10000,3079,4.5,WSL030330
2025-05-14,sell,USD,20000,6150,1,WSL030330
2025-05-14,sell,USD,30000,9225,1.5,WSL030330
2025-05-14,sell,USD,40000,12300,2,WSL030330
2025-05-14,sell,USD,40000,12300,2,WSL030330
2025-05-14,sell,USD,40000,12300,2,WSL030330
2025-05-14,sell,USD,40293,12390,1.917,WSL030330
2025-05-14,sell,TRY,100000,804,-69.438,WSL030330
2025-05-14,sell,AED,40000,3351.2,-0.667,WSL030330
2025-05-14,sell,AZN,10000,1831.5,-66.34,WSL030330
2025-05-14,sell,GBP,5000,2050,-1.614,WSL030330
2025-05-14,sell,JOD,5000,2173.5,-0.94,WSL030330
2025-05-14,sell,QAR,30000,2524.5,2.696,WSL030330
2025-05-14,sell,THB,100000,934,-12.024,WSL030330
2025-05-14,sell,USD,30000,9228,4.5,WSL030330
2025-05-14,buy,AED,228095,19080.147,33.454,WSL030330
2025-05-14,buy,BHD,1261,1025.193,2.847,WSL030330
2025-05-14,buy,CHF,10980,4002.21,19.473,WSL030330
2025-05-14,buy,SAR,393715,32146.83,89.57,WSL030330
2025-05-14,sell,CZK,100000,1440,59.505,WSL030330
2025-05-14,sell,THB,1000000,9330.8,-129.44,WSL030330
2025-05-14,sell,TRY,370000,2976.65,-255.071,WSL030330
2025-05-14,buy,SAR,650000,53053,167.375,WSL030330
2025-05-14,sell,AED,274000,22955.72,-4.568,WSL030330
2025-05-14,sell,EUR,10000,3447,7.557,WSL030330
2025-05-14,sell,GBP,5000,2050,4.996,WSL030330
2025-05-14,sell,USD,80000,24600,4,WSL030330
2025-05-14,buy,EUR,100000,34357.54,61.488,WSL030330
2025-05-14,sell,BAM,20000,3396.685,-263.434,WSL030330
2025-05-14,sell,JOD,100000,43435.62,-53.182,WSL030330
2025-05-14,sell,PHP,4000000,22644.568,-561.752,WSL030330
2025-05-14,sell,QAR,800000,67154.56,-93.56,WSL030330
2025-05-14,sell,USD,1000000,307799.62,349.62,WSL030330
2025-05-14,buy,CNY,500000,21382.859,177.451,WSL030330
2025-05-14,buy,INR,7000000,24733.328,675.762,WSL030330
2025-05-14,buy,THB,4000000,37170.488,670.472,WSL030330
2025-05-14,sell,EGP,50000,322.5,-49.668,WSL030330
2025-05-13,sell,TRY,1000000,8030,-710.06,WSL030330
2025-05-13,sell,USD,100000,30770,5,WSL030330
2025-05-13,sell,EGP,5000,32.75,-4.491,WSL030330
2025-05-13,sell,USD,2000,616,0.7,WSL030330
2025-05-13,sell,AED,30000,2515.5,-0.036,WSL030330
2025-05-13,sell,USD,50000,15387.5,5,WSL030330
2025-05-13,sell,GEL,20000,2290,-58.473,WSL030330
2025-05-13,sell,KRW,10000000,2180,18.4,WSL030330
2025-05-13,sell,TRY,500000,4015,-355.03,WSL030330
2025-05-13,sell,EGP,400000,2616,-363.284,WSL030330
2025-05-13,sell,TRY,500000,4020,-350.03,WSL030330
2025-05-13,sell,USD,10000,3081,4.5,WSL030330
2025-05-13,sell,USD,20000,6155,2,WSL030330
2025-05-13,sell,USD,70000,21539,3.5,WSL030330
2025-05-13,sell,LKR,1000000,1100,-47.95,WSL030330
2025-05-13,sell,MYR,30000,2166,-10.769,WSL030330
2025-05-13,buy,QAR,850000,71272.5,225.106,WSL030330
2025-05-13,sell,EGP,60000,391.2,-55.693,WSL030330
2025-05-13,buy,PHP,2200000,12375,396.792,WSL030330
2025-05-13,sell,GBP,5000,2032.5,1.395,WSL030330
2025-05-13,sell,JOD,5000,2173.5,-2.355,WSL030330
2025-05-13,sell,USD,20000,6160,7,WSL030330
2025-05-13,sell,USD,50000,15385,2.5,WSL030330
2025-05-13,sell,CAD,10230,2260.83,8.766,WSL030330
2025-05-13,buy,PHP,2000000,11220,390.72,WSL030330
2025-05-13,sell,USD,10000,3076,-0.5,WSL030330
2025-05-13,sell,INR,100000,356,-7.223,WSL030330
2025-05-13,sell,TRY,35100,282.204,-24.572,WSL030330
2025-05-13,buy,EGP,99800,638.72,104.611,WSL030330
2025-05-13,buy,SAR,355000,29003.5,81.92,WSL030330
2025-05-13,sell,AED,220625,18499.406,-0.263,WSL030330
2025-05-13,sell,JOD,10000,4350,-1.709,WSL030330
2025-05-13,sell,USD,20000,6154,1,WSL030330
2025-05-13,sell,SAR,1100000,90229.333,105.497,WSL030330
2025-05-13,sell,USD,800000,245956.96,-163.04,WSL030330
2025-05-13,buy,USD,1000000,307560.65,89.35,WSL030330
2025-05-13,sell,AED,300000,25104,-51.357,WSL030330
2025-05-13,sell,BHD,10000,8143.5,-14.381,WSL030330
2025-05-13,sell,EGP,1000000,6450,-998.21,WSL030330
2025-05-13,sell,EUR,200000,69060,687.864,WSL030330
2025-05-13,sell,GBP,50000,20462.5,157.6,WSL030330
2025-05-13,sell,INR,10000000,35600,-722.3,WSL030330
2025-05-13,sell,JOD,30000,13027.5,-27.628,WSL030330
2025-05-13,sell,PHP,1000000,5675,-130.36,WSL030330
2025-05-13,sell,TRY,1000000,8050,-690.06,WSL030330
2025-05-13,sell,USD,1000000,307580,-70,WSL030330
2025-05-13,buy,AED,1000000,83814.714,36.476,WSL030330
2025-05-13,buy,JOD,100000,43457.728,59.364,WSL030330
2025-05-13,buy,KWD,10000,10008.134,-8.134,WSL030330
2025-05-13,buy,SAR,500000,40991.471,-26.091,WSL030330
2025-05-13,buy,TRY,7000000,56102.137,5078.283,WSL030330
2025-05-13,buy,AED,500000,41924.493,1.102,WSL030330
2025-05-13,buy,CHF,15000,5492.857,-18.658,WSL030330
2025-05-13,buy,CZK,300000,4223.341,-118.423,WSL030330
2025-05-13,buy,EUR,200000,68428.696,-56.56,WSL030330
2025-05-13,buy,INR,7500000,26517.24,724.485,WSL030330
2025-05-13,buy,JPY,2000000,4185.034,-21.414,WSL030330
2025-05-13,buy,MYR,200000,14390.643,121.149,WSL030330
2025-05-12,sell,VND,100000000,1200,18,WSL030330
2025-05-12,sell,IDR,40000000,766,-42.4,WSL030330
2025-05-12,sell,ZAR,38600,671.64,23.864,WSL030330
2025-05-12,sell,THB,300000,2817,-18.303,WSL030330
2025-05-12,sell,THB,300000,2811,-24.303,WSL030330
2025-05-12,sell,TRY,100000,805,-67.585,WSL030330
2025-05-12,sell,USD,20000,6146,3,WSL030330
2025-05-12,sell,AED,350000,29295,-5.218,WSL030330
2025-05-12,sell,CHF,10000,3717.9,79.544,WSL030330
2025-05-12,sell,CNY,100000,4277.1,-30.754,WSL030330
2025-05-12,sell,EUR,10000,3456,42.335,WSL030330
2025-05-12,sell,JOD,10000,4342.5,-2.137,WSL030330
2025-05-12,sell,THB,800000,7512,-48.808,WSL030330
2025-05-12,sell,TRY,20000,161,-13.517,WSL030330
2025-05-12,sell,TRY,300000,2415,-202.755,WSL030330
2025-05-12,sell,TRY,500000,4022.5,-340.425,WSL030330
2025-05-12,sell,USD,20000,6144,1,WSL030330
2025-05-12,sell,USD,30000,9219,4.5,WSL030330
2025-05-12,sell,USD,50000,15365,7.5,WSL030330
2025-05-12,sell,THB,400000,3756,-24.404,WSL030330
2025-05-12,sell,CHF,10000,3696,55.919,WSL030330
2025-05-12,sell,CZK,50000,720,35.314,WSL030330
2025-05-12,sell,EUR,20000,6914,81.141,WSL030330
2025-05-12,buy,SAR,340000,27727,84.184,WSL030330
2025-05-12,buy,USD,5200,1580.8,16.38,WSL030330
2025-05-12,sell,AED,350150,29307.555,-5.221,WSL030330
2025-05-12,buy,USD,1000000,307250,-100,WSL030330
2025-05-12,buy,AED,500000,41850,7.455,WSL030330
2025-05-12,buy,EUR,150000,51822.348,-87.537,WSL030330
2025-05-12,buy,SAR,500,40.5,0.399,WSL030330
2025-05-12,buy,OMR,10,7.944,0.034,WSL030330
2025-05-12,buy,AED,100,8.318,0.053,WSL030330
2025-05-12,buy,EUR,200,62,6.98,WSL030330
2025-05-12,buy,USD,100,30.4,0.315,WSL030330
2025-05-12,buy,USD,200,60.8,0.63,WSL030330
2025-05-12,buy,USD,100,30.4,0.315,WSL030330
2025-05-12,buy,USD,200,60.8,0.63,WSL030330
2025-05-12,buy,OMR,25,19.861,0.084,WSL030330
2025-05-12,buy,EUR,100,31,3.49,WSL030330
2025-05-12,buy,SAR,650000,53085.5,82.94,WSL030330
2025-05-11,sell,JPY,2000000,4260,34.16,WSL030330
2025-05-11,sell,USD,50000,15375,22.5,WSL030330
2025-05-11,sell,JPY,1000000,2128.98,16.06,WSL030330
2025-05-11,sell,VND,50000000,600,9.5,WSL030330
2025-05-11,sell,AED,30000,2510.7,0.07,WSL030330
2025-05-11,sell,JOD,2000,868.2,-0.444,WSL030330
2025-05-11,sell,USD,40000,12292,10,WSL030330
2025-05-11,sell,AZN,10000,1832,-63.37,WSL030330
2025-05-11,sell,EUR,5000,1729.5,1.269,WSL030330
2025-05-11,sell,PHP,100000,565,-14.403,WSL030330
2025-05-11,sell,THB,100000,939,-5.793,WSL030330
2025-05-11,sell,USD,30000,9216,4.5,WSL030330
2025-05-11,sell,EUR,30000,10374,4.615,WSL030330
2025-05-11,sell,MYR,50000,3620,-0.872,WSL030330
2025-05-11,sell,RUB,425000,1542.75,-48.667,WSL030330
2025-05-11,sell,USD,10000,3072,1.5,WSL030330
2025-05-11,sell,EUR,30000,10377,7.615,WSL030330
2025-05-11,sell,EUR,50000,17295,12.691,WSL030330
2025-05-11,sell,USD,100000,30720,15,WSL030330
2025-05-11,sell,AED,100000,8367,-1.765,WSL030330
2025-05-11,sell,INR,200000,714,-11.03,WSL030330
2025-05-11,sell,JOD,4950,2148.795,-1.1,WSL030330
2025-05-11,sell,USD,30000,9225,13.5,WSL030330
2025-05-11,sell,BHD,2000,1628,-0.394,WSL030330
2025-05-11,sell,JOD,5000,2170.5,-1.111,WSL030330
2025-05-11,sell,OMR,2000,1595.4,0.335,WSL030330
2025-05-11,sell,USD,10000,3072,1.5,WSL030330
2025-05-11,sell,JOD,5000,2169.5,-2.111,WSL030330
2025-05-11,sell,THB,100000,938,-6.793,WSL030330
2025-05-11,sell,TRY,200000,1608,-136.602,WSL030330
2025-05-11,sell,USD,20000,6142,1,WSL030330
2025-05-11,buy,CHF,7400,2619.6,114.66,WSL030330
2025-05-11,buy,GBP,9760,3855.2,134.45,WSL030330
2025-05-11,buy,SAR,600000,48942,120.582,WSL030330
2025-05-11,sell,AZN,100000,18290,-663.704,WSL030330
2025-05-11,sell,CNY,200000,8580,-32.904,WSL030330
2025-05-11,sell,EUR,50000,17295,12.691,WSL030330
2025-05-11,sell,JPY,1000000,2132,19.08,WSL030330
2025-05-11,sell,AZN,10000,1831,-64.37,WSL030330
2025-05-11,sell,BAM,10000,1849,21.321,WSL030330
2025-05-11,sell,IDR,100000000,1900,-120,WSL030330
2025-05-11,sell,QAR,40000,3360,1.968,WSL030330
2025-05-11,sell,USD,200000,61440,30,WSL030330
2025-05-11,sell,USD,900000,276624,279,WSL030330
2025-05-11,sell,USD,100000,30736,31,WSL030330
2025-05-11,sell,JOD,5000,2169.5,-2.111,WSL030330
2025-05-11,sell,TRY,50000,402,-34.15,WSL030330
2025-05-11,sell,AED,336040,28123.188,0.79,WSL030330
2025-05-11,sell,PHP,100000,565,-14.403,WSL030330
2025-05-11,sell,TRY,250000,2012.5,-168.252,WSL030330
2025-05-11,buy,SAR,376600,30700.432,94.515,WSL030330
2025-05-11,sell,INR,300000,1074,-13.545,WSL030330
2025-05-11,sell,SAR,550000,45045,70.966,WSL030330
2025-05-11,buy,JOD,80000,34716,29.778,WSL030330
2025-05-11,buy,PHP,1000000,5633.945,160.085,WSL030330
2025-05-11,buy,BAM,50000,9205.7,-67.307,WSL030330
2025-05-11,buy,USD,12000,3752.172,-67.572,WSL030330
2025-05-11,buy,BHD,4565,3712.464,4.346,WSL030330
2025-05-11,buy,KWD,5828,5828.949,-0.949,WSL030330
2025-05-11,buy,PHP,2000000,11276.398,311.662,WSL030330
2025-05-11,buy,PHP,2000000,11349.354,238.706,WSL030330
2025-05-11,buy,THB,2000000,18822.808,73.052,WSL030330
2025-05-11,buy,THB,4000000,37622.544,169.176,WSL030330
2025-05-11,buy,EGP,2000000,12765.072,2102.288,WSL030330
2025-05-11,buy,GBP,150000,61370.835,-54.486,WSL030330
2025-05-11,buy,SAR,1500000,122734.542,-78.087,WSL030330
2025-05-11,buy,USD,1500000,460684.2,-109.2,WSL030330
2025-05-11,buy,AZN,120000,21928.571,815.874,WSL030330
2025-05-11,buy,CNY,400000,17150.838,74.97,WSL030330
2025-05-11,buy,EUR,200000,69136.4,-7.164,WSL030330
2025-05-11,buy,GEL,300000,34111.111,1047.287,WSL030330
2025-05-11,buy,IDR,100000000,1895.1,124.9,WSL030330
2025-05-11,buy,JPY,4000000,8504.156,-52.476,WSL030330
2025-05-11,buy,KWD,18536.25,18515.142,21.108,WSL030330
2025-05-11,buy,MYR,100000,7240.566,1.179,WSL030330
2025-05-11,buy,THB,2000000,18748.092,147.768,WSL030330
2025-05-11,sell,AUD,35000,6927.302,36.486,WSL030330
2025-05-11,sell,SAR,150000,12312.834,47.188,WSL030330
2025-05-11,sell,SAR,1290000,105608,123.449,WSL030330
2025-05-11,sell,SGD,30000,7124.072,27.385,WSL030330
2025-05-10,sell,EGP,2000000,12800,-2045.58,WSL030330
2025-05-10,sell,THB,1000000,9380,-24.96,WSL030330
2025-05-10,sell,USD,100000,30710,50,WSL030330
2025-05-10,sell,CNY,100000,4295,6.888,WSL030330
2025-05-10,sell,JOD,15000,6506.25,0.964,WSL030330
2025-05-10,sell,CNY,10000,429.5,0.689,WSL030330
2025-05-10,sell,EUR,10000,3459.5,8.104,WSL030330
2025-05-10,sell,NPR,100000,239,-16.49,WSL030330
2025-05-10,sell,THB,200000,1878,-2.992,WSL030330
2025-05-10,sell,TRY,62200,500,-41.776,WSL030330
2025-05-10,sell,TRY,300000,2412,-201.069,WSL030330
2025-05-10,sell,USD,50000,15355,25,WSL030330
2025-05-10,sell,EUR,10000,3459.5,8.104,WSL030330
2025-05-10,sell,EUR,30000,10378.5,24.311,WSL030330
2025-05-10,sell,GEL,10000,1142,-28.229,WSL030330
2025-05-10,sell,THB,300000,2820,-1.488,WSL030330
2025-05-10,sell,USD,50000,15360,30,WSL030330
2025-05-10,sell,USD,100000,30710,50,WSL030330
2025-05-10,sell,EGP,10000,65.5,-8.728,WSL030330
2025-05-10,sell,USD,9500,2917.45,4.75,WSL030330
2025-05-10,sell,AZN,10000,1830,-62.593,WSL030330
2025-05-10,sell,THB,1000000,9400,-4.96,WSL030330
2025-05-10,sell,USD,50000,15350,20,WSL030330
2025-05-10,sell,USD,60000,18432,36,WSL030330
2025-05-10,sell,USD,80000,24564,36,WSL030330
2025-05-10,sell,USD,100000,30740,80,WSL030330
2025-05-10,buy,USD,100000,30740,-80,WSL030330
2025-05-10,buy,USD,200000,61420,-100,WSL030330
2025-05-10,sell,AED,600000,50184,45,WSL030330
2025-05-10,sell,OMR,2000,1594,1.273,WSL030330
2025-05-10,sell,TRY,200000,1608,-134.046,WSL030330
2025-05-10,sell,USD,91532,28114.054,50.343,WSL030330
2025-05-10,buy,SAR,1000000,81500,151.13,WSL030330
2025-05-10,sell,AED,39000,3261.96,2.925,WSL030330
2025-05-10,buy,BHD,4000,3244,8.015,WSL030330
2025-05-10,sell,EUR,30000,10443,88.811,WSL030330
2025-05-10,buy,AED,477560,39873.67,33.631,WSL030330
2025-05-10,buy,AUD,33420,6597.716,-27.614,WSL030330
2025-05-10,buy,CAD,19650,4365.005,-40.651,WSL030330
2025-05-10,buy,CHF,7700,2857.669,-16.73,WSL030330
2025-05-10,buy,EGP,2000000,12680.456,2165.124,WSL030330
2025-05-10,buy,EGP,3000000,19079.877,3188.493,WSL030330
2025-05-10,buy,EUR,124460,43322.973,-366.896,WSL030330
2025-05-10,buy,GBP,16000,6540.551,-9.726,WSL030330
2025-05-10,buy,KWD,16623,16606.748,16.252,WSL030330
2025-05-10,buy,SGD,5700,1350.336,-3.942,WSL030330
2025-05-08,sell,EGP,2000000,12774,-2071.58,WSL030330
2025-05-08,sell,IQD,48000000,10392,-120,WSL030330
2025-05-08,sell,THB,1000000,9380,-24.96,WSL030330
2025-05-08,sell,USD,100000,30680,20,WSL030330
2025-05-08,sell,CNY,100000,4275,-13.112,WSL030330
2025-05-08,sell,AED,30000,2506.5,-0.45,WSL030330
2025-05-08,sell,THB,200000,1880,-0.992,WSL030330
2025-05-08,sell,USD,60000,18408,12,WSL030330
2025-05-08,sell,BHD,2000,1626,-0.008,WSL030330
2025-05-08,sell,CNY,30000,1280.1,-6.334,WSL030330
2025-05-08,sell,JOD,10000,4335,-1.857,WSL030330
2025-05-08,sell,OMR,2000,1593,0.273,WSL030330
2025-05-08,sell,THB,500000,4700,-2.48,WSL030330
2025-05-08,sell,USD,50000,15340,10,WSL030330
2025-05-08,sell,JOD,10000,4334,-2.857,WSL030330
2025-05-08,sell,USD,60000,18408,12,WSL030330
2025-05-08,sell,AED,50000,4177.5,-0.75,WSL030330
2025-05-08,sell,AZN,10000,1832,-60.593,WSL030330
2025-05-08,sell,BHD,2000,1626.5,0.492,WSL030330
2025-05-08,sell,GEL,10000,1142.5,-27.729,WSL030330
2025-05-08,sell,IDR,20000000,380,-23.4,WSL030330
2025-05-08,sell,INR,200000,713,-10.966,WSL030330
2025-05-08,sell,JOD,10000,4335,-1.857,WSL030330
2025-05-08,sell,PHP,100000,565,2.389,WSL030330
2025-05-08,buy,GEL,6000,684,18.137,WSL030330
2025-05-08,sell,GEL,250000,28473.254,-782.471,WSL030330
2025-05-08,sell,EUR,10000,3466.5,5.906,WSL030330
2025-05-08,sell,RUB,200000,728,-19.804,WSL030330
2025-05-08,sell,TRY,100000,804,-67.023,WSL030330
2025-05-08,sell,USD,10000,3071,5,WSL030330
2025-05-08,sell,USD,70000,21469,7,WSL030330
2025-05-08,sell,CHF,50000,18725,179.15,WSL030330
2025-05-08,buy,SAR,581600,47371.32,116.977,WSL030330
2025-05-08,sell,AED,292900,24471.795,-4.393,WSL030330
2025-05-08,sell,INR,200000,714,-9.966,WSL030330
2025-05-08,sell,JOD,5000,2167.5,-0.928,WSL030330
2025-05-08,sell,TRY,200000,1610,-132.046,WSL030330
2025-05-08,sell,USD,60000,18408,12,WSL030330
2025-05-08,sell,EUR,50000,17435,132.029,WSL030330
2025-05-08,sell,GBP,100000,41000,246.728,WSL030330
2025-05-08,sell,USD,200000,61440,120,WSL030330
2025-05-08,buy,USD,100000,30720,-60,WSL030330
2025-05-08,sell,THB,500000,4690,-12.48,WSL030330
2025-05-08,buy,AZN,100000,18225.327,700.599,WSL030330
2025-05-08,buy,CHF,50000,18623.937,-78.087,WSL030330
2025-05-08,buy,EUR,50000,17431.966,-128.995,WSL030330
2025-05-08,buy,GBP,100000,41001.063,-247.791,WSL030330
2025-05-08,buy,SAR,700000,57192.164,-36.373,WSL030330
2025-05-08,buy,USD,20000,6131,1,WSL030330
2025-05-08,buy,USD,600000,183994.376,-34.376,WSL030330
2025-05-08,buy,JOD,250000,108273.46,147.965,WSL030330
2025-05-08,buy,KWD,50000,49967.4,32.6,WSL030330
2025-05-08,buy,SAR,300000,24510.928,-15.589,WSL030330
2025-05-08,buy,TRY,2000000,16049.738,1370.722,WSL030330
2025-05-08,buy,TRY,5000000,40103.35,3447.8,WSL030330
2025-05-07,sell,TRY,6000,48.54,-3.721,WSL030330
2025-05-07,sell,AED,100000,8355,-1.5,WSL030330
2025-05-07,sell,AZN,20000,3660,-125.185,WSL030330
2025-05-07,sell,CNY,50000,2132.5,-11.556,WSL030330
2025-05-07,sell,CNY,100000,4270,-18.112,WSL030330
2025-05-07,sell,EUR,42000,14653.8,16.287,WSL030330
2025-05-07,sell,EUR,100000,34875.75,36.792,WSL030330
2025-05-07,sell,USD,30000,9204,6,WSL030330
2025-05-07,sell,TRY,60000,483,-39.614,WSL030330
2025-05-07,sell,USD,80000,24536,8,WSL030330
2025-05-07,sell,BAM,5000,915,2.5,WSL030330
2025-05-07,sell,JOD,10000,4335,-1.857,WSL030330
2025-05-07,sell,PHP,100000,565,2.389,WSL030330
2025-05-07,sell,TRY,400000,3223.6,-260.492,WSL030330
2025-05-07,sell,TRY,500000,4025,-330.115,WSL030330
2025-05-07,sell,USD,10000,3075,9,WSL030330
2025-05-07,sell,USD,30000,9204,6,WSL030330
2025-05-07,sell,USD,30000,9204,6,WSL030330
2025-05-07,sell,AZN,8000,1464.8,-49.274,WSL030330
2025-05-07,sell,GEL,5000,573.5,-11.614,WSL030330
2025-05-07,sell,THB,100000,944,3.504,WSL030330
2025-05-07,sell,TRY,200000,1610,-132.046,WSL030330
2025-05-07,sell,USD,20000,6134,2,WSL030330
2025-05-07,sell,AZN,10000,1830,-62.593,WSL030330
2025-05-07,sell,CHF,10000,3720,6.787,WSL030330
2025-05-07,sell,EUR,200000,69556,-207.764,WSL030330
2025-05-07,sell,BAM,10000,1835,10,WSL030330
2025-05-07,buy,EUR,100000,34866.55,15.332,WSL030330
2025-05-07,buy,SAR,665000,54144.3,153.701,WSL030330
2025-05-07,sell,AED,354280,29599.998,-5.41,WSL030330
2025-05-07,sell,USD,80000,24544,16,WSL030330
2025-05-07,buy,IQD,48000000,10296,216,WSL030330
2025-05-07,sell,CHF,70000,26586,549.363,WSL030330
2025-05-07,buy,AED,1825000,152377.433,128.692,WSL030330
2025-05-07,buy,INR,10000000,35034.281,1164.019,WSL030330
2025-05-07,buy,KWD,6698,6689.272,8.728,WSL030330
2025-05-07,buy,OMR,10000,7960.27,3.366,WSL030330
2025-05-07,buy,PHP,1000000,5604.206,21.904,WSL030330
2025-05-07,sell,AUD,75000,14806.365,-105.893,WSL030330
2025-05-07,sell,MYR,200000,14518.115,55.851,WSL030330
2025-05-07,sell,SAR,170000,13934.091,53.399,WSL030330
2025-05-07,sell,SAR,1380000,112870.597,192.038,WSL030330
2025-05-06,sell,TRY,13000,105.17,-8.1,WSL030330
2025-05-06,sell,PHP,300000,1689,0.618,WSL030330
2025-05-06,sell,IDR,100000000,1890,-128,WSL030330
2025-05-06,sell,USD,20000,6136,2,WSL030330
2025-05-06,sell,EUR,5000,1739,-0.142,WSL030330
2025-05-06,sell,EUR,30000,10453.5,18.646,WSL030330
2025-05-06,sell,GBP,5000,2043.75,-0.712,WSL030330
2025-05-06,sell,IDR,50000000,945,-64,WSL030330
2025-05-06,sell,USD,40000,12278,10,WSL030330
2025-05-06,sell,USD,50000,15347.5,12.5,WSL030330
2025-05-06,buy,CHF,70000,26213.675,-168.546,WSL030330
2025-05-06,buy,EUR,200000,69560,-31.11,WSL030330
2025-05-06,sell,THB,500000,4670,-34.01,WSL030330
2025-05-06,sell,EUR,50000,17390,29.246,WSL030330
2025-05-06,sell,GBP,50000,20435,53.252,WSL030330
2025-05-06,sell,AED,800000,66800,-73.808,WSL030330
2025-05-06,sell,CAD,30000,6682.5,28.128,WSL030330
2025-05-06,sell,EUR,70000,24353,47.945,WSL030330
2025-05-06,sell,GBP,30000,12252,22.951,WSL030330
2025-05-06,sell,INR,10000000,35500,-710.2,WSL030330
2025-05-06,sell,PHP,1000000,5590,-37.94,WSL030330
2025-05-06,sell,THB,700000,6531,-54.614,WSL030330
2025-05-06,sell,TRY,1000000,8100,-613.07,WSL030330
2025-05-06,sell,USD,800000,245680,320,WSL030330
2025-05-06,buy,USD,800000,245688,-328,WSL030330
2025-05-06,buy,AED,2000000,167088.952,95.568,WSL030330
2025-05-06,buy,EUR,20000,6952.369,-9.294,WSL030330
2025-05-06,buy,EUR,50000,17388.588,-30.902,WSL030330
2025-05-06,buy,EUR,100000,34869.172,-153.799,WSL030330
2025-05-06,buy,GBP,30000,12239.935,-10.886,WSL030330
2025-05-06,buy,GBP,100000,40864.179,-100.682,WSL030330
2025-05-06,buy,INR,2000000,7049.425,192.615,WSL030330
2025-05-06,buy,OMR,10000,7964.935,1.299,WSL030330
2025-05-06,buy,SAR,200000,16341.593,-6.041,WSL030330
2025-05-06,buy,USD,500000,153370.998,-20.998,WSL030330
2025-05-05,buy,CHF,1000,350,22.933,WSL030330
2025-05-05,sell,THB,1000000,9310,-98.02,WSL030330
2025-05-05,sell,EGP,2000000,12780,-2070.42,WSL030330
2025-05-05,sell,TRY,1000000,8035,-678.07,WSL030330
2025-05-05,sell,TRY,1000000,8045,-668.07,WSL030330
2025-05-05,sell,AZN,10000,1830,-63.21,WSL030330
2025-05-05,sell,AED,452765,37851.154,3.504,WSL030330
2025-05-05,buy,SAR,465000,37851,129.158,WSL030330
2025-05-05,sell,USD,60000,18411,9,WSL030330
2025-05-05,sell,GBP,5000,2042,5.512,WSL030330
2025-05-05,sell,THB,400000,3724,-39.208,WSL030330
2025-05-05,sell,TRY,100000,804,-67.307,WSL030330
2025-05-05,sell,USD,10000,3072,5,WSL030330
2025-05-05,sell,CZK,100000,1435,39.26,WSL030330
2025-05-05,sell,USD,3500,1074.5,1.05,WSL030330
2025-05-05,buy,SAR,300000,24450,53.328,WSL030330
2025-05-05,sell,AED,50000,4180,0.387,WSL030330
2025-05-05,sell,BAM,10000,1830,4.405,WSL030330
2025-05-05,sell,EGP,200000,1300,-185.042,WSL030330
2025-05-05,sell,EUR,50000,17336.45,-30.438,WSL030330
2025-05-05,sell,GEL,10000,1147,-23.611,WSL030330
2025-05-05,sell,INR,100000,357,-5.102,WSL030330
2025-05-05,sell,THB,300000,2796,-26.406,WSL030330
2025-05-05,sell,USD,50000,15347.5,12.5,WSL030330
2025-05-05,sell,USD,70000,21486.5,17.5,WSL030330
2025-05-05,buy,IDR,80000000,1512,102.4,WSL030330
2025-05-05,buy,THB,600000,5574,70.812,WSL030330
2025-05-05,sell,USD,35000,10766,31.5,WSL030330
2025-05-05,sell,USD,500000,153700,350,WSL030330
2025-05-05,buy,USD,35000,10754.215,-19.715,WSL030330
2025-05-05,buy,USD,500000,153570.32,-220.32,WSL030330
2025-05-05,sell,IDR,50000000,945,-64,WSL030330
2025-05-05,buy,USD,200000,61428.13,-88.13,WSL030330
2025-05-05,sell,OMR,15000,11952,2.649,WSL030330
2025-05-04,sell,USD,30000,9208.5,1.5,WSL030330
2025-05-04,sell,USD,70000,21518,35,WSL030330
2025-05-04,sell,EUR,20000,6942,2.377,WSL030330
2025-05-04,sell,JPY,1000000,2135,18.3,WSL030330
2025-05-04,sell,USD,30000,9210,3,WSL030330
2025-05-04,buy,THB,3000000,27870,372.48,WSL030330
2025-05-04,sell,EUR,50000,17355,5.943,WSL030330
2025-05-04,sell,GBP,20000,8160,9.35,WSL030330
2025-05-04,sell,USD,60000,18420,6,WSL030330
2025-05-04,sell,USD,50000,15345,0,WSL030330
2025-05-04,sell,USD,20000,6138,0,WSL030330
2025-05-04,sell,USD,200000,61390,10,WSL030330
2025-05-04,buy,SAR,400000,32620,72.412,WSL030330
2025-05-04,sell,TRY,400000,3212,-275.5,WSL030330
2025-05-04,sell,AZN,10000,1830,-64.444,WSL030330
2025-05-04,sell,USD,50000,15350,5,WSL030330
2025-05-04,sell,PHP,200000,1118,-8.324,WSL030330
2025-05-04,sell,THB,200000,1862,-20.832,WSL030330
2025-05-04,sell,USD,70000,21512.4,29.4,WSL030330
2025-05-04,sell,USD,400000,122928,168,WSL030330
2025-05-04,buy,BAM,30000,5445.27,35.087,WSL030330
2025-05-04,sell,EGP,50000,349.5,-22.002,WSL030330
2025-05-04,sell,TRY,200000,1628,-115.75,WSL030330
2025-05-04,sell,AED,669260,55950.136,-31.301,WSL030330
2025-05-04,sell,USD,30000,9210,3,WSL030330
2025-05-04,buy,SAR,800000,65160,224.824,WSL030330
2025-05-04,sell,TRY,62000,501.58,-38.982,WSL030330
2025-05-04,buy,USD,500000,153400,50,WSL030330
2025-05-04,buy,USD,500000,153655.138,-205.138,WSL030330
2025-05-04,buy,AED,105630,8828.394,7.214,WSL030330
2025-05-04,buy,AUD,40000,7855.36,62.66,WSL030330
2025-05-04,buy,CAD,32000,7102.495,10.934,WSL030330
2025-05-04,buy,CHF,19000,7049.758,5.414,WSL030330
2025-05-04,buy,CNY,200000,8523.611,61.005,WSL030330
2025-05-04,buy,EGP,4700000,29828.23,5093.005,WSL030330
2025-05-04,buy,EUR,50000,17360.039,-10.982,WSL030330
2025-05-04,buy,EUR,100000,34674.05,24.064,WSL030330
2025-05-04,buy,JPY,3000000,6383.841,-33.741,WSL030330
2025-05-04,buy,KWD,30368.75,30344.028,24.722,WSL030330
2025-05-04,buy,PKR,500000,584.549,5.621,WSL030330
2025-05-04,buy,TRY,3000000,24129.75,2026.5,WSL030330
2025-05-04,buy,TRY,4000000,32130.892,2744.108,WSL030330
2025-05-04,buy,AED,1000000,83598.965,47.805,WSL030330
2025-05-04,buy,BHD,10000,8132.786,5.207,WSL030330
2025-05-04,buy,EUR,50000,17347.765,1.292,WSL030330
2025-05-04,buy,RUB,500000,1761.481,109.859,WSL030330
2025-05-04,buy,USD,100000,30685,5,WSL030330
2025-05-04,buy,USD,800000,245529.096,-9.096,WSL030330
2025-05-04,buy,CNY,100000,4252.945,39.363,WSL030330
2025-05-04,buy,INR,5000000,17534.283,582.617,WSL030330
2025-05-04,buy,KWD,9400,9386.235,13.765,WSL030330
2025-05-04,buy,PHP,2000000,11107.688,155.552,WSL030330
2025-05-04,buy,THB,8000000,74118.344,1194.936,WSL030330
2025-05-03,buy,GBP,7360,2870.4,128.062,WSL030330
2025-05-03,sell,EUR,1000,347.25,0.382,WSL030330
2025-05-03,sell,TRY,400000,3228,-258.364,WSL030330
2025-05-03,sell,USD,50000,15340,0,WSL030330
2025-05-03,sell,EUR,5000,1736.25,1.91,WSL030330
2025-05-03,sell,INR,500000,1775,-36.1,WSL030330
2025-05-03,sell,USD,60000,18414,6,WSL030330
2025-05-03,sell,NPR,1000000,2370,-186.56,WSL030330
2025-05-03,sell,RUB,4000000,14320,-117.64,WSL030330
2025-05-03,sell,USD,100000,30680,0,WSL030330
2025-05-03,buy,SAR,600000,48900,122.634,WSL030330
2025-05-03,sell,PKR,500000,580,-9.975,WSL030330
2025-05-03,sell,TRY,100000,806,-65.591,WSL030330
2025-05-03,sell,THB,400000,3728,-13.488,WSL030330
2025-05-03,sell,USD,60000,18408,0,WSL030330
2025-05-03,sell,USD,50000,15340,0,WSL030330
2025-05-03,sell,INR,25000,87.625,-2.93,WSL030330
2025-05-03,sell,USD,110000,33759,11,WSL030330
2025-05-03,sell,BAM,16000,2936,14.095,WSL030330
2025-05-03,sell,EGP,10000,66,-8.276,WSL030330
2025-05-03,sell,PHP,10000,55.7,0.12,WSL030330
2025-05-03,sell,USD,9300,2854.17,0.93,WSL030330
2025-05-03,sell,PHP,100000,557,1.201,WSL030330
2025-05-03,sell,USD,9700,2975.96,0,WSL030330
2025-05-03,sell,AED,496210,41483.156,-9.681,WSL030330
2025-05-03,sell,USD,130000,39897,13,WSL030330
2025-05-03,buy,SAR,1000000,81380,324.39,WSL030330
2025-05-03,sell,TRY,200000,1650,-93.182,WSL030330
2025-05-01,buy,SAR,120000,9774,30.527,WSL030330
2025-05-01,sell,OMR,5000,3982.5,-1.916,WSL030330
2025-05-01,sell,THB,1000000,9220,-133.72,WSL030330
2025-05-01,sell,USD,50000,15340,0,WSL030330
2025-05-01,sell,USD,127973,39262.116,0,WSL030330
2025-05-01,buy,AUD,30000,5808,63.232,WSL030330
2025-05-01,buy,SAR,200000,16290,50.878,WSL030330
2025-05-01,sell,USD,72027,22097.884,0,WSL030330
2025-05-01,buy,SAR,1000000,81500,204.39,WSL030330
2025-05-01,sell,AED,20000,1671.8,-0.59,WSL030330
2025-05-01,sell,USD,60000,18414,6,WSL030330
2025-05-01,sell,THB,200000,1846,-24.744,WSL030330
2025-05-01,sell,CNY,100000,4250,-28.94,WSL030330
2025-05-01,sell,USD,50000,15367.5,27.5,WSL030330
2025-05-01,sell,USD,100000,30660,-20,WSL030330
2025-05-01,sell,USD,20000,6147,11,WSL030330
2025-05-01,sell,EUR,5000,1737.5,-0.369,WSL030330
2025-05-01,sell,USD,60000,18402,-6,WSL030330
2025-05-01,sell,EGP,177000,1150.5,-164.191,WSL030330
2025-05-01,sell,THB,200000,1846,-24.744,WSL030330
2025-05-01,sell,AED,150000,12540,-2.926,WSL030330
2025-05-01,sell,EGP,300000,1965,-263.289,WSL030330
2025-05-01,sell,USD,70000,21483,7,WSL030330
2025-05-01,buy,GBP,13000,5320.9,-3.565,WSL030330
2025-05-01,sell,JOD,5000,2166.5,-3.343,WSL030330
2025-05-01,sell,USD,10000,3067,-1,WSL030330
2025-05-01,buy,SAR,269000,21923.5,54.981,WSL030330
2025-05-01,sell,SAR,36500,2978.4,-3.81,WSL030330
2025-05-01,sell,KRW,1500000,326.85,4.65,WSL030330
2025-05-01,buy,SAR,685000,55745.3,222.207,WSL030330
2025-05-01,sell,AED,409835,34262.206,-7.996,WSL030330
2025-05-01,sell,USD,70000,21483,7,WSL030330
2025-05-01,sell,USD,150000,46083,63,WSL030330
2025-05-01,buy,USD,200000,61444,-84,WSL030330
2025-05-01,sell,TRY,5000000,40368.421,-3211.129,WSL030330
2025-05-01,sell,EUR,40000,13967.2,88.795,WSL030330
2025-05-01,sell,GBP,50000,20514,107.198,WSL030330
2025-05-01,buy,BHD,10000,8130.135,5.207,WSL030330
2025-05-01,buy,EUR,50000,17458.676,-141.35,WSL030330
2025-05-01,buy,GBP,50000,20513.906,-136.25,WSL030330
2025-05-01,buy,HKD,100000,3958.065,-2.877,WSL030330
2025-05-01,buy,RUB,4000000,14087.256,350.384,WSL030330
2025-05-01,buy,USD,800000,245449.08,-9.08,WSL030330
2025-04-30,sell,JPY,183000,398.025,5.415,WSL030330
2025-04-30,sell,AED,100000,8350,-2.412,WSL030330
2025-04-30,sell,CZK,200000,2877.5,85.372,WSL030330
2025-04-30,sell,USD,50000,15330,7.5,WSL030330
2025-04-30,sell,USD,40000,12262,4,WSL030330
2025-04-30,sell,CHF,4000,1489,3.002,WSL030330
2025-04-30,sell,USD,30000,9198,4.5,WSL030330
2025-04-30,sell,KRW,900000,196.2,2.133,WSL030330
2025-04-30,sell,PHP,400000,2212,-8.66,WSL030330
2025-04-30,sell,THB,400000,3700,-37.22,WSL030330
2025-04-30,sell,TRY,400000,3228,-254.388,WSL030330
2025-04-30,sell,USD,5759,1765.799,0.953,WSL030330
2025-04-30,sell,USD,20000,6144,15,WSL030330
2025-04-30,sell,USD,50000,15342.5,20,WSL030330
2025-04-30,sell,USD,90000,27594,13.5,WSL030330
2025-04-30,sell,AZN,15000,2743.5,-94,WSL030330
2025-04-30,sell,AZN,6000,1098.6,-36.4,WSL030330
2025-04-30,sell,BDT,100000,268,-13.146,WSL030330
2025-04-30,sell,INR,200000,708,-15.612,WSL030330
2025-04-30,sell,JPY,500000,1086,12.845,WSL030330
2025-04-30,sell,THB,200000,1848,-20.61,WSL030330
2025-04-30,sell,USD,30000,9195,1.5,WSL030330
2025-04-30,sell,THB,315000,2916.9,-26.161,WSL030330
2025-04-30,buy,AED,595225,49666.923,48.721,WSL030330
2025-04-30,buy,AUD,10000,1954.832,10.125,WSL030330
2025-04-30,buy,CAD,20000,4411.807,22.428,WSL030330
2025-04-30,buy,CHF,4800,1766.631,17.865,WSL030330
2025-04-30,buy,EGP,1500000,9615.063,1513.662,WSL030330
2025-04-30,buy,EGP,1500000,9778.724,1350.001,WSL030330
2025-04-30,buy,EUR,150000,52095.66,252.129,WSL030330
2025-04-30,buy,KRW,10000000,2142.657,14.643,WSL030330
2025-04-30,buy,PHP,3000000,16443.65,211.3,WSL030330
2025-04-30,buy,THB,2000000,18330.841,355.259,WSL030330
2025-04-30,buy,TRY,2000000,16062.9,1349.04,WSL030330
2025-04-30,buy,TRY,4000000,32210.248,2613.632,WSL030330
2025-04-30,buy,SAR,550000,44715,171.154,WSL030330
2025-04-30,sell,EUR,7500,2621.25,3.861,WSL030330
2025-04-30,sell,JOD,20000,8666,-3.47,WSL030330
2025-04-30,sell,THB,300000,2778,-24.915,WSL030330
2025-04-30,sell,USD,99966,30649.576,14.995,WSL030330
2025-04-30,buy,EUR,50,15.5,1.94,WSL030330
2025-04-30,buy,QAR,36,3.013,0.003,WSL030330
2025-04-30,buy,USD,18,5.472,0.044,WSL030330
2025-04-30,buy,EUR,50,15.5,1.94,WSL030330
2025-04-30,buy,AED,1420,117.844,0.76,WSL030330
2025-04-30,buy,USD,150,45.6,0.368,WSL030330
2025-04-30,buy,CZK,500000,7114.849,-120.189,WSL030330
2025-04-30,buy,AED,1000000,83453.629,70.491,WSL030330
2025-04-30,buy,CNY,200000,8452.414,95.704,WSL030330
2025-04-30,buy,INR,8000000,28013.71,930.77,WSL030330
2025-04-30,buy,JPY,2000000,4327.68,-26.62,WSL030330
2025-04-30,buy,KWD,24000,23964.804,35.196,WSL030330
2025-04-30,buy,PHP,1000000,5471.428,80.222,WSL030330
2025-04-30,buy,THB,3000000,27479.82,549.33,WSL030330
2025-04-30,sell,CZK,5000,72.5,2.553,WSL030330
2025-04-29,buy,SAR,600000,48858,108.714,WSL030330
2025-04-29,sell,THB,320000,2960,-29.776,WSL030330
2025-04-29,sell,CNY,30000,1273.2,-9.018,WSL030330
2025-04-29,sell,JOD,5000,2167.5,0.132,WSL030330
2025-04-29,sell,THB,40000,370,-3.722,WSL030330
2025-04-29,sell,TRY,300000,2427,-184.791,WSL030330
2025-04-29,sell,USD,40000,12268,10,WSL030330
2025-04-29,sell,USD,9000,2763,4.95,WSL030330
2025-04-29,sell,EGP,200000,1320,-163.83,WSL030330
2025-04-29,sell,PKR,200000,234,-1.722,WSL030330
2025-04-29,sell,THB,150000,1389,-12.458,WSL030330
2025-04-29,sell,THB,1000000,9183.4,-159.65,WSL030330
2025-04-29,sell,SAR,1000000,81687.325,76.135,WSL030330
2025-04-29,sell,TND,100000,10603.806,-148.826,WSL030330
2025-04-29,sell,USD,50000,15343,20.5,WSL030330
2025-04-29,sell,EUR,40000,13980,10.783,WSL030330
2025-04-29,sell,USD,400000,122744,164,WSL030330
2025-04-29,sell,IDR,20000000,373,-30.2,WSL030330
2025-04-29,sell,AED,1000,83.42,-0.104,WSL030330
2025-04-29,sell,SAR,1000000,81608.736,-2.454,WSL030330
2025-04-29,sell,SAR,5000000,407989.35,-66.6,WSL030330
2025-04-29,sell,USD,1300,397.523,-0.862,WSL030330
2025-04-29,sell,USD,50000,15320,-2.5,WSL030330
2025-04-29,sell,AED,400000,33420,10.352,WSL030330
2025-04-29,sell,BDT,1000000,2680,-131.46,WSL030330
2025-04-29,sell,BHD,10000,8131.5,5.439,WSL030330
2025-04-29,sell,EUR,50000,17462.5,13.237,WSL030330
2025-04-29,sell,INR,5000000,17700,-390.3,WSL030330
2025-04-29,sell,PHP,1500000,8265,-62.475,WSL030330
2025-04-29,sell,USD,700000,214970,455,WSL030330
2025-04-29,buy,BHD,12000,9756,-4.727,WSL030330
2025-04-29,buy,USD,500000,153429.8,-204.8,WSL030330
2025-04-28,buy,SAR,800000,65144,198.208,WSL030330
2025-04-28,sell,GBP,15000,6172.5,7.83,WSL030330
2025-04-28,sell,NPR,200000,476,-35.146,WSL030330
2025-04-28,sell,AED,50000,4180,0.387,WSL030330
2025-04-28,sell,BHD,5000,4067,0.655,WSL030330
2025-04-28,sell,GBP,3000,1230.6,-1.138,WSL030330
2025-04-28,sell,PHP,10000,55.1,-0.462,WSL030330
2025-04-28,sell,USD,40000,12276,8,WSL030330
2025-04-28,sell,USD,20000,6135,1,WSL030330
2025-04-28,sell,THB,1000000,9200,-150.67,WSL030330
2025-04-28,sell,USD,30000,9202.5,1.5,WSL030330
2025-04-28,buy,SAR,2114949,172389.493,354.804,WSL030330
2025-04-28,sell,TRY,200000,1622,-120.614,WSL030330
2025-04-28,sell,THB,500000,4605,-70.335,WSL030330
2025-04-28,sell,THB,325000,2993.25,-45.718,WSL030330
2025-04-28,sell,EUR,10000,3490,9.262,WSL030330
2025-04-28,sell,INR,200000,708,-16.204,WSL030330
2025-04-28,sell,OMR,1000,796.5,-0.123,WSL030330
2025-04-28,sell,SAR,10000,816.8,0.022,WSL030330
2025-04-28,sell,THB,200000,1844,-26.134,WSL030330
2025-04-28,sell,USD,10000,3069,2,WSL030330
2025-04-28,sell,USD,20000,6140,6,WSL030330
2025-04-28,sell,USD,30000,9207,6,WSL030330
2025-04-28,sell,AED,67385,5633.386,0.522,WSL030330
2025-04-28,sell,INR,200000,710,-14.204,WSL030330
2025-04-28,sell,JOD,5000,2167.5,-1.636,WSL030330
2025-04-28,sell,THB,200000,1842,-28.134,WSL030330
2025-04-28,sell,USD,10000,3070,3,WSL030330
2025-04-28,buy,SAR,165000,13422.75,54.08,WSL030330
2025-04-27,sell,INR,500000,1775,-35.51,WSL030330
2025-04-27,sell,AED,50000,4180,0.387,WSL030330
2025-04-27,sell,EUR,20000,6982,14.389,WSL030330
2025-04-27,sell,USD,30000,9216,15,WSL030330
2025-04-27,buy,SAR,1300000,105950,231.088,WSL030330
2025-04-27,sell,USD,9700,2977.9,2.91,WSL030330
2025-04-27,sell,AED,10000,836,0.077,WSL030330
2025-04-27,sell,MYR,10000,700,-1.831,WSL030330
2025-04-27,sell,THB,20000,184,-3.013,WSL030330
2025-04-27,sell,TRY,20000,162.3,-11.961,WSL030330
2025-04-27,sell,USD,10000,3070,3,WSL030330
2025-04-27,sell,THB,500000,4610,-65.335,WSL030330
2025-04-27,sell,THB,200000,1844,-26.134,WSL030330
2025-04-27,sell,THB,100000,922,-13.067,WSL030330
2025-04-27,buy,SAR,100000,8135,32.776,WSL030330
2025-04-27,sell,AED,63580,5315.288,0.492,WSL030330
2025-04-27,sell,INR,200000,710,-14.204,WSL030330
2025-04-27,sell,TRY,260000,2109.9,-155.498,WSL030330
2025-04-27,sell,THB,300000,2769,-36.201,WSL030330
2025-04-27,buy,USD,50,15.2,0.135,WSL030330
2025-04-27,buy,USD,420,127.68,1.134,WSL030330
2025-04-27,buy,USD,500,152,1.35,WSL030330
2025-04-27,buy,USD,100,30.4,0.27,WSL030330
2025-04-27,buy,USD,300,91.2,0.81,WSL030330
2025-04-27,buy,USD,40,12.16,0.108,WSL030330
2025-04-27,buy,AED,85,7.06,0.045,WSL030330
2025-04-27,buy,EUR,150,46.5,5.757,WSL030330
2025-04-27,buy,SAR,1280,103.68,0.868,WSL030330
2025-04-27,buy,USD,360,109.44,0.972,WSL030330
2025-04-27,sell,CHF,90000,34011,674.043,WSL030330
2025-04-27,buy,AED,700000,58481.133,33.449,WSL030330
2025-04-27,buy,EUR,30000,10501.229,-49.813,WSL030330
2025-04-27,buy,LKR,1000000,1103.058,58.682,WSL030330
2025-04-27,buy,OMR,10000,7964.935,1.299,WSL030330
2025-04-27,buy,RUB,400000,1418.035,25.261,WSL030330
2025-04-27,buy,TRY,2000000,16160.738,1265.402,WSL030330
2025-04-27,buy,USD,1500000,460158.99,-108.99,WSL030330
2025-04-26,sell,CNY,50000,2117.5,-21.272,WSL030330
2025-04-26,sell,EUR,30000,10500,48.584,WSL030330
2025-04-26,sell,EUR,10000,3490,6.195,WSL030330
2025-04-26,sell,TRY,100000,811.5,-64.786,WSL030330
2025-04-26,sell,USD,30000,9207,6,WSL030330
2025-04-26,buy,CHF,50000,18600,-79.468,WSL030330
2025-04-26,sell,JPY,1000000,2155,20.84,WSL030330
2025-04-26,buy,JOD,100000,43345,37.715,WSL030330
2025-04-26,sell,CNY,100000,4245,-32.545,WSL030330
2025-04-26,sell,MAD,1000000,32150,-4361.9,WSL030330
2025-04-26,sell,AED,50000,4180,0.387,WSL030330
2025-04-26,sell,JOD,20000,8670,-6.543,WSL030330
2025-04-26,sell,THB,300000,2772,-33.201,WSL030330
2025-04-26,sell,USD,50000,15350,15,WSL030330
2025-04-26,sell,JOD,5000,2163.5,-5.636,WSL030330
2025-04-26,sell,THB,50000,461.5,-6.034,WSL030330
2025-04-26,sell,USD,80000,24544,8,WSL030330
2025-04-26,buy,SAR,36700,2983.71,13.864,WSL030330
2025-04-26,buy,SAR,1000000,81300,377.76,WSL030330
2025-04-26,sell,AED,500000,41800,3.87,WSL030330
2025-04-26,sell,JOD,25000,10837.5,-8.179,WSL030330
2025-04-26,sell,TRY,100000,812.5,-63.786,WSL030330
2025-04-26,sell,USD,90717,27850.119,27.215,WSL030330
2025-04-26,sell,EGP,500000,3425,-287.605,WSL030330
2025-04-26,buy,AED,1500000,125282.581,105.809,WSL030330
2025-04-26,buy,BHD,3714,3016.949,3.532,WSL030330
2025-04-26,buy,CNY,100000,4226.74,50.805,WSL030330
2025-04-26,buy,CNY,400000,16895.316,214.864,WSL030330
2025-04-26,buy,IDR,100000000,1842.8,175.2,WSL030330
2025-04-26,buy,INR,2000000,7033.25,208.79,WSL030330
2025-04-26,buy,JPY,1000000,2177.911,-43.751,WSL030330
2025-04-26,buy,OMR,10000,7962.867,3.367,WSL030330
2025-04-26,buy,PHP,4000000,21825.616,399.104,WSL030330
2025-04-26,buy,QAR,100000,8355.586,29.923,WSL030330
2025-04-24,sell,TRY,200000,1624,-128.572,WSL030330
2025-04-24,sell,INR,400000,1416,-32.408,WSL030330
2025-04-24,sell,USD,30000,9205.5,4.5,WSL030330
2025-04-24,sell,JOD,10000,4334,-4.272,WSL030330
2025-04-24,sell,PHP,50000,275.5,-2.309,WSL030330
2025-04-24,sell,TRY,200000,1622,-130.572,WSL030330
2025-04-24,sell,USD,10000,3068.5,1.5,WSL030330
2025-04-24,sell,EUR,30000,10458,-9.978,WSL030330
2025-04-24,sell,THB,2000000,18440,-261.34,WSL030330
2025-04-24,sell,EUR,10000,3487,-2.326,WSL030330
2025-04-24,sell,TRY,200000,1626,-126.572,WSL030330
2025-04-24,sell,USD,50000,15347.5,12.5,WSL030330
2025-04-24,sell,JOD,3000,1299.75,-1.731,WSL030330
2025-04-24,sell,USD,50000,15342.5,7.5,WSL030330
2025-04-24,sell,TRY,300000,2436,-192.858,WSL030330
2025-04-24,sell,USD,9700,2981.78,6.79,WSL030330
2025-04-24,sell,BHD,4000,3252,-1.076,WSL030330
2025-04-24,sell,IDR,50000000,930,-79,WSL030330
2025-04-24,sell,TRY,200000,1625,-127.572,WSL030330
2025-04-24,sell,USD,500000,153490,140,WSL030330
2025-04-24,buy,AED,150000,12525,13.839,WSL030330
2025-04-24,buy,SAR,900000,73152,357.984,WSL030330
2025-04-24,sell,AED,875025,73152.002,6.685,WSL030330
2025-04-24,sell,TRY,1000000,8120,-642.86,WSL030330
2025-04-24,sell,USD,50000,15349,14,WSL030330
2025-04-24,sell,EGP,15000,104.85,-6.528,WSL030330
2025-04-24,sell,INR,2000000,7090,-152.04,WSL030330
2025-04-24,sell,USD,500000,153525,175,WSL030330
2025-04-24,buy,BHD,10000,8131.795,0.895,WSL030330
2025-04-24,buy,EUR,100000,34826.241,-15.791,WSL030330
2025-04-24,buy,EUR,100000,35034.763,-224.313,WSL030330
2025-04-24,buy,GEL,100000,11378.479,327.628,WSL030330
2025-04-24,buy,IDR,100000000,1847.3,170.7,WSL030330
2025-04-24,buy,INR,7000000,24672.991,674.149,WSL030330
2025-04-24,buy,KWD,22151.5,22133.455,18.045,WSL030330
2025-04-24,buy,THB,10000000,92087.09,1419.61,WSL030330
2025-04-24,buy,USD,400000,122721.33,-41.33,WSL030330
2025-04-24,sell,EUR,50000,17612.443,207.218,WSL030330
2025-04-24,sell,EUR,200000,70412.973,792.073,WSL030330
2025-04-24,sell,GBP,150000,61498.658,404.018,WSL030330
2025-04-24,sell,JOD,730,316.194,-0.5,WSL030330
2025-04-24,sell,SAR,3000000,245025.969,-7.311,WSL030330
2025-04-24,sell,USD,8000,2453.2,-0.4,WSL030330
2025-04-24,buy,AED,500000,41796.13,0,WSL030330
2025-04-24,buy,AZN,100000,18223.41,708.689,WSL030330
2025-04-24,sell,AZN,100000,18310.448,-621.651,WSL030330
2025-04-24,sell,CNY,100000,4242.047,-35.498,WSL030330
2025-04-24,sell,GEL,100000,11422.719,-283.388,WSL030330
2025-04-24,sell,PHP,3000000,16459.749,-208.791,WSL030330
2025-04-24,sell,THB,4000000,36874.06,-528.62,WSL030330
2025-04-24,sell,TRY,4000000,32455.026,-2596.414,WSL030330
2025-04-23,sell,CZK,100000,1465,72.376,WSL030330
2025-04-23,sell,TRY,300000,2436,-192,WSL030330
2025-04-23,sell,USD,40000,12280,16,WSL030330
2025-04-23,buy,SAR,600000,48930,60.678,WSL030330
2025-04-23,sell,GEL,2600,300.17,-4.09,WSL030330
2025-04-23,sell,INR,200000,710,-13.966,WSL030330
2025-04-23,sell,INR,200000,710,-13.966,WSL030330
2025-04-23,sell,OMR,1000,796.3,-0.064,WSL030330
2025-04-23,sell,USD,20000,6142,10,WSL030330
2025-04-23,sell,USD,30000,9204,6,WSL030330
2025-04-23,sell,EGP,300000,2034,-192.837,WSL030330
2025-04-23,sell,EUR,20000,7029.19,48.521,WSL030330
2025-04-23,sell,JOD,5000,2168.75,0.322,WSL030330
2025-04-23,sell,PHP,100000,552,-3.437,WSL030330
2025-04-23,sell,USD,30000,9193.5,-4.5,WSL030330
2025-04-23,sell,USD,30000,9193.5,-4.5,WSL030330
2025-04-23,sell,USD,30000,9207,9,WSL030330
2025-04-23,sell,AED,200000,16724,11,WSL030330
2025-04-23,sell,USD,500000,153625,325,WSL030330
2025-04-23,buy,SAR,1250000,101562.5,501.412,WSL030330
2025-04-23,sell,CNY,100000,4245,-31.151,WSL030330
2025-04-23,sell,EGP,2000000,13550,-1295.58,WSL030330
2025-04-23,sell,HKD,100000,3960,9.02,WSL030330
2025-04-23,sell,INR,2000000,7040,-199.66,WSL030330
2025-04-23,sell,LKR,500000,560,-20.68,WSL030330
2025-04-23,sell,USD,10000,3068,2,WSL030330
2025-04-23,buy,USD,500000,153535.5,-235.5,WSL030330
2025-04-23,sell,OMR,2000,1592.8,0.073,WSL030330
2025-04-23,sell,THB,100000,924,-10.762,WSL030330
2025-04-23,sell,TRY,100000,812.5,-63.5,WSL030330
2025-04-23,buy,JOD,200000,86618.768,118.372,WSL030330
2025-04-23,buy,TRY,5000000,40441.955,3358.045,WSL030330
2025-04-23,sell,INR,500000,1775,-34.915,WSL030330
2025-04-23,sell,MYR,50000,3500,-8.009,WSL030330
2025-04-23,sell,USD,30000,9206.4,8.4,WSL030330
2025-04-23,buy,SAR,700000,56875,280.791,WSL030330
2025-04-23,sell,AED,500000,41800,17.5,WSL030330
2025-04-23,sell,TRY,200000,1626,-126,WSL030330
2025-04-23,sell,USD,43822,13448.972,13.147,WSL030330
2025-04-23,sell,EUR,50000,17615,163.328,WSL030330
2025-04-23,sell,USD,200000,61430.4,110.4,WSL030330
2025-04-23,buy,AED,1000000,83517.232,47.768,WSL030330
2025-04-23,buy,EGP,1000000,6628.108,794.682,WSL030330
2025-04-23,buy,HKD,100000,3955.484,-4.453,WSL030330
2025-04-23,buy,USD,1000000,306703.275,-103.275,WSL030330
2025-04-23,buy,CNY,200000,8444.904,107.398,WSL030330
2025-04-23,buy,EGP,3500000,23632.711,2347.054,WSL030330
2025-04-23,buy,EUR,85710,30189.286,-289.397,WSL030330
2025-04-23,buy,MAD,1000000,32033.062,4466.938,WSL030330
2025-04-23,buy,TND,100000,10444.634,313.261,WSL030330
2025-04-23,buy,TRY,3000000,24233.202,2046.798,WSL030330
2025-04-23,buy,TRY,3000000,24297.225,1982.775,WSL030330
2025-04-23,buy,USD,200000,61430.376,-110.376,WSL030330
2025-04-22,buy,GBP,20000,8155,35.125,WSL030330
2025-04-22,sell,BAM,10000,1870,47.679,WSL030330
2025-04-22,sell,AED,25000,2085,-1.059,WSL030330
2025-04-22,sell,USD,20000,6127,4,WSL030330
2025-04-22,sell,EUR,30000,10566,4.744,WSL030330
2025-04-22,sell,USD,100000,30635,20,WSL030330
2025-04-22,sell,USD,100000,30640,25,WSL030330
2025-04-22,sell,IDR,100000000,1855,-159,WSL030330
2025-04-22,sell,INR,1000000,3535,-79.52,WSL030330
2025-04-22,sell,JPY,1000000,2190,8.36,WSL030330
2025-04-22,sell,USD,40000,12258,12,WSL030330
2025-04-22,sell,AZN,10000,1835,-54.815,WSL030330
2025-04-22,sell,EUR,20000,7070,20.59,WSL030330
2025-04-22,sell,KRW,10000000,2170,21.1,WSL030330
2025-04-22,sell,USD,20000,6129,6,WSL030330
2025-04-22,sell,CHF,30000,11460,111.304,WSL030330
2025-04-22,sell,AED,300000,25032,-0.705,WSL030330
2025-04-22,sell,EGP,700000,4760,-428.323,WSL030330
2025-04-22,sell,EUR,70000,24717,44.065,WSL030330
2025-04-22,sell,GBP,50000,20520,35.504,WSL030330
2025-04-22,sell,INR,7000000,24780,-521.64,WSL030330
2025-04-22,sell,JOD,50000,21670,17.541,WSL030330
2025-04-22,sell,PHP,1500000,8280,-39.315,WSL030330
2025-04-22,sell,THB,1000000,9300,-33.9,WSL030330
2025-04-22,sell,TRY,1500000,12210,-910.71,WSL030330
2025-04-22,sell,USD,700000,214739,434,WSL030330
2025-04-22,buy,CHF,50000,19015,-133.17,WSL030330
2025-04-22,buy,EUR,300000,105300,376.857,WSL030330
2025-04-22,buy,GBP,130000,53170,81.731,WSL030330
2025-04-22,buy,TRY,1500000,12195,925.71,WSL030330
2025-04-22,sell,AED,50000,4172.5,0.382,WSL030330
2025-04-22,sell,AED,50000,4175,2.882,WSL030330
2025-04-22,sell,PHP,100000,552,-2.621,WSL030330
2025-04-22,sell,USD,20000,6129,6,WSL030330
2025-04-22,sell,USD,50000,15322.5,15,WSL030330
2025-04-22,sell,JPY,680000,1487,3.165,WSL030330
2025-04-22,buy,SAR,100000,8115,38.129,WSL030330
2025-04-22,buy,EUR,10000,3525,-2.438,WSL030330
2025-04-22,buy,GBP,14000,5726,8.802,WSL030330
2025-04-22,sell,TRY,200000,1668,-81.428,WSL030330
2025-04-22,sell,QAR,500000,41975,122.64,WSL030330
2025-04-22,sell,AZN,20000,3708,-71.63,WSL030330
2025-04-22,sell,USD,71000,21750.85,14.2,WSL030330
2025-04-22,buy,SAR,450000,36495,194.08,WSL030330
2025-04-22,sell,AED,437065,36494.928,25.197,WSL030330
2025-04-22,buy,AED,800000,66715.706,38.174,WSL030330
2025-04-22,buy,INR,7000000,24600.457,701.183,WSL030330
2025-04-22,buy,JOD,10000,4329.562,0.93,WSL030330
2025-04-22,buy,OMR,5000,3975.325,0.649,WSL030330
2025-04-22,buy,USD,700000,214355.708,-50.708,WSL030330
2025-04-22,buy,BDT,5000000,13070.025,973.525,WSL030330
2025-04-22,buy,NPR,1000000,2289.454,261.696,WSL030330
2025-04-22,buy,AED,400000,33348.767,28.173,WSL030330
2025-04-22,buy,INR,5000000,17491.427,581.173,WSL030330
2025-04-22,buy,JPY,2000000,4368.176,1.024,WSL030330
2025-04-22,buy,PHP,3000000,16398.213,240.417,WSL030330
2025-04-22,buy,THB,2000000,18478.718,189.082,WSL030330
2025-04-22,buy,THB,6000000,55037.448,965.952,WSL030330
2025-04-22,sell,USD,9700,2973.05,3.395,WSL030330
2025-04-22,sell,AED,600,50.003,-0.062,WSL030330
2025-04-22,sell,CHF,15000,5682.55,5.396,WSL030330
2025-04-22,sell,EUR,10000,3531.782,1.566,WSL030330
2025-04-22,sell,EUR,50000,17639.013,-12.065,WSL030330
2025-04-22,sell,GBP,15000,6146.641,-14.322,WSL030330
2025-04-22,sell,GBP,40000,16357.984,-71.25,WSL030330
2025-04-22,sell,SAR,3000000,244553.928,-366.072,WSL030330
2025-04-22,sell,USD,3000,918.3,-0.15,WSL030330
2025-04-21,buy,CHF,14750,5413.25,184.476,WSL030330
2025-04-21,buy,GBP,7575,2969.4,138.538,WSL030330
2025-04-21,buy,GBP,40735,16670.799,42.317,WSL030330
2025-04-21,sell,THB,1000000,9220,-5.76,WSL030330
2025-04-21,sell,USD,50000,15345,30,WSL030330
2025-04-21,sell,EUR,10000,3531.5,-9.634,WSL030330
2025-04-21,sell,TRY,160000,1302.4,-118.122,WSL030330
2025-04-21,sell,USD,20000,6138,12,WSL030330
2025-04-21,sell,TRY,300000,2442,-221.478,WSL030330
2025-04-21,sell,EUR,5000,1770.75,2.633,WSL030330
2025-04-21,buy,SAR,450000,36540,216,WSL030330
2025-04-21,sell,AED,300000,25065,20.028,WSL030330
2025-04-21,sell,JOD,5000,2166.5,0.193,WSL030330
2025-04-21,sell,THB,300000,2796,28.272,WSL030330
2025-04-21,sell,TRY,200000,1630,-145.652,WSL030330
2025-04-21,sell,USD,15920,4882.664,6.368,WSL030330
2025-04-21,sell,EUR,50000,17500,-204.14,WSL030330
2025-04-21,sell,MYR,20000,1400,-1.831,WSL030330
2025-04-21,sell,BHD,3000,2440.5,3.875,WSL030330
2025-04-21,sell,JOD,20000,8676,10.773,WSL030330
2025-04-21,sell,THB,500000,4615,2.12,WSL030330
2025-04-21,sell,THB,1000000,9230,4.24,WSL030330
2025-04-21,sell,TRY,60000,487.8,-44.896,WSL030330
2025-04-21,sell,TRY,500000,4065,-374.13,WSL030330
2025-04-21,sell,USD,10000,3069,6,WSL030330
2025-04-21,sell,USD,50000,15332.5,17.5,WSL030330
2025-04-21,sell,TRY,300000,2442,-221.478,WSL030330
2025-04-21,buy,USD,500000,153354.685,-204.685,WSL030330
2025-04-21,sell,USD,500000,153350,200,WSL030330
2025-04-21,sell,TRY,25000,208.5,-13.456,WSL030330
2025-04-20,sell,IQD,20000000,4310,-72.2,WSL030330
2025-04-20,sell,USD,30000,9219,16.5,WSL030330
2025-04-20,sell,GEL,10000,1148,-22.802,WSL030330
2025-04-20,buy,JOD,80000,34692,19.83,WSL030330
2025-04-20,sell,AED,20000,1672.6,0.482,WSL030330
2025-04-20,sell,IQD,5000000,1080,-15.55,WSL030330
2025-04-20,sell,USD,20000,6142,7,WSL030330
2025-04-20,sell,USD,20000,6142,7,WSL030330
2025-04-20,sell,USD,50000,15360,22.5,WSL030330
2025-04-20,buy,EUR,50000,17487.5,-11.952,WSL030330
2025-04-20,sell,TRY,100000,814,-75.13,WSL030330
2025-04-20,sell,HKD,64000,2537.6,8.485,WSL030330
2025-04-20,sell,IQD,75000000,16087.5,-345.75,WSL030330
2025-04-20,sell,USD,100000,30710,35,WSL030330
2025-04-20,buy,SAR,900000,73260,360,WSL030330
2025-04-20,sell,AED,876000,73259.88,21.12,WSL030330
2025-04-20,sell,THB,1000000,9230,-9.31,WSL030330
2025-04-20,sell,USD,70000,21490,17.5,WSL030330
2025-04-20,buy,AED,400000,33442.355,0.001,WSL030330
2025-04-20,buy,AZN,100000,18226.381,708.804,WSL030330
2025-04-20,sell,EGP,2000000,13817.567,-1035.273,WSL030330
2025-04-20,sell,EUR,500000,175062.2,306.725,WSL030330
2025-04-20,sell,EUR,20000,7000,9.781,WSL030330
2025-04-20,sell,USD,65000,19955,16.25,WSL030330
2025-04-20,sell,EUR,100000,35000,48.905,WSL030330
2025-04-20,sell,USD,200000,61400,50,WSL030330
2025-04-20,buy,AED,800000,66846.478,38.234,WSL030330
2025-04-20,buy,EGP,2500000,17019.978,1546.072,WSL030330
2025-04-20,buy,EUR,150000,52445.7,-19.058,WSL030330
2025-04-20,buy,GBP,30000,12221.688,18.557,WSL030330
2025-04-20,buy,KWD,20000,19973.95,26.05,WSL030330
2025-04-20,buy,USD,820000,251569.448,-34.448,WSL030330
2025-04-20,buy,AED,500000,41784.741,18.204,WSL030330
2025-04-20,buy,EUR,100000,34905.527,45.568,WSL030330
2025-04-20,buy,EUR,200000,69952.136,-49.946,WSL030330
2025-04-20,buy,EUR,400000,140002.416,-198.036,WSL030330
2025-04-20,buy,GEL,50000,5700.744,153.264,WSL030330
2025-04-20,buy,IQD,95336250,20305.287,583.839,WSL030330
2025-04-20,buy,KWD,9164.75,9155.794,8.956,WSL030330
2025-04-19,buy,GBP,15000,6090,34.113,WSL030330
2025-04-19,sell,CZK,60000,870,32.102,WSL030330
2025-04-19,sell,CZK,40000,580,21.401,WSL030330
2025-04-19,sell,USD,100000,30725,30,WSL030330
2025-04-19,sell,SGD,10000,2343,1.122,WSL030330
2025-04-19,sell,EUR,34800,12180,9.089,WSL030330
2025-04-19,buy,GBP,30000,12180,68.226,WSL030330
2025-04-19,sell,THB,100000,923.5,-1.033,WSL030330
2025-04-19,sell,KRW,7640000,1657.849,10.589,WSL030330
2025-04-19,sell,GEL,10000,1149,-22.565,WSL030330
2025-04-19,sell,TRY,100000,816.5,-73.21,WSL030330
2025-04-19,sell,USD,50000,15360,12.5,WSL030330
2025-04-19,sell,AZN,30000,5505,-179.259,WSL030330
2025-04-19,sell,CNY,20000,849.6,-6.606,WSL030330
2025-04-19,sell,THB,500000,4625,2.335,WSL030330
2025-04-19,sell,USD,30000,9216,7.5,WSL030330
2025-04-19,sell,AZN,5000,917,-30.377,WSL030330
2025-04-19,sell,EUR,15000,5242.5,-3.582,WSL030330
2025-04-19,sell,USD,70000,21497,10.5,WSL030330
2025-04-19,sell,AED,40000,3346,-0.416,WSL030330
2025-04-19,sell,TRY,50000,407.75,-37.105,WSL030330
2025-04-19,sell,USD,50000,15355,7.5,WSL030330
2025-04-19,sell,EGP,60000,411,-34.876,WSL030330
2025-04-19,sell,EUR,10000,3500,2.612,WSL030330
2025-04-19,sell,INR,100000,354,-8.397,WSL030330
2025-04-19,sell,JOD,2500,1085,-0.452,WSL030330
2025-04-19,sell,THB,200000,1849,-0.066,WSL030330
2025-04-19,sell,TRY,40000,326.4,-29.484,WSL030330
2025-04-19,sell,USD,50000,15360,12.5,WSL030330
2025-04-19,sell,AED,290000,24270.1,8.584,WSL030330
2025-04-19,sell,CNY,20000,850,-6.206,WSL030330
2025-04-19,sell,JOD,2000,868,-0.362,WSL030330
2025-04-19,sell,OMR,2000,1596,1.455,WSL030330
2025-04-19,sell,USD,16197,4975.702,4.033,WSL030330
2025-04-19,buy,SAR,400000,32560,181.332,WSL030330
2025-04-19,sell,USD,10000,3072.5,3,WSL030330
2025-04-17,sell,INR,500000,1770,-41.985,WSL030330
2025-04-17,sell,THB,2000000,18500,9.34,WSL030330
2025-04-17,buy,MAD,200000,6500,808.334,WSL030330
2025-04-17,sell,JPY,600000,1299,9.384,WSL030330
2025-04-17,sell,TRY,1000000,8150,-747.1,WSL030330
2025-04-17,sell,USD,50000,15362.5,15,WSL030330
2025-04-17,sell,EGP,100000,685,-58.126,WSL030330
2025-04-17,sell,TRY,300000,2446.5,-222.63,WSL030330
2025-04-17,sell,EGP,300000,2055,-174.378,WSL030330
2025-04-17,sell,USD,80000,24580,24,WSL030330
2025-04-17,sell,JOD,20000,8680,-3.616,WSL030330
2025-04-17,sell,THB,500000,4625,2.335,WSL030330
2025-04-17,sell,AED,50000,4185,1.98,WSL030330
2025-04-17,sell,BHD,2000,1629,1.136,WSL030330
2025-04-17,sell,CNY,20000,850,-6.206,WSL030330
2025-04-17,sell,EUR,10000,3495,4.365,WSL030330
2025-04-17,sell,JOD,10000,4342.5,0.692,WSL030330
2025-04-17,sell,THB,100000,926,1.467,WSL030330
2025-04-17,sell,TRY,100000,816,-73.71,WSL030330
2025-04-17,sell,USD,100000,30725,30,WSL030330
2025-04-17,sell,JOD,5000,2167.5,-3.404,WSL030330
2025-04-17,sell,PHP,100000,551,-5.071,WSL030330
2025-04-17,sell,USD,50000,15357.5,10,WSL030330
2025-04-17,sell,TRY,300000,2446.5,-222.63,WSL030330
2025-04-17,sell,PHP,100000,551,-5.071,WSL030330
2025-04-17,sell,THB,100000,925,0.467,WSL030330
2025-04-17,sell,USD,10000,3074,4.5,WSL030330
2025-04-17,sell,USD,50000,15357.5,10,WSL030330
2025-04-17,buy,EUR,100000,34915.5,-45.98,WSL030330
2025-04-17,sell,AED,400000,33476,11.84,WSL030330
2025-04-17,sell,CNY,30000,1275,-9.31,WSL030330
2025-04-17,sell,THB,300000,2778,4.401,WSL030330
2025-04-17,sell,USD,58008,17822.999,17.443,WSL030330
2025-04-17,buy,SAR,680000,55352,308.264,WSL030330
2025-04-17,sell,THB,100000,925.5,0.967,WSL030330
2025-04-17,sell,TRY,25000,208.75,-13.678,WSL030330
2025-04-17,sell,USD,10000,3071,1.5,WSL030330
2025-04-17,sell,EGP,500000,3450,-265.63,WSL030330
2025-04-17,sell,THB,500000,4645,22.335,WSL030330
2025-04-17,sell,GBP,150000,60775.407,-74.361,WSL030330
2025-04-17,sell,SAR,1400000,114377.745,-216.917,WSL030330
2025-04-17,sell,TRY,75000,625.5,-41.782,WSL030330
2025-04-16,sell,BAM,4000,729,-1.833,WSL030330
2025-04-16,sell,CZK,100000,1435,41.103,WSL030330
2025-04-16,sell,JPY,1000000,2160,10.04,WSL030330
2025-04-16,sell,CNY,50000,2122.5,-18.016,WSL030330
2025-04-16,sell,CZK,200000,2850,60.56,WSL030330
2025-04-16,sell,TRY,200000,1631,-148.42,WSL030330
2025-04-16,sell,USD,30000,9217.5,9,WSL030330
2025-04-16,sell,USD,5000,1537.5,2.75,WSL030330
2025-04-16,sell,EUR,10000,3499,9.285,WSL030330
2025-04-16,sell,EUR,40000,13884.152,-74.706,WSL030330
2025-04-16,sell,INR,200000,706,-18.794,WSL030330
2025-04-16,sell,THB,400000,3700,1.868,WSL030330
2025-04-16,sell,TRY,100000,816,-73.71,WSL030330
2025-04-16,sell,USD,40000,12290,12,WSL030330
2025-04-16,sell,USD,9500,2918.875,2.85,WSL030330
2025-04-16,sell,TRY,200000,1630,-149.42,WSL030330
2025-04-16,sell,GEL,8000,918.4,-18.852,WSL030330
2025-04-16,buy,IQD,10000000,2160,32.5,WSL030330
2025-04-16,buy,SAR,790000,64424.5,239.631,WSL030330
2025-04-16,sell,CAD,9200,2033.2,3.633,WSL030330
2025-04-16,sell,JOD,5000,2170,-0.904,WSL030330
2025-04-16,sell,THB,89000,822.36,-0.474,WSL030330
2025-04-16,sell,AED,584300,48900,17.228,WSL030330
2025-04-16,buy,SAR,600000,48900,211.998,WSL030330
2025-04-16,sell,EGP,200000,1380,-106.252,WSL030330
2025-04-16,buy,BHD,11110,9032.209,10.574,WSL030330
2025-04-16,buy,CNY,200000,8477.9,84.164,WSL030330
2025-04-16,buy,IDR,100000000,1865.09,153.91,WSL030330
2025-04-16,buy,KWD,6853,6839.628,13.372,WSL030330
2025-04-16,buy,OMR,10000,7969.359,3.368,WSL030330
2025-04-16,buy,PHP,8000000,43842.848,642.832,WSL030330
2025-04-16,buy,THB,2000000,18377.24,113.42,WSL030330
2025-04-16,buy,CZK,500000,7087.76,-125.23,WSL030330
2025-04-16,buy,GEL,200000,22708.102,723.196,WSL030330
2025-04-16,buy,JOD,100000,43380.315,37.763,WSL030330
2025-04-16,buy,KWD,95050,94941.725,108.275,WSL030330
2025-04-16,buy,PLN,30000,2435.714,-0.183,WSL030330
2025-04-16,buy,USD,300000,92134.449,-49.449,WSL030330
2025-04-16,buy,AED,200000,16722.517,9.563,WSL030330
2025-04-16,buy,EUR,100000,34857.702,73.208,WSL030330
2025-04-16,buy,INR,7500000,26640.623,539.152,WSL030330
2025-04-16,buy,LKR,1000000,1128.309,34.381,WSL030330
2025-04-16,buy,USD,1000000,307022.76,-72.76,WSL030330
2025-04-15,buy,GBP,100000,40375,223.151,WSL030330
2025-04-15,buy,GBP,132000,53380.8,208.759,WSL030330
2025-04-15,buy,SAR,400000,32620,132,WSL030330
2025-04-15,sell,AZN,10000,1836,-59.37,WSL030330
2025-04-15,sell,BAM,6000,1093.5,22.395,WSL030330
2025-04-15,sell,USD,9500,2920.3,3.325,WSL030330
2025-04-15,sell,IDR,70000000,1326.5,-87.5,WSL030330
2025-04-15,sell,USD,50000,15370,17.5,WSL030330
2025-04-15,sell,BHD,2000,1629,0.606,WSL030330
2025-04-15,sell,CNY,30000,1274.4,-10.328,WSL030330
2025-04-15,sell,JOD,5000,2171.25,-0.361,WSL030330
2025-04-15,sell,PHP,40000,220.8,-1.701,WSL030330
2025-04-15,sell,THB,200000,1844,-5.67,WSL030330
2025-04-15,sell,TRY,50000,409,-36,WSL030330
2025-04-15,sell,USD,30000,9220.5,9,WSL030330
2025-04-15,sell,USD,50000,15370,17.5,WSL030330
2025-04-15,sell,EUR,16000,5587.2,8.224,WSL030330
2025-04-15,sell,JOD,1000,434.5,0.178,WSL030330
2025-04-15,sell,TRY,160000,1309.6,-114.4,WSL030330
2025-04-15,sell,USD,10000,3076,5.5,WSL030330
2025-04-15,sell,SAR,15000,1227.75,-0.45,WSL030330
2025-04-15,sell,AED,300000,25095,-11.295,WSL030330
2025-04-15,sell,BHD,10000,8141,-0.971,WSL030330
2025-04-15,sell,EUR,50000,17520,119.476,WSL030330
2025-04-15,sell,INR,5000000,17875,-250.75,WSL030330
2025-04-15,sell,PHP,1500000,8205,-138.78,WSL030330
2025-04-15,sell,TRY,500000,4092.5,-357.5,WSL030330
2025-04-15,sell,USD,300000,92250,135,WSL030330
2025-04-15,sell,CAD,80000,17637.343,-68.993,WSL030330
2025-04-15,sell,EUR,600000,208845.96,39.678,WSL030330
2025-04-15,sell,USD,1400,428.94,-0.93,WSL030330
2025-04-15,sell,CHF,50000,19200,408.69,WSL030330
2025-04-14,buy,CHF,50000,18837.5,11.487,WSL030330
2025-04-14,sell,TRY,200000,1636,-144,WSL030330
2025-04-14,sell,USD,30000,9220.5,9,WSL030330
2025-04-14,sell,AZN,30000,5505,-181.111,WSL030330
2025-04-14,sell,EUR,30000,10500,9.023,WSL030330
2025-04-14,sell,GBP,20000,8080,-9.539,WSL030330
2025-04-14,sell,JOD,15000,6513.75,-1.083,WSL030330
2025-04-14,sell,TRY,500000,4085,-365,WSL030330
2025-04-14,sell,THB,100000,923,-1.835,WSL030330
2025-04-14,sell,USD,30000,9219,7.5,WSL030330
2025-04-14,sell,USD,400000,122920,100,WSL030330
2025-04-14,sell,USD,400000,123020,200,WSL030330
2025-04-14,sell,CNY,30000,1272,-12.728,WSL030330
2025-04-14,sell,JOD,10000,4341.5,-1.722,WSL030330
2025-04-14,sell,USD,10000,3072.5,2,WSL030330
2025-04-14,sell,USD,9700,2981.78,3.395,WSL030330
2025-04-14,buy,GBP,100000,40450,-33.008,WSL030330
2025-04-14,buy,AZN,70000,12774.74,492.853,WSL030330
2025-04-14,sell,USD,500000,153650,125,WSL030330
2025-04-14,sell,THB,500000,4610,-14.175,WSL030330
2025-04-14,sell,EGP,50000,349.5,-22.184,WSL030330
2025-04-14,sell,TRY,50000,417,-28,WSL030330
2025-04-14,buy,USD,50,15.2,0.152,WSL030330
2025-04-14,buy,USD,250,76,0.762,WSL030330
2025-04-14,buy,USD,450,136.8,1.372,WSL030330
2025-04-14,buy,AED,1100,91.466,0.59,WSL030330
2025-04-14,buy,USD,50,15.2,0.152,WSL030330
2025-04-14,buy,USD,100,30.4,0.305,WSL030330
2025-04-14,buy,AED,35,2.91,0.019,WSL030330
2025-04-14,buy,AED,1000,83.151,0.537,WSL030330
2025-04-13,buy,EUR,50000,17362.5,50.306,WSL030330
2025-04-13,sell,EGP,15000,105,-6.505,WSL030330
2025-04-13,sell,JOD,5000,2172.5,0.889,WSL030330
2025-04-13,sell,USD,130000,39962,45.5,WSL030330
2025-04-13,buy,EUR,110000,38203,105.172,WSL030330
2025-04-13,sell,USD,30000,9219,7.5,WSL030330
2025-04-13,sell,CNY,100000,4240,-42.427,WSL030330
2025-04-13,sell,MYR,30000,2103,-4.895,WSL030330
2025-04-13,sell,OMR,5000,3990,2.338,WSL030330
2025-04-13,sell,TRY,500000,4097.5,-352.5,WSL030330
2025-04-13,sell,PHP,1600000,8768,-132.032,WSL030330
2025-04-13,sell,AED,30000,2510.7,0.07,WSL030330
2025-04-13,sell,JOD,2000,868.6,-0.044,WSL030330
2025-04-13,sell,SAR,30000,2448,-8.4,WSL030330
2025-04-13,sell,TRY,50000,408.5,-36.5,WSL030330
2025-04-13,sell,USD,50000,15365,12.5,WSL030330
2025-04-13,sell,USD,50000,15365,12.5,WSL030330
2025-04-13,sell,AZN,10900,2000.15,-65.804,WSL030330
2025-04-13,sell,INR,200000,708,-17.03,WSL030330
2025-04-13,sell,JOD,5000,2171.5,-0.111,WSL030330
2025-04-13,sell,MYR,10000,701.5,-1.132,WSL030330
2025-04-13,sell,TRY,122250,998.783,-89.242,WSL030330
2025-04-13,sell,USD,20000,6146,5,WSL030330
2025-04-13,sell,JOD,20000,8690,3.556,WSL030330
2025-04-13,buy,CAD,100000,21975,127.649,WSL030330
2025-04-13,buy,EUR,600000,208380,573.666,WSL030330
2025-04-13,sell,INR,350000,1242.5,-26.302,WSL030330
2025-04-13,sell,AZN,30000,5508,-178.111,WSL030330
2025-04-13,sell,USD,2000,614.8,0.7,WSL030330
2025-04-13,sell,TRY,500000,4250,-200,WSL030330
2025-04-13,buy,AZN,100000,18249.63,704.074,WSL030330
2025-04-13,buy,SAR,2150,174.15,1.892,WSL030330
2025-04-13,buy,USD,400,121.6,1.22,WSL030330
2025-04-13,buy,AZN,60000,10970.816,401.406,WSL030330
2025-04-13,buy,EUR,50000,17437.6,-24.794,WSL030330
2025-04-13,buy,HKD,50000,1980.645,-1.363,WSL030330
2025-04-13,buy,INR,1000000,3492.605,132.545,WSL030330
2025-04-13,buy,INR,4000000,13891.404,609.196,WSL030330
2025-04-13,buy,USD,1000000,307107.45,-57.45,WSL030330
2025-04-13,buy,AED,500000,41802.832,40.993,WSL030330
2025-04-13,buy,BHD,3840,3122.861,3.656,WSL030330
2025-04-13,buy,CNY,500000,20961.354,450.781,WSL030330
2025-04-13,buy,IDR,100000000,1860.6,159.4,WSL030330
2025-04-13,buy,INR,5000000,17344.625,781.125,WSL030330
2025-04-13,buy,KRW,20000000,4234.48,93.52,WSL030330
2025-04-13,buy,MYR,150000,10376.295,163.179,WSL030330
2025-04-13,buy,PHP,3000000,16272.081,415.479,WSL030330
2025-04-13,buy,PHP,4000000,21676.964,573.116,WSL030330
2025-04-13,buy,SGD,20000,4588.939,67.214,WSL030330
2025-04-13,buy,THB,2000000,17848.832,647.868,WSL030330
2025-04-13,buy,THB,3000000,26657.019,1088.031,WSL030330
2025-04-13,buy,THB,3000000,26695.644,1049.406,WSL030330
2025-04-13,buy,VND,100000000,1194.6,-4.6,WSL030330
2025-04-13,sell,NZD,3250,568.75,-13.033,WSL030330
2025-04-12,sell,JOD,20000,8700,-7.662,WSL030330
2025-04-12,sell,THB,500000,4535,-100.47,WSL030330
2025-04-12,sell,HKD,50000,1993.5,9.383,WSL030330
2025-04-12,sell,TRY,300000,2460,-216.522,WSL030330
2025-04-12,sell,USD,20000,6149,-7,WSL030330
2025-04-12,sell,CHF,7000,2579.5,-61.912,WSL030330
2025-04-12,sell,BDT,100000,272,-10.385,WSL030330
2025-04-12,sell,JOD,5000,2175,-1.916,WSL030330
2025-04-12,sell,PHP,20000,109.8,-1.722,WSL030330
2025-04-12,sell,TRY,100000,821,-71.174,WSL030330
2025-04-12,sell,EGP,14000,97.86,-6.466,WSL030330
2025-04-12,sell,TRY,90000,738.9,-64.057,WSL030330
2025-04-12,sell,JOD,5000,2175,-1.916,WSL030330
2025-04-12,sell,TRY,100000,821,-71.174,WSL030330
2025-04-12,sell,USD,100000,30760,-20,WSL030330
2025-04-12,sell,AZN,100000,18354.204,-645.796,WSL030330
2025-04-12,sell,EGP,2000000,14054.794,-848.886,WSL030330
2025-04-12,sell,GEL,100000,11429.632,-229.459,WSL030330
2025-04-10,buy,EGP,2000000,13650,1253.68,WSL030330
2025-04-10,sell,USD,100000,30800,20,WSL030330
2025-04-10,sell,INR,400000,1404,-61.708,WSL030330
2025-04-10,sell,AZN,10000,1835,-65,WSL030330
2025-04-10,sell,NZD,2000,349.6,-1.723,WSL030330
2025-04-10,sell,THB,700000,6310.5,-179.158,WSL030330
2025-04-10,sell,INR,200000,700,-32.854,WSL030330
2025-04-10,sell,TRY,400000,3284,-284.696,WSL030330
2025-04-10,sell,USD,80000,24648,24,WSL030330
2025-04-10,sell,AZN,20000,3672,-128,WSL030330
2025-04-10,sell,GEL,20000,2300,-31.818,WSL030330
2025-04-10,sell,TRY,500000,4100,-360.87,WSL030330
2025-04-10,sell,GBP,10000,3950,-11.386,WSL030330
2025-04-10,sell,THB,500000,4500,-135.47,WSL030330
2025-04-10,sell,USD,20000,6162,6,WSL030330
2025-04-10,sell,USD,30000,9231,-3,WSL030330
2025-04-10,sell,EUR,50000,16917.5,-83.833,WSL030330
2025-04-10,sell,INR,5000000,17450,-871.35,WSL030330
2025-04-10,sell,JOD,30000,13065,3.507,WSL030330
2025-04-10,sell,PHP,2000000,10900,-252.2,WSL030330
2025-04-10,sell,SAR,300000,24600,-24,WSL030330
2025-04-10,sell,TRY,600000,4920,-433.044,WSL030330
2025-04-10,buy,EGP,2000000,13700,1203.68,WSL030330
2025-04-10,buy,MAD,200000,6400,928.572,WSL030330
2025-04-10,buy,SAR,250000,20437.5,82.5,WSL030330
2025-04-10,sell,USD,20000,6160,4,WSL030330
2025-04-10,sell,TRY,140000,1146.6,-102.444,WSL030330
2025-04-10,sell,BHD,1200,979.8,0.377,WSL030330
2025-04-10,sell,JOD,2000,871,0.234,WSL030330
2025-04-10,sell,TRY,100000,824,-68.174,WSL030330
2025-04-10,sell,AZN,15000,2752.5,-97.5,WSL030330
2025-04-10,sell,EUR,5000,1692,-6.286,WSL030330
2025-04-10,sell,JOD,5000,2177,0.084,WSL030330
2025-04-10,sell,THB,200000,1810,-44.188,WSL030330
2025-04-10,sell,USD,40000,12320,8,WSL030330
2025-04-10,sell,QAR,300000,25335,-19.2,WSL030330
2025-04-10,sell,AZN,10000,1836,-64,WSL030330
2025-04-10,sell,CZK,100000,1395,43.043,WSL030330
2025-04-10,sell,GEL,20000,2298,-33.818,WSL030330
2025-04-10,sell,IDR,200000000,3780,-270,WSL030330
2025-04-10,sell,THB,1000000,9030,-240.94,WSL030330
2025-04-10,sell,TRY,300000,2460,-216.522,WSL030330
2025-04-10,sell,USD,15000,4621.5,4.5,WSL030330
2025-04-10,sell,USD,50000,15405,15,WSL030330
2025-04-10,sell,INR,1000000,3500,-164.27,WSL030330
2025-04-10,sell,USD,100000,30810,30,WSL030330
2025-04-10,sell,PHP,400000,2192,-38.44,WSL030330
2025-04-10,sell,EGP,2000000,13990.909,-912.771,WSL030330
2025-04-10,sell,LKR,800000,1005.061,72.333,WSL030330
2025-04-10,sell,USD,30000,9243,9,WSL030330
2025-04-10,sell,CNY,22000,937.2,-7.235,WSL030330
2025-04-10,sell,JOD,5000,2177,0.084,WSL030330
2025-04-10,sell,THB,200000,1810,-44.188,WSL030330
2025-04-10,sell,USD,30000,9240,6,WSL030330
2025-04-10,sell,TRY,225000,1842.75,-164.642,WSL030330
2025-04-10,sell,JOD,5000,2175,-1.916,WSL030330
2025-04-10,sell,USD,60000,18480,12,WSL030330
2025-04-10,sell,EGP,200000,1380,-110.368,WSL030330
2025-04-10,sell,AED,2505,209.887,-0.263,WSL030330
2025-04-10,sell,CHF,80000,29084.465,230.469,WSL030330
2025-04-10,sell,EGP,375000,2564.583,-229.857,WSL030330
2025-04-10,sell,EUR,400000,135902.4,630.456,WSL030330
2025-04-10,sell,GBP,20000,7891.941,-17.903,WSL030330
2025-04-10,sell,JOD,500,215.965,-1.727,WSL030330
2025-04-10,sell,OMR,1000,798.107,-1.374,WSL030330
2025-04-10,sell,SAR,800000,65513.571,-150.429,WSL030330
2025-04-10,sell,TND,410,38.824,-7.066,WSL030330
2025-04-10,sell,USD,6500,1995.374,-5.326,WSL030330
2025-04-10,sell,USD,250000,76995,45,WSL030330
2025-04-10,buy,CHF,20000,7265,-51.501,WSL030330
2025-04-10,buy,EGP,375000,2512.5,281.94,WSL030330
2025-04-10,buy,AZN,50000,9144.385,355.615,WSL030330
2025-04-10,buy,AZN,150000,27400.593,1099.407,WSL030330
2025-04-10,buy,EUR,50000,16918.227,-21.546,WSL030330
2025-04-10,buy,JOD,100000,43485.075,53.235,WSL030330
2025-04-10,buy,KWD,115000,115074.785,-74.785,WSL030330
2025-04-10,buy,TRY,2000000,16296.002,1547.478,WSL030330
2025-04-10,buy,TRY,6000000,48900.954,4629.486,WSL030330
2025-04-10,sell,CHF,200000,73700,1581.912,WSL030330
2025-04-10,sell,GBP,20000,8112,195.384,WSL030330
2025-04-09,sell,AZN,20000,3684,-111.062,WSL030330
2025-04-09,sell,BAM,20000,3550,-24.419,WSL030330
2025-04-09,sell,MYR,30000,2094,-16.298,WSL030330
2025-04-09,sell,THB,1500000,13500,-388.335,WSL030330
2025-04-09,sell,VND,100000000,1210,29,WSL030330
2025-04-09,sell,THB,2000000,18000,-517.78,WSL030330
2025-04-09,sell,MYR,30000,2098.5,-11.798,WSL030330
2025-04-09,sell,PHP,100000,549,-7.886,WSL030330
2025-04-09,sell,THB,1000000,9000,-258.89,WSL030330
2025-04-09,sell,JOD,5500,2394.15,2.655,WSL030330
2025-04-09,sell,OMR,1000,798.5,0.058,WSL030330
2025-04-09,sell,TRY,200000,1648,-134.028,WSL030330
2025-04-09,sell,JOD,10000,4354,5.827,WSL030330
2025-04-09,sell,USD,20000,6154,6,WSL030330
2025-04-09,sell,EUR,60000,20242.26,-92.25,WSL030330
2025-04-09,sell,BAM,5000,900,6.395,WSL030330
2025-04-09,sell,GEL,10000,1149,-15.394,WSL030330
2025-04-09,buy,CHF,100000,36000,447.712,WSL030330
2025-04-09,buy,EUR,400000,135440,123.4,WSL030330
2025-04-09,sell,INR,150000,525,-23.925,WSL030330
2025-04-09,sell,USD,8000,2461.6,2.4,WSL030330
2025-04-09,sell,THB,300000,2704.5,-73.167,WSL030330
2025-04-09,sell,USD,110000,33836,22,WSL030330
2025-04-09,sell,THB,1000000,9000,-258.89,WSL030330
2025-04-09,sell,VND,100000000,1215,35,WSL030330
2025-04-09,sell,AED,2000000,167566.09,-0.01,WSL030330
2025-04-09,buy,CHF,200000,72573.79,512.278,WSL030330
2025-04-09,buy,AUD,20000,3726.311,-54.111,WSL030330
2025-04-09,buy,INR,8000000,27720.4,1555.6,WSL030330
2025-04-09,buy,NZD,10000,1731.917,-29.536,WSL030330
2025-04-09,buy,SGD,20000,4566.865,-11.779,WSL030330
2025-04-09,buy,THB,1500000,13413.588,474.747,WSL030330
2025-04-09,buy,CAD,20000,4342.635,-23.096,WSL030330
2025-04-09,buy,CZK,150000,2072.022,-48.234,WSL030330
2025-04-09,buy,EUR,50000,16850.464,150.293,WSL030330
2025-04-09,buy,EUR,100000,33731.663,269.851,WSL030330
2025-04-09,buy,GBP,50000,19668.863,66.217,WSL030330
2025-04-09,buy,GBP,50000,19670.4,64.68,WSL030330
2025-04-09,buy,THB,4000000,35759.164,1276.396,WSL030330
2025-04-09,buy,USD,570042,175254.794,-23.883,WSL030330
2025-04-08,sell,INR,500000,1750,-83.025,WSL030330
2025-04-08,sell,SAR,15000,1232.25,0.45,WSL030330
2025-04-08,sell,USD,30000,9249,10.5,WSL030330
2025-04-08,sell,CAD,10,2.17,-0.004,WSL030330
2025-04-08,sell,CAD,12000,2605.22,-3.973,WSL030330
2025-04-08,sell,JOD,15000,6535.5,1.571,WSL030330
2025-04-08,sell,AZN,10000,1842,-58.926,WSL030330
2025-04-08,sell,CNY,20000,855,-3.996,WSL030330
2025-04-08,sell,PHP,100000,549,-8.882,WSL030330
2025-04-08,sell,THB,400000,3620,-90.18,WSL030330
2025-04-08,sell,USD,50000,15415,17.5,WSL030330
2025-04-08,sell,PHP,150000,823.5,-13.323,WSL030330
2025-04-08,sell,THB,100000,906.5,-21.045,WSL030330
2025-04-08,sell,CNY,100000,4270,-24.979,WSL030330
2025-04-08,sell,PHP,200000,1098,-17.764,WSL030330
2025-04-08,sell,THB,1000000,9040,-235.45,WSL030330
2025-04-08,sell,USD,30000,9249,10.5,WSL030330
2025-04-08,sell,TRY,150000,1239,-99.914,WSL030330
2025-04-08,sell,EGP,300000,2067,-169.641,WSL030330
2025-04-08,sell,JOD,10000,4356,0.047,WSL030330
2025-04-08,sell,THB,1500000,13545,-368.175,WSL030330
2025-04-08,sell,AZN,20000,3684,-117.852,WSL030330
2025-04-08,sell,INR,100000,350,-16.605,WSL030330
2025-04-08,sell,JOD,10000,4356,0.047,WSL030330
2025-04-08,sell,PHP,200000,1096,-19.764,WSL030330
2025-04-08,sell,THB,300000,2712,-70.635,WSL030330
2025-04-08,sell,USD,40000,12336,18,WSL030330
2025-04-08,sell,INR,100000,352,-14.605,WSL030330
2025-04-08,sell,AZN,10000,1841.5,-59.426,WSL030330
2025-04-08,sell,LKR,200000,226,-7.296,WSL030330
2025-04-08,sell,EGP,1000000,7063.073,-392.397,WSL030330
2025-04-08,sell,BDT,1000000,2770,-55.23,WSL030330
2025-04-08,sell,INR,5000000,17450,-880.25,WSL030330
2025-04-08,sell,PHP,2000000,10940,-217.64,WSL030330
2025-04-08,sell,THB,1000000,9000,-275.45,WSL030330
2025-04-08,sell,TRY,1000000,8200,-726.09,WSL030330
2025-04-08,buy,BHD,3252,2652.426,3.104,WSL030330
2025-04-08,buy,CNY,140000,5937.465,75.506,WSL030330
2025-04-08,buy,THB,5000000,45439.775,937.475,WSL030330
2025-04-08,buy,THB,8000000,71771.539,2432.061,WSL030330
2025-04-08,sell,PHP,10000,55.3,-0.488,WSL030330
2025-04-07,sell,BHD,2000,1634.5,2.128,WSL030330
2025-04-07,sell,TRY,3000000,24630,-2135.22,WSL030330
2025-04-07,sell,USD,20000,6168,12,WSL030330
2025-04-07,sell,USD,30000,9249,15,WSL030330
2025-04-07,sell,BAM,20000,3550,-29.07,WSL030330
2025-04-07,sell,INR,500000,1750,-82.135,WSL030330
2025-04-07,sell,JOD,5000,2177.5,0.584,WSL030330
2025-04-07,buy,EGP,160000,1104,88.294,WSL030330
2025-04-07,sell,EUR,60000,20280,-27.413,WSL030330
2025-04-07,buy,EGP,4000000,27500,2307.36,WSL030330
2025-04-07,sell,USD,20000,6165,9,WSL030330
2025-04-07,sell,USD,15000,4623.75,6.75,WSL030330
2025-04-07,sell,AED,50000,4197.5,2.896,WSL030330
2025-04-07,sell,GEL,10000,1149,-16.909,WSL030330
2025-04-07,sell,INR,200000,700,-32.854,WSL030330
2025-04-07,sell,JOD,5000,2177.5,0.584,WSL030330
2025-04-07,sell,PHP,200000,1100,-15.22,WSL030330
2025-04-07,sell,USD,200000,61650,90,WSL030330
2025-04-07,sell,AZN,30000,5514,-186,WSL030330
2025-04-07,sell,GEL,20000,2296,-35.818,WSL030330
2025-04-07,sell,JOD,20000,8710,2.338,WSL030330
2025-04-07,sell,EGP,2500000,17649.083,-980.517,WSL030330
2025-04-07,sell,JOD,2500,1086.25,-2.208,WSL030330
2025-04-07,sell,BDT,100000,276,-6.385,WSL030330
2025-04-07,sell,BHD,1000,815.5,-0.686,WSL030330
2025-04-07,sell,PHP,100000,549,-8.61,WSL030330
2025-04-07,sell,TRY,400000,3304,-264.696,WSL030330
2025-04-07,sell,JPY,260000,553.8,3.476,WSL030330
2025-04-07,sell,TRY,100000,826,-66.174,WSL030330
2025-04-07,sell,CNY,30000,1281,-6.866,WSL030330
2025-04-07,sell,OMR,1000,799,-0.481,WSL030330
2025-04-07,buy,EGP,1200000,8134.361,807.847,WSL030330
2025-04-07,buy,GBP,25000,9963.406,-29.93,WSL030330
2025-04-07,buy,JOD,200000,86970.15,106.47,WSL030330
2025-04-07,buy,OMR,10000,7986.113,8.692,WSL030330
2025-04-07,buy,TRY,5000000,40568.15,4040.55,WSL030330
2025-04-06,sell,CNY,100000,4270,-24.979,WSL030330
2025-04-06,sell,THB,2000000,18180,-370.9,WSL030330
2025-04-06,sell,INR,200000,702,-31.21,WSL030330
2025-04-06,sell,BHD,2200,1797.07,0.586,WSL030330
2025-04-06,sell,THB,100000,910,-17.545,WSL030330
2025-04-06,sell,USD,40000,12346,28,WSL030330
2025-04-06,sell,AZN,10000,1839,-61.926,WSL030330
2025-04-06,sell,BHD,3000,2450.55,0.799,WSL030330
2025-04-06,sell,GBP,10000,3985,24.763,WSL030330
2025-04-06,sell,JOD,5000,2180,2.024,WSL030330
2025-04-06,sell,OMR,2000,1600,0.26,WSL030330
2025-04-06,sell,TRY,100000,825,-67.609,WSL030330
2025-04-06,sell,TRY,500000,4116.25,-346.795,WSL030330
2025-04-06,sell,USD,20000,6168,9,WSL030330
2025-04-06,sell,USD,40000,12336,18,WSL030330
2025-04-06,sell,USD,50000,15420,22.5,WSL030330
2025-04-06,sell,AZN,10000,1835,-65.926,WSL030330
2025-04-06,sell,KRW,10000000,2140,30,WSL030330
2025-04-06,sell,MYR,30000,2104.5,-9.573,WSL030330
2025-04-06,sell,TRY,500000,4128,-335.045,WSL030330
2025-04-06,sell,USD,20000,6168,9,WSL030330
2025-04-06,sell,AZN,20000,3678,-123.852,WSL030330
2025-04-06,sell,CZK,142300,1949.51,53.306,WSL030330
2025-04-06,sell,PLN,20000,1625,46.498,WSL030330
2025-04-06,sell,THB,45000,407.25,-10.145,WSL030330
2025-04-06,sell,JOD,15000,6538.5,4.571,WSL030330
2025-04-06,sell,TRY,400000,3310,-260.436,WSL030330
2025-04-06,sell,INR,10000,35.2,-1.46,WSL030330
2025-04-06,sell,OMR,1000,800,0.13,WSL030330
2025-04-06,sell,THB,237000,2154.33,-43.952,WSL030330
2025-04-06,sell,INR,170000,598.4,-24.828,WSL030330
2025-04-06,sell,THB,263000,2390.67,-48.773,WSL030330
2025-04-06,sell,USD,200000,61690,100,WSL030330
2025-04-06,sell,GBP,75000,30075,373.222,WSL030330
2025-04-06,sell,USD,500000,154225,250,WSL030330
2025-04-06,sell,JOD,250000,108860.325,-38.495,WSL030330
2025-04-06,sell,TRY,6000000,49337.783,-4218.757,WSL030330
2025-04-06,buy,AED,250000,20974.663,8.575,WSL030330
2025-04-06,buy,EUR,50000,16891.058,-53.892,WSL030330
2025-04-06,buy,GBP,50000,19898.189,-97.004,WSL030330
2025-04-06,buy,GBP,50000,20293.905,-492.72,WSL030330
2025-04-06,buy,IDR,100000000,1894.8,131.2,WSL030330
2025-04-06,buy,KWD,15000,14973.258,26.742,WSL030330
2025-04-06,buy,USD,700000,215651.226,-86.226,WSL030330
2025-04-06,buy,GEL,150000,17045.203,451.957,WSL030330
2025-04-06,buy,IDR,200000000,3790.2,261.8,WSL030330
2025-04-06,buy,INR,5000000,17378.67,951.58,WSL030330
2025-04-06,buy,KWD,40810,40770.282,39.718,WSL030330
2025-04-06,buy,THB,2000000,18114.706,436.194,WSL030330
2025-04-06,buy,USD,1000000,308442.72,-492.72,WSL030330
2025-04-05,sell,THB,155000,1408.95,-29.679,WSL030330
2025-04-05,sell,BDT,100000,277,-5.706,WSL030330
2025-04-05,sell,AZN,20000,3676,-128.321,WSL030330
2025-04-05,sell,BDT,200000,554,-11.412,WSL030330
2025-04-05,sell,PKR,500000,590,-2.57,WSL030330
2025-04-05,sell,CNY,50000,2135,-13.884,WSL030330
2025-04-05,sell,IDR,75000000,1432.5,-87.75,WSL030330
2025-04-05,sell,JOD,10000,4358,-0.782,WSL030330
2025-04-05,sell,THB,500000,4560,-80.74,WSL030330
2025-04-05,sell,EUR,10000,3382.5,12.88,WSL030330
2025-04-05,sell,JOD,20000,8720,2.436,WSL030330
2025-04-05,sell,NPR,200000,478,-35.562,WSL030330
2025-04-05,sell,THB,500000,4547.5,-93.24,WSL030330
2025-04-05,sell,TRY,300000,2490,-189.564,WSL030330
2025-04-05,sell,TRY,300000,2490,-189.564,WSL030330
2025-04-05,sell,USD,20000,6171,8,WSL030330
2025-04-05,sell,USD,100000,30855,40,WSL030330
2025-04-05,sell,THB,200000,1818,-38.296,WSL030330
2025-04-05,sell,TRY,100000,836,-57.188,WSL030330
2025-04-05,sell,INR,1000000,3520,-148.43,WSL030330
2025-04-05,sell,THB,2000000,18180,-382.96,WSL030330
2025-04-05,sell,THB,143000,1299.87,-27.382,WSL030330
2025-04-05,sell,OMR,5000,4002,0.052,WSL030330
2025-04-05,sell,THB,300000,2727,-57.444,WSL030330
2025-04-05,sell,CNY,20000,854,-5.554,WSL030330
2025-04-05,sell,JOD,10000,4359,0.218,WSL030330
2025-04-05,sell,TRY,400000,3348,-224.752,WSL030330
2025-04-05,sell,TRY,1000000,8373.641,-558.239,WSL030330
2025-04-05,sell,JOD,10000,4359,0.218,WSL030330
2025-04-05,sell,USD,40000,12342,16,WSL030330
2025-04-05,sell,JOD,20000,8716,-1.564,WSL030330
2025-04-05,sell,TRY,50000,418,-28.594,WSL030330
2025-04-05,sell,USD,150000,46260,37.5,WSL030330
2025-04-05,sell,EGP,200000,1378,-114.062,WSL030330
2025-04-05,buy,EGP,2100000,14220.001,1446.65,WSL030330
2025-04-05,buy,EUR,50000,17099.55,-251.449,WSL030330
2025-04-05,buy,JOD,400000,174138.12,213.152,WSL030330
2025-04-05,buy,KWD,150000,149902.692,97.308,WSL030330
2025-04-05,buy,TRY,1000000,8161.589,770.291,WSL030330
2025-04-05,buy,TRY,3000000,24504.243,2291.397,WSL030330
2025-04-05,buy,TRY,3000000,24517.242,2278.398,WSL030330
2025-04-05,buy,TRY,7000000,57282.869,5240.291,WSL030330
2025-04-03,buy,MAD,200000,6450,886.904,WSL030330
2025-04-03,sell,IDR,50000000,955,-58.5,WSL030330
2025-04-03,sell,THB,500000,4562.5,-78.24,WSL030330
2025-04-03,sell,MAD,20000,674,-59.69,WSL030330
2025-04-03,sell,AED,10000,840,0.125,WSL030330
2025-04-03,sell,AZN,10000,1835,-67.16,WSL030330
2025-04-03,sell,EUR,10000,3380,-20.435,WSL030330
2025-04-03,sell,INR,100000,354,-12.843,WSL030330
2025-04-03,sell,INR,200000,708,-25.686,WSL030330
2025-04-03,sell,PHP,100000,553,-5.245,WSL030330
2025-04-03,sell,THB,200000,1820,-36.296,WSL030330
2025-04-03,sell,THB,1200000,10920,-217.776,WSL030330
2025-04-03,sell,TRY,200000,1680,-106.376,WSL030330
2025-04-03,sell,TRY,300000,2520,-159.564,WSL030330
2025-04-03,sell,USD,20000,6172,9,WSL030330
2025-04-03,sell,USD,30000,9259.5,15,WSL030330
2025-04-03,sell,USD,30000,9259.5,15,WSL030330
2025-04-03,sell,USD,50000,15432.5,25,WSL030330
2025-04-03,sell,AED,50000,4200,0.627,WSL010431
2025-04-03,sell,OMR,5000,4001.25,-0.698,WSL010431
2025-04-03,sell,PHP,200000,1104,-12.49,WSL010431
2025-04-03,sell,TRY,200000,1678,-108.376,WSL010431
2025-04-03,sell,USD,20000,6173,10,WSL010431
2025-04-03,sell,CNY,7000,299.6,-1.244,WSL030330
2025-04-03,buy,EUR,150000,50700,130.884,WSL030330
2025-04-03,sell,USD,50000,15430,22.5,WSL010431
2025-04-03,sell,INR,400000,1412,-55.372,WSL030330
2025-04-03,sell,USD,500000,154475,400,WSL030330
2025-04-03,sell,CHF,12000,4278,35.944,WSL030330
2025-04-03,sell,AED,20000,1679,-0.749,WSL030330
2025-04-03,sell,USD,140000,43190,49,WSL030330
2025-04-03,buy,AZN,100000,18350.209,671.396,WSL030330
2025-04-03,buy,GBP,50000,19971.042,205.079,WSL030330
2025-04-03,buy,RUB,200000,712.37,12.688,WSL030330
2025-04-03,buy,USD,2000000,616508.1,-208.1,WSL030330
2025-04-03,buy,AED,2141000,179665.557,151.595,WSL030330
2025-04-03,buy,EGP,300000,2009.348,228.745,WSL030330
2025-04-03,buy,KWD,15006,14971.984,34.016,WSL030330
2025-04-03,buy,THB,6000000,54450.66,1238.22,WSL030330
2025-04-03,buy,TRY,815100,6787.358,493.017,WSL030330
2025-04-02,buy,GBP,200,76,4.032,WSL030330
2025-04-02,buy,USD,190,57.95,0.674,WSL030330
2025-04-02,sell,AED,300000,25236,7.056,WSL030330
2025-04-02,sell,GEL,10000,1150,-18.75,WSL030330
2025-04-02,sell,INR,96350,341,-12.913,WSL030330
2025-04-02,sell,JOD,5000,2182,-0.22,WSL030330
2025-04-02,sell,PHP,100000,553,-5.969,WSL030330
2025-04-02,sell,THB,400000,3656,-61.412,WSL030330
2025-04-02,sell,USD,85000,26282,55.25,WSL030330
2025-04-02,sell,AED,230000,19349.9,7.71,WSL030330
2025-04-02,sell,AED,350000,29445.5,11.732,WSL030330
2025-04-02,sell,EUR,20000,6670.85,-8.64,WSL030330
2025-04-02,sell,INR,500000,1765,-71.6,WSL030330
2025-04-02,sell,JOD,5000,2182.5,0.28,WSL030330
2025-04-02,sell,THB,500000,4575,-71.765,WSL030330
2025-04-02,sell,USD,30000,9273,16.5,WSL030330
2025-04-02,sell,AED,30000,2523.6,0.706,WSL030330
2025-04-02,sell,EGP,100000,665,-82,WSL030330
2025-04-02,sell,EUR,10000,3337,5.277,WSL030330
2025-04-02,sell,INR,300000,1062,-39.96,WSL030330
2025-04-02,sell,PHP,200000,1106,-11.938,WSL030330
2025-04-02,sell,SAR,30000,2467.5,-0.9,WSL030330
2025-04-02,sell,THB,100000,916,-13.353,WSL030330
2025-04-02,sell,USD,60000,18564,51,WSL030330
2025-04-02,sell,AED,420000,35334.6,14.078,WSL030330
2025-04-02,sell,CZK,100000,1375,38.939,WSL030330
2025-04-02,sell,TRY,500000,4195,-276.74,WSL030330
2025-04-02,sell,USD,200000,61810,100,WSL030330
2025-04-02,sell,AED,10000,841.3,0.335,WSL010431
2025-04-02,sell,SAR,30000,2466,-2.4,WSL010431
2025-04-02,sell,TRY,50000,419.5,-27.674,WSL010431
2025-04-02,sell,USD,10000,3091,5.5,WSL010431
2025-04-02,sell,AED,100000,8412,2.352,WSL030330
2025-04-02,sell,AED,25000,2103.25,0.838,WSL030330
2025-04-02,sell,BDT,50000,139,-2.536,WSL030330
2025-04-02,sell,BHD,2000,1636.8,0.451,WSL030330
2025-04-02,sell,INR,400000,1416,-53.28,WSL030330
2025-04-02,sell,JOD,3000,1309.5,0.168,WSL030330
2025-04-02,sell,QAR,10000,845,-2.199,WSL030330
2025-04-02,sell,USD,50000,15455,27.5,WSL030330
2025-04-02,sell,EUR,30000,10009.5,14.331,WSL030330
2025-04-02,sell,THB,1000000,9130,-163.53,WSL030330
2025-04-02,sell,USD,40000,12364,22,WSL030330
2025-04-02,sell,MYR,4000,281,-1.426,WSL030330
2025-04-02,sell,VND,12000000,148.2,3.96,WSL030330
2025-04-02,sell,USD,40000,12364,22,WSL030330
2025-04-02,sell,SAR,100000,8220,-8,WSL030330
2025-04-02,sell,USD,50000,15452.5,25,WSL030330
2025-04-02,sell,EUR,30000,10011,20.459,WSL030330
2025-04-02,sell,THB,1000000,9130,-163.53,WSL030330
2025-04-02,sell,USD,100000,30900,45,WSL030330
2025-04-02,sell,USD,300000,92805,240,WSL030330
2025-04-02,sell,EGP,2000000,13328.294,-1611.706,WSL030330
2025-04-02,sell,GEL,150000,17078.413,-452.837,WSL030330
2025-04-02,sell,TRY,2000000,16769.022,-1117.938,WSL030330
2025-04-02,sell,JOD,10000,4365,0.56,WSL030330
2025-04-02,sell,THB,600000,5484,-92.118,WSL030330
2025-04-02,sell,USD,40000,12364,22,WSL030330
2025-04-02,sell,OMR,2000,1603,0.143,WSL030330
2025-04-02,sell,THB,500000,4570,-76.765,WSL030330
2025-04-02,sell,USD,50000,15452.5,25,WSL030330
2025-04-02,sell,EUR,20000,6674,13.64,WSL030330
2025-04-02,sell,INR,300000,1062,-39.96,WSL030330
2025-04-02,sell,JOD,5000,2182.5,0.28,WSL030330
2025-04-02,sell,TRY,49000,414.05,-24.181,WSL010431
2025-04-02,buy,EUR,100,31,2.296,WSL030330
2025-04-02,buy,SAR,1500,121.5,1.92,WSL030330
2025-04-02,buy,USD,400,121.6,1.82,WSL030330
2025-03-29,sell,AZN,50000,9165,-358.148,WSL030330
2025-03-29,sell,THB,1000000,9180,-113.53,WSL030330
2025-03-29,sell,USD,100000,30940,85,WSL030330
2025-03-29,sell,KRW,10000000,2155,56.6,WSL030330
2025-03-29,sell,USD,10000,3095,9.5,WSL030330
2025-03-29,sell,EUR,20000,6688,2.956,WSL030330
2025-03-29,sell,GEL,10000,1136,-32.75,WSL030330
2025-03-29,sell,USD,20000,6190,19,WSL010431
2025-03-29,sell,USD,9650,2990.053,12.545,WSL010431
2025-03-29,sell,USD,9650,2990.053,12.545,WSL010431
2025-03-29,sell,USD,9650,2990.053,12.545,WSL010431
2025-03-29,sell,THB,300000,2760,-28.059,WSL010431
2025-03-29,sell,JOD,5000,2182.5,0.28,WSL010431
2025-03-29,sell,USD,19700,6097.15,18.715,WSL010431
2025-03-29,sell,AED,30000,2524.5,1.606,WSL010431
2025-03-29,sell,CNY,50000,2145,-6.674,WSL010431
2025-03-29,sell,THB,500000,4600,-46.765,WSL010431
2025-03-29,sell,TRY,200000,1678,-110.696,WSL010431
2025-03-29,sell,USD,50000,15475,47.5,WSL010431
2025-03-29,sell,AED,130000,10938.2,5.658,WSL010431
2025-03-29,sell,EUR,5000,1675,3.739,WSL030330
2025-03-29,sell,TRY,100000,838,-56.348,WSL030330
2025-03-29,sell,JPY,1000000,2070,9.57,WSL010431
2025-03-29,sell,THB,300000,2757,-31.059,WSL010431
2025-03-29,sell,USD,20000,6190,19,WSL010431
2025-03-29,sell,EUR,100000,33338.83,-86.392,WSL010431
2025-03-29,sell,IDR,50000000,955,-60,WSL010431
2025-03-29,sell,JPY,2000000,4140,19.14,WSL010431
2025-03-29,sell,KRW,20000000,4300,103.2,WSL010431
2025-03-29,sell,SGD,4049,935.319,4.589,WSL010431
2025-03-29,sell,AED,50000,4207.5,2.676,WSL010431
2025-03-29,sell,USD,50000,15475,47.5,WSL010431
2025-03-29,sell,THB,1000000,9170,-123.53,WSL030330
2025-03-29,sell,TRY,300000,2514,-169.044,WSL030330
2025-03-29,sell,USD,20000,6188,17,WSL030330
2025-03-29,sell,JPY,1000000,2070,9.57,WSL010431
2025-03-29,sell,GBP,10000,3997,1.586,WSL030330
2025-03-29,sell,INR,100000,354,-13.32,WSL030330
2025-03-29,sell,JOD,10000,4366,1.56,WSL030330
2025-03-29,sell,TRY,400000,3356,-221.392,WSL030330
2025-03-29,sell,USD,10000,3097,11.5,WSL030330
2025-03-29,sell,USD,70000,21658,59.5,WSL030330
2025-03-29,sell,TRY,200000,1678,-110.696,WSL030330
2025-03-29,sell,USD,10000,3095,9.5,WSL030330
2025-03-29,sell,USD,50000,15455,27.5,WSL030330
2025-03-29,sell,USD,80000,24707.2,23.2,WSL030330
2025-03-29,sell,AED,50000,4206,1.176,WSL030330
2025-03-29,sell,THB,200000,1834,-24.706,WSL030330
2025-03-29,sell,USD,60000,18552,39,WSL030330
2025-03-29,sell,USD,100000,30970,115,WSL030330
2025-03-29,sell,INR,100000,354,-13.32,WSL030330
2025-03-29,sell,TRY,100000,839,-55.348,WSL030330
2025-03-29,sell,USD,28400,8789.8,26.98,WSL030330
2025-03-29,sell,USD,40000,12372,30,WSL030330
2025-03-29,sell,JOD,6800,2968.2,0.381,WSL030330
2025-03-29,sell,USD,50000,15481,53.5,WSL030330
2025-03-29,sell,USD,100000,30950,95,WSL030330
2025-03-29,sell,EUR,5000,1675,3.739,WSL030330
2025-03-29,sell,THB,100000,918,-11.353,WSL030330
2025-03-29,sell,USD,20000,6190,19,WSL030330
2025-03-29,sell,USD,100000,30940,85,WSL030330
2025-03-29,sell,AED,100000,8410,0.352,WSL030330
2025-03-29,sell,USD,100000,30945,90,WSL030330
2025-03-29,sell,USD,150000,46402.5,120,WSL030330
2025-03-29,sell,JOD,6500,2837.25,0.364,WSL010431
2025-03-29,sell,JOD,5000,2180,-2.22,WSL030330
2025-03-29,sell,USD,200000,61860,150,WSL030330
2025-03-29,buy,AED,535000,44965.945,25.672,WSL030330
2025-03-29,buy,CAD,20000,4309.261,1.301,WSL030330
2025-03-29,buy,EUR,100000,33293.32,131.902,WSL030330
2025-03-29,buy,GBP,20000,7990.15,0.678,WSL030330
2025-03-29,buy,TRY,4000000,32994.652,2779.268,WSL030330
2025-03-29,buy,USD,1098844,339196.77,-148.454,WSL030330
2025-03-29,buy,BDT,4728500,12467.882,917.225,WSL030330
2025-03-29,buy,KWD,12579,12558.646,20.354,WSL030330
2025-03-29,buy,LKR,1000000,1136.699,32.051,WSL030330
2025-03-29,buy,SAR,19200,1577.417,2.359,WSL030330
2025-03-29,sell,USD,9000,2785.5,8.55,WSL010431
2025-03-29,buy,BHD,1240,1013.351,1.185,WSL030330
2025-03-29,buy,CNY,300000,12809.688,100.353,WSL030330
2025-03-29,buy,JPY,2000000,4116.075,4.785,WSL030330
2025-03-29,buy,KRW,30000000,6382.77,-87.57,WSL030330
2025-03-29,buy,PHP,3000000,16409.568,359.502,WSL030330
2025-03-29,buy,THB,6000000,54876.948,884.232,WSL030330
2025-03-29,buy,CNY,100000,4278.78,24.567,WSL030330
2025-03-29,buy,EUR,100000,33379.7,45.522,WSL030330
2025-03-29,buy,INR,5000000,17429.38,936.62,WSL030330
2025-03-29,buy,JPY,5000000,10290.195,11.955,WSL030330
2025-03-29,buy,USD,500000,154435.1,-160.1,WSL030330
2025-03-27,sell,USD,9506,2944.959,11.883,WSL030330
2025-03-27,sell,USD,15494,4800,19.326,WSL030330
2025-03-27,sell,USD,18700,5793.26,23.375,WSL030330
2025-03-27,sell,IDR,5000000,95.5,-6,WSL030330
2025-03-27,sell,USD,100000,30970,115,WSL030330
2025-03-27,sell,USD,100000,30884,29,WSL030330
2025-03-27,sell,TRY,1000000,8239,-704.48,WSL030330
2025-03-27,sell,EGP,200000,1340,-154,WSL030330
2025-03-27,sell,THB,2000000,18380,-207.06,WSL030330
2025-03-27,sell,AZN,20000,3666,-143.259,WSL030330
2025-03-27,sell,BAM,10000,1767.5,-26.395,WSL030330
2025-03-27,sell,GEL,20000,2272,-65.5,WSL030330
2025-03-27,sell,JPY,2000000,4141.62,55.68,WSL030330
2025-03-27,sell,PHP,500000,2770,-24.845,WSL030330
2025-03-27,sell,USD,100000,30940,85,WSL030330
2025-03-27,sell,USD,100000,30980,125,WSL030330
2025-03-27,sell,CNY,30000,1287,-4.004,WSL030330
2025-03-27,sell,EUR,5000,1668.5,3.101,WSL030330
2025-03-27,sell,GBP,5000,2000,0.442,WSL030330
2025-03-27,sell,JOD,5000,2182.5,0.28,WSL030330
2025-03-27,sell,TRY,50000,417.5,-29.674,WSL030330
2025-03-27,sell,USD,10000,3094,8.5,WSL030330
2025-03-27,sell,EUR,20000,6674,12.406,WSL030330
2025-03-27,sell,IDR,13000000,249.6,-14.3,WSL010431
2025-03-27,sell,EUR,20000,6674,17.342,WSL010431
2025-03-27,sell,THB,700000,6419,-86.471,WSL010431
2025-03-27,sell,USD,50000,15470,42.5,WSL010431
2025-03-27,sell,USD,30000,9282,25.5,WSL010431
2025-03-27,sell,AED,3000000,252300,10.56,WSL010431
2025-03-27,sell,TRY,1000000,8400,-543.48,WSL010431
2025-03-27,sell,AED,70000,5889.1,2.346,WSL010431
2025-03-27,sell,AED,50000,4206.5,1.676,WSL010431
2025-03-27,sell,EUR,20000,6674,21.045,WSL010431
2025-03-27,sell,USD,50000,15470,42.5,WSL010431
2025-03-27,sell,USD,100000,30960,105,WSL010431
2025-03-27,sell,USD,20000,6190,19,WSL010431
2025-03-27,sell,USD,9600,2972.16,10.08,WSL010431
2025-03-27,sell,USD,9600,2972.16,10.08,WSL010431
2025-03-27,sell,USD,9600,2972.16,10.08,WSL010431
2025-03-27,sell,AED,40000,3364.8,0.941,WSL010431
2025-03-27,sell,TRY,240000,1999.2,-147.235,WSL010431
2025-03-27,sell,USD,33000,10210.2,28.05,WSL010431
2025-03-27,sell,JOD,5000,2182.25,0.03,WSL010431
2025-03-27,sell,TRY,200000,1666,-122.696,WSL010431
2025-03-27,sell,USD,10000,3094,8.5,WSL010431
2025-03-27,sell,USD,50000,15490,62.5,WSL010431
2025-03-27,sell,CNY,35000,1508.5,2.329,WSL010431
2025-03-27,sell,USD,50000,15470,42.5,WSL010431
2025-03-27,sell,PKR,100000,117,-1.668,WSL030330
2025-03-27,sell,USD,10000,3093,7.5,WSL030330
2025-03-27,sell,KRW,3000000,645,13.17,WSL030330
2025-03-27,sell,EUR,20000,6677.16,30.376,WSL010431
2025-03-27,sell,THB,300000,2751,-37.059,WSL010431
2025-03-27,sell,TRY,200000,1666,-122.696,WSL010431
2025-03-27,sell,USD,10000,3091,5.5,WSL010431
2025-03-27,sell,JOD,5000,2182,-0.22,WSL030330
2025-03-27,sell,USD,20000,6186,15,WSL030330
2025-03-27,sell,USD,100000,30960,105,WSL030330
2025-03-27,sell,TRY,200000,1666,-122.696,WSL010431
2025-03-27,sell,USD,30000,9282,25.5,WSL030330
2025-03-27,sell,USD,70000,21637,38.5,WSL030330
2025-03-27,sell,EUR,20000,6672,22.748,WSL030330
2025-03-27,sell,USD,20000,6186,15,WSL030330
2025-03-27,sell,USD,50000,15462.5,35,WSL030330
2025-03-27,sell,INR,100000,353,-14.32,WSL030330
2025-03-27,sell,JOD,5000,2182,-0.22,WSL030330
2025-03-27,sell,THB,100000,916,-13.353,WSL030330
2025-03-27,sell,TRY,300000,2499,-184.044,WSL030330
2025-03-27,sell,USD,50000,15470,42.5,WSL030330
2025-03-27,sell,KRW,10000000,2150,43.9,WSL030330
2025-03-27,sell,USD,50000,15442,14.5,WSL030330
2025-03-27,sell,EUR,10000,3337,12.374,WSL030330
2025-03-27,sell,THB,200000,1834,-24.706,WSL030330
2025-03-27,sell,USD,50000,15470,42.5,WSL030330
2025-03-27,sell,GBP,5000,1997.5,3.65,WSL030330
2025-03-27,sell,INR,100000,352,-15.32,WSL030330
2025-03-27,sell,THB,200000,1832,-26.706,WSL030330
2025-03-27,sell,USD,100000,30930,75,WSL030330
2025-03-27,sell,USD,10000,3096,10.5,WSL030330
2025-03-27,sell,EUR,100000,33394.367,188.216,WSL030330
2025-03-27,sell,JPY,3000000,6225,76.14,WSL030330
2025-03-27,sell,TRY,500000,4165,-306.74,WSL030330
2025-03-27,sell,USD,100000,30950,95,WSL030330
2025-03-27,sell,THB,500000,4585,-61.765,WSL030330
2025-03-27,sell,USD,50000,15470,42.5,WSL030330
2025-03-27,sell,USD,30000,9282,25.5,WSL030330
2025-03-27,sell,AED,50000,4205,0.176,WSL030330
2025-03-27,sell,USD,40000,12376,34,WSL030330
2025-03-27,sell,USD,50000,15470,42.5,WSL030330
2025-03-27,sell,USD,80000,24752,68,WSL030330
2025-03-27,buy,SAR,150000,12300,42,WSL030330
2025-03-27,sell,OMR,750,601.125,0.054,WSL030330
2025-03-27,sell,JOD,5000,2181.5,-0.72,WSL030330
2025-03-27,sell,USD,180000,55674,135,WSL030330
2025-03-27,sell,USD,180000,55674,135,WSL030330
2025-03-27,sell,USD,50000,15470,42.5,WSL010431
2025-03-27,sell,EUR,250000,83480,441.48,WSL030330
2025-03-27,sell,USD,1000000,308800,250,WSL030330
2025-03-27,sell,USD,9000,2784.6,7.65,WSL010431
2025-03-27,buy,SAR,50,4.05,0.064,WSL030330
2025-03-27,buy,USD,20,6.08,0.091,WSL030330
2025-03-27,buy,USD,150,45.6,0.682,WSL030330
2025-03-27,buy,AED,550,45.957,0.296,WSL030330
2025-03-27,buy,EUR,100,31,2.243,WSL030330
2025-03-27,buy,USD,100,30.4,0.455,WSL030330
2025-03-27,buy,AED,500,41.779,0.269,WSL030330
2025-03-27,buy,USD,300,91.2,1.365,WSL030330
2025-03-27,buy,USD,100,30.41,0.445,WSL030330
2025-03-27,buy,USD,100,30.4,0.455,WSL030330
2025-03-27,sell,USD,5000,1547,4.25,WSL010431
2025-03-27,buy,JPY,4000000,8251.412,-42.012,WSL030330
2025-03-27,buy,KWD,7055,7050.429,4.571,WSL030330
2025-03-27,buy,THB,7000000,63985.165,1069.545,WSL030330
2025-03-27,buy,CAD,20000,4330.128,-5.065,WSL030330
2025-03-27,buy,CHF,30000,10499.149,-19.697,WSL030330
2025-03-27,buy,EUR,100000,33330.34,-87.163,WSL030330
2025-03-27,buy,EUR,100000,33339.595,-96.418,WSL030330
2025-03-27,buy,EUR,100000,33348.85,-105.673,WSL030330
2025-03-27,buy,EUR,100000,33392.04,-148.863,WSL030330
2025-03-27,buy,GBP,50000,19910.59,30.996,WSL030330
2025-03-27,buy,GBP,50000,19919.845,21.741,WSL030330
2025-03-27,buy,SAR,500000,41084.033,55.967,WSL030330
2025-03-27,buy,USD,1500000,463027.65,-202.65,WSL030330
2025-03-26,sell,USD,27000,8348.4,17.55,WSL030330
2025-03-26,sell,USD,30000,9273,16.5,WSL030330
2025-03-26,sell,USD,5000,1546,3.25,WSL030330
2025-03-26,sell,USD,40000,12364,22,WSL030330
2025-03-26,sell,THB,2000000,18310,-277.06,WSL030330
2025-03-26,sell,AED,30000,2523,0.106,WSL010431
2025-03-26,sell,JOD,5000,2181.25,-0.97,WSL010431
2025-03-26,sell,TRY,200000,1658,-130.696,WSL010431
2025-03-26,sell,USD,50000,15450,22.5,WSL010431
2025-03-26,sell,CNY,100000,4289,-14.347,WSL010431
2025-03-26,sell,EUR,20000,6671,10.64,WSL010431
2025-03-26,sell,JPY,2000000,4140,30.94,WSL010431
2025-03-26,sell,CNY,10000,430,-0.335,WSL010431
2025-03-26,sell,JPY,1000000,2070,15.47,WSL010431
2025-03-26,sell,CNY,40000,1720,-1.339,WSL010431
2025-03-26,sell,PHP,200000,1108,-9.938,WSL010431
2025-03-26,sell,THB,500000,4585,-61.765,WSL010431
2025-03-26,sell,EUR,100000,33631.95,330.148,WSL010431
2025-03-26,sell,JPY,1500000,3112.5,30.705,WSL010431
2025-03-26,sell,AED,100000,8410,0.352,WSL010431
2025-03-26,sell,USD,40000,12358,16,WSL010431
2025-03-26,sell,USD,9700,2999.24,6.305,WSL010431
2025-03-26,sell,USD,9700,2999.24,6.305,WSL010431
2025-03-26,sell,USD,9700,2999.24,6.305,WSL010431
2025-03-26,sell,CNY,30000,1290,-1.004,WSL010431
2025-03-26,sell,CAD,8000,1737.6,5.633,WSL010431
2025-03-26,sell,JOD,10000,4364,-0.44,WSL010431
2025-03-26,sell,USD,9700,2999.24,6.305,WSL010431
2025-03-26,sell,AED,30000,2522.1,-0.794,WSL030330
2025-03-26,sell,INR,100000,353,-14.32,WSL030330
2025-03-26,sell,THB,100000,917,-12.353,WSL030330
2025-03-26,sell,USD,20000,6182,11,WSL030330
2025-03-26,sell,AED,100000,8407,-2.648,WSL030330
2025-03-26,sell,EUR,10000,3336,4.586,WSL030330
2025-03-26,sell,THB,500000,4585,-61.765,WSL030330
2025-03-26,sell,THB,2000000,18308,-279.06,WSL030330
2025-03-26,sell,TRY,500000,4142.5,-329.24,WSL030330
2025-03-26,sell,TRY,1000000,8270,-673.48,WSL030330
2025-03-26,sell,USD,230000,71024,57.5,WSL030330
2025-03-26,sell,USD,15000,4632,3.75,WSL030330
2025-03-26,sell,LKR,2000000,2319.925,-17.575,WSL030330
2025-03-26,sell,PHP,2000000,11019.643,-159.737,WSL030330
2025-03-26,sell,USD,40000,12358,16,WSL010431
2025-03-26,sell,AED,200000,16814,-5.296,WSL030330
2025-03-26,sell,EUR,5000,1666.4,0.23,WSL030330
2025-03-26,sell,JOD,5000,2180,-2.22,WSL030330
2025-03-26,sell,TRY,100000,828,-66.348,WSL030330
2025-03-26,sell,TRY,140000,1163.4,-88.687,WSL030330
2025-03-26,sell,USD,30000,9267,10.5,WSL030330
2025-03-26,sell,USD,90000,27819,49.5,WSL030330
2025-03-26,sell,AED,150000,12615,0.528,WSL030330
2025-03-26,sell,CHF,10000,3506,13.64,WSL030330
2025-03-26,sell,USD,100000,30920,65,WSL030330
2025-03-26,sell,EUR,50000,16695,33.3,WSL030330
2025-03-26,sell,USD,30000,9276,19.5,WSL030330
2025-03-26,sell,USD,40000,12360,18,WSL030330
2025-03-26,buy,USD,500,152.5,1.775,WSL030330
2025-03-26,sell,EUR,10000,3340,7.66,WSL030330
2025-03-26,sell,THB,200000,1834,-24.706,WSL030330
2025-03-26,sell,TRY,100000,829,-65.348,WSL030330
2025-03-26,sell,USD,10000,3092,6.5,WSL030330
2025-03-26,sell,USD,60000,18540,27,WSL030330
2025-03-26,sell,JOD,5000,2181.25,-0.97,WSL030330
2025-03-26,sell,TRY,100000,832,-62.348,WSL030330
2025-03-26,sell,USD,30000,9276,19.5,WSL030330
2025-03-26,sell,BHD,2000,1636.4,0.051,WSL030330
2025-03-26,sell,THB,300000,2751,-37.059,WSL030330
2025-03-26,sell,TRY,100000,829,-65.348,WSL030330
2025-03-26,sell,USD,50000,15447.5,20,WSL030330
2025-03-26,sell,KRW,10000000,2150,44.3,WSL030330
2025-03-26,sell,NPR,200000,478,-36.23,WSL030330
2025-03-26,sell,USD,50000,15455,27.5,WSL030330
2025-03-26,sell,USD,170000,52502.8,49.3,WSL030330
2025-03-26,sell,USD,40000,12364,22,WSL030330
2025-03-26,sell,JPY,2000000,4150,46.94,WSL030330
2025-03-26,sell,USD,100000,30910,55,WSL030330
2025-03-26,sell,USD,9000,2781.9,4.95,WSL010431
2025-03-26,sell,INR,200000,706,-28.64,WSL030330
2025-03-26,sell,TRY,300000,2487,-196.044,WSL030330
2025-03-26,sell,AZN,10000,1833,-71.63,WSL030330
2025-03-26,sell,EUR,30000,10015.74,29.828,WSL030330
2025-03-26,sell,GEL,5000,567.5,-16.875,WSL030330
2025-03-26,sell,THB,400000,3668,-49.412,WSL030330
2025-03-26,sell,USD,10000,3091,5.5,WSL030330
2025-03-26,sell,JPY,500000,1040,14.235,WSL030330
2025-03-26,sell,THB,300000,2751,-37.059,WSL030330
2025-03-26,sell,TRY,200000,1658,-130.696,WSL030330
2025-03-26,sell,USD,40000,12372,30,WSL030330
2025-03-26,sell,USD,20000,6180,9,WSL010431
2025-03-26,buy,EGP,2500000,16374.734,2300.266,WSL030330
2025-03-26,buy,EUR,50000,16655.915,-12.728,WSL030330
2025-03-26,buy,EUR,50000,16671.34,-28.153,WSL030330
2025-03-26,buy,EUR,50000,16686.765,-43.578,WSL030330
2025-03-26,buy,EUR,50000,16689.85,-46.663,WSL030330
2025-03-26,buy,EUR,50000,16716.073,-72.886,WSL030330
2025-03-26,buy,LKR,3000000,3453.357,52.893,WSL030330
2025-03-26,buy,USD,165000,50938.132,-27.382,WSL030330
2025-03-26,buy,USD,1000000,308685.1,-135.1,WSL030330
2025-03-26,buy,AED,2000000,168119.892,73.068,WSL030330
2025-03-26,buy,KWD,30000,29975.708,24.292,WSL030330
2025-03-26,buy,TRY,1000000,8183.024,760.456,WSL030330
2025-03-26,buy,TRY,1000000,8191.715,751.765,WSL030330
2025-03-26,buy,TRY,2000000,16387.782,1499.178,WSL030330
2025-03-26,buy,AED,1927300,161942.543,136.603,WSL030330
2025-03-26,buy,CNY,300000,12818.559,91.482,WSL030330
2025-03-26,buy,IDR,200000000,3780.64,279.36,WSL030330
2025-03-26,buy,INR,6000000,21034.08,1005.12,WSL030330
2025-03-26,buy,JPY,4000000,8237.64,-35.36,WSL030330
2025-03-26,buy,JPY,4000000,8290.22,-87.94,WSL030330
2025-03-26,buy,KRW,30000000,6382.77,-69.57,WSL030330
2025-03-26,buy,KWD,40964.5,40937.96,26.54,WSL030330
2025-03-26,buy,PHP,8000000,44032.104,685.416,WSL030330
2025-03-26,buy,THB,3000000,27381.648,498.942,WSL030330
2025-03-26,buy,VND,300000000,3605.4,9.6,WSL030330
2025-03-26,sell,EGP,15000,97.35,-14.7,WSL030330
2025-03-25,sell,AZN,20000,3664,-145.259,WSL030330
2025-03-25,sell,USD,100000,30890,35,WSL030330
2025-03-25,sell,CNY,80000,3436,-6.678,WSL010431
2025-03-25,sell,THB,500000,4590,-56.765,WSL010431
2025-03-25,sell,BHD,1700,1390.77,-0.127,WSL030330
2025-03-25,sell,USD,60000,18546,33,WSL030330
2025-03-25,sell,USD,300,92.7,0.135,WSL010431
2025-03-25,sell,USD,9700,2997.3,4.365,WSL010431
2025-03-25,sell,AED,500000,42040,-8.24,WSL030330
2025-03-25,sell,SAR,300000,24657,-27,WSL030330
2025-03-25,sell,THB,1000000,9175,-118.53,WSL030330
2025-03-25,sell,AED,100000,8407,-2.648,WSL030330
2025-03-25,sell,USD,35000,10808,8.75,WSL030330
2025-03-25,sell,THB,700000,6412,-93.471,WSL010431
2025-03-25,sell,JOD,5000,2181.25,-0.97,WSL030330
2025-03-25,sell,TRY,200000,1664,-135.126,WSL030330
2025-03-25,sell,USD,10000,3091,5.5,WSL030330
2025-03-25,sell,USD,30000,9267,10.5,WSL030330
2025-03-25,sell,THB,300000,2748,-40.059,WSL030330
2025-03-25,sell,USD,50000,15445,17.5,WSL030330
2025-03-25,sell,USD,100000,30884,29,WSL030330
2025-03-25,sell,THB,100000,918,-11.353,WSL030330
2025-03-25,sell,USD,10000,3092,6.5,WSL010431
2025-03-25,sell,JOD,5000,2181.25,-0.97,WSL030330
2025-03-25,sell,THB,200000,1836,-22.706,WSL030330
2025-03-25,sell,TRY,100000,833,-66.563,WSL030330
2025-03-25,sell,USD,50000,15445,17.5,WSL030330
2025-03-25,sell,USD,40000,12356,14,WSL010431
2025-03-25,sell,USD,40000,12352,10,WSL030330
2025-03-25,sell,USD,30000,9264,7.5,WSL030330
2025-03-25,sell,USD,9000,2780.1,3.15,WSL010431
2025-03-25,sell,USD,100000,30875,20,WSL030330
2025-03-25,sell,USD,30000,9267,10.5,WSL010431
2025-03-25,sell,EUR,20000,6677,19.725,WSL030330
2025-03-25,sell,THB,600000,5508,-68.118,WSL030330
2025-03-25,sell,USD,50000,15455,27.5,WSL030330
2025-03-25,sell,INR,300000,1089,-14.811,WSL030330
2025-03-25,sell,PHP,300000,1695,27.165,WSL030330
2025-03-25,sell,EUR,50000,16745,101.813,WSL030330
2025-03-25,buy,EUR,100000,33400.54,-92.568,WSL030330
2025-03-25,sell,TRY,4000000,32798.299,-3184.221,WSL030330
2025-03-25,sell,JOD,1100,479.325,-0.763,WSL030330
2025-03-25,sell,JOD,1000,435.75,-0.694,WSL030330
2025-03-25,buy,AED,1500000,126072.743,71.977,WSL030330
2025-03-25,buy,EUR,100000,33487.675,-179.703,WSL030330
2025-03-25,buy,INR,5000000,17488.66,908.19,WSL030330
2025-03-25,buy,SAR,1000000,82183.388,96.612,WSL030330
2025-03-25,buy,USD,800000,246948.08,-108.08,WSL030330
2025-03-25,sell,SAR,1000000,82140,-100,WSL030330
2025-03-25,sell,AED,500000,41995,-32.8,WSL030330
2025-03-25,sell,BDT,1000000,2776,-53.35,WSL030330
2025-03-25,sell,CNY,20000,858,-2.251,WSL030330
2025-03-25,sell,EUR,300000,100470,566.904,WSL030330
2025-03-25,sell,GBP,30000,12003,48.491,WSL030330
2025-03-25,sell,INR,10000000,35200,-1575.8,WSL030330
2025-03-25,sell,JOD,50000,21795,-16.59,WSL030330
2025-03-25,sell,PHP,1500000,8287.5,-47.625,WSL030330
2025-03-25,sell,SAR,1000000,82175,-65,WSL030330
2025-03-25,sell,THB,800000,7344,-87.208,WSL030330
2025-03-25,sell,TRY,1000000,8420,-571.25,WSL030330
2025-03-25,sell,USD,2000000,617600,800,WSL030330
2025-03-24,sell,JPY,500000,1041.5,17.665,WSL030330
2025-03-24,sell,EUR,50000,16761.54,112.566,WSL030330
2025-03-24,sell,JPY,500000,1036.29,12.59,WSL030330
2025-03-24,sell,KRW,20000000,4300,98.6,WSL030330
2025-03-24,sell,LKR,1000000,1120,-30.75,WSL030330
2025-03-24,sell,USD,30000,9267,15,WSL010431
2025-03-24,sell,USD,40000,12356,20,WSL010431
2025-03-24,sell,AED,2300000,193292,-35.88,WSL010431
2025-03-24,buy,AUD,2775,531.413,7.662,WSL010431
2025-03-24,buy,CAD,9860,2119.9,2.247,WSL010431
2025-03-24,sell,USD,17800,5495.75,6.23,WSL010431
2025-03-24,sell,KRW,10000000,2148,45.1,WSL030330
2025-03-24,buy,CAD,10000,2150,1.678,WSL010431
2025-03-24,sell,USD,35000,10806.25,12.25,WSL030330
2025-03-24,sell,USD,40000,12350,14,WSL030330
2025-03-24,sell,USD,9000,2778.75,3.15,WSL010431
2025-03-24,sell,THB,200000,1836,-21.802,WSL030330
2025-03-24,sell,VND,74000000,902.8,13.32,WSL030330
2025-03-24,sell,THB,100000,918,-10.901,WSL030330
2025-03-24,buy,BHD,1508.5,1227.919,5.697,WSL030330
2025-03-24,buy,INR,29500,103.25,5.239,WSL030330
2025-03-24,buy,SAR,300000,24600,72,WSL030330
2025-03-24,buy,BDT,1095000,2989.35,108.788,WSL030330
2025-03-24,buy,CHF,1080,373.68,3.91,WSL030330
2025-03-24,sell,AED,30000,2521.5,-0.168,WSL030330
2025-03-24,sell,AED,35000,2941.75,-0.196,WSL030330
2025-03-24,sell,AED,35000,2941.75,-0.196,WSL030330
2025-03-24,buy,SAR,150000,12300,36,WSL030330
2025-03-24,buy,SAR,100000,8200,24,WSL030330
2025-03-24,sell,GBP,5000,2001.25,3.589,WSL030330
2025-03-24,sell,JOD,5000,2180,-1.159,WSL030330
2025-03-24,sell,PHP,100000,554,-1.675,WSL030330
2025-03-24,sell,THB,200000,1837,-20.802,WSL030330
2025-03-24,sell,USD,10000,3089,5,WSL030330
2025-03-24,sell,USD,50000,15435,15,WSL030330
2025-03-24,sell,OMR,3500,2803.85,0.214,WSL030330
2025-03-24,sell,USD,20000,6172,4,WSL030330
2025-03-24,sell,AED,100000,8404,-1.56,WSL030330
2025-03-24,sell,INR,100000,352.5,-15.258,WSL030330
2025-03-24,sell,USD,30000,9259.5,7.5,WSL030330
2025-03-24,sell,USD,40000,12350,14,WSL010431
2025-03-24,sell,EUR,25000,8387.5,19.066,WSL030330
2025-03-24,sell,CNY,3600,154.44,-0.405,WSL030330
2025-03-24,sell,JOD,5000,2179,-2.159,WSL030330
2025-03-24,sell,TRY,40000,336.4,-23.25,WSL030330
2025-03-24,sell,USD,140000,43211,35,WSL030330
2025-03-24,sell,USD,710000,219141.5,177.5,WSL030330
2025-03-24,sell,CHF,40000,13976.204,5.649,WSL030330
2025-03-24,sell,EUR,50000,16835.91,117.546,WSL030330
2025-03-24,sell,GBP,50000,19988.789,22.973,WSL030330
2025-03-24,sell,GBP,80000,31871.056,-74.25,WSL030330
2025-03-24,sell,OMR,32.6,26.042,-0.072,WSL030330
2025-03-24,sell,SAR,1000000,82139.052,-100.948,WSL030330
2025-03-24,sell,USD,1100,339.185,-0.055,WSL030330
2025-03-24,sell,USD,69200,21284.475,-56.805,WSL030330
2025-03-24,buy,AED,1500000,126028.611,54.789,WSL030330
2025-03-24,buy,JOD,200000,87108.875,137.485,WSL030330
2025-03-24,buy,KWD,20000,19983.798,16.202,WSL030330
2025-03-24,buy,TRY,5000000,40754.69,4201.56,WSL030330
2025-03-23,sell,EUR,50000,16812.5,134.228,WSL030330
2025-03-23,sell,TRY,300000,2517,-180.375,WSL030330
2025-03-23,sell,EUR,10000,3342,6.346,WSL030330
2025-03-23,sell,JPY,1000000,2083,18.19,WSL030330
2025-03-23,sell,TRY,200000,1678,-120.25,WSL010431
2025-03-23,sell,IDR,100000000,1920,-109,WSL010431
2025-03-23,sell,MYR,40000,2808,-14.883,WSL010431
2025-03-23,sell,PHP,200000,1108,-3.35,WSL010431
2025-03-23,sell,TRY,200000,1675,-123.25,WSL010431
2025-03-23,sell,AED,1030000,86561.2,-16.068,WSL010431
2025-03-23,sell,USD,1500,463.125,0.525,WSL010431
2025-03-23,sell,USD,9700,2994.875,3.395,WSL010431
2025-03-23,sell,USD,9700,2994.875,3.395,WSL010431
2025-03-23,sell,USD,30000,9261.6,9.6,WSL030330
2025-03-23,sell,TRY,200000,1678,-120.25,WSL010431
2025-03-23,sell,RUB,120000,441,59.474,WSL010431
2025-03-23,sell,IDR,60000000,1150.8,-66.6,WSL010431
2025-03-23,sell,LKR,1000000,1120,-30.75,WSL010431
2025-03-23,sell,USD,30000,9259.5,7.5,WSL030330
2025-03-23,sell,USD,180000,55557,45,WSL030330
2025-03-23,sell,JOD,5000,2179.5,-1.659,WSL030330
2025-03-23,sell,USD,10000,3089,5,WSL030330
2025-03-23,sell,USD,30000,9261,9,WSL030330
2025-03-23,sell,JPY,2000000,4164,34.38,WSL010431
2025-03-23,sell,KRW,10000000,2147.5,40.7,WSL010431
2025-03-23,sell,USD,20000,6175,7,WSL030330
2025-03-23,sell,EUR,10000,3341.5,5.846,WSL010431
2025-03-23,sell,USD,20000,6175,7,WSL010431
2025-03-23,sell,KRW,5000000,1074,20.6,WSL010431
2025-03-23,sell,TRY,400000,3356,-240.5,WSL010431
2025-03-23,sell,MAD,20000,674,-60.286,WSL030330
2025-03-23,buy,RUB,120000,432,-50.474,WSL010431
2025-03-23,sell,USD,30000,9262.5,10.5,WSL010431
2025-03-23,buy,EUR,2200,726,7.844,WSL030330
2025-03-23,buy,SAR,150000,12300,36,WSL030330
2025-03-23,buy,USD,1500,458.25,4.35,WSL030330
2025-03-23,sell,USD,50000,15437.5,17.5,WSL030330
2025-03-23,sell,EGP,4000000,26000,-3865.44,WSL030330
2025-03-23,sell,INR,500000,1760,-78.79,WSL030330
2025-03-23,sell,PHP,100000,553,-2.675,WSL030330
2025-03-23,sell,THB,100000,918,-10.901,WSL030330
2025-03-23,sell,USD,40000,12346,10,WSL030330
2025-03-23,sell,JOD,150000,65394.402,-40.368,WSL030330
2025-03-23,sell,USD,9000,2778.75,3.15,WSL010431
2025-03-23,sell,INR,50000,176,-7.879,WSL030330
2025-03-23,sell,USD,5000,1543.25,1.25,WSL030330
2025-03-23,sell,AED,500000,42015,-12.8,WSL030330
2025-03-23,sell,INR,500000,1757.5,-81.29,WSL030330
2025-03-23,sell,TRY,700000,5859,-434.875,WSL030330
2025-03-23,buy,AUD,10000,1939.521,-4.311,WSL030330
2025-03-23,buy,CHF,10000,3500,-7.361,WSL030330
2025-03-23,buy,EUR,100000,33406.639,-50.095,WSL030330
2025-03-23,buy,GBP,30000,11979.398,-23.964,WSL030330
2025-03-23,buy,GBP,50000,19953.329,-27.605,WSL030330
2025-03-23,buy,INR,3000000,10476.217,556.523,WSL030330
2025-03-23,buy,PLN,30000,2427.953,-41.818,WSL030330
2025-03-23,buy,SAR,1000000,82182.836,57.164,WSL030330
2025-03-23,buy,SAR,2000000,164299.986,180.014,WSL030330
2025-03-23,buy,USD,500000,154298.34,-98.34,WSL030330
2025-03-23,buy,USD,1000000,308535.01,-135.01,WSL030330
2025-03-23,buy,JPY,1000000,2079.651,-14.841,WSL030330
2025-03-23,buy,KRW,30000000,6415.047,-94.647,WSL030330
2025-03-23,buy,THB,7000000,64201.347,821.723,WSL030330
2025-03-23,buy,VND,100000000,1202.1,1.9,WSL030330
2025-03-23,sell,CHF,200000,71700,1847.226,WSL030330
2025-03-23,buy,BAM,50000,8759.943,205.173,WSL030330
2025-03-23,buy,CHF,200000,69589.258,263.516,WSL030330
2025-03-23,buy,GEL,40000,4534.559,138.168,WSL030330
2025-03-23,buy,JOD,100000,43585.273,37.907,WSL030330
2025-03-23,buy,JPY,3000000,6229.293,-34.863,WSL030330
2025-03-23,buy,KWD,43572.5,43537.201,35.299,WSL030330
2025-03-23,buy,OMR,20000,16018.182,2.597,WSL030330
2025-03-23,buy,VND,100000000,1214,-10,WSL030330
2025-03-23,buy,MAD,20000,640,93.571,WSL030330
2025-03-22,sell,USD,9700,2994.875,6.305,WSL030330
2025-03-22,sell,AED,100000,8404,6.617,WSL030330
2025-03-22,sell,EUR,50000,16807,144.952,WSL030330
2025-03-22,sell,USD,90000,27787.5,58.5,WSL030330
2025-03-22,sell,USD,50000,15437.5,32.5,WSL010431
2025-03-22,sell,INR,200000,706,-28.8,WSL030330
2025-03-22,sell,USD,9700,2998.27,9.7,WSL010431
2025-03-22,sell,USD,9700,2998.27,9.7,WSL010431
2025-03-22,sell,USD,9700,2998.27,9.7,WSL010431
2025-03-22,sell,SAR,100000,8220,4,WSL030330
2025-03-22,sell,USD,100000,30850,40,WSL030330
2025-03-22,sell,AED,200000,16806,11.234,WSL030330
2025-03-22,sell,AED,100000,8402,4.617,WSL030330
2025-03-22,buy,BHD,2,1.628,0.006,WSL030330
2025-03-22,buy,CNY,27,1.145,0.015,WSL030330
2025-03-22,buy,GEL,65,7.15,0.436,WSL030330
2025-03-22,buy,OMR,7.5,5.985,0.017,WSL030330
2025-03-22,sell,AED,30000,2521.2,1.985,WSL030330
2025-03-22,sell,JOD,5000,2180,0.963,WSL030330
2025-03-22,sell,USD,10000,3089,8,WSL030330
2025-03-22,sell,USD,45000,13893.75,29.25,WSL030330
2025-03-22,buy,EUR,300,99,0.972,WSL030330
2025-03-22,buy,USD,200,61.1,0.52,WSL030330
2025-03-22,sell,EUR,10000,3342,9.59,WSL030330
2025-03-22,sell,INR,300000,1059,-43.2,WSL030330
2025-03-22,sell,THB,200000,1839,-16.994,WSL030330
2025-03-22,sell,TRY,400000,3380,-213.004,WSL030330
2025-03-22,sell,USD,40000,12350,26,WSL030330
2025-03-22,sell,THB,100000,919.5,-8.497,WSL030330
2025-03-22,sell,USD,20000,6175,13,WSL030330
2025-03-22,sell,USD,30000,9262.5,19.5,WSL030330
2025-03-22,sell,USD,40000,12356,32,WSL030330
2025-03-22,sell,JOD,5000,2180,0.963,WSL030330
2025-03-22,sell,USD,30000,9267,24,WSL030330
2025-03-22,sell,USD,20000,6175,13,WSL010431
2025-03-22,sell,TRY,200000,1680,-116.502,WSL030330
2025-03-22,sell,CNY,50000,2145,-3.536,WSL030330
2025-03-22,sell,MYR,50000,3512.5,-12.672,WSL030330
2025-03-22,sell,VND,59000000,722.75,13.57,WSL030330
2025-03-22,sell,INR,250000,887.5,-31,WSL010431
2025-03-22,sell,AZN,10000,1834,-67.852,WSL010431
2025-03-22,sell,CNY,20000,858,-1.414,WSL010431
2025-03-22,sell,GEL,10000,1134,-33.046,WSL010431
2025-03-22,sell,USD,60000,18516,30,WSL010431
2025-03-22,sell,EUR,50000,16725,62.952,WSL030330
2025-03-22,sell,THB,1000000,9180,-99.97,WSL030330
2025-03-22,sell,TRY,300000,2511,-183.753,WSL030330
2025-03-22,sell,USD,9000,2778.75,5.85,WSL010431
2025-03-22,sell,EUR,10000,3342,9.59,WSL030330
2025-03-22,sell,USD,50000,15437.5,32.5,WSL030330
2025-03-22,sell,INR,200000,702,-32.8,WSL030330
2025-03-22,sell,USD,50000,15432.5,27.5,WSL030330
2025-03-22,sell,USD,9700,2994.875,6.305,WSL010431
2025-03-20,sell,USD,17000,5247.9,10.2,WSL030330
2025-03-20,sell,THB,200000,1840,-15.994,WSL030330
2025-03-20,sell,USD,100000,30850,40,WSL030330
2025-03-20,sell,USD,20000,6172,10,WSL010431
2025-03-20,sell,CNY,80000,3428,-9.657,WSL010431
2025-03-20,sell,KRW,10000000,2148,47,WSL010431
2025-03-20,sell,TRY,400000,3395.2,-197.804,WSL010431
2025-03-20,sell,USD,40000,12344,20,WSL010431
2025-03-20,sell,USD,9000,2777.4,4.5,WSL010431
2025-03-20,sell,USD,40000,12344,20,WSL010431
2025-03-20,buy,GBP,1200,476.88,2.018,WSL030330
2025-03-20,sell,LKR,100000,113,-1.963,WSL010431
2025-03-20,buy,JOD,65000,28301,26.484,WSL030330
2025-03-20,sell,USD,6900,2129.34,3.45,WSL010431
2025-03-20,sell,IDR,30000000,576,-32.1,WSL010431
2025-03-20,sell,INR,100000,353,-14.4,WSL010431
2025-03-20,sell,USD,200000,61700,80,WSL030330
2025-03-20,sell,JPY,2500000,5176.425,-8,WSL030330
2025-03-20,sell,KRW,20000000,4300,93.6,WSL030330
2025-03-20,sell,USD,9700,2992.45,3.88,WSL010431
2025-03-20,sell,JOD,5000,2178.5,-0.537,WSL030330
2025-03-20,sell,USD,20000,6174,12,WSL030330
2025-03-20,sell,USD,80000,24688,40,WSL030330
2025-03-20,sell,SAR,35000,2875.25,-0.35,WSL030330
2025-03-20,sell,USD,10000,3087,6,WSL030330
2025-03-20,sell,USD,9700,2993.42,4.85,WSL030330
2025-03-20,sell,AED,30000,2519.1,-0.115,WSL030330
2025-03-20,sell,INR,100000,353,-14.4,WSL030330
2025-03-20,sell,USD,10000,3087,6,WSL030330
2025-03-20,sell,USD,60000,18510,24,WSL030330
2025-03-20,buy,EUR,30000,10065,-21.556,WSL010431
2025-03-20,sell,THB,1000000,9195,-84.97,WSL030330
2025-03-20,sell,USD,30000,9252,9,WSL030330
2025-03-20,sell,PLN,9000,720.9,1.451,WSL030330
2025-03-20,sell,SAR,100000,8215,-1,WSL030330
2025-03-20,sell,USD,200000,61700,80,WSL030330
2025-03-20,sell,GBP,5000,2000,1.509,WSL030330
2025-03-20,sell,USD,10000,3085.5,4.5,WSL030330
2025-03-20,sell,JOD,5000,2178.5,-0.537,WSL030330
2025-03-20,sell,USD,40000,12342,18,WSL030330
2025-03-20,sell,CNY,10000,428.5,-1.207,WSL030330
2025-03-20,sell,USD,20000,6172,10,WSL030330
2025-03-20,buy,EUR,1800,594,9.549,WSL030330
2025-03-20,sell,USD,40000,12340,16,WSL030330
2025-03-20,sell,USD,170000,52428,51,WSL030330
2025-03-20,sell,EUR,50000,16805,39.738,WSL030330
2025-03-20,sell,JOD,5000,2179,-0.037,WSL030330
2025-03-20,sell,THB,1900000,17489.5,-142.443,WSL030330
2025-03-20,sell,USD,200000,61680,60,WSL030330
2025-03-20,sell,USD,20000,6170,8,WSL030330
2025-03-20,sell,KRW,10000000,2150,40.5,WSL030330
2025-03-20,sell,VND,100000000,1225,20,WSL030330
2025-03-20,sell,INR,200000,706,-28.8,WSL030330
2025-03-20,sell,JOD,10000,4357,-1.074,WSL030330
2025-03-20,sell,PKR,200000,234,-2.99,WSL030330
2025-03-20,sell,USD,175000,53970,52.5,WSL030330
2025-03-20,sell,EUR,5000,1679,2.474,WSL030330
2025-03-20,sell,USD,40000,12336,12,WSL030330
2025-03-20,buy,AED,1799925,151060.318,86.278,WSL030330
2025-03-20,buy,EGP,4000000,25805.236,4031.164,WSL030330
2025-03-20,buy,HKD,14000,555.045,0.076,WSL030330
2025-03-20,buy,KRW,60000000,12790.98,-118.98,WSL030330
2025-03-20,buy,LKR,1000000,1100.179,49.451,WSL030330
2025-03-20,buy,PKR,3000000,3422.778,132.072,WSL030330
2025-03-20,buy,TRY,4000000,33870.26,2059.78,WSL030330
2025-03-20,buy,USD,1452000,447512.244,-151.044,WSL030330
2025-03-20,buy,AED,1500000,125888.844,71.901,WSL030330
2025-03-20,buy,EUR,130000,43650.685,-16.947,WSL030330
2025-03-20,buy,SAR,500000,41051.439,28.561,WSL030330
2025-03-20,buy,SAR,800000,65656.054,71.946,WSL030330
2025-03-20,buy,USD,700000,215753.6,-83.6,WSL030330
2025-03-20,buy,JOD,200000,87024.125,137.365,WSL030330
2025-03-20,buy,KWD,27000,26978.106,21.894,WSL030330
2025-03-20,buy,QAR,700000,58997.264,220.202,WSL030330
2025-03-20,buy,TRY,2000000,16949.106,1015.914,WSL030330
2025-03-19,sell,USD,14000,4319.7,6.3,WSL030330
2025-03-19,sell,SAR,150000,12322.5,6.711,WSL030330
2025-03-19,buy,BHD,3500,2849,10.435,WSL030330
2025-03-19,sell,USD,9500,2932.65,5.7,WSL030330
2025-03-19,buy,GBP,50,19.5,0.468,WSL030330
2025-03-19,sell,USD,180000,55512,54,WSL030330
2025-03-19,sell,GEL,1700,192.95,-5.448,WSL030330
2025-03-19,buy,CHF,1930,656.2,19.75,WSL030330
2025-03-19,buy,CHF,42040,14640.43,83.367,WSL030330
2025-03-19,buy,GBP,3800,1474.4,44.687,WSL030330
2025-03-19,sell,INR,200000,706,-28.8,WSL030330
2025-03-19,sell,USD,60000,18507,21,WSL010431
2025-03-19,sell,BDT,50000,139,-2.33,WSL030330
2025-03-19,sell,USD,30000,9253.5,10.5,WSL030330
2025-03-19,sell,AED,2000000,167920,-27.66,WSL030330
2025-03-19,sell,USD,20000,6167,5,WSL030330
2025-03-19,sell,SAR,350000,28752.5,15.659,WSL030330
2025-03-19,sell,USD,9700,2991.965,3.395,WSL030330
2025-03-19,sell,USD,55000,16964.75,19.25,WSL030330
2025-03-19,buy,BAM,300,49.8,3.017,WSL030330
2025-03-19,buy,EUR,100,33,0.611,WSL030330
2025-03-19,buy,MYR,1949,133.507,3.904,WSL030330
2025-03-19,buy,GBP,5850,2328.3,11.015,WSL030330
2025-03-19,sell,EUR,10000,3366,10.175,WSL030330
2025-03-19,sell,USD,20000,6169,7,WSL030330
2025-03-19,sell,USD,15000,4626,4.5,WSL030330
2025-03-19,sell,CNY,23000,985.55,-2.776,WSL030330
2025-03-19,sell,USD,500000,154275,225,WSL030330
2025-03-19,sell,USD,10000,3083.5,2.5,WSL030330
2025-03-19,sell,AUD,5000,979,3.555,WSL030330
2025-03-19,sell,USD,35000,10792.25,8.75,WSL030330
2025-03-19,sell,LKR,500000,560,-14.815,WSL030330
2025-03-19,sell,KRW,20000000,4300,59.8,WSL030330
2025-03-19,sell,USD,9000,2776.05,3.15,WSL010431
2025-03-19,buy,BHD,54912,44809.647,52.432,WSL030330
2025-03-19,buy,IDR,200000000,3803.08,250.92,WSL030330
2025-03-19,buy,KRW,30000000,6408.807,-48.507,WSL030330
2025-03-19,buy,KWD,35610,35558.057,51.943,WSL030330
2025-03-19,buy,THB,5000000,45977.6,422.25,WSL030330
2025-03-19,sell,CHF,20000,7160,133.897,WSL030330
2025-03-18,sell,USD,30000,9256.5,10.5,WSL030330
2025-03-18,sell,USD,40000,12342,14,WSL030330
2025-03-18,sell,JOD,5000,2178.5,-1.244,WSL010431
2025-03-18,buy,GBP,25000,9962.5,47.836,WSL010431
2025-03-18,sell,USD,30000,9256.5,10.5,WSL030330
2025-03-18,sell,USD,70000,21588,14,WSL030330
2025-03-18,sell,USD,20000,6171,7,WSL010431
2025-03-18,sell,SAR,50000,4120,13.404,WSL030330
2025-03-18,sell,SAR,100000,8220,6.809,WSL030330
2025-03-18,sell,GEL,10000,1132,-35.424,WSL030330
2025-03-18,sell,USD,30000,9261,15,WSL030330
2025-03-18,buy,BHD,3000,2445,6.74,WSL030330
2025-03-18,buy,BHD,3000,2445,6.74,WSL030330
2025-03-18,sell,JOD,5000,2178.5,-1.244,WSL030330
2025-03-18,sell,USD,20000,6174,10,WSL030330
2025-03-18,sell,USD,40000,12340,12,WSL030330
2025-03-18,buy,BHD,3600,2930.4,11.687,WSL030330
2025-03-18,buy,GBP,25000,9962.5,41.672,WSL010431
2025-03-18,sell,USD,20000,6171,7,WSL030330
2025-03-18,sell,USD,20000,6169,5,WSL030330
2025-03-18,sell,AED,200000,16794,-6.218,WSL030330
2025-03-18,sell,BDT,1500000,4155,-86.28,WSL030330
2025-03-18,sell,CAD,20000,4297,-15.299,WSL030330
2025-03-18,sell,INR,3000000,10635,-390.57,WSL030330
2025-03-18,sell,PHP,500000,2762.5,-14.075,WSL030330
2025-03-18,sell,SAR,800000,65744,38.472,WSL030330
2025-03-18,sell,USD,800000,246880,320,WSL030330
2025-03-18,buy,CNY,200000,8559.722,37.21,WSL030330
2025-03-18,buy,EUR,50000,16771.064,59.738,WSL030330
2025-03-18,buy,HKD,50000,1988.065,-4.669,WSL030330
2025-03-18,buy,INR,3000000,10541.049,484.521,WSL030330
2025-03-18,buy,SAR,500000,41064.766,1.189,WSL030330
2025-03-18,buy,USD,750000,231239.612,-89.612,WSL030330
2025-03-17,sell,USD,20000,6171,7,WSL030330
2025-03-17,buy,GBP,9840,3921.24,21.254,WSL030330
2025-03-17,buy,GBP,25000,9918.75,97.75,WSL030330
2025-03-17,buy,USD,66500,20365.625,129.675,WSL030330
2025-03-17,sell,PKR,150000,177.75,-0.051,WSL010431
2025-03-17,sell,TRY,500000,4250,-282.355,WSL030330
2025-03-17,sell,USD,100000,30850,30,WSL030330
2025-03-17,sell,AED,150000,12601.5,1.336,WSL010431
2025-03-17,sell,JOD,5000,2177.5,-2.244,WSL030330
2025-03-17,sell,OMR,1000,800,-0.519,WSL030330
2025-03-17,sell,USD,20000,6169,5,WSL030330
2025-03-17,sell,USD,50000,15435,25,WSL030330
2025-03-17,sell,USD,100000,30850,30,WSL030330
2025-03-17,buy,USD,1000,305.5,2.7,WSL030330
2025-03-17,sell,CNY,50000,2145,-4.233,WSL030330
2025-03-17,buy,GBP,7540,2989.61,18.585,WSL030330
2025-03-17,buy,GBP,7540,2989.61,18.585,WSL030330
2025-03-17,buy,GBP,7540,2989.61,18.585,WSL030330
2025-03-17,sell,AED,100000,8400,-0.109,WSL010431
2025-03-17,sell,TRY,340000,2896.8,-185.201,WSL010431
2025-03-17,sell,USD,55000,16964.75,13.75,WSL030330
2025-03-17,sell,SAR,100000,8217,3.809,WSL030330
2025-03-17,sell,USD,40000,12342,14,WSL030330
2025-03-17,sell,INR,100000,354,-13.519,WSL030330
2025-03-17,sell,JOD,5000,2178.5,-1.244,WSL030330
2025-03-17,sell,USD,20000,6174,10,WSL030330
2025-03-17,sell,USD,40000,12342,14,WSL030330
2025-03-17,sell,THB,300000,2766,-18.894,WSL030330
2025-03-17,sell,USD,9700,2993,3.46,WSL030330
2025-03-17,buy,GBP,12000,4755,27.771,WSL030330
2025-03-17,sell,BHD,25000,20418.102,-13.06,WSL030330
2025-03-17,sell,PHP,7000000,38691.479,-180.571,WSL030330
2025-03-17,sell,QAR,1500,125.947,-0.989,WSL030330
2025-03-17,sell,USD,2000000,617101.19,701.19,WSL030330
2025-03-16,sell,USD,40000,12342,14,WSL030330
2025-03-16,sell,USD,50000,15435,25,WSL030330
2025-03-16,sell,USD,9700,2992.935,3.395,WSL030330
2025-03-16,sell,USD,8100,2499.255,2.835,WSL030330
2025-03-16,buy,GBP,1235,489.678,2.663,WSL030330
2025-03-16,sell,EUR,50000,16689.03,-84.755,WSL030330
2025-03-16,sell,USD,50000,15432.5,22.5,WSL030330
2025-03-16,buy,GBP,7540,2989.61,16.262,WSL030330
2025-03-16,sell,BHD,2500,2043.125,0.009,WSL030330
2025-03-16,sell,USD,10000,3087,5,WSL030330
2025-03-16,sell,THB,1000000,9210,-72.98,WSL010431
2025-03-16,sell,USD,100000,30850,30,WSL030330
2025-03-16,sell,USD,30000,9256.5,10.5,WSL030330
2025-03-16,sell,USD,40000,12342,14,WSL030330
2025-03-16,buy,EUR,200,66.4,0.695,WSL030330
2025-03-16,sell,TRY,80000,682,-43.177,WSL030330
2025-03-16,sell,USD,30000,9256.5,10.5,WSL030330
2025-03-16,sell,JOD,5000,2178.5,-1.244,WSL030330
2025-03-16,sell,THB,200000,1844,-12.596,WSL010431
2025-03-16,sell,USD,30000,9256.5,10.5,WSL010431
2025-03-16,sell,BAM,10000,1760,-1.143,WSL030330
2025-03-16,sell,BHD,4000,3269,0.014,WSL030330
2025-03-16,sell,KRW,11000000,2365,28.71,WSL030330
2025-03-16,sell,USD,35000,10799.25,12.25,WSL030330
2025-03-16,sell,AED,2000000,168040,37.82,WSL030330
2025-03-16,sell,USD,10000,3085,3,WSL030330
2025-03-16,sell,USD,20000,6176,12,WSL030330
2025-03-16,sell,INR,200000,704,-31.038,WSL030330
2025-03-16,sell,USD,20000,6170,6,WSL030330
2025-03-16,sell,JOD,2000,869.4,-2.498,WSL030330
2025-03-16,sell,USD,25000,7711.25,6.25,WSL030330
2025-03-16,sell,USD,9000,2777.4,3.6,WSL010431
2025-03-16,buy,AED,1000000,83953.14,47.95,WSL030330
2025-03-16,buy,CAD,20000,4289.095,3.384,WSL030330
2025-03-16,buy,JPY,1000000,2083.502,-10.032,WSL030330
2025-03-16,buy,JPY,1500000,3127.368,-17.163,WSL030330
2025-03-16,buy,KRW,10000000,2132.53,-8.63,WSL030330
2025-03-16,buy,USD,800000,246680.238,-120.238,WSL030330
2025-03-16,sell,BGN,6035,1027.45,-7.486,WSL030330
2025-03-16,sell,CHF,120,41.595,-0.195,WSL030330
2025-03-16,sell,EUR,20000,6702.879,-6.635,WSL030330
2025-03-16,sell,EUR,25000,8373.976,-12.916,WSL030330
2025-03-16,sell,EUR,30000,10012.718,-51.553,WSL030330
2025-03-16,sell,EUR,70000,23514.002,30.703,WSL030330
2025-03-16,sell,EUR,180000,59982.138,-403.488,WSL030330
2025-03-16,sell,GBP,20000,7953.352,-19.782,WSL030330
2025-03-16,sell,GBP,20000,7964.445,-8.689,WSL030330
2025-03-16,sell,GBP,40000,15909.168,-37.1,WSL030330
2025-03-16,sell,GBP,50000,19835.616,-97.219,WSL030330
2025-03-16,sell,GBP,50000,19888.001,-44.834,WSL030330
2025-03-16,sell,GBP,50000,19924.979,-7.856,WSL030330
2025-03-16,sell,GBP,70000,27882.028,-23.941,WSL030330
2025-03-16,sell,GBP,100000,39708.209,-157.461,WSL030330
2025-03-16,sell,PLN,20000,1584.319,-20.179,WSL030330
2025-03-16,sell,PLN,100000,7911.425,-111.065,WSL030330
2025-03-16,sell,SGD,6000,1381.322,-5.509,WSL030330
2025-03-16,sell,USD,2700,830.341,-1.799,WSL030330
2025-03-15,sell,USD,30000,9259.5,13.5,WSL030330
2025-03-15,buy,GBP,185,72.5,1.251,WSL030330
2025-03-15,buy,GBP,20000,7940,33.134,WSL030330
2025-03-15,buy,GBP,18000,7155,20.821,WSL030330
2025-03-15,sell,SAR,20000,1644,1.362,WSL030330
2025-03-15,sell,USD,30000,9259.5,13.5,WSL030330
2025-03-15,sell,THB,200000,1840,-16.596,WSL010431
2025-03-15,sell,SAR,50000,4110,3.404,WSL010431
2025-03-15,buy,GBP,19025,7552.925,31.519,WSL010431
2025-03-15,sell,TRY,200000,1706,-106.942,WSL010431
2025-03-15,sell,USD,10000,3086.5,4.5,WSL010431
2025-03-15,sell,USD,9700,2993.905,4.365,WSL030330
2025-03-15,sell,USD,600,185.19,0.27,WSL030330
2025-03-15,sell,USD,9700,2993.905,4.365,WSL030330
2025-03-15,sell,USD,20000,6170,6,WSL030330
2025-03-15,sell,USD,10000,3085,3,WSL030330
2025-03-15,sell,USD,130000,40124.5,58.5,WSL030330
2025-03-15,sell,USD,30000,9259.5,13.5,WSL010431
2025-03-15,buy,BHD,2000,1630,4.493,WSL030330
2025-03-15,buy,CHF,70,23.1,1.277,WSL030330
2025-03-15,buy,USD,1900,580.45,5.13,WSL030330
2025-03-15,sell,AED,50000,4201,0.946,WSL030330
2025-03-15,sell,INR,200000,708,-27.038,WSL030330
2025-03-15,sell,USD,10000,3089,7,WSL030330
2025-03-15,sell,USD,50000,15430,20,WSL030330
2025-03-15,sell,USD,55000,16967.5,16.5,WSL030330
2025-03-15,buy,JOD,50000,21777.5,19.945,WSL030330
2025-03-15,sell,USD,70000,21605.5,31.5,WSL030330
2025-03-15,sell,CAD,500,107.5,0.188,WSL030330
2025-03-15,sell,USD,500,154.325,0.225,WSL030330
2025-03-15,sell,USD,40000,12346,18,WSL030330
2025-03-15,sell,CAD,10000,2150,3.76,WSL030330
2025-03-15,sell,USD,10000,3089,7,WSL030330
2025-03-15,sell,USD,20000,6178,14,WSL030330
2025-03-15,sell,USD,20000,6171,7,WSL030330
2025-03-15,sell,USD,20000,6171,7,WSL030330
2025-03-15,buy,AED,1000000,83953.14,47.95,WSL030330
2025-03-15,buy,EUR,40000,13423.014,-3.986,WSL030330
2025-03-15,buy,EUR,50000,16732.545,41.24,WSL030330
2025-03-15,buy,INR,3000000,10541.049,484.521,WSL030330
2025-03-15,buy,SAR,500000,41064.766,1.189,WSL030330
2025-03-15,buy,SAR,1000000,82096.71,35.2,WSL030330
2025-03-15,buy,USD,1000000,308273.26,-73.26,WSL030330
2025-03-13,sell,USD,20000,6170,6,WSL030330
2025-03-13,sell,AED,100000,8402,1.891,WSL030330
2025-03-13,sell,TRY,200000,1706,-106.942,WSL030330
2025-03-13,buy,GBP,50000,19880,65.163,WSL030330
2025-03-13,sell,USD,30000,9258,12,WSL010431
2025-03-13,sell,SAR,53400,4386.81,0.966,WSL010431
2025-03-13,sell,SAR,25000,2055,1.702,WSL030330
2025-03-13,buy,GBP,20000,7950,32.38,WSL010431
2025-03-13,sell,AED,40000,3360,-0.044,WSL030330
2025-03-13,sell,USD,10000,3087.5,5.5,WSL030330
2025-03-13,sell,USD,30000,9256.5,10.5,WSL030330
2025-03-13,sell,AZN,10000,1831.5,-70.969,WSL030330
2025-03-13,sell,USD,100000,30845,25,WSL030330
2025-03-13,sell,SAR,25000,2054.5,1.202,WSL010431
2025-03-13,sell,USD,20000,6171,7,WSL010431
2025-03-13,sell,BHD,2000,1634,-0.493,WSL030330
2025-03-13,sell,QAR,15000,1267.5,-1.857,WSL030330
2025-03-13,sell,USD,30000,9253.5,7.5,WSL030330
2025-03-13,buy,EUR,27285,9140.475,4.57,WSL030330
2025-03-13,buy,GBP,16455,6537.572,29.931,WSL030330
2025-03-13,buy,GBP,5000,1987,8.595,WSL030330
2025-03-13,sell,USD,10000,3088,6,WSL030330
2025-03-13,buy,GBP,7500,2981.25,13.067,WSL030330
2025-03-13,sell,PKR,200000,230,-7.068,WSL030330
2025-03-13,sell,USD,100000,30845,25,WSL030330
2025-03-13,sell,EUR,50000,16689.03,-57.017,WSL010431
2025-03-13,sell,SAR,240000,19716,4.342,WSL030330
2025-03-13,sell,SAR,25000,2053.75,0.452,WSL030330
2025-03-13,sell,TRY,300000,2559,-160.413,WSL010431
2025-03-13,sell,SAR,35000,2875.25,0.633,WSL030330
2025-03-13,buy,PHP,6000000,33075,243.9,WSL030330
2025-03-13,sell,SAR,100000,8215,1.809,WSL030330
2025-03-13,sell,USD,80000,24680,24,WSL030330
2025-03-13,sell,USD,20000,6169,5,WSL030330
2025-03-13,sell,USD,60000,18507,15,WSL030330
2025-03-12,sell,AED,500000,41990,-10.545,WSL030330
2025-03-12,buy,CHF,120,41.5,0.413,WSL030330
2025-03-12,buy,GBP,3220,1262.25,25.096,WSL030330
2025-03-12,buy,GBP,15000,5966.25,30.706,WSL030330
2025-03-12,sell,THB,300000,2751,-33.894,WSL010431
2025-03-12,sell,TRY,200000,1706,-106.942,WSL010431
2025-03-12,sell,TRY,100000,854,-52.471,WSL030330
2025-03-12,sell,USD,600,185.1,0.18,WSL030330
2025-03-12,sell,USD,9700,2994.875,5.335,WSL030330
2025-03-12,sell,USD,9700,2992.45,2.91,WSL030330
2025-03-12,sell,BDT,200000,550,-15.504,WSL030330
2025-03-12,sell,PKR,200000,236,-1.068,WSL030330
2025-03-12,sell,ZAR,50000,855,16.452,WSL030330
2025-03-12,sell,PHP,100000,551,0.643,WSL030330
2025-03-12,sell,USD,9000,2776.5,2.7,WSL030330
2025-03-12,sell,USD,70000,21595,21,WSL030330
2025-03-12,sell,AED,50000,4200,-0.054,WSL030330
2025-03-12,sell,USD,30000,9255,9,WSL030330
2025-03-12,sell,INR,1000000,3540,-135.19,WSL010431
2025-03-12,sell,JPY,2000000,4193.2,38.16,WSL010431
2025-03-12,sell,SAR,150000,12322.5,2.714,WSL010431
2025-03-12,sell,EGP,25000,163.75,-22.788,WSL030330
2025-03-12,sell,USD,30000,9255,9,WSL030330
2025-03-12,sell,TRY,350000,2982,-190.648,WSL030330
2025-03-12,sell,USD,20000,6168,4,WSL030330
2025-03-12,sell,PKR,200000,230,-7.068,WSL030330
2025-03-12,sell,USD,35000,10794,7,WSL030330
2025-03-12,sell,PHP,500000,2750,-1.785,WSL010431
2025-03-12,sell,IDR,50000000,960,-54,WSL010431
2025-03-12,sell,THB,200000,1834,-22.596,WSL010431
2025-03-12,sell,USD,30000,9255,9,WSL030330
2025-03-12,sell,THB,300000,2751,-33.894,WSL010431
2025-03-12,buy,GBP,5000,1925,67.975,WSL030330
2025-03-12,buy,EUR,30000,10035,45.914,WSL030330
2025-03-12,buy,GBP,10000,3965,20.951,WSL030330
2025-03-12,sell,USD,9000,2776.5,2.7,WSL010431
2025-03-12,sell,BDT,6000000,16510.714,-454.406,WSL030330
2025-03-12,buy,BDT,10000000,26912.66,1362.54,WSL030330
2025-03-12,buy,CHF,20000,7021.761,-44.174,WSL030330
2025-03-12,buy,CNY,200000,8559.722,37.21,WSL030330
2025-03-12,buy,EUR,150000,50437.992,-79.653,WSL030330
2025-03-12,buy,KWD,162140.5,161904.067,236.433,WSL030330
2025-03-11,buy,GBP,13000,5155.8,30.744,WSL030330
2025-03-11,sell,USD,100000,30845,25,WSL010431
2025-03-11,sell,OMR,3000,2402.1,0.542,WSL010431
2025-03-11,sell,PKR,500000,570,-22.67,WSL010431
2025-03-11,sell,USD,20000,6170,6,WSL010431
2025-03-11,sell,USD,600,185.1,0.18,WSL030330
2025-03-11,sell,USD,9700,2992.45,2.91,WSL030330
2025-03-11,sell,USD,9700,2992.45,2.91,WSL030330
2025-03-11,buy,BHD,674.5,548.368,2.865,WSL030330
2025-03-11,buy,EUR,745,248.458,1.586,WSL030330
2025-03-11,buy,GBP,2035,805.86,5.093,WSL030330
2025-03-11,sell,USD,30000,9252,6,WSL030330
2025-03-11,sell,AED,2000000,167960,-42.18,WSL030330
2025-03-11,sell,USD,50000,15420,10,WSL030330
2025-03-11,buy,EUR,21500,7181,52.932,WSL030330
2025-03-11,sell,USD,10000,3085,3,WSL030330
2025-03-11,sell,USD,20000,6174,10,WSL030330
2025-03-11,buy,PLN,2100,164.85,3.631,WSL010431
2025-03-11,buy,PLN,37900,2975.15,65.532,WSL010431
2025-03-11,sell,USD,50000,15425,15,WSL030330
2025-03-11,sell,AED,60000,5040,-0.065,WSL010431
2025-03-11,sell,SAR,150000,12330,10.214,WSL030330
2025-03-11,sell,USD,40000,12340,12,WSL030330
2025-03-11,sell,AED,100000,8400,-0.109,WSL010431
2025-03-11,sell,INR,200000,706,-29.038,WSL030330
2025-03-11,sell,USD,60000,18504,12,WSL030330
2025-03-11,sell,USD,50000,15422.5,12.5,WSL030330
2025-03-11,sell,INR,5000000,17651.775,-724.175,WSL030330
2025-03-11,sell,SAR,1000000,82186.667,54.757,WSL030330
2025-03-11,sell,USD,9000,2776.5,2.7,WSL010431
2025-03-11,sell,USD,200000,61680,40,WSL030330
2025-03-11,buy,INR,8000000,28141.552,1259.968,WSL030330
2025-03-11,buy,SAR,1000000,82096.71,35.2,WSL030330
2025-03-11,buy,SAR,1900000,156046.109,4.52,WSL030330
2025-03-11,buy,USD,600000,184982.445,-62.445,WSL030330
2025-03-11,buy,USD,800000,246593.956,-33.956,WSL030330
2025-03-10,buy,GBP,20240,8030.22,-5.698,WSL030330
2025-03-10,sell,USD,9000,2776.95,3.15,WSL030330
2025-03-10,buy,EUR,7760,2576.32,15.013,WSL030330
2025-03-10,buy,BGN,6035,995.775,34.232,WSL030330
2025-03-10,buy,GBP,15190,6022.835,14.502,WSL030330
2025-03-10,buy,PLN,58170,4566.345,59.16,WSL030330
2025-03-10,sell,MYR,20000,1406,-4.526,WSL010431
2025-03-10,sell,USD,20000,6170,6,WSL010431
2025-03-10,buy,PLN,19290,1514.265,26.895,WSL030330
2025-03-10,sell,EUR,20000,6462.955,-226.218,WSL010431
2025-03-10,sell,USD,100000,30850,30,WSL030330
2025-03-10,buy,BHD,8000,6522,15.972,WSL030330
2025-03-10,buy,CZK,2300,30.475,0.244,WSL030330
2025-03-10,buy,EUR,29150,9721.525,-7.992,WSL030330
2025-03-10,buy,GBP,910,347.62,13.643,WSL030330
2025-03-10,buy,GBP,15000,5947.5,7.386,WSL030330
2025-03-10,sell,USD,70000,21588,14,WSL030330
2025-03-10,sell,USD,50000,15435,25,WSL030330
2025-03-10,sell,USD,50000,15420,10,WSL030330
2025-03-10,sell,USD,30000,9252,6,WSL030330
2025-03-10,sell,THB,300000,2757,-27.894,WSL010431
2025-03-10,sell,USD,23000,7095.5,6.9,WSL010431
2025-03-10,sell,GEL,10000,1132,-35.424,WSL030330
2025-03-10,sell,PHP,200000,1100,-0.714,WSL030330
2025-03-10,sell,USD,30000,9261,15,WSL030330
2025-03-10,sell,CNY,20000,858,4.26,WSL010431
2025-03-10,sell,CHF,50000,17600,60.733,WSL030330
2025-03-10,sell,INR,3000000,10635,-390.57,WSL030330
2025-03-10,sell,PHP,500000,2745,-6.785,WSL030330
2025-03-10,sell,SAR,400000,32880,27.236,WSL030330
2025-03-10,sell,USD,500000,154327.5,227.5,WSL030330
2025-03-10,buy,SAR,500000,41025,40.955,WSL030330
2025-03-10,sell,USD,50000,15425,15,WSL030330
2025-03-10,sell,USD,20000,6174,10,WSL030330
2025-03-10,sell,USD,9700,2992.45,2.91,WSL030330
2025-03-10,sell,USD,30000,9255,9,WSL030330
2025-03-10,sell,AED,10000,840,-0.011,WSL030330
2025-03-10,sell,INR,100000,354,-13.519,WSL030330
2025-03-10,sell,PKR,300000,345,-10.602,WSL030330
2025-03-10,sell,USD,130000,40092,26,WSL030330
2025-03-10,sell,AED,40000,3360,-0.044,WSL030330
2025-03-10,sell,USD,10000,3085,3,WSL030330
2025-03-10,sell,USD,10000,3087,5,WSL030330
2025-03-10,sell,BHD,4500,3678.75,1.141,WSL010431
2025-03-10,sell,PHP,500000,2750,-1.785,WSL010431
2025-03-10,sell,THB,500000,4595,-46.49,WSL010431
2025-03-10,sell,TRY,150000,1284.75,-74.956,WSL010431
2025-03-10,sell,TRY,150000,1332,-27.706,WSL010431
2025-03-10,sell,SAR,750000,61640,41.068,WSL030330
2025-03-10,sell,USD,9000,2776.5,2.7,WSL010431
2025-03-09,buy,BHD,20000,16310,40.233,WSL030330
2025-03-09,buy,CHF,50000,17537.5,-18.464,WSL030330
2025-03-09,buy,EUR,117460,39055.45,181.247,WSL030330
2025-03-09,buy,GBP,64865,25725.459,117.801,WSL030330
2025-03-09,sell,KRW,8700000,1870.5,20.706,WSL030330
2025-03-09,sell,USD,30000,9256.5,7.5,WSL010431
2025-03-09,sell,PHP,200000,1099,-2.072,WSL030330
2025-03-09,sell,PKR,500000,573.75,-19.11,WSL030330
2025-03-09,buy,EUR,10000,3323,17.43,WSL030330
2025-03-09,buy,GBP,10000,3965,19.161,WSL030330
2025-03-09,sell,USD,9700,2992.935,2.425,WSL030330
2025-03-09,sell,USD,9700,2992.935,2.425,WSL030330
2025-03-09,sell,USD,9700,2992.935,2.425,WSL030330
2025-03-09,sell,INR,500000,1780,-58.19,WSL030330
2025-03-09,sell,USD,15000,4628.25,3.75,WSL030330
2025-03-09,sell,GEL,10000,1127,-40.803,WSL030330
2025-03-09,sell,CAD,10000,2148.5,4.55,WSL030330
2025-03-09,sell,USD,10000,3088,5,WSL030330
2025-03-09,sell,CZK,100000,1375,35.73,WSL030330
2025-03-09,sell,USD,20000,6171,5,WSL030330
2025-03-09,sell,USD,20000,6171,5,WSL030330
2025-03-09,buy,QAR,35499,2990.791,14.245,WSL030330
2025-03-09,buy,CNY,850,36.125,0.171,WSL030330
2025-03-09,buy,EUR,2500,825,10.108,WSL030330
2025-03-09,buy,USD,400,122,1.32,WSL030330
2025-03-09,sell,USD,20000,6171,5,WSL030330
2025-03-09,sell,USD,60000,18507,9,WSL030330
2025-03-09,buy,AED,1000000,83980.384,47.966,WSL030330
2025-03-09,buy,BHD,10000,8172.057,3.06,WSL030330
2025-03-09,buy,KWD,16000,15992.218,7.782,WSL030330
2025-03-09,buy,PHP,2000000,10911.504,99.216,WSL030330
2025-03-09,buy,SAR,900000,73940.565,2.139,WSL030330
2025-03-09,buy,USD,1000000,308342.475,-42.475,WSL030330
2025-03-09,sell,AED,1150,96.512,-0.121,WSL030330
2025-03-09,sell,CHF,17420,6092.257,-11.375,WSL030330
2025-03-09,sell,CHF,20000,6901.377,-106.238,WSL030330
2025-03-09,sell,EUR,40000,13289.274,-72.448,WSL030330
2025-03-09,sell,EUR,50000,16688.655,-13.497,WSL030330
2025-03-09,sell,EUR,50000,16708.691,6.539,WSL030330
2025-03-09,sell,EUR,100000,33368.063,-36.242,WSL030330
2025-03-09,sell,EUR,200000,66384.72,-423.89,WSL030330
2025-03-09,sell,EUR,200000,66637.485,-171.125,WSL030330
2025-03-09,sell,GBP,30000,11850.671,-101.812,WSL030330
2025-03-09,sell,GBP,30000,11906.156,-46.327,WSL030330
2025-03-09,sell,GBP,30000,11924.651,-27.832,WSL030330
2025-03-09,sell,GBP,50000,19573.875,-346.929,WSL030330
2025-03-09,sell,GBP,70000,27727.088,-162.038,WSL030330
2025-03-09,sell,GBP,120000,47546.946,-262.985,WSL030330
2025-03-09,sell,MYR,250,17.797,0.16,WSL030330
2025-03-09,sell,OMR,100,79.858,-0.22,WSL030330
2025-03-09,sell,SAR,3600000,295644.067,-126.749,WSL030330
2025-03-09,sell,SGD,20000,4571.746,-60.513,WSL030330
2025-03-09,sell,USD,6100,1880.325,-0.305,WSL030330
2025-03-09,sell,USD,132900,40884.492,-88.578,WSL030330
2025-03-08,buy,USD,28100,8605.625,57.605,WSL030330
2025-03-08,sell,USD,40000,12340,8,WSL010431
2025-03-08,buy,GBP,4000,1585,8.541,WSL030330
2025-03-08,sell,USD,9000,2778.75,4.05,WSL030330
2025-03-08,sell,USD,1000,308.75,0.45,WSL030330
2025-03-08,buy,EUR,8000,2656,18.071,WSL030330
2025-03-08,sell,USD,10000,3085,2,WSL030330
2025-03-08,sell,PHP,2000000,10880,-52.62,WSL030330
2025-03-08,sell,USD,40000,12340,8,WSL030330
2025-03-08,buy,USD,200,61.5,0.16,WSL030330
2025-03-08,sell,AED,25000,2100.375,-0.334,WSL030330
2025-03-08,sell,USD,10000,3087.5,4.5,WSL030330
2025-03-08,sell,USD,20000,6170,4,WSL030330
2025-03-08,sell,EUR,10000,3339,-3.589,WSL030330
2025-03-08,sell,USD,30000,9255,6,WSL030330
2025-03-08,sell,AED,30000,2520.6,-0.25,WSL030330
2025-03-08,sell,USD,30000,9255,6,WSL030330
2025-03-08,sell,USD,30000,9255,6,WSL030330
2025-03-08,buy,EUR,8100,2689.2,18.297,WSL010431
2025-03-08,sell,USD,9700,2992.45,1.94,WSL030330
2025-03-08,sell,USD,9700,2992.45,1.94,WSL030330
2025-03-08,sell,USD,20000,6170,4,WSL030330
2025-03-08,sell,USD,40600,12525.1,8.12,WSL030330
2025-03-08,sell,USD,40000,12336,4,WSL030330
2025-03-08,buy,GBP,1400,539,18.739,WSL030330
2025-03-08,buy,EUR,40000,13304,66.354,WSL030330
2025-03-08,buy,EUR,50000,16634.7,78.243,WSL010431
2025-03-06,sell,USD,30000,9256.5,7.5,WSL030330
2025-03-06,buy,GBP,12000,4746,26.854,WSL030330
2025-03-06,sell,USD,40000,12340,8,WSL030330
2025-03-06,sell,USD,30000,9255,6,WSL030330
2025-03-06,sell,USD,9500,2930.275,1.425,WSL030330
2025-03-06,buy,EUR,230000,76394.5,265.22,WSL030330
2025-03-06,buy,GBP,60000,23718,146.27,WSL030330
2025-03-06,buy,CHF,8000,2740,37.165,WSL030330
2025-03-06,buy,EUR,13000,4306.25,17.873,WSL030330
2025-03-06,sell,USD,10000,3085.5,2.5,WSL010431
2025-03-06,buy,CHF,7820,2619.7,98.345,WSL030330
2025-03-06,buy,EUR,10000,3315,12.482,WSL030330
2025-03-06,buy,GBP,14425,5568.05,163.092,WSL030330
2025-03-06,buy,GBP,15000,5932.5,27.093,WSL030330
2025-03-06,buy,USD,100000,30625,205,WSL030330
2025-03-06,sell,USD,40000,12340,8,WSL030330
2025-03-06,sell,USD,30000,9253.5,4.5,WSL030330
2025-03-06,sell,USD,40000,12340,8,WSL030330
2025-03-06,sell,USD,33500,10336.425,8.375,WSL030330
2025-03-06,sell,USD,20000,6169,3,WSL030330
2025-03-06,sell,USD,10000,3084.5,1.5,WSL030330
2025-03-06,sell,USD,20000,6171,5,WSL030330
2025-03-06,sell,AED,50000,4202,0.582,WSL030330
2025-03-06,sell,USD,30000,9256.5,7.5,WSL030330
2025-03-06,sell,USD,20000,6171,5,WSL030330
2025-03-06,buy,EUR,10000,3280,51.182,WSL030330
2025-03-06,buy,GBP,5000,1975,14.152,WSL030330
2025-03-06,sell,INR,100000,357,-10.638,WSL030330
2025-03-06,sell,JOD,5000,2180,-0.452,WSL030330
2025-03-06,sell,USD,10000,3088,5,WSL030330
2025-03-06,sell,USD,55000,16970.25,13.75,WSL030330
2025-03-06,sell,JOD,10000,4359,-1.904,WSL030330
2025-03-06,sell,USD,90000,27760.5,13.5,WSL030330
2025-03-06,sell,JOD,10000,4359,-1.904,WSL030330
2025-03-06,sell,USD,90000,27760.5,13.5,WSL030330
2025-03-06,sell,AED,2000000,168000,-56.7,WSL030330
2025-03-06,sell,INR,200000,712,-23.276,WSL010431
2025-03-06,sell,JOD,5000,2180,-0.452,WSL010431
2025-03-06,sell,TRY,200000,1716,-97.53,WSL010431
2025-03-06,sell,USD,20000,6169,3,WSL030330
2025-03-06,sell,EUR,10000,3232.5,-97.14,WSL010431
2025-03-06,sell,JOD,10000,4360,-0.904,WSL010431
2025-03-06,sell,USD,50000,15427.5,12.5,WSL010431
2025-03-06,sell,EUR,10000,3332,2.36,WSL030330
2025-03-06,sell,USD,30000,9253.5,4.5,WSL030330
2025-03-06,sell,USD,9000,2776.95,2.25,WSL010431
2025-03-06,sell,EUR,400000,133493.9,308.3,WSL030330
2025-03-06,sell,SAR,4000,329.292,0.658,WSL030330
2025-03-06,buy,AED,1500000,125970.576,71.949,WSL030330
2025-03-06,buy,AUD,20000,3882.717,27.76,WSL030330
2025-03-06,buy,CAD,30000,6426.338,25.252,WSL030330
2025-03-06,buy,INR,2000000,7045.714,307.046,WSL030330
2025-03-06,buy,LKR,1000000,1104.839,45.531,WSL030330
2025-03-06,buy,USD,150000,46237.5,7.5,WSL030330
2025-03-06,buy,USD,450000,138740.243,-5.243,WSL030330
2025-03-06,buy,AED,2000000,167983.652,73.048,WSL030330
2025-03-06,buy,EUR,100000,32945.76,384.553,WSL030330
2025-03-06,buy,EUR,400000,133435.26,-114.008,WSL030330
2025-03-06,buy,INR,10000000,35228.57,1535.23,WSL030330
2025-03-06,buy,KWD,35044.75,34993.664,51.086,WSL030330
2025-03-06,buy,PHP,3000000,16223.685,175.245,WSL030330
2025-03-06,buy,THB,2000000,18402.986,169.014,WSL030330
2025-03-06,buy,USD,100,30.4,0.46,WSL030330
2025-03-06,buy,USD,10,3.04,0.046,WSL030330
2025-03-06,buy,USD,620,188.48,2.852,WSL030330
2025-03-06,buy,USD,100,30.4,0.46,WSL030330
2025-03-05,buy,EUR,200000,66200,303.3,WSL030330
2025-03-05,buy,GBP,180000,71190,350.269,WSL030330
2025-03-05,sell,USD,10000,3088,2,WSL010431
2025-03-05,sell,LKR,1000000,1130,-21.49,WSL030330
2025-03-05,sell,THB,100000,921,-8.503,WSL010431
2025-03-05,sell,BHD,2000,1637.3,0.686,WSL010431
2025-03-05,sell,SAR,30000,2468.4,1.245,WSL010431
2025-03-05,buy,GBP,105,39.9,1.718,WSL010431
2025-03-05,sell,JOD,4500,1962,-2.316,WSL030330
2025-03-05,sell,THB,100000,921,-8.503,WSL030330
2025-03-05,sell,USD,40000,12348,4,WSL030330
2025-03-05,sell,AED,1000000,84114,3.89,WSL030330
2025-03-05,sell,USD,10000,3090,4,WSL030330
2025-03-05,sell,USD,140000,43218,14,WSL030330
2025-03-05,sell,USD,200000,61760,40,WSL030330
2025-03-05,sell,AED,100000,8412,0.989,WSL030330
2025-03-05,sell,AUD,2000,388,0.152,WSL030330
2025-03-05,sell,USD,50000,15440,10,WSL030330
2025-03-05,sell,INR,3000000,10623.064,-416.816,WSL030330
2025-03-05,sell,SAR,100000,8240.32,16.469,WSL030330
2025-03-05,sell,SAR,1000000,82293.333,54.823,WSL030330
2025-03-05,sell,THB,1000000,9200,-95.03,WSL030330
2025-03-05,sell,USD,15000,4632.75,3.75,WSL030330
2025-03-05,sell,AED,500000,42060,4.945,WSL030330
2025-03-05,sell,USD,200000,61760,40,WSL030330
2025-03-05,buy,CHF,840,287.28,4.507,WSL030330
2025-03-05,buy,GBP,160,62.4,1.028,WSL030330
2025-03-05,buy,GBP,30000,11827.5,65.327,WSL030330
2025-03-05,sell,USD,10000,3091,5,WSL030330
2025-03-05,sell,USD,40000,12352,8,WSL030330
2025-03-05,sell,HKD,30300,1207.455,4.297,WSL030330
2025-03-05,sell,USD,50000,15455,25,WSL030330
2025-03-05,sell,CAD,10000,2149,5.498,WSL030330
2025-03-05,sell,USD,35000,10808,7,WSL030330
2025-03-05,sell,BDT,50000,140,4.65,WSL030330
2025-03-05,sell,SAR,15000,1233,-0.578,WSL030330
2025-03-05,sell,INR,100000,357.5,-10.496,WSL030330
2025-03-05,sell,THB,100000,923,-6.503,WSL030330
2025-03-05,sell,USD,40000,12350,6,WSL030330
2025-03-05,sell,USD,60000,18528,12,WSL030330
2025-03-05,buy,AED,2000000,168124.234,95.986,WSL030330
2025-03-05,buy,BDT,100000,275.491,-4.79,WSL030330
2025-03-05,buy,INR,3000000,10578.858,461.022,WSL030330
2025-03-05,buy,LKR,1000000,1105.914,45.576,WSL030330
2025-03-05,buy,SAR,1500000,123354.212,3.553,WSL030330
2025-03-05,buy,USD,300000,92583.513,-3.513,WSL030330
2025-03-04,sell,USD,5000,1546.5,2.5,WSL030330
2025-03-04,sell,USD,5000,1546.5,2.5,WSL030330
2025-03-04,buy,SGD,18000,4104,34.178,WSL030330
2025-03-04,sell,TRY,100000,858,-50.235,WSL030330
2025-03-04,sell,BDT,50000,141,5.562,WSL030330
2025-03-04,sell,EUR,8500,2757.4,-3.365,WSL030330
2025-03-04,sell,QAR,15000,1270.5,-1.329,WSL030330
2025-03-04,sell,SAR,50000,4115,0.41,WSL030330
2025-03-04,sell,AED,99850,8407.37,3.533,WSL010431
2025-03-04,sell,USD,15000,4635,3,WSL030330
2025-03-04,sell,USD,5000,1545,1,WSL030330
2025-03-04,buy,SAR,36500,2997.745,5.906,WSL030330
2025-03-04,sell,OMR,3000,2406.6,0.366,WSL010431
2025-03-04,sell,EUR,20000,6484,-10.064,WSL030330
2025-03-04,sell,USD,20000,6178,2,WSL030330
2025-03-04,sell,EUR,5000,1621,-2.516,WSL030330
2025-03-04,sell,INR,100000,356.5,-11.735,WSL030330
2025-03-04,sell,USD,30000,9267,3,WSL030330
2025-03-04,sell,USD,40000,12354,2,WSL030330
2025-03-04,buy,SAR,36500,2997.745,5.906,WSL030330
2025-03-04,sell,USD,9700,2997.3,1.94,WSL030330
2025-03-04,sell,INR,500000,1787.5,-53.675,WSL030330
2025-03-04,sell,LKR,1000000,1120,-32.24,WSL030330
2025-03-04,sell,NPR,200000,498,-16.646,WSL030330
2025-03-04,sell,USD,25000,7723.75,3.75,WSL030330
2025-03-04,sell,INR,200000,715,-21.47,WSL030330
2025-03-04,sell,USD,40000,12358,6,WSL030330
2025-03-04,sell,AED,500000,42085,2.69,WSL030330
2025-03-04,sell,BDT,1000000,2770,61.24,WSL030330
2025-03-04,sell,BHD,10000,8193.5,5.125,WSL030330
2025-03-04,sell,EUR,50000,16100,-78.032,WSL030330
2025-03-04,sell,INR,5000000,17875,-536.75,WSL030330
2025-03-04,sell,JOD,30000,13107,3.072,WSL030330
2025-03-04,sell,PHP,1000000,5400,-17.54,WSL030330
2025-03-04,sell,SAR,800000,65832,-1.448,WSL030330
2025-03-04,sell,THB,500000,4550,-100.53,WSL030330
2025-03-04,sell,USD,1000000,309350,550,WSL030330
2025-03-03,buy,SAR,2225000,182939.5,248.71,WSL030330
2025-03-03,buy,SAR,36000,2958.48,5.464,WSL030330
2025-03-03,buy,SAR,36000,2958.48,5.464,WSL030330
2025-03-03,buy,SAR,36000,2958.48,5.464,WSL030330
2025-03-03,sell,USD,9000,2782.8,2.25,WSL010431
2025-03-03,sell,USD,10000,3094.5,5,WSL010431
2025-03-03,buy,SAR,36000,2958.48,5.464,WSL030330
2025-03-03,buy,SAR,35000,2876.3,5.312,WSL030330
2025-03-03,sell,CNY,395000,16807.25,-95.14,WSL030330
2025-03-03,buy,SAR,36500,2999.57,5.54,WSL030330
2025-03-03,buy,SAR,36500,2999.57,5.54,WSL030330
2025-03-03,sell,TRY,500000,4290,-253.38,WSL010431
2025-03-03,sell,EUR,10000,3219,7.465,WSL030330
2025-03-03,sell,USD,20000,6184,5,WSL030330
2025-03-03,sell,INR,100000,357.5,-10.914,WSL030330
2025-03-03,sell,USD,10000,3091,1.5,WSL030330
2025-03-03,buy,SAR,250000,20543.75,39.195,WSL030330
2025-03-03,sell,INR,200000,715,-21.828,WSL030330
2025-03-03,sell,USD,40000,12364,6,WSL030330
2025-03-02,buy,SAR,100000,8220,15.843,WSL010431
2025-03-02,buy,SAR,35000,2877,5.545,WSL030330
2025-03-02,buy,SAR,35000,2877,5.545,WSL030330
2025-03-02,sell,AED,1000000,84220,-12.76,WSL010431
2025-03-02,sell,AED,200000,16846,-0.552,WSL010431
2025-03-02,buy,SAR,36000,2959.2,5.703,WSL030330
2025-03-02,buy,SAR,36000,2959.2,5.703,WSL030330
2025-03-02,buy,SAR,36000,2959.2,5.703,WSL030330
2025-03-02,buy,SAR,36000,2959.2,5.703,WSL030330
2025-03-02,sell,AED,45000,3789.9,-0.574,WSL030330
2025-03-02,sell,BHD,2000,1639.2,0.199,WSL030330
2025-03-02,sell,EGP,60000,396,-52.926,WSL030330
2025-03-02,sell,EUR,10000,3212.5,8.579,WSL030330
2025-03-02,sell,INR,150000,536.25,-16.55,WSL030330
2025-03-02,sell,SAR,50000,4117.5,-0.422,WSL030330
2025-03-02,sell,USD,20000,6190,9,WSL030330
2025-03-02,buy,SAR,36000,2959.2,5.703,WSL030330
2025-03-02,buy,SAR,36000,2959.2,5.703,WSL030330
2025-03-02,buy,SAR,36000,2959.2,5.703,WSL030330
2025-03-02,buy,SAR,36000,2959.2,5.703,WSL030330
2025-03-02,sell,EUR,20000,6422,14.157,WSL030330
2025-03-02,sell,USD,30000,9273,1.5,WSL030330
2025-03-02,sell,USD,20000,6182,1,WSL030330
2025-03-02,sell,PHP,100000,542,-0.193,WSL030330
2025-03-02,sell,PKR,200000,230,-7.722,WSL030330
2025-03-02,sell,EUR,6000,1926.6,4.247,WSL030330
2025-03-02,sell,GBP,3000,1170,4.387,WSL030330
2025-03-02,buy,SAR,36400,2992.08,5.767,WSL030330
2025-03-02,buy,SAR,36400,2992.08,5.767,WSL030330
2025-03-02,buy,SAR,150000,12330,23.764,WSL030330
2025-03-02,buy,USD,400,122.4,1.22,WSL030330
2025-03-02,sell,INR,100000,357,-11.533,WSL030330
2025-03-02,sell,USD,10000,3092,1.5,WSL030330
2025-03-02,sell,PHP,100000,542,-0.193,WSL010431
2025-03-02,buy,SAR,250000,20550,39.608,WSL010431
2025-03-02,sell,IDR,50000000,962.5,-54,WSL030330
2025-03-02,sell,INR,250000,893.75,-27.582,WSL030330
2025-03-02,sell,MYR,20000,1398,-16.416,WSL030330
2025-03-02,buy,USD,2400,729.6,12.12,WSL030330
2025-03-02,buy,USD,50,15.2,0.252,WSL030330
2025-03-02,buy,SAR,200,16.2,0.272,WSL030330
2025-03-02,buy,USD,1000,304,5.05,WSL030330
2025-03-02,buy,SAR,1500,121.5,2.038,WSL030330
2025-03-02,buy,SAR,500,40.5,0.679,WSL030330
2025-03-02,buy,EUR,50,15.5,0.52,WSL030330
2025-03-02,buy,USD,100,30.4,0.505,WSL030330
2025-03-02,buy,EUR,60,18.6,0.624,WSL030330
2025-03-02,buy,EUR,130,40.3,1.351,WSL030330
2025-03-02,buy,SAR,200,16.2,0.272,WSL030330
2025-03-02,buy,USD,850,258.4,4.292,WSL030330
2025-03-02,buy,AED,1000000,84184.716,48.044,WSL030330
2025-03-02,buy,CHF,20000,6860.568,-20.152,WSL030330
2025-03-02,buy,EUR,50000,16054.095,-34.488,WSL030330
2025-03-02,buy,GBP,50000,19467,-40.117,WSL030330
2025-03-02,buy,INR,5000000,17677.345,749.305,WSL030330
2025-03-02,buy,LKR,1000000,1099.644,53.526,WSL030330
2025-03-02,buy,USD,1500000,463592.7,-17.7,WSL030330
2025-03-01,buy,SAR,36500,2998.475,2.744,WSL030330
2025-03-01,buy,SAR,36500,2998.475,2.744,WSL030330
2025-03-01,buy,SAR,24500,2012.675,1.842,WSL030330
2025-03-01,sell,PKR,200000,230,-7.336,WSL030330
2025-03-01,sell,EUR,50000,16178.17,184.481,WSL010431
2025-03-01,sell,INR,300000,1077,-26.811,WSL030330
2025-03-01,sell,USD,50000,15450,22.5,WSL030330
2025-03-01,buy,SAR,150000,12330,3.777,WSL030330
2025-03-01,buy,SAR,36400,2992.08,0.917,WSL030330
2025-03-01,buy,SAR,36400,2992.08,0.917,WSL030330
2025-03-01,buy,SAR,36400,2992.08,0.917,WSL030330
2025-03-01,sell,AED,30000,2525.1,2.206,WSL030330
2025-03-01,sell,USD,20000,6181,10,WSL030330
2025-03-01,sell,USD,20000,6186,15,WSL030330
2025-03-01,sell,PHP,100000,542,0.685,WSL010431
2025-03-01,sell,USD,40000,12372,30,WSL030330
2025-03-01,buy,CHF,500,165,5.734,WSL030330
2025-03-01,buy,USD,1400,428.4,3.57,WSL030330
2025-03-01,sell,EGP,3000000,20061.688,-2348.312,WSL030330
2025-03-01,buy,AED,532180,44729.172,25.293,WSL030330
2025-03-01,buy,AZN,100000,18276.066,770.23,WSL030330
2025-03-01,buy,BHD,20000,16361.708,1.784,WSL030330
2025-03-01,buy,EGP,6000000,38723.849,6096.151,WSL030330
2025-03-01,buy,EUR,150000,48126,-144.933,WSL030330
2025-03-01,buy,GEL,50000,5609.091,234.659,WSL030330
2025-03-01,buy,LKR,1000000,1101.786,49.524,WSL030330
2025-03-01,buy,PKR,1000000,1121.818,64.862,WSL030330
2025-03-01,buy,SGD,20000,4575.454,-10.43,WSL030330
2025-03-01,buy,TRY,800000,6808.276,451.724,WSL030330
2025-03-01,buy,USD,400000,123437.02,-17.02,WSL030330
2025-02-27,sell,OMR,2500,2004.25,0.679,WSL030330
2025-02-27,sell,PHP,100000,542,0.685,WSL030330
2025-02-27,sell,AUD,10000,1949,19.02,WSL030330
2025-02-27,sell,PHP,200000,1084,1.37,WSL030330
2025-02-27,sell,PHP,100000,543,1.685,WSL010431
2025-02-27,sell,MAD,10000,328,-39.321,WSL030330
2025-02-27,sell,THB,200000,1834,-24.706,WSL030330
2025-02-27,sell,AUD,5000,974,2.685,WSL030330
2025-02-27,sell,SAR,36000,2964.6,4.494,WSL030330
2025-02-27,sell,EUR,20000,6468,2.643,WSL030330
2025-02-27,sell,AED,30000,2523,0.106,WSL030330
2025-02-27,sell,AED,200000,16824,4.704,WSL030330
2025-02-27,sell,JOD,13700,5978.68,-0.603,WSL030330
2025-02-27,sell,USD,30000,9273,16.5,WSL030330
2025-02-27,sell,USD,100000,30895,40,WSL030330
2025-02-27,buy,BHD,3600,2937.6,7.829,WSL030330
2025-02-27,sell,PKR,300000,345,-11.004,WSL030330
2025-02-27,sell,AUD,10000,1948,4.752,WSL030330
2025-02-27,sell,SAR,50000,4117.5,6.241,WSL030330
2025-02-27,sell,EUR,30000,9705,8.816,WSL030330
2025-02-27,sell,USD,10000,3092,6.5,WSL030330
2025-02-27,sell,USD,1000000,308870.2,320.2,WSL030330
2025-02-27,sell,INR,250000,900,-19.842,WSL030330
2025-02-27,sell,KRW,10000000,2150,11.3,WSL030330
2025-02-24,sell,USD,250000,77212.5,75,WSL030330
2025-02-24,sell,OMR,2000,1603.6,0.743,WSL030330
2025-02-24,sell,USD,30000,9267,10.5,WSL030330
2025-02-24,sell,AED,150000,12619.5,5.028,WSL010431
2025-02-24,sell,USD,150000,46335,52.5,WSL010431
2025-02-24,sell,USD,20000,6178,7,WSL010431
2025-02-24,sell,USD,30000,9267,10.5,WSL010431
2025-02-24,sell,AED,220000,18506.4,5.174,WSL010431
2025-02-24,sell,QAR,50000,4235,-0.996,WSL010431
2025-02-24,sell,USD,100000,30890,35,WSL010431
2025-02-24,sell,USD,9000,2781,4.05,WSL010431
2025-02-24,sell,USD,50000,15445,17.5,WSL030330
2025-02-24,sell,SAR,200000,16470,24.964,WSL030330
2025-02-24,sell,USD,30000,9267,10.5,WSL010431
2025-02-24,sell,EGP,100000,675,-72,WSL010431
2025-02-24,sell,SAR,100000,8235,12.482,WSL010431
2025-02-24,sell,USD,30000,9267,10.5,WSL010431
2025-02-24,sell,AED,20000,1682.6,0.67,WSL030330
2025-02-24,sell,EUR,4600,1495,7.4,WSL030330
2025-02-24,sell,SAR,45000,3708,7.867,WSL030330
2025-02-24,sell,USD,10000,3092.5,7,WSL030330
2025-02-24,sell,SAR,182200,15004.17,22.742,WSL010431
2025-02-24,sell,SAR,130000,10705.5,16.227,WSL010431
2025-02-24,sell,AZN,10000,1832,-72.63,WSL030330
2025-02-24,sell,SAR,250000,20585,28.705,WSL030330
2025-02-24,sell,USD,150000,46320,37.5,WSL030330
2025-02-24,sell,AED,50000,4206.5,1.676,WSL010431
2025-02-24,sell,USD,100000,30890,35,WSL010431
2025-02-24,sell,USD,20000,6178,7,WSL030330
2025-02-24,buy,USD,1100,336.6,2.805,WSL030330
2025-02-24,sell,USD,40000,12356,14,WSL030330
2025-02-24,sell,BHD,5000,4092.5,1.627,WSL030330
2025-02-24,sell,INR,100000,359,-8.937,WSL030330
2025-02-24,sell,TRY,160000,1374.4,-77.6,WSL030330
2025-02-24,sell,USD,20000,6176,5,WSL030330
2025-02-24,sell,USD,60000,18534,21,WSL030330
2025-02-24,sell,AED,100000,8413,3.352,WSL030330
2025-02-24,sell,JOD,5000,2181.25,-0.97,WSL030330
2025-02-24,sell,USD,30000,9267,10.5,WSL030330
2025-02-24,sell,USD,200000,61770,60,WSL030330
2025-02-24,buy,USD,1100,336.6,2.805,WSL030330
2025-02-24,buy,EUR,50,15.5,0.714,WSL030330
2025-02-24,buy,USD,300,91.2,1.365,WSL030330
2025-02-24,buy,SAR,2000,162,2.45,WSL030330
2025-02-24,buy,USD,150,45.6,0.682,WSL030330
2025-02-24,buy,SAR,500,40.5,0.613,WSL030330
2025-02-24,buy,EUR,50,15.5,0.714,WSL030330
2025-02-24,sell,TRY,200000,1723,-92,WSL010431
2025-02-24,sell,USD,10000,3092.5,7,WSL010431
2025-02-24,sell,USD,50000,15450,22.5,WSL010431
2025-02-24,sell,BHD,2000,1637.4,1.051,WSL030330
2025-02-24,sell,SAR,250000,20587.5,31.205,WSL030330
2025-02-24,sell,INR,200000,720,-15.874,WSL030330
2025-02-24,sell,SAR,100000,8230,7.482,WSL030330
2025-02-24,sell,AED,35000,2943.5,0.123,WSL030330
2025-02-24,sell,JOD,5000,2180,-2.22,WSL030330
2025-02-24,sell,USD,200000,61770,60,WSL030330
2025-02-24,sell,INR,500000,1797.5,-42.185,WSL030330
2025-02-24,sell,TRY,20000,172.3,-9.2,WSL030330
2025-02-23,sell,AZN,10000,1833,-72.247,WSL030330
2025-02-23,sell,AED,500000,42065,3.13,WSL030330
2025-02-23,sell,USD,30000,9267,7.5,WSL030330
2025-02-23,sell,USD,100000,30890,25,WSL030330
2025-02-23,sell,TRY,200000,1721,-94.588,WSL030330
2025-02-23,sell,TRY,150000,1291.5,-70.191,WSL010431
2025-02-23,sell,USD,60000,18540,21,WSL010431
2025-02-23,sell,EUR,10000,3235,5.904,WSL010431
2025-02-23,sell,USD,80000,24720,28,WSL010431
2025-02-23,sell,AED,100000,8413,0.626,WSL010431
2025-02-23,sell,GBP,5000,1956.25,5.891,WSL010431
2025-02-23,sell,USD,10000,3090,3.5,WSL010431
2025-02-23,sell,AED,500000,42065,3.13,WSL030330
2025-02-23,sell,AED,34000,2860.42,0.213,WSL010431
2025-02-23,sell,AED,16000,1346.08,0.1,WSL010431
2025-02-23,sell,TRY,300000,2577,-146.382,WSL030330
2025-02-23,sell,USD,10000,3089,2.5,WSL030330
2025-02-23,sell,EUR,50000,16162.46,16.978,WSL010431
2025-02-23,sell,USD,100000,30890,25,WSL010431
2025-02-23,sell,INR,200000,719,-17.112,WSL030330
2025-02-23,sell,USD,40000,12356,10,WSL030330
2025-02-23,sell,TRY,300000,2580,-143.382,WSL030330
2025-02-23,sell,USD,20000,6179,6,WSL030330
2025-02-23,sell,JPY,1000000,2049.5,-21.7,WSL030330
2025-02-23,sell,TRY,100000,889,-18.794,WSL030330
2025-02-23,sell,BDT,500000,1385,31.275,WSL030330
2025-02-23,sell,CHF,20000,6898,17.706,WSL030330
2025-02-23,sell,EGP,600000,4080,-403.452,WSL030330
2025-02-23,sell,EUR,80000,25880,47.23,WSL030330
2025-02-23,sell,SAR,200000,16450,-0.366,WSL030330
2025-02-23,sell,USD,500000,154625,300,WSL030330
2025-02-23,sell,AED,20000,1682.6,0.125,WSL030330
2025-02-23,sell,JOD,5000,2181.25,-1.677,WSL030330
2025-02-23,sell,THB,100000,923,-6.654,WSL030330
2025-02-23,sell,USD,50000,15450,17.5,WSL030330
2025-02-23,sell,GEL,5000,564,-20.564,WSL030330
2025-02-23,sell,JOD,5000,2180,-2.927,WSL030330
2025-02-23,sell,RUB,240000,813.6,49.93,WSL030330
2025-02-23,sell,USD,30000,9267,7.5,WSL030330
2025-02-23,sell,TRY,300000,2577,-146.382,WSL030330
2025-02-23,sell,INR,100000,359,-9.056,WSL030330
2025-02-23,sell,TRY,40000,344.8,-18.318,WSL030330
2025-02-23,sell,USD,60000,18534,15,WSL030330
2025-02-23,sell,AED,500000,42065,3.13,WSL030330
2025-02-23,sell,USD,500000,154450,125,WSL030330
2025-02-23,sell,USD,50000,15445,12.5,WSL010431
2025-02-23,sell,EGP,100000,675,-72.242,WSL030330
2025-02-23,sell,SAR,83000,6826.75,-0.152,WSL030330
2025-02-23,sell,SAR,500000,41120,-5.915,WSL030330
2025-02-23,sell,USD,50000,15445,12.5,WSL030330
2025-02-23,sell,AED,30000,2523.9,0.188,WSL030330
2025-02-23,sell,BHD,2000,1637.4,0.52,WSL030330
2025-02-23,sell,QAR,30000,2541,-1.422,WSL030330
2025-02-23,sell,CAD,10000,2177,7.686,WSL030330
2025-02-23,sell,GEL,20000,2258,-80.258,WSL030330
2025-02-23,sell,USD,30000,9277.5,18,WSL030330
2025-02-23,sell,USD,50000,15450,17.5,WSL030330
2025-02-23,sell,BHD,2000,1637.4,0.52,WSL030330
2025-02-23,sell,QAR,25000,2117.5,-1.185,WSL030330
2025-02-23,sell,AED,100000,8315,-97.374,WSL030330
2025-02-23,sell,BAM,5000,880,-1.857,WSL030330
2025-02-23,sell,BHD,10000,8188,3.602,WSL030330
2025-02-23,sell,USD,200000,61785,55,WSL030330
2025-02-23,sell,EGP,1000000,6709.783,-762.637,WSL030330
2025-02-23,sell,GBP,100000,39115.215,108.028,WSL030330
2025-02-23,sell,LKR,2000000,2252.92,-50.44,WSL030330
2025-02-23,sell,EUR,300000,96975,102.111,WSL030330
2025-02-23,sell,GBP,200000,78094,79.626,WSL030330
2025-02-23,sell,USD,1000000,308890,240,WSL030330
2025-02-23,buy,AED,240455,20216.432,11.542,WSL030330
2025-02-23,buy,AZN,50000,9143.704,382.53,WSL030330
2025-02-23,buy,BHD,40000,32734.023,3.567,WSL030330
2025-02-23,buy,EGP,2000000,12993.684,1951.156,WSL030330
2025-02-23,buy,EGP,3000000,19449.579,2967.681,WSL030330
2025-02-23,buy,EUR,20000,6465.17,-6.977,WSL030330
2025-02-23,buy,EUR,100000,32279.56,11.403,WSL030330
2025-02-23,buy,GEL,50000,5595.648,249.996,WSL030330
2025-02-23,buy,JOD,20000,8718.007,13.701,WSL030330
2025-02-23,buy,JPY,2000000,4136.73,5.67,WSL030330
2025-02-23,buy,KWD,20000,19977.343,22.657,WSL030330
2025-02-23,buy,OMR,10000,8013.503,3.38,WSL030330
2025-02-23,buy,PHP,3000000,16100.869,143.861,WSL030330
2025-02-23,buy,SAR,500000,41119.254,6.661,WSL030330
2025-02-23,buy,TRY,2500000,21388.965,1305.885,WSL030330
2025-02-23,buy,TRY,5000000,42706.89,2682.81,WSL030330
2025-02-23,buy,AED,400000,33625.715,23.781,WSL030330
2025-02-23,buy,CNY,200000,8560.333,-10.471,WSL030330
2025-02-23,buy,EUR,30000,9709.79,-22.501,WSL030330
2025-02-23,buy,EUR,400000,129303.4,-139.548,WSL030330
2025-02-23,buy,GBP,40000,15601.582,1.293,WSL030330
2025-02-23,buy,GBP,300000,117132.216,-110.655,WSL030330
2025-02-23,buy,INR,2000000,7168.408,192.712,WSL030330
2025-02-23,buy,KWD,20000,19974.11,25.89,WSL030330
2025-02-23,buy,USD,1400000,432126.408,-16.408,WSL030330
2025-02-23,buy,AED,1964500,165121.802,139.285,WSL030330
2025-02-23,buy,THB,5000000,46059.692,423.008,WSL030330
2025-02-23,buy,SAR,300000,24645,30.549,WSL010431
2025-02-22,sell,TRY,200000,1728,-88.764,WSL010431
2025-02-22,sell,CNY,20000,855,-0.54,WSL010431
2025-02-22,sell,CZK,100000,1320,31.622,WSL010431
2025-02-22,sell,THB,200000,1848,-12.512,WSL010431
2025-02-22,sell,TRY,300000,2593.5,-131.646,WSL010431
2025-02-22,sell,USD,30000,9274.5,9,WSL010431
2025-02-22,sell,SAR,40000,3290,-2.205,WSL030330
2025-02-22,sell,USD,80000,24732,24,WSL030330
2025-02-22,sell,AED,80000,6732.8,-1.46,WSL010431
2025-02-22,sell,EGP,160000,1072,-124.362,WSL010431
2025-02-22,sell,SAR,100000,8225,-5.513,WSL010431
2025-02-22,sell,USD,20000,6183,6,WSL010431
2025-02-22,sell,USD,250000,77350,137.5,WSL030330
2025-02-22,sell,CNY,30000,1279.5,-3.81,WSL030330
2025-02-22,sell,EUR,5200,1683.24,3.022,WSL030330
2025-02-22,sell,EGP,700000,4690,-544.082,WSL030330
2025-02-22,sell,TRY,300000,2590.5,-134.646,WSL030330
2025-02-22,sell,AZN,10000,1833,-73.482,WSL010431
2025-02-22,sell,GEL,10000,1129,-40.886,WSL010431
2025-02-22,sell,AZN,10000,1833,-73.482,WSL010431
2025-02-22,sell,TRY,200000,1729,-87.764,WSL010431
2025-02-22,sell,USD,30000,9274.5,9,WSL010431
2025-02-22,buy,USD,250000,77350,-137.5,WSL030330
2025-02-22,sell,TRY,400000,3456,-177.528,WSL010431
2025-02-22,sell,PHP,100000,539,-2.842,WSL030330
2025-02-22,sell,TRY,200000,1728,-88.764,WSL030330
2025-02-22,sell,AED,35000,2945.25,-0.989,WSL030330
2025-02-22,sell,JOD,5000,2182.5,-1.842,WSL030330
2025-02-22,sell,AZN,20000,3665,-147.963,WSL030330
2025-02-22,sell,USD,300000,92730,75,WSL030330
2025-02-22,sell,USD,80000,24728,20,WSL030330
2025-02-22,sell,AED,50000,4207,-1.912,WSL030330
2025-02-22,sell,EGP,100000,669,-78.726,WSL030330
2025-02-22,sell,USD,30000,9271.5,6,WSL030330
2025-02-22,sell,TRY,200000,1728,-88.764,WSL010431
2025-02-22,sell,THB,100000,923,-7.256,WSL030330
2025-02-22,sell,TRY,200000,1725,-91.764,WSL030330
2025-02-22,sell,USD,40000,12360,6,WSL030330
2025-02-22,sell,INR,200000,719,-17.588,WSL030330
2025-02-22,sell,THB,300000,2772,-18.768,WSL030330
2025-02-22,sell,GEL,5000,564.5,-20.443,WSL030330
2025-02-22,sell,SAR,100000,8225,-5.513,WSL030330
2025-02-22,sell,TRY,200000,1728,-88.764,WSL030330
2025-02-22,sell,USD,50000,15457.5,15,WSL030330
2025-02-22,sell,AZN,5000,916.5,-36.741,WSL030330
2025-02-22,sell,QAR,25000,2117.5,-2.558,WSL030330
2025-02-22,sell,USD,33000,10201.95,9.9,WSL030330
2025-02-22,sell,USD,20000,6187,10,WSL030330
2025-02-22,sell,USD,30000,9273,7.5,WSL030330
2025-02-22,sell,TRY,200000,1729,-87.764,WSL010431
2025-02-22,sell,TRY,300000,2589,-136.146,WSL030330
2025-02-22,sell,USD,50000,15452.5,10,WSL030330
2025-02-22,sell,BDT,100000,270,-0.92,WSL030330
2025-02-22,sell,SAR,10000,822.5,-0.551,WSL030330
2025-02-22,sell,USD,6000,1854.9,1.8,WSL030330
2025-02-22,sell,BDT,200000,540,-1.84,WSL030330
2025-02-22,sell,INR,300000,1078.5,-26.382,WSL030330
2025-02-22,sell,SAR,30000,2468.4,-0.754,WSL030330
2025-02-22,sell,USD,30000,9274.5,9,WSL030330
2025-02-22,sell,USD,40000,12366,12,WSL030330
2025-02-22,sell,EGP,1000000,6640.86,-836.4,WSL030330
2025-02-22,sell,SAR,170000,14017.623,25.751,WSL030330
2025-02-22,sell,SAR,1000000,82346.667,41.537,WSL030330
2025-02-20,sell,CNY,70000,2985.5,-8.891,WSL030330
2025-02-20,sell,SAR,150000,12337.5,-8.27,WSL030330
2025-02-20,sell,AED,50000,4208,-0.912,WSL030330
2025-02-20,sell,INR,500000,1797.5,-43.97,WSL030330
2025-02-20,buy,USD,500,153,1.425,WSL030330
2025-02-20,sell,AED,50000,4208,-0.912,WSL030330
2025-02-20,sell,BHD,2000,1638.5,0.56,WSL030330
2025-02-20,sell,GBP,10000,3900,3.857,WSL030330
2025-02-20,sell,AED,200000,16832,-3.65,WSL030330
2025-02-20,sell,USD,30000,9274.5,9,WSL010431
2025-02-20,sell,USD,50000,15457.5,15,WSL010431
2025-02-20,sell,AED,50000,4208.5,-0.412,WSL010431
2025-02-20,sell,EUR,10000,3230,5.915,WSL010431
2025-02-20,sell,USD,50000,15457.5,15,WSL010431
2025-02-20,sell,AZN,10000,1832.5,-73.982,WSL010431
2025-02-20,sell,EUR,20000,6453.92,3.279,WSL010431
2025-02-20,sell,USD,100000,30915,30,WSL010431
2025-02-20,sell,AED,20000,1683.4,-0.165,WSL010431
2025-02-20,sell,EUR,10000,3227,3.224,WSL010431
2025-02-20,sell,GBP,5000,1951.25,3.024,WSL010431
2025-02-20,sell,TRY,200000,1729,-87.764,WSL010431
2025-02-20,sell,USD,20000,6183,6,WSL010431
2025-02-20,sell,AED,50000,4208,-0.912,WSL030330
2025-02-20,sell,EUR,7000,2260.3,3.657,WSL030330
2025-02-20,sell,TRY,50000,432,-22.191,WSL030330
2025-02-20,sell,BHD,4000,3277,1.12,WSL010431
2025-02-20,sell,USD,30000,9279,13.5,WSL010431
2025-02-20,sell,TRY,200000,1727,-89.764,WSL010431
2025-02-20,sell,TRY,200000,1729,-87.764,WSL010431
2025-02-20,sell,USD,9500,2938.35,4.275,WSL030330
2025-02-20,sell,EGP,400000,2680,-310.904,WSL010431
2025-02-20,sell,GBP,25000,9746.535,7.723,WSL010431
2025-02-20,sell,QAR,200000,16940,-20.462,WSL010431
2025-02-20,sell,USD,50000,15465,22.5,WSL010431
2025-02-20,sell,TRY,240000,2073.6,-106.517,WSL030330
2025-02-20,sell,TRY,300000,2592,-133.146,WSL030330
2025-02-20,sell,USD,50000,15457.5,15,WSL030330
2025-02-20,sell,CNY,150000,6405,-11.552,WSL030330
2025-02-20,sell,USD,200000,61870,100,WSL030330
2025-02-20,sell,BHD,1000,819.25,0.28,WSL010431
2025-02-20,sell,CNY,20000,855,-0.54,WSL010431
2025-02-20,sell,INR,100000,360,-8.294,WSL010431
2025-02-20,sell,JOD,5000,2184.5,0.158,WSL010431
2025-02-20,sell,USD,40000,12366,12,WSL010431
2025-02-20,sell,USD,9700,2998.745,2.9,WSL030330
2025-02-20,sell,USD,20000,6183,6,WSL030330
2025-02-20,sell,AZN,10000,1832.5,-73.982,WSL030330
2025-02-20,sell,BHD,4000,3277,1.12,WSL030330
2025-02-20,sell,JOD,150000,65484.268,-45.98,WSL030330
2025-02-20,sell,INR,200000,719,-17.588,WSL030330
2025-02-20,sell,USD,20000,6183,6,WSL030330
2025-02-20,sell,USD,20000,6186,9,WSL030330
2025-02-20,sell,CNY,40000,1706,-5.08,WSL030330
2025-02-20,sell,EGP,100000,670,-77.726,WSL030330
2025-02-20,sell,TRY,200000,1729,-87.764,WSL030330
2025-02-20,sell,EUR,5000,1613.5,3.002,WSL030330
2025-02-20,sell,USD,4500,1391.175,1.35,WSL030330
2025-02-20,sell,USD,9700,2998.755,2.91,WSL030330
2025-02-20,sell,GBP,5000,1947.5,1.899,WSL030330
2025-02-20,sell,INR,150000,538.5,-13.941,WSL030330
2025-02-20,sell,USD,120000,37092,30,WSL030330
2025-02-20,sell,USD,30000,9271.5,6,WSL030330
2025-02-20,sell,GEL,10000,1126.5,-43.386,WSL030330
2025-02-20,sell,TRY,1000000,8614,-469.82,WSL030330
2025-02-20,sell,USD,50000,15452.5,10,WSL030330
2025-02-20,sell,GEL,10000,1127,-42.886,WSL030330
2025-02-20,sell,USD,50000,15452.5,10,WSL030330
2025-02-20,sell,EUR,5000,1613.75,3.252,WSL030330
2025-02-20,sell,JOD,5000,2184,-0.342,WSL030330
2025-02-20,sell,USD,50000,15457.5,15,WSL030330
2025-02-20,sell,CNY,50000,2135,-3.85,WSL030330
2025-02-20,sell,GEL,10000,1128,-41.886,WSL030330
2025-02-20,sell,TRY,400000,3458,-175.528,WSL030330
2025-02-20,sell,USD,20000,6186,9,WSL030330
2025-02-20,sell,EUR,150000,48450,116.52,WSL030330
2025-02-20,buy,AUD,50000,9843,-4.583,WSL030330
2025-02-20,buy,JOD,400000,174472,275.328,WSL030330
2025-02-20,buy,OMR,10000,8017.655,4.423,WSL030330
2025-02-20,buy,QAR,350000,29590.691,90.117,WSL030330
2025-02-20,buy,TRY,2000000,17165.092,1002.548,WSL030330
2025-02-20,buy,TRY,3000000,25733.334,1518.126,WSL030330
2025-02-20,buy,TRY,4000000,34263.524,2071.756,WSL030330
2025-02-20,sell,USD,30000,9274.5,9,WSL030330
2025-02-20,buy,BHD,9000,7367.975,2.756,WSL030330
2025-02-20,buy,CHF,6000,2056.382,-2.63,WSL030330
2025-02-20,buy,EUR,100000,32254.16,-31.84,WSL030330
2025-02-20,buy,EUR,100000,32331.36,-109.04,WSL030330
2025-02-20,buy,GBP,30000,11683.757,-6.447,WSL030330
2025-02-20,buy,GBP,50000,19454.4,7.783,WSL030330
2025-02-20,buy,INR,2000000,7164.734,201.146,WSL030330
2025-02-20,buy,OMR,10000,8020.779,1.299,WSL030330
2025-02-20,buy,PKR,1000000,1160.902,26.938,WSL030330
2025-02-20,buy,QAR,500000,42330.364,70.791,WSL030330
2025-02-20,buy,USD,1000000,308861.76,-11.76,WSL030330
2025-02-20,sell,TRY,165000,1425.6,-73.23,WSL030330
2025-02-19,sell,USD,40000,12368,14,WSL030330
2025-02-19,sell,OMR,1000,800,-2.208,WSL030330
2025-02-19,sell,TRY,500000,4317,-224.91,WSL010431
2025-02-19,sell,BHD,4000,3277,1.12,WSL010431
2025-02-19,sell,EUR,20000,6466.28,24.904,WSL010431
2025-02-19,sell,TRY,400000,3460,-173.528,WSL010431
2025-02-19,sell,CNY,20000,857,1.46,WSL010431
2025-02-19,sell,CNY,10000,428.5,0.73,WSL010431
2025-02-19,sell,INR,200000,720,-16.588,WSL010431
2025-02-19,sell,QAR,20000,1695,-1.046,WSL010431
2025-02-19,sell,TRY,200000,1730,-86.764,WSL010431
2025-02-19,sell,AED,15000,1262.55,-0.124,WSL030330
2025-02-19,sell,BHD,2000,1638.5,0.56,WSL030330
2025-02-19,sell,EUR,10000,3235,10.297,WSL030330
2025-02-19,sell,JOD,10000,4369,0.317,WSL030330
2025-02-19,sell,TRY,300000,2592,-133.146,WSL030330
2025-02-19,sell,JOD,5000,2184.25,-0.092,WSL010431
2025-02-19,sell,OMR,5000,4011.25,0.211,WSL010431
2025-02-19,sell,USD,20000,6184,7,WSL010431
2025-02-19,sell,QAR,80000,6780,-4.185,WSL010431
2025-02-19,sell,AED,30800,2592.744,0.054,WSL010431
2025-02-19,sell,EGP,60000,402,-46.636,WSL010431
2025-02-19,sell,AZN,20000,3665,-147.963,WSL010431
2025-02-19,sell,EGP,200000,1340,-155.452,WSL010431
2025-02-19,sell,TRY,500000,4450,-91.91,WSL010431
2025-02-19,sell,AED,50000,4208.5,-0.412,WSL010431
2025-02-19,sell,BHD,2000,1638.5,0.56,WSL010431
2025-02-19,sell,INR,200000,719,-17.588,WSL030330
2025-02-19,sell,USD,30000,9279,13.5,WSL030330
2025-02-19,sell,JOD,5000,2184.5,0.158,WSL030330
2025-02-19,sell,USD,30000,9274.5,9,WSL030330
2025-02-19,sell,USD,30000,9274.5,9,WSL030330
2025-02-19,sell,PKR,200000,236,-1.568,WSL030330
2025-02-19,sell,USD,9700,2999.24,3.395,WSL030330
2025-02-19,sell,USD,10000,3090.5,2,WSL030330
2025-02-19,sell,USD,20000,6182,5,WSL030330
2025-02-19,sell,THB,100000,921,-9.256,WSL030330
2025-02-19,sell,USD,10000,3090.5,2,WSL030330
2025-02-19,sell,BHD,5000,4096.25,1.4,WSL030330
2025-02-19,sell,USD,20000,6186,9,WSL030330
2025-02-19,sell,EUR,10000,3235,5.973,WSL030330
2025-02-19,sell,GBP,10000,3907,8.695,WSL030330
2025-02-19,sell,GEL,10000,1126,-43.886,WSL030330
2025-02-19,sell,TRY,400000,3458,-175.528,WSL030330
2025-02-19,sell,GBP,5000,1954,4.848,WSL030330
2025-02-19,sell,AUD,110000,21692.08,57.755,WSL030330
2025-02-19,sell,JPY,5000000,10199.802,16.802,WSL030330
2025-02-19,sell,AED,70000,5891.9,-0.578,WSL030330
2025-02-19,sell,USD,20000,6186,9,WSL030330
2025-02-19,sell,USD,50000,15460,17.5,WSL030330
2025-02-19,sell,JOD,5000,2182.5,-1.842,WSL030330
2025-02-19,sell,PKR,200000,234,-3.568,WSL030330
2025-02-19,sell,TRY,200000,1728,-88.764,WSL030330
2025-02-19,sell,USD,70000,21637,17.5,WSL030330
2025-02-19,sell,EUR,50000,16135,-11.678,WSL030330
2025-02-19,sell,USD,200000,61820,50,WSL030330
2025-02-19,sell,INR,200000,720,-16.588,WSL030330
2025-02-19,sell,EUR,20000,6468,9.329,WSL030330
2025-02-19,sell,QAR,200000,16950,-10.462,WSL030330
2025-02-19,buy,AED,848880,71416.467,40.766,WSL030330
2025-02-19,buy,AUD,50000,9835.28,0.048,WSL030330
2025-02-19,buy,AUD,70000,13747.776,21.683,WSL030330
2025-02-19,buy,AZN,80000,14643.746,608.106,WSL030330
2025-02-19,buy,BHD,25000,20472.023,2.229,WSL030330
2025-02-19,buy,CNY,200000,8506.887,48.515,WSL030330
2025-02-19,buy,EGP,4000000,26114.164,3794.876,WSL030330
2025-02-19,buy,EUR,38000,12262.448,9.027,WSL030330
2025-02-19,buy,EUR,50000,16196.56,-49.882,WSL030330
2025-02-19,buy,GBP,25000,9742.64,6.982,WSL030330
2025-02-19,buy,GEL,60000,6725.227,294.091,WSL030330
2025-02-19,buy,HKD,30200,1200.227,-0.439,WSL030330
2025-02-19,buy,IDR,100000000,1923.99,108.01,WSL030330
2025-02-19,buy,JOD,40000,17458.657,16.076,WSL030330
2025-02-19,buy,JPY,5000000,10191.42,-15.12,WSL030330
2025-02-19,buy,KRW,20000000,4274.04,16.76,WSL030330
2025-02-19,buy,KWD,35000,34977.346,22.654,WSL030330
2025-02-19,buy,MAD,150000,4825,690.179,WSL030330
2025-02-19,buy,PHP,3000000,16097.307,157.953,WSL030330
2025-02-19,buy,SGD,20000,4605.518,-0.628,WSL030330
2025-02-19,buy,TRY,5400000,46294.281,2758.347,WSL030330
2025-02-19,buy,USD,400000,123618.816,-78.816,WSL030330
2025-02-18,sell,QAR,250000,21175,-25.578,WSL030330
2025-02-18,sell,USD,30000,9276,10.5,WSL030330
2025-02-18,buy,SAR,500000,41075,77.565,WSL030330
2025-02-18,sell,USD,6000,1856.4,3.3,WSL030330
2025-02-18,sell,TRY,200000,1730,-86.764,WSL010431
2025-02-18,sell,AED,100000,8418,0.175,WSL010431
2025-02-18,sell,TRY,100000,865,-43.382,WSL010431
2025-02-18,sell,USD,9700,2999.24,3.395,WSL010431
2025-02-18,sell,QAR,100000,8470,-10.231,WSL030330
2025-02-18,sell,EUR,50000,16199.5,45.101,WSL010431
2025-02-18,sell,AED,150000,12625.5,-1.238,WSL010431
2025-02-18,sell,EUR,15000,4851,4.68,WSL010431
2025-02-18,sell,THB,400000,3680,-41.024,WSL010431
2025-02-18,sell,TRY,400000,3454,-179.528,WSL010431
2025-02-18,sell,USD,80000,24736,28,WSL010431
2025-02-18,sell,TRY,400000,3460,-173.528,WSL010431
2025-02-18,sell,USD,70000,21647.5,28,WSL010431
2025-02-18,sell,AED,100000,8417,-0.825,WSL030330
2025-02-18,buy,SAR,150000,12322.5,23.27,WSL010431
2025-02-18,sell,AED,32650,2748.477,0.057,WSL010431
2025-02-18,sell,AED,33000,2777.94,0.058,WSL010431
2025-02-18,sell,AED,100000,8417,-0.825,WSL030330
2025-02-18,sell,CNY,100000,4269,-8.701,WSL030330
2025-02-18,sell,EUR,50000,16175,6.702,WSL030330
2025-02-18,sell,THB,200000,1840,-20.512,WSL030330
2025-02-18,sell,AZN,10000,1832.5,-73.982,WSL010431
2025-02-18,sell,CZK,100000,1310,20.008,WSL010431
2025-02-18,sell,USD,30000,9276,10.5,WSL010431
2025-02-18,sell,GEL,10000,1129,-40.886,WSL030330
2025-02-18,sell,TRY,200000,1730,-86.764,WSL030330
2025-02-18,sell,USD,10000,3094,5.5,WSL030330
2025-02-18,sell,USD,20000,6184,7,WSL030330
2025-02-18,sell,USD,30000,9276,10.5,WSL030330
2025-02-18,sell,VND,36000000,442.08,6.84,WSL030330
2025-02-18,sell,USD,30000,9282,16.5,WSL030330
2025-02-18,sell,SAR,20000,1647,0.897,WSL030330
2025-02-18,sell,USD,4300,1329.56,1.505,WSL030330
2025-02-18,sell,PHP,100000,538,-3.842,WSL030330
2025-02-18,sell,PKR,100000,117.5,-1.284,WSL030330
2025-02-18,sell,USD,7500,2319,2.625,WSL030330
2025-02-18,sell,AZN,10000,1831.5,-74.982,WSL030330
2025-02-18,sell,BDT,100000,276,5.08,WSL030330
2025-02-18,sell,GBP,5000,1945,-2.917,WSL030330
2025-02-18,sell,GEL,10000,1128,-41.886,WSL030330
2025-02-18,sell,TRY,200000,1728,-88.764,WSL030330
2025-02-18,sell,USD,10000,3093,4.5,WSL030330
2025-02-18,sell,USD,30000,9273,7.5,WSL030330
2025-02-18,sell,AED,350000,29459.5,-2.888,WSL030330
2025-02-18,sell,QAR,200000,16940,-20.462,WSL030330
2025-02-18,sell,AED,200000,16832,-3.65,WSL030330
2025-02-18,sell,AED,200000,16832,-3.65,WSL030330
2025-02-18,sell,THB,100000,919,-11.256,WSL030330
2025-02-18,sell,TRY,200000,1728,-88.764,WSL030330
2025-02-18,sell,USD,50000,15455,12.5,WSL030330
2025-02-18,sell,EUR,9250,2990.525,1.104,WSL030330
2025-02-18,sell,INR,100000,361,-7.294,WSL030330
2025-02-18,sell,PKR,300000,354,-2.352,WSL030330
2025-02-18,sell,USD,30000,9273,7.5,WSL030330
2025-02-18,sell,EUR,250000,81119.453,324.293,WSL030330
2025-02-18,buy,BAM,50000,8530.387,293.899,WSL030330
2025-02-18,buy,CHF,20000,6885.173,-34.779,WSL030330
2025-02-18,buy,EUR,50000,16196.56,-37.528,WSL030330
2025-02-18,buy,EUR,100000,32319.008,-0.944,WSL030330
2025-02-18,buy,EUR,300000,97272,-317.808,WSL030330
2025-02-18,buy,GEL,50000,5614.545,234.887,WSL030330
2025-02-18,buy,IDR,100000000,1923.98,108.02,WSL030330
2025-02-18,buy,KWD,24025,23997.8,27.2,WSL030330
2025-02-18,buy,USD,300000,92778.96,-123.96,WSL030330
2025-02-18,buy,USD,200,60.8,0.97,WSL030330
2025-02-18,buy,AED,930,77.784,0.502,WSL030330
2025-02-18,buy,USD,55,16.72,0.267,WSL030330
2025-02-18,buy,SAR,500,40.5,0.653,WSL030330
2025-02-18,buy,USD,200,60.8,0.97,WSL030330
2025-02-18,buy,AED,1486100,124974.856,122.441,WSL030330
2025-02-18,buy,BDT,2500000,6380.163,392.837,WSL030330
2025-02-18,buy,BHD,4151,3395.573,3.972,WSL030330
2025-02-18,buy,JPY,1000000,2046.387,-14.347,WSL030330
2025-02-18,buy,KWD,20606,20592.663,13.337,WSL030330
2025-02-18,buy,QAR,74600,6302.73,23.522,WSL030330
2025-02-18,buy,THB,5000000,45952.375,560.425,WSL030330
2025-02-18,buy,AED,1000000,84130.227,48.023,WSL030330
2025-02-18,buy,INR,2000000,7164.734,201.146,WSL030330
2025-02-18,buy,OMR,10000,8020.779,1.299,WSL030330
2025-02-18,buy,PKR,1000000,1160.902,26.938,WSL030330
2025-02-18,buy,SAR,1350000,111138.363,-26.437,WSL030330
2025-02-18,buy,USD,800000,247212.928,-132.928,WSL030330
2025-02-17,buy,SAR,765000,62844.75,98.287,WSL030330
2025-02-17,sell,USD,9700,2998.755,3.88,WSL030330
2025-02-17,sell,TRY,300000,2589,-135.264,WSL030330
2025-02-17,sell,TRY,500000,4312.5,-227.94,WSL010431
2025-02-17,sell,TRY,200000,1727,-89.176,WSL010431
2025-02-17,sell,AZN,15000,2748,-110.796,WSL010431
2025-02-17,sell,CNY,50000,2140,1.842,WSL010431
2025-02-17,sell,JPY,979000,1977.58,-14.029,WSL030330
2025-02-17,sell,PHP,200000,1074,-9.332,WSL030330
2025-02-17,sell,THB,500000,4605,-44.775,WSL030330
2025-02-17,sell,BHD,4000,3276,1.18,WSL030330
2025-02-17,sell,TRY,300000,2589,-135.264,WSL010431
2025-02-17,sell,USD,50000,15457.5,20,WSL030330
2025-02-17,sell,AED,25000,2104,0.225,WSL010431
2025-02-17,sell,OMR,2000,1604,0.104,WSL010431
2025-02-17,sell,TRY,100000,863.5,-44.588,WSL010431
2025-02-17,sell,USD,20000,6183,8,WSL010431
2025-02-17,sell,AED,40000,3366,-0.04,WSL010431
2025-02-17,sell,GEL,10000,1129,-40.508,WSL010431
2025-02-17,sell,MYR,20000,1405,-8.043,WSL010431
2025-02-17,sell,QAR,30000,2541,-2.246,WSL010431
2025-02-17,sell,TRY,100000,863,-45.088,WSL010431
2025-02-17,sell,USD,10000,3091.5,4,WSL010431
2025-02-17,sell,TRY,500000,4315,-225.44,WSL030330
2025-02-17,sell,USD,10000,3091.5,4,WSL030330
2025-02-17,sell,EUR,10000,3242,5.374,WSL010431
2025-02-17,sell,TRY,200000,1727,-89.176,WSL010431
2025-02-17,sell,USD,30000,9274.5,12,WSL010431
2025-02-17,sell,TRY,400000,3452,-180.352,WSL010431
2025-02-17,sell,USD,10000,3092,4.5,WSL030330
2025-02-17,sell,USD,30000,9271.5,9,WSL030330
2025-02-17,sell,THB,200000,1842,-17.91,WSL030330
2025-02-17,sell,USD,50000,15452.5,15,WSL030330
2025-02-17,sell,AED,50000,4205,-2.55,WSL030330
2025-02-17,sell,USD,70000,21633.5,21,WSL030330
2025-02-17,sell,TRY,200000,1726,-90.176,WSL030330
2025-02-17,sell,USD,10000,3092,4.5,WSL030330
2025-02-17,buy,SAR,550000,45166,87.164,WSL010431
2025-02-17,sell,AED,150000,12622.5,-0.148,WSL030330
2025-02-17,sell,QAR,50000,4235,-3.742,WSL030330
2025-02-17,sell,TRY,300000,2589,-135.264,WSL030330
2025-02-17,sell,USD,30000,9279,16.5,WSL030330
2025-02-17,sell,THB,325000,2993.25,-29.104,WSL030330
2025-02-17,sell,USD,30000,9271.5,9,WSL030330
2025-02-17,sell,THB,125000,1151.25,-11.194,WSL030330
2025-02-17,sell,TRY,150000,1293,-69.132,WSL030330
2025-02-17,sell,USD,70000,21637,24.5,WSL030330
2025-02-17,sell,BHD,5000,4095,1.475,WSL010431
2025-02-17,sell,CNY,20000,858,2.737,WSL010431
2025-02-17,sell,BHD,12000,9828,3.541,WSL030330
2025-02-17,sell,AED,100000,8417,1.901,WSL030330
2025-02-17,sell,SGD,10000,2307.5,2.019,WSL030330
2025-02-17,sell,USD,20000,6184,9,WSL030330
2025-02-17,sell,AED,25000,2103.75,-0.025,WSL030330
2025-02-17,sell,AZN,10000,1832.5,-73.364,WSL030330
2025-02-17,sell,INR,100000,360,-8.175,WSL030330
2025-02-17,sell,TRY,100000,863,-45.088,WSL030330
2025-02-17,sell,USD,16000,4946.4,6.4,WSL030330
2025-02-17,sell,USD,18000,5567.4,9.9,WSL030330
2025-02-17,sell,AED,30000,2524.8,0.27,WSL010431
2025-02-17,sell,QAR,50000,4235,-3.742,WSL010431
2025-02-17,sell,TRY,100000,863.5,-44.588,WSL010431
2025-02-17,sell,EGP,7000,46.222,-6.102,WSL030330
2025-02-17,sell,EUR,10000,3238.263,-0.833,WSL030330
2025-02-17,sell,GBP,2960,1144.018,-6.673,WSL030330
2025-02-17,sell,SGD,30000,6895.748,-22.244,WSL030330
2025-02-17,sell,USD,1500000,463651.965,526.965,WSL030330
2025-02-16,buy,QAR,50000,4225,13.742,WSL030330
2025-02-16,sell,USD,20000,6184,9,WSL030330
2025-02-16,sell,AED,150000,12622.5,-0.148,WSL010431
2025-02-16,sell,USD,50000,15457.5,20,WSL010431
2025-02-16,sell,HKD,17620,703.038,4.056,WSL010431
2025-02-16,sell,TRY,500000,4312,-228.44,WSL010431
2025-02-16,sell,TRY,100000,862.5,-45.588,WSL010431
2025-02-16,sell,EUR,60000,19330.8,-111.187,WSL030330
2025-02-16,sell,GBP,10000,3880,-7.162,WSL030330
2025-02-16,sell,MAD,15000,505.5,-45.839,WSL030330
2025-02-16,sell,AED,30000,2524.5,-0.03,WSL030330
2025-02-16,sell,JOD,5000,2182.5,-1.134,WSL030330
2025-02-16,sell,USD,30000,9276,13.5,WSL030330
2025-02-16,sell,BDT,700000,1939,43.176,WSL030330
2025-02-16,sell,EUR,50000,16250,48.344,WSL030330
2025-02-16,sell,JOD,25000,10910,-8.172,WSL030330
2025-02-16,sell,PHP,500000,2695,-13.33,WSL030330
2025-02-16,sell,SAR,300000,24675,-8.544,WSL030330
2025-02-16,sell,USD,300000,92790,165,WSL030330
2025-02-16,sell,INR,500000,1795,-45.875,WSL030330
2025-02-16,sell,BDT,100000,278,7.168,WSL030330
2025-02-16,sell,EGP,100000,690,-57.484,WSL030330
2025-02-16,sell,EUR,5000,1622.5,2.334,WSL030330
2025-02-16,sell,JOD,2000,873.4,-0.054,WSL030330
2025-02-16,sell,TRY,200000,1726,-90.176,WSL010431
2025-02-16,sell,AED,100000,8414,-1.099,WSL030330
2025-02-16,sell,USD,55000,16997.75,16.5,WSL030330
2025-02-16,sell,QAR,100000,8470,-7.485,WSL030330
2025-02-16,sell,OMR,5000,4010,0.26,WSL010431
2025-02-16,sell,TRY,300000,2587.5,-136.764,WSL010431
2025-02-16,sell,USD,50000,15457.5,20,WSL010431
2025-02-16,sell,USD,100000,30930,55,WSL030330
2025-02-16,sell,AED,50000,4207.5,-0.05,WSL030330
2025-02-16,sell,PHP,200000,1076,-7.332,WSL030330
2025-02-16,sell,USD,200000,61830,80,WSL030330
2025-02-16,sell,USD,20000,6181,6,WSL030330
2025-02-16,sell,EUR,50000,16055,-146.656,WSL030330
2025-02-16,sell,TRY,500000,4312.5,-227.94,WSL030330
2025-02-16,sell,USD,50000,15457.5,20,WSL030330
2025-02-16,sell,TRY,300000,2587.5,-136.764,WSL030330
2025-02-16,sell,TRY,700000,6037.5,-319.116,WSL030330
2025-02-16,buy,EUR,100000,32450,-46.688,WSL030330
2025-02-16,sell,TRY,200000,1725,-91.176,WSL030330
2025-02-16,sell,USD,30000,9274.5,12,WSL030330
2025-02-16,sell,USD,20000,6182,7,WSL030330
2025-02-16,sell,TRY,200000,1724,-92.176,WSL030330
2025-02-16,sell,USD,30000,9273,10.5,WSL030330
2025-02-16,sell,AED,2500000,210325,-52.475,WSL030330
2025-02-16,sell,TRY,1000000,8620,-460.88,WSL030330
2025-02-16,sell,USD,42000,12986.4,18.9,WSL030330
2025-02-16,sell,EUR,10000,3245,4.669,WSL030330
2025-02-16,sell,THB,100000,922,-7.955,WSL030330
2025-02-16,sell,TRY,100000,862,-46.088,WSL030330
2025-02-16,sell,USD,50000,15455,17.5,WSL030330
2025-02-16,sell,AZN,5000,916.25,-36.682,WSL030330
2025-02-16,sell,BAM,5000,889.5,7.357,WSL030330
2025-02-16,sell,EUR,30000,9735,14.006,WSL030330
2025-02-16,sell,USD,30000,9282,19.5,WSL030330
2025-02-16,sell,INR,100000,359,-9.175,WSL030330
2025-02-16,sell,TRY,100000,863,-45.088,WSL030330
2025-02-16,sell,USD,10000,3093.5,6,WSL030330
2025-02-16,sell,USD,35000,10820.25,14,WSL030330
2025-02-16,sell,AUD,20000,3939.65,14.82,WSL030330
2025-02-16,sell,AZN,400000,73293.769,-2940.799,WSL030330
2025-02-16,sell,BAM,200000,35285.714,0,WSL030330
2025-02-16,sell,EGP,2000000,13365.801,-1583.879,WSL030330
2025-02-16,sell,EGP,3000000,20135.87,-2288.65,WSL030330
2025-02-16,sell,GEL,200000,22495.446,-894.706,WSL030330
2025-02-16,sell,JPY,2000000,4083.995,29.235,WSL030330
2025-02-16,sell,USD,20000,6181,6,WSL030330
2025-02-16,sell,EUR,10000,3247,6.669,WSL030330
2025-02-16,sell,USD,20000,6182,7,WSL030330
2025-02-16,buy,AZN,400000,73185.185,3049.383,WSL030330
2025-02-16,buy,SAR,250000,20525,44.62,WSL010431
2025-02-16,buy,AED,2257700,189880.34,107.35,WSL030330
2025-02-16,buy,AUD,20000,3920.49,4.34,WSL030330
2025-02-16,buy,BAM,200000,34110.497,1175.217,WSL030330
2025-02-16,buy,CAD,20000,4354.02,4.086,WSL030330
2025-02-16,buy,CNY,300000,12773.793,55.155,WSL030330
2025-02-16,buy,EGP,1000000,6554.14,920.7,WSL030330
2025-02-16,buy,EGP,3000000,19809.627,2614.893,WSL030330
2025-02-16,buy,EUR,100000,32382.63,20.682,WSL030330
2025-02-16,buy,GBP,13000,5056.506,-3.195,WSL030330
2025-02-16,buy,GEL,250000,28094.285,1143.405,WSL030330
2025-02-16,buy,MYR,400000,27842.165,418.703,WSL030330
2025-02-16,buy,NZD,7200,1269.127,5.763,WSL030330
2025-02-16,buy,PHP,2000000,10700.174,133.146,WSL030330
2025-02-16,buy,TRY,5000000,42898.835,2505.565,WSL030330
2025-02-16,buy,TRY,5000000,43054.395,2350.005,WSL030330
2025-02-16,buy,USD,1500000,463420.44,-295.44,WSL030330
2025-02-16,buy,VND,200000000,2440.32,-10.32,WSL030330
2025-02-16,sell,OMR,2000,1604,0.104,WSL010431
2025-02-16,sell,USD,20000,6184,9,WSL010431
2025-02-16,buy,AED,1500000,126154.475,72.01,WSL030330
2025-02-16,buy,AZN,50000,9152.09,377.231,WSL030330
2025-02-16,buy,EUR,100000,32435.109,-31.797,WSL030330
2025-02-16,buy,GBP,100000,38927.07,-55.445,WSL030330
2025-02-16,buy,INR,2000000,7162.412,201.088,WSL030330
2025-02-16,buy,OMR,10000,8018.182,1.298,WSL030330
2025-02-16,buy,QAR,700000,59243.317,99.078,WSL030330
2025-02-16,buy,THB,5000000,45841.995,655.755,WSL030330
2025-02-16,buy,USD,1000000,308916.09,-166.09,WSL030330
2025-02-15,buy,GBP,2910,1100,32.08,WSL030330
2025-02-15,sell,TRY,400000,3458,-177.296,WSL010431
2025-02-15,sell,INR,300000,1077,-28.419,WSL030330
2025-02-15,sell,USD,30000,9276,6,WSL030330
2025-02-15,sell,JPY,2000000,4084,25.96,WSL030330
2025-02-15,sell,PKR,100000,114.5,-4.341,WSL030330
2025-02-15,sell,OMR,3000,2407.8,0.008,WSL010431
2025-02-15,sell,TRY,200000,1729,-88.648,WSL010431
2025-02-15,sell,USD,30000,9279,9,WSL010431
2025-02-15,sell,TRY,300000,2593.5,-132.972,WSL030330
2025-02-15,sell,INR,200000,720,-16.946,WSL010431
2025-02-15,sell,TRY,120000,1037.4,-53.189,WSL010431
2025-02-15,sell,USD,20000,6184,4,WSL010431
2025-02-15,sell,EUR,10000,3247.5,4.545,WSL030330
2025-02-15,sell,GEL,10000,1129,-41.454,WSL030330
2025-02-15,sell,JOD,5000,2183.75,-1.652,WSL030330
2025-02-15,buy,SAR,63500,5213.35,15.564,WSL010431
2025-02-15,buy,SAR,1000000,82150,195.1,WSL030330
2025-02-15,buy,SAR,36500,2996.65,8.946,WSL010431
2025-02-15,sell,USD,40000,12368,8,WSL030330
2025-02-15,sell,USD,20000,6184,4,WSL030330
2025-02-15,sell,USD,20000,6185,5,WSL030330
2025-02-15,sell,USD,170000,52555.5,25.5,WSL030330
2025-02-15,sell,INR,200000,718,-18.946,WSL030330
2025-02-15,sell,USD,100000,30920,20,WSL030330
2025-02-15,sell,GEL,30000,3395.58,-115.784,WSL030330
2025-02-15,sell,AED,50000,4209,-1.956,WSL030330
2025-02-15,sell,JOD,5000,2183.5,-1.902,WSL030330
2025-02-15,sell,THB,200000,1846,-4.292,WSL030330
2025-02-15,sell,TRY,100000,864.5,-44.324,WSL030330
2025-02-15,sell,USD,10000,3094.5,4.5,WSL030330
2025-02-15,sell,USD,55000,17006,11,WSL030330
2025-02-15,sell,USD,400000,123678.8,78.8,WSL030330
2025-02-15,sell,THB,50000,461.5,-1.073,WSL030330
2025-02-15,sell,USD,8200,2535.44,1.64,WSL030330
2025-02-15,sell,AUD,15100,2967.15,1.504,WSL030330
2025-02-15,buy,BDT,3196000,8093.477,569.345,WSL030330
2025-02-15,buy,KWD,34000,33928.618,71.382,WSL030330
2025-02-15,buy,QAR,400,30.972,2.965,WSL030330
2025-02-15,buy,QAR,10500,872.036,18.821,WSL030330
2025-02-15,buy,QAR,70000,5860.84,78.204,WSL030330
2025-02-15,sell,INR,200000,720,-16.946,WSL010431
2025-02-13,sell,USD,9600,2971.2,4.8,WSL030330
2025-02-13,sell,USD,50000,15480,30,WSL030330
2025-02-13,sell,TRY,240000,2080.8,-100.378,WSL010431
2025-02-13,sell,TRY,400000,3468,-167.296,WSL010431
2025-02-13,sell,AZN,10000,1832.5,-74.907,WSL010431
2025-02-13,sell,MYR,90000,6313.5,-50.344,WSL010431
2025-02-13,sell,TRY,500000,4335,-209.12,WSL010431
2025-02-13,sell,TRY,600000,5202,-250.944,WSL030330
2025-02-13,sell,TRY,100000,867,-41.824,WSL030330
2025-02-13,sell,USD,50000,15475,25,WSL030330
2025-02-13,sell,IDR,50000000,965,-51.5,WSL010431
2025-02-13,sell,TRY,200000,1734,-83.648,WSL010431
2025-02-13,sell,USD,30000,9285,15,WSL010431
2025-02-13,sell,USD,20000,6190,10,WSL010431
2025-02-13,sell,TRY,200000,1734,-83.648,WSL030330
2025-02-13,sell,USD,40000,12380,20,WSL030330
2025-02-13,sell,USD,40000,12380,20,WSL030330
2025-02-13,sell,TRY,100000,867,-41.824,WSL030330
2025-02-13,sell,QAR,25000,2118.75,-2.337,WSL030330
2025-02-13,sell,TRY,200000,1734,-83.648,WSL030330
2025-02-13,sell,USD,40000,12380,20,WSL030330
2025-02-13,sell,EUR,10000,3230,8.675,WSL030330
2025-02-13,sell,GBP,5000,1935,1.896,WSL030330
2025-02-13,buy,SAR,35500,2916.325,6.926,WSL030330
2025-02-13,sell,USD,20000,6187,7,WSL030330
2025-02-13,sell,TRY,300000,2601,-125.472,WSL030330
2025-02-13,sell,USD,100000,30950,50,WSL030330
2025-02-13,buy,AED,100000,8415,6.913,WSL030330
2025-02-13,sell,USD,70000,21658,28,WSL030330
2025-02-13,sell,GEL,10000,1133,-37.454,WSL030330
2025-02-13,sell,USD,50000,15475,25,WSL030330
2025-02-13,sell,USD,20000,6190,10,WSL010431
2025-02-13,sell,SAR,300000,24672,-31.53,WSL030330
2025-02-13,sell,TRY,250000,2165,-107.06,WSL030330
2025-02-13,sell,USD,50000,15467.5,17.5,WSL030330
2025-02-13,sell,USD,60000,18564,24,WSL030330
2025-02-13,sell,INR,300000,1077,-28.419,WSL030330
2025-02-13,sell,TRY,250000,2165,-107.06,WSL030330
2025-02-13,sell,USD,70000,21658,28,WSL030330
2025-02-13,sell,TRY,150000,1300.5,-62.736,WSL010431
2025-02-13,sell,EUR,40000,12814.54,-80.648,WSL030330
2025-02-13,sell,LKR,1000000,1107.348,-45.642,WSL030330
2025-02-13,sell,QAR,1000,84.183,-0.66,WSL030330
2025-02-13,sell,TND,675,67.271,-8.574,WSL030330
2025-02-13,sell,USD,3000000,928054.905,1054.905,WSL030330
2025-02-13,buy,BHD,10000,8190.615,3.063,WSL030330
2025-02-13,buy,EUR,70000,22400.729,172.339,WSL030330
2025-02-13,buy,GBP,100000,38346.874,262.676,WSL030330
2025-02-13,buy,INR,5000000,17899.77,523.88,WSL030330
2025-02-13,buy,LKR,2000000,2191.134,114.846,WSL030330
2025-02-13,buy,QAR,250000,21175.463,35.409,WSL030330
2025-02-13,buy,USD,1000000,309166.265,-166.265,WSL030330
2025-02-12,sell,PHP,400000,2128,-25.308,WSL030330
2025-02-12,sell,CNY,100000,4255,-24.778,WSL030330
2025-02-12,sell,MYR,40000,2792,-36.375,WSL030330
2025-02-12,sell,EUR,10000,3189,-8.841,WSL030330
2025-02-12,sell,CNY,50000,2127.5,-12.389,WSL030330
2025-02-12,buy,SAR,36500,2999.205,6.391,WSL030330
2025-02-12,buy,SAR,36500,2999.205,6.391,WSL030330
2025-02-12,buy,SAR,23500,1930.995,4.115,WSL030330
2025-02-12,sell,USD,8950,2769.998,4.448,WSL010431
2025-02-12,sell,USD,71050,21990,35.55,WSL010431
2025-02-12,sell,USD,20000,6190,10,WSL010431
2025-02-12,sell,THB,500000,4575,-50.73,WSL010431
2025-02-12,sell,MAD,15000,501,-57.434,WSL030330
2025-02-12,buy,CAD,13100,2823.05,5.474,WSL010431
2025-02-12,buy,CAD,10000,2155,4.178,WSL010431
2025-02-12,sell,CHF,15000,5094,8.417,WSL030330
2025-02-12,sell,INR,2000000,7180,-189.46,WSL030330
2025-02-12,sell,TRY,600000,5202,-250.944,WSL030330
2025-02-12,sell,USD,800000,247640,440,WSL030330
2025-02-12,sell,USD,20000,6188,8,WSL030330
2025-02-12,sell,AED,30000,2524.8,-1.774,WSL030330
2025-02-12,sell,TRY,150000,1299,-64.236,WSL030330
2025-02-12,sell,USD,10000,3094,4,WSL030330
2025-02-12,sell,AED,1000000,84180,-39.13,WSL030330
2025-02-12,sell,THB,1000000,9140,-111.46,WSL030330
2025-02-12,sell,TRY,200000,1732,-85.648,WSL030330
2025-02-12,sell,BHD,40000,32776.452,1.738,WSL030330
2025-02-12,sell,CAD,40000,8637.316,0.603,WSL030330
2025-02-12,sell,PKR,1000000,1144.44,-43.97,WSL030330
2025-02-12,sell,TRY,7000000,60639.187,-2978.493,WSL030330
2025-02-12,sell,USD,9600,2971.2,4.8,WSL030330
2025-02-12,sell,CNY,50000,2127.5,-12.389,WSL030330
2025-02-12,sell,AED,15000,1263,-0.287,WSL030330
2025-02-12,sell,GEL,2000,226.6,-7.491,WSL030330
2025-02-12,sell,SAR,10000,822.5,-0.951,WSL030330
2025-02-12,sell,USD,20000,6190,10,WSL030330
2025-02-12,sell,USD,13800,4273.17,8.97,WSL030330
2025-02-12,sell,EGP,120000,828,-69.707,WSL030330
2025-02-12,sell,EUR,15000,4810.5,2.151,WSL030330
2025-02-12,sell,GBP,3000,1157.25,2.579,WSL030330
2025-02-12,sell,QAR,20000,1696,-0.87,WSL030330
2025-02-12,sell,USD,40000,12388,28,WSL030330
2025-02-12,buy,BHD,10000,8170,23.678,WSL030330
2025-02-12,buy,QAR,50000,4225,17.174,WSL030330
2025-02-12,buy,SAR,30000,2465.1,5.253,WSL030330
2025-02-12,buy,SAR,35000,2875.95,6.128,WSL030330
2025-02-12,buy,SAR,35000,2875.95,6.128,WSL030330
2025-02-12,buy,USD,800000,247580,-380,WSL030330
2025-02-12,sell,AED,85000,7156.15,-2.476,WSL030330
2025-02-12,sell,USD,10000,3096.5,6.5,WSL030330
2025-02-12,sell,USD,24700,7645.885,13.585,WSL030330
2025-02-12,sell,USD,20000,6190,10,WSL010431
2025-02-12,sell,AED,50000,4209.5,-1.456,WSL030330
2025-02-12,sell,USD,30000,9285,15,WSL030330
2025-02-12,sell,AED,54000,4545.18,-2.653,WSL030330
2025-02-12,sell,JOD,3000,1309.5,-1.742,WSL030330
2025-02-12,sell,PKR,200000,234,-3.682,WSL030330
2025-02-12,sell,THB,100000,914,-11.146,WSL030330
2025-02-12,sell,TRY,100000,867,-41.824,WSL030330
2025-02-12,sell,USD,20000,6189,9,WSL030330
2025-02-12,sell,USD,10000,3094.5,4.5,WSL030330
2025-02-12,sell,GEL,10000,1133,-37.454,WSL010431
2025-02-12,buy,SAR,300000,24651,52.53,WSL030330
2025-02-12,buy,EUR,100,31.5,0.509,WSL030330
2025-02-12,buy,USD,222,67.044,1.554,WSL030330
2025-02-12,buy,USD,100,30.21,0.69,WSL030330
2025-02-12,buy,USD,100,30.2,0.7,WSL030330
2025-02-12,buy,SAR,1500,121.5,2.018,WSL030330
2025-02-12,buy,SAR,500,40.5,0.673,WSL030330
2025-02-12,buy,USD,200,60.4,1.4,WSL030330
2025-02-12,buy,EUR,20,6.3,0.102,WSL030330
2025-02-12,sell,INR,100000,358.5,-9.973,WSL030330
2025-02-12,buy,AUD,21000,4080.921,2.607,WSL030330
2025-02-12,buy,CAD,50000,10787.36,19.859,WSL030330
2025-02-12,buy,EGP,2000000,13288.172,1673.608,WSL030330
2025-02-12,buy,JPY,3000000,6117.822,-85.032,WSL030330
2025-02-12,buy,PHP,5000000,26564.92,351.43,WSL030330
2025-02-12,buy,PKR,1000000,1111.331,77.079,WSL030330
2025-02-12,buy,PKR,2000000,2271.691,105.129,WSL030330
2025-02-12,buy,THB,5000000,45906.39,350.91,WSL030330
2025-02-12,buy,TRY,11800000,101832.678,5408.554,WSL030330
2025-02-12,buy,USD,300000,92740.611,-40.611,WSL030330
2025-02-11,sell,SAR,5000,411.25,-0.342,WSL030330
2025-02-11,sell,USD,8300,2568.85,4.98,WSL030330
2025-02-11,sell,USD,10000,3095,6,WSL030330
2025-02-11,sell,QAR,250000,21187.5,-16.51,WSL030330
2025-02-11,sell,USD,9600,2971.2,5.76,WSL010431
2025-02-11,sell,USD,1000,309.5,0.6,WSL010431
2025-02-11,sell,USD,20000,6190,12,WSL010431
2025-02-11,sell,THB,500000,4567.5,-56.735,WSL030330
2025-02-11,sell,THB,500000,4575,-49.235,WSL010431
2025-02-11,sell,TRY,200000,1735,-82.058,WSL010431
2025-02-11,sell,USD,50000,15475,30,WSL010431
2025-02-11,sell,THB,300000,2749.5,-25.041,WSL010431
2025-02-11,sell,USD,20000,6190,12,WSL010431
2025-02-11,sell,INR,300000,1077,-28.062,WSL010431
2025-02-11,sell,USD,100000,30925,35,WSL010431
2025-02-11,sell,AZN,10000,1830,-76.79,WSL010431
2025-02-11,sell,USD,50000,15470,25,WSL030330
2025-02-11,sell,USD,50000,15470,25,WSL010431
2025-02-11,sell,AED,51000,4293.69,-0.096,WSL010431
2025-02-11,sell,AED,43000,3620.17,-0.081,WSL010431
2025-02-11,sell,GBP,10000,3828.8,11.723,WSL030330
2025-02-11,sell,INR,200000,718,-18.708,WSL030330
2025-02-11,sell,PHP,100000,532,-6.153,WSL030330
2025-02-11,sell,QAR,100000,8475,-6.604,WSL030330
2025-02-11,sell,THB,300000,2745,-29.541,WSL030330
2025-02-11,sell,TRY,200000,1734,-83.058,WSL030330
2025-02-11,sell,OMR,1300,1043.052,0.013,WSL010431
2025-02-11,sell,USD,10000,3097,8,WSL010431
2025-02-11,sell,USD,30000,9285,18,WSL010431
2025-02-11,sell,EUR,9000,2907.9,39.115,WSL030330
2025-02-11,sell,AZN,10000,1830,-76.79,WSL030330
2025-02-11,sell,BHD,5000,4096.25,0.737,WSL030330
2025-02-11,sell,LKR,1000000,1120,-32.61,WSL030330
2025-02-11,sell,USD,40000,12382,26,WSL030330
2025-02-11,sell,AED,35000,2945.25,-1.466,WSL030330
2025-02-11,sell,BHD,2000,1638.3,0.095,WSL030330
2025-02-11,sell,AZN,10000,1829,-77.79,WSL030330
2025-02-11,sell,USD,50000,15470,25,WSL030330
2025-02-11,buy,GBP,50,19,0.061,WSL030330
2025-02-11,sell,USD,200000,61880,100,WSL030330
2025-02-11,sell,VND,137000000,1685.1,27.4,WSL030330
2025-02-11,sell,AED,20000,1683.8,-0.038,WSL030330
2025-02-11,sell,GBP,5000,1915.5,7.116,WSL030330
2025-02-11,sell,AED,300000,25251,-6.564,WSL030330
2025-02-11,sell,AUD,20000,3904,22.363,WSL030330
2025-02-11,sell,CAD,30000,6477,10.598,WSL030330
2025-02-11,sell,EUR,50000,15960,40.838,WSL030330
2025-02-11,sell,GBP,30000,11524.5,74.195,WSL030330
2025-02-11,sell,INR,2000000,7170,-197.08,WSL030330
2025-02-11,sell,SAR,300000,24696,0.465,WSL030330
2025-02-11,sell,THB,500000,4592.5,-31.735,WSL030330
2025-02-11,sell,USD,300000,92820,150,WSL030330
2025-02-11,sell,OMR,1000,802.3,-0.038,WSL030330
2025-02-11,sell,USD,70000,21658,35,WSL030330
2025-02-11,buy,AZN,100000,18300,767.901,WSL030330
2025-02-11,sell,USD,20000,6188,10,WSL030330
2025-02-11,buy,SAR,150000,12322.5,25.268,WSL010431
2025-02-11,sell,THB,100000,915,-9.847,WSL030330
2025-02-11,sell,USD,10000,3096,7,WSL030330
2025-02-11,sell,USD,40000,12380,24,WSL030330
2025-02-11,sell,USD,20000,6190,12,WSL010431
2025-02-11,sell,EUR,3000,957.3,2.243,WSL030330
2025-02-11,buy,JOD,70000,30551.5,34.234,WSL030330
2025-02-11,sell,USD,20000,6188,10,WSL030330
2025-02-11,sell,TRY,200000,1735,-82.058,WSL010431
2025-02-11,sell,USD,10000,3095,6,WSL010431
2025-02-11,buy,AED,500000,42071.925,24.015,WSL030330
2025-02-11,buy,AUD,20000,3894.599,-12.962,WSL030330
2025-02-11,buy,CAD,20000,4316.562,-4.725,WSL030330
2025-02-11,buy,EUR,50000,15947.47,-23.675,WSL030330
2025-02-11,buy,EUR,50000,15955.191,-31.396,WSL030330
2025-02-11,buy,GBP,20000,7665.657,-24.707,WSL030330
2025-02-11,buy,USD,1000000,309035.31,-135.31,WSL030330
2025-02-10,sell,USD,30000,9286.5,19.5,WSL030330
2025-02-10,sell,USD,100000,30930,40,WSL010431
2025-02-10,sell,USD,20000,6186,8,WSL010431
2025-02-10,sell,USD,20000,6186,8,WSL010431
2025-02-10,sell,USD,40000,12366,10,WSL030330
2025-02-10,sell,OMR,2000,1605,0.325,WSL010431
2025-02-10,sell,USD,30000,9279,12,WSL010431
2025-02-10,sell,BHD,2000,1637.2,-1.005,WSL030330
2025-02-10,sell,INR,200000,716,-20.708,WSL030330
2025-02-10,sell,PKR,200000,236,-1.606,WSL030330
2025-02-10,sell,AZN,15000,2743.5,-116.685,WSL030330
2025-02-10,sell,USD,30000,9282,15,WSL030330
2025-02-10,sell,AED,100000,8419,-0.188,WSL030330
2025-02-10,sell,EUR,10000,3192.5,6.505,WSL030330
2025-02-10,sell,TRY,500000,4332.5,-210.145,WSL030330
2025-02-10,sell,THB,300000,2754,-20.541,WSL030330
2025-02-10,sell,TRY,200000,1733,-84.058,WSL030330
2025-02-10,sell,INR,250000,897.5,-23.385,WSL030330
2025-02-10,sell,SAR,50000,4111,-4.922,WSL030330
2025-02-10,sell,USD,25000,7732.5,10,WSL030330
2025-02-10,sell,USD,40000,12370,14,WSL030330
2025-02-10,sell,GBP,2000,771.5,4.934,WSL030330
2025-02-10,sell,JPY,1000000,2036.5,6.53,WSL030330
2025-02-10,sell,USD,30000,9279,12,WSL030330
2025-02-10,sell,USD,50000,15460,15,WSL030330
2025-02-10,sell,AED,35000,2945.25,-1.466,WSL030330
2025-02-10,sell,JOD,8000,3492,-3.512,WSL030330
2025-02-10,sell,USD,70000,21644,21,WSL030330
2025-02-10,sell,USD,10000,3094,5,WSL030330
2025-02-10,sell,USD,40000,12372,16,WSL030330
2025-02-10,sell,TRY,10000,87.5,-3.353,WSL010431
2025-02-10,buy,SAR,1500000,123232.5,245.175,WSL030330
2025-02-10,sell,USD,50000,15460,15,WSL030330
2025-02-10,sell,TRY,200000,1732,-85.058,WSL030330
2025-02-10,sell,USD,40000,12368,12,WSL030330
2025-02-10,sell,TRY,200000,1734,-83.058,WSL010431
2025-02-10,sell,USD,10000,3093,4,WSL010431
2025-02-10,sell,TRY,500000,4332.5,-210.145,WSL010431
2025-02-10,buy,SAR,200000,16430,33.69,WSL010431
2025-02-10,sell,EUR,20000,6419.756,46.531,WSL030330
2025-02-10,sell,TRY,15000,129.587,-6.692,WSL030330
2025-02-10,sell,USD,5000,1541.162,-3.338,WSL030330
2025-02-10,sell,USD,3000000,927708.186,1008.186,WSL030330
2025-02-09,sell,AUD,2000,390,2.765,WSL030330
2025-02-09,sell,USD,50000,15457.5,17.5,WSL010431
2025-02-09,sell,USD,20000,6183,7,WSL010431
2025-02-09,sell,EUR,50000,16042.65,91.586,WSL030330
2025-02-09,sell,USD,400000,123598.8,78.8,WSL030330
2025-02-09,sell,USD,30000,9273,9,WSL010431
2025-02-09,buy,BHD,2350,1917.6,6.668,WSL010431
2025-02-09,buy,BHD,3650,2978.4,10.357,WSL010431
2025-02-09,sell,USD,20000,6182,6,WSL010431
2025-02-09,sell,USD,20000,6182,6,WSL010431
2025-02-09,sell,EUR,60000,19009.68,-131.597,WSL030330
2025-02-09,sell,GEL,100000,11086,-610.97,WSL030330
2025-02-09,sell,USD,500000,154616.15,216.15,WSL030330
2025-02-09,sell,AED,30000,2524.5,-0.439,WSL030330
2025-02-09,sell,EGP,60000,414,-34.563,WSL030330
2025-02-09,sell,EUR,10000,3195,4.787,WSL030330
2025-02-09,sell,INR,300000,1074,-30.705,WSL030330
2025-02-09,sell,OMR,2000,1604,-0.156,WSL030330
2025-02-09,sell,TRY,200000,1735,-81.47,WSL030330
2025-02-09,sell,USD,10000,3091,3,WSL010431
2025-02-09,sell,USD,50000,15455,15,WSL010431
2025-02-09,sell,QAR,35000,2964.5,-3.1,WSL030330
2025-02-09,sell,QAR,15000,1270.5,-1.329,WSL030330
2025-02-09,buy,SAR,130000,10675.6,22.335,WSL030330
2025-02-09,sell,BHD,2000,1636,-1.675,WSL030330
2025-02-09,sell,EGP,200000,1380,-115.21,WSL030330
2025-02-09,sell,EUR,10000,3195,4.787,WSL030330
2025-02-09,sell,JOD,10000,4365,-2.976,WSL030330
2025-02-09,sell,USD,50000,15455,15,WSL030330
2025-02-09,buy,SAR,35000,2874.2,6.013,WSL030330
2025-02-09,buy,SAR,35000,2874.2,6.013,WSL030330
2025-02-09,buy,SAR,36500,2997.38,6.271,WSL030330
2025-02-09,sell,SAR,36450,2996.802,-2.734,WSL030330
2025-02-09,sell,USD,10000,3093,5,WSL030330
2025-02-09,sell,USD,40000,12364,12,WSL030330
2025-02-09,sell,USD,200000,61810,50,WSL030330
2025-02-09,buy,SAR,100000,8210,19.181,WSL030330
2025-02-09,buy,SAR,36500,2997.38,6.271,WSL030330
2025-02-09,buy,SAR,36500,2997.38,6.271,WSL030330
2025-02-09,buy,SAR,36500,2997.38,6.271,WSL030330
2025-02-09,buy,SAR,36500,2997.38,6.271,WSL030330
2025-02-09,sell,USD,50000,15455,15,WSL030330
2025-02-09,sell,AED,30000,2524.5,-0.439,WSL030330
2025-02-09,sell,INR,100000,359,-9.235,WSL030330
2025-02-09,sell,PKR,100000,116,-2.764,WSL030330
2025-02-09,sell,USD,30000,9270,6,WSL030330
2025-02-09,sell,CAD,30000,6457.099,-23.035,WSL030330
2025-02-09,sell,LKR,1500000,1696.703,-31.657,WSL030330
2025-02-09,sell,QAR,700000,59303.155,-48.851,WSL030330
2025-02-09,sell,USD,40000,12360,8,WSL030330
2025-02-09,buy,SAR,50,4.05,0.065,WSL030330
2025-02-09,buy,USD,531,160.362,3.611,WSL030330
2025-02-09,sell,AZN,15000,2743.5,-115.759,WSL010431
2025-02-09,sell,EUR,20000,6390,9.574,WSL030330
2025-02-09,sell,USD,10000,3093,5,WSL030330
2025-02-09,sell,USD,20000,6182,6,WSL030330
2025-02-09,buy,AED,300000,25231.545,17.841,WSL030330
2025-02-09,buy,EUR,30000,9625.59,-54.952,WSL030330
2025-02-09,buy,EUR,50000,16051.913,-100.849,WSL030330
2025-02-09,buy,EUR,100000,31937.1,-34.972,WSL030330
2025-02-09,buy,GBP,80000,30714.45,-54.316,WSL030330
2025-02-09,buy,HKD,30000,1192.085,-3.036,WSL030330
2025-02-09,buy,INR,6000000,21342.166,751.934,WSL030330
2025-02-09,buy,LKR,3500000,3859.377,173.463,WSL030330
2025-02-09,buy,PKR,1000000,1135.11,52.53,WSL030330
2025-02-09,buy,QAR,1000000,84647.019,141.561,WSL030330
2025-02-09,buy,SAR,200000,16457.889,0.473,WSL030330
2025-02-09,buy,USD,76000,23465,3.8,WSL030330
2025-02-09,buy,USD,1100000,339709.907,-29.907,WSL030330
2025-02-09,sell,USD,20000,6182,6,WSL010431
2025-02-09,buy,SAR,1250000,102662.5,202.262,WSL030330
2025-02-08,buy,SAR,36000,2956.32,3.786,WSL030330
2025-02-08,buy,SAR,200000,16420,25.036,WSL030330
2025-02-08,sell,CHF,5000,1704,7.738,WSL030330
2025-02-08,sell,USD,20000,6178,7,WSL030330
2025-02-08,sell,AZN,10000,1830,-74.63,WSL010431
2025-02-08,sell,OMR,1500,1202.7,0.557,WSL010431
2025-02-08,buy,USD,4200,1285.2,10.71,WSL030330
2025-02-08,sell,TRY,200000,1736,-79,WSL010431
2025-02-08,sell,USD,10000,3089,3.5,WSL010431
2025-02-08,sell,JOD,6750,2943,-2.997,WSL030330
2025-02-08,sell,USD,50000,15437.5,10,WSL030330
2025-02-08,sell,THB,500000,4585,-33.995,WSL010431
2025-02-08,buy,SAR,300000,24636,31.554,WSL010431
2025-02-08,sell,USD,20000,6177,6,WSL010431
2025-02-08,sell,USD,30000,9264,7.5,WSL030330
2025-02-08,sell,USD,10000,3088.5,3,WSL010431
2025-02-08,sell,EUR,10000,3194,6.37,WSL030330
2025-02-08,buy,SAR,150000,12315,18.777,WSL010431
2025-02-08,buy,SAR,2500000,205300,262.95,WSL030330
2025-02-08,sell,CZK,30000,390,9.403,WSL030330
2025-02-08,sell,IDR,20000000,386,-20,WSL030330
2025-02-08,buy,SAR,36500,2996.65,4.569,WSL030330
2025-02-08,buy,SAR,36500,2996.65,4.569,WSL030330
2025-02-08,sell,USD,30000,9267,10.5,WSL030330
2025-02-08,sell,USD,30000,9265.5,9,WSL010431
2025-02-08,sell,USD,150000,46335,52.5,WSL030330
2025-02-08,sell,USD,50000,15442.5,15,WSL010431
2025-02-08,sell,USD,9700,2995.845,2.91,WSL030330
2025-02-08,sell,MYR,15000,1053,-6.096,WSL030330
2025-02-08,sell,PHP,200000,1060,-15.086,WSL030330
2025-02-08,sell,THB,300000,2754,-17.397,WSL030330
2025-02-08,sell,USD,20000,6178,7,WSL030330
2025-02-08,sell,AZN,10000,1829,-75.63,WSL030330
2025-02-08,sell,INR,100000,358,-9.937,WSL030330
2025-02-08,sell,PHP,100000,530,-7.543,WSL030330
2025-02-08,sell,THB,100000,917,-6.799,WSL030330
2025-02-08,sell,TRY,100000,868,-39.5,WSL030330
2025-02-08,sell,USD,10000,3091.5,6,WSL030330
2025-02-08,sell,USD,70000,21619.5,21,WSL030330
2025-02-08,sell,GBP,5000,1922,7.293,WSL010431
2025-02-08,sell,THB,200000,1838,-9.598,WSL010431
2025-02-08,sell,USD,10000,3088.5,3,WSL010431
2025-02-08,sell,USD,10000,3087.5,2,WSL030330
2025-02-08,buy,SAR,450000,36954,47.331,WSL010431
2025-02-06,sell,USD,30000,9264,7.5,WSL030330
2025-02-06,sell,USD,20000,6176,5,WSL030330
2025-02-06,sell,EGP,20000,138,-11.4,WSL030330
2025-02-06,sell,SAR,34700,2852.34,-0.874,WSL030330
2025-02-06,sell,USD,20000,6176,5,WSL030330
2025-02-06,sell,USD,20000,6183,12,WSL030330
2025-02-06,sell,NZD,18950,3344.675,34.091,WSL030330
2025-02-06,sell,EUR,40000,12669,-124.717,WSL030330
2025-02-06,sell,USD,30000,9264,7.5,WSL030330
2025-02-06,sell,USD,30000,9262.5,6,WSL010431
2025-02-06,sell,USD,150000,46312.5,30,WSL010431
2025-02-06,sell,GEL,10000,1126,-42.75,WSL030330
2025-02-06,sell,OMR,1000,801,-0.429,WSL030330
2025-02-06,sell,AED,200000,16820,0.704,WSL030330
2025-02-06,sell,GBP,300000,115980,736.575,WSL030330
2025-02-06,sell,SAR,300000,24648,-19.554,WSL030330
2025-02-06,sell,USD,400000,123640,220,WSL030330
2025-02-06,sell,USD,30000,9262.5,6,WSL030330
2025-02-06,sell,THB,200000,1847.2,-0.398,WSL030330
2025-02-06,buy,GBP,250000,96500,-286.395,WSL030330
2025-02-06,sell,TRY,200000,1738,-77,WSL010431
2025-02-06,sell,JPY,1000000,2000,-21.95,WSL030330
2025-02-06,sell,EUR,20000,6373.6,-33.132,WSL030330
2025-02-06,sell,USD,50000,15437.5,10,WSL030330
2025-02-06,buy,AED,242240,20348.16,23.371,WSL030330
2025-02-06,buy,SAR,1048951,86108.388,141.797,WSL030330
2025-02-06,sell,AED,30000,2523,0.106,WSL030330
2025-02-06,sell,PHP,70000,371,-5.28,WSL030330
2025-02-06,sell,QAR,40000,3386,-2.797,WSL030330
2025-02-06,sell,TRY,100000,869,-38.5,WSL030330
2025-02-06,sell,USD,30000,9264,7.5,WSL030330
2025-02-06,sell,CAD,10000,2156,7.323,WSL030330
2025-02-06,sell,USD,20000,6180,9,WSL030330
2025-02-06,sell,USD,30000,9264,7.5,WSL030330
2025-02-06,buy,USD,500000,154527.5,-252.5,WSL030330
2025-02-06,sell,CZK,30000,390,8.1,WSL030330
2025-02-06,sell,OMR,2000,1603,0.143,WSL030330
2025-02-06,sell,AED,50000,4206.5,1.676,WSL010431
2025-02-06,sell,THB,300000,2760,-11.397,WSL010431
2025-02-06,sell,USD,20000,6182,11,WSL010431
2025-02-06,sell,LKR,1500000,1695.33,-31.635,WSL030330
2025-02-06,sell,QAR,300000,25395.062,-20.917,WSL030330
2025-02-06,sell,AZN,10000,1828,-76.63,WSL030330
2025-02-06,sell,GEL,10000,1123,-45.75,WSL030330
2025-02-06,sell,THB,500000,4597.5,-21.495,WSL030330
2025-02-06,sell,USD,50000,15432.5,5,WSL030330
2025-02-06,sell,AED,14000,1176.7,-0.651,WSL030330
2025-02-06,sell,TRY,300000,2604,-118.5,WSL030330
2025-02-06,sell,USD,97000,29939.05,9.7,WSL030330
2025-02-06,sell,EGP,100000,690,-57,WSL030330
2025-02-06,sell,AZN,10000,1829,-75.63,WSL030330
2025-02-06,sell,USD,20000,6175,4,WSL010431
2025-02-06,sell,INR,100000,358,-9.937,WSL030330
2025-02-06,buy,EUR,100,31.5,0.555,WSL030330
2025-02-06,buy,USD,100,30.2,0.655,WSL030330
2025-02-06,buy,SAR,50,4.05,0.061,WSL030330
2025-02-06,buy,AED,300,25.067,0.162,WSL030330
2025-02-06,buy,SAR,100,8.1,0.123,WSL030330
2025-02-06,buy,USD,100,30.2,0.655,WSL030330
2025-02-06,buy,AED,80,6.685,0.043,WSL030330
2025-02-06,buy,AED,100,8.356,0.054,WSL030330
2025-02-06,buy,BHD,4802,3924.283,4.591,WSL030330
2025-02-06,buy,CNY,300000,12730.399,90.239,WSL030330
2025-02-06,buy,IDR,100000000,1917.94,112.06,WSL030330
2025-02-06,buy,KWD,33297,33259.267,37.733,WSL030330
2025-02-06,buy,PHP,3000000,15780.042,346.248,WSL030330
2025-02-06,buy,QAR,349300,29514.941,77.731,WSL030330
2025-02-05,buy,SAR,140600,11536.23,28.377,WSL030330
2025-02-05,buy,SAR,36500,2994.825,7.367,WSL030330
2025-02-05,buy,SAR,36400,2986.62,7.347,WSL030330
2025-02-05,buy,SAR,36500,2994.825,7.367,WSL030330
2025-02-05,buy,SAR,250000,20512.5,50.458,WSL030330
2025-02-05,buy,SAR,1000000,82100,151.83,WSL030330
2025-02-05,sell,USD,20000,6176,3,WSL030330
2025-02-05,sell,USD,570,176,0.07,WSL010431
2025-02-05,sell,USD,19430,6000,2.93,WSL010431
2025-02-05,sell,USD,9700,2995.36,1.455,WSL010431
2025-02-05,sell,AZN,20000,3660,-150.494,WSL010431
2025-02-05,sell,TRY,200000,1739,-76.588,WSL010431
2025-02-05,sell,USD,20300,6268.64,3.045,WSL010431
2025-02-05,sell,NZD,8000,1390,-13.987,WSL010431
2025-02-05,sell,AZN,10000,1830,-75.247,WSL010431
2025-02-05,sell,THB,300000,2763,-9.294,WSL010431
2025-02-05,sell,EGP,40000,276,-22.897,WSL030330
2025-02-05,sell,EUR,8000,2568,-3.425,WSL030330
2025-02-05,sell,NPR,150000,375,-10.797,WSL030330
2025-02-05,sell,USD,100000,30880,15,WSL030330
2025-02-05,sell,TRY,500000,4335,-203.97,WSL010431
2025-02-05,sell,PKR,1000000,1150,-37.07,WSL030330
2025-02-05,buy,SAR,36500,2996.65,5.542,WSL030330
2025-02-05,buy,SAR,36500,2996.65,5.542,WSL030330
2025-02-05,sell,JOD,5000,2182.5,-0.427,WSL030330
2025-02-05,sell,USD,20000,6174,1,WSL030330
2025-02-05,sell,TRY,1000000,8650,-427.94,WSL030330
2025-02-05,sell,AZN,5000,915,-37.623,WSL010431
2025-02-05,sell,EUR,10000,3188,-24.121,WSL030330
2025-02-05,sell,GBP,7500,2891.25,-3.733,WSL030330
2025-02-05,buy,BHD,30000,24487.5,65.692,WSL010431
2025-02-05,sell,PKR,300000,348,-8.121,WSL030330
2025-02-05,sell,USD,60000,18522,3,WSL030330
2025-02-05,sell,USD,20000,6176,3,WSL030330
2025-02-05,sell,EUR,30000,9504.87,-131.492,WSL030330
2025-02-05,sell,USD,50000,15440,7.5,WSL030330
2025-02-05,sell,GBP,5000,1929,-0.988,WSL030330
2025-02-05,sell,TRY,200000,1738,-77.588,WSL030330
2025-02-05,sell,AZN,5000,915,-37.623,WSL030330
2025-02-05,sell,JOD,5000,2182.5,-0.427,WSL030330
2025-02-05,sell,PHP,200000,1060,-15.436,WSL030330
2025-02-05,sell,USD,50000,15442.5,10,WSL030330
2025-02-05,sell,USD,400000,123600,140,WSL030330
2025-02-05,sell,AED,100000,8413,0.626,WSL030330
2025-02-05,sell,USD,50000,15442.5,10,WSL030330
2025-02-05,sell,USD,500000,154600,275,WSL030330
2025-02-05,sell,JOD,5000,2183,0.073,WSL010431
2025-02-05,sell,TRY,200000,1739,-76.588,WSL010431
2025-02-05,sell,USD,30000,9264,4.5,WSL010431
2025-02-05,sell,EGP,50000,345,-28.621,WSL030330
2025-02-05,buy,AED,785590,66049.06,37.709,WSL030330
2025-02-05,buy,AZN,150000,27439.313,1139.391,WSL030330
2025-02-05,buy,CAD,20000,4207.226,102.625,WSL030330
2025-02-05,buy,CAD,30000,6378.229,86.548,WSL030330
2025-02-05,buy,CHF,20000,6782.418,41.593,WSL030330
2025-02-05,buy,EGP,1000000,6797.357,675.063,WSL030330
2025-02-05,buy,EUR,30000,9482.044,142.28,WSL030330
2025-02-05,buy,EUR,100000,31668.532,412.549,WSL030330
2025-02-05,buy,EUR,100000,32072.798,8.283,WSL030330
2025-02-05,buy,GEL,150000,16400.354,1136.578,WSL030330
2025-02-05,buy,JPY,1000000,1997.411,15.699,WSL030330
2025-02-05,buy,LKR,1000000,1126.277,25.403,WSL030330
2025-02-05,buy,NZD,6800,1168.853,20.758,WSL030330
2025-02-05,buy,NZD,20000,3443.976,54.88,WSL030330
2025-02-05,buy,THB,5000000,45610.405,594.495,WSL030330
2025-02-05,buy,THB,5000000,45854.385,350.515,WSL030330
2025-02-05,buy,TRY,3000000,25896.504,1337.316,WSL030330
2025-02-05,buy,USD,524000,161706.4,26.2,WSL030330
2025-02-05,sell,USD,30000,9264,4.5,WSL010431
2025-02-05,buy,USD,1000000,309000,-350,WSL030330
2025-02-04,buy,SAR,800000,65704,140.104,WSL030330
2025-02-04,buy,SAR,25000,2053.75,3.878,WSL030330
2025-02-04,buy,SAR,25000,2053.75,3.878,WSL030330
2025-02-04,sell,USD,20000,6180,3,WSL010431
2025-02-04,sell,EUR,20000,6371.36,-16.276,WSL010431
2025-02-04,sell,THB,200000,1834,-15.394,WSL010431
2025-02-04,sell,USD,10000,3094,5.5,WSL010431
2025-02-04,sell,USD,20000,6180,3,WSL010431
2025-02-04,sell,TRY,100000,871,-37.382,WSL010431
2025-02-04,sell,USD,20000,6180,3,WSL010431
2025-02-04,sell,OMR,2000,1604.4,-0.016,WSL030330
2025-02-04,sell,THB,1000000,9150,-96.97,WSL030330
2025-02-04,sell,IDR,100000000,1920,-112,WSL010431
2025-02-04,sell,TRY,300000,2613,-112.146,WSL030330
2025-02-04,sell,USD,40000,12360,6,WSL030330
2025-02-04,sell,EUR,30000,9520.3,-55.594,WSL010431
2025-02-04,sell,THB,200000,1833,-16.394,WSL030330
2025-02-04,sell,USD,35000,10815,5.25,WSL030330
2025-02-04,sell,USD,10000,3089,0.5,WSL030330
2025-02-04,sell,USD,50000,15450,7.5,WSL010431
2025-02-04,sell,USD,30000,9270,4.5,WSL010431
2025-02-04,sell,THB,150000,1374,-13.046,WSL030330
2025-02-04,sell,USD,50000,15445,2.5,WSL030330
2025-02-04,sell,EUR,20000,6372,2.278,WSL030330
2025-02-04,sell,GBP,15000,5761.5,9.478,WSL030330
2025-02-04,sell,JOD,5000,2183,-1.342,WSL030330
2025-02-04,sell,USD,50000,15445,2.5,WSL030330
2025-02-04,sell,EUR,10000,3190,5.139,WSL030330
2025-02-04,sell,THB,300000,2749.5,-24.591,WSL030330
2025-02-04,sell,AED,25000,2104.5,0.044,WSL030330
2025-02-04,sell,USD,2000,618,0.3,WSL030330
2025-02-04,buy,BDT,500000,1255.285,99.315,WSL030330
2025-02-04,buy,BHD,15000,12283.214,1.337,WSL030330
2025-02-04,buy,EUR,50000,15872.32,51.986,WSL030330
2025-02-04,buy,EUR,50000,15926.36,-2.054,WSL030330
2025-02-04,buy,EUR,50000,15949.52,-25.214,WSL030330
2025-02-04,buy,INR,5000000,17808.535,606.165,WSL030330
2025-02-04,buy,KWD,303942,303745.274,196.726,WSL030330
2025-02-04,buy,PHP,1000000,5269.625,111.035,WSL030330
2025-02-04,buy,THB,2000000,18245.2,248.74,WSL030330
2025-02-04,sell,EUR,10250,3266.675,2.192,WSL030330
2025-02-04,sell,GBP,5000,1921,3.659,WSL030330
2025-02-04,sell,USD,10000,3090,1.5,WSL030330
2025-02-04,buy,SAR,150000,12322.5,23.27,WSL030330
2025-02-04,buy,SAR,1250000,102687.5,193.912,WSL030330
2025-02-04,sell,USD,20000,6180,3,WSL010431
2025-02-04,sell,EGP,250000,1725,-144.315,WSL030330
2025-02-04,sell,AED,300000,25269,15.525,WSL030330
2025-02-04,sell,AUD,40000,7620,-28.362,WSL030330
2025-02-04,sell,BHD,10000,8195,5.299,WSL030330
2025-02-04,sell,CAD,20000,4212,-53.589,WSL030330
2025-02-04,sell,EUR,50000,15850,-52.686,WSL030330
2025-02-04,sell,INR,3000000,10755,-293.82,WSL030330
2025-02-04,sell,JOD,25000,10923.75,2.042,WSL030330
2025-02-04,sell,SAR,800000,65840,-4.104,WSL030330
2025-02-04,sell,THB,500000,4580,-43.485,WSL030330
2025-02-04,sell,USD,500000,154750,325,WSL030330
2025-02-04,buy,AED,500000,42065.114,24.011,WSL030330
2025-02-04,buy,AUD,22000,4184.858,21.741,WSL030330
2025-02-04,buy,BHD,15000,12279.958,4.593,WSL030330
2025-02-04,buy,EUR,50000,15818.28,84.406,WSL030330
2025-02-04,buy,SAR,300000,24690.832,0.707,WSL030330
2025-02-04,buy,USD,1000000,308830.88,19.12,WSL030330
2025-02-03,buy,GBP,40,15,0.281,WSL030330
2025-02-03,buy,SAR,1500000,123300,257.625,WSL030330
2025-02-03,sell,AED,100000,8423,-1.639,WSL030330
2025-02-03,sell,EUR,20000,6358.2,11.141,WSL030330
2025-02-03,sell,USD,60000,18555,9,WSL010431
2025-02-03,sell,THB,300000,2748,-28.335,WSL010431
2025-02-03,sell,AED,35500,2990.875,0.128,WSL010431
2025-02-03,sell,THB,500000,4580,-47.225,WSL010431
2025-02-03,sell,USD,30000,9276,3,WSL030330
2025-02-03,sell,GBP,10000,3814,7.434,WSL030330
2025-02-03,sell,USD,30000,9285,12,WSL030330
2025-02-03,sell,AED,450000,37908,-2.876,WSL030330
2025-02-03,sell,QAR,200000,16940,-34.19,WSL030330
2025-02-03,sell,USD,100000,30925,15,WSL030330
2025-02-03,sell,EUR,20000,6350,17.777,WSL010431
2025-02-03,sell,AED,50000,4212.5,0.18,WSL030330
2025-02-03,sell,AED,16500,1389.3,-0.765,WSL030330
2025-02-03,sell,OMR,2000,1604,-1.714,WSL030330
2025-02-03,sell,USD,10000,3091.5,0.5,WSL030330
2025-02-03,sell,THB,500000,4580,-47.225,WSL010431
2025-02-03,sell,USD,30000,9276,3,WSL010431
2025-02-03,sell,AED,31400,2645.136,-0.201,WSL030330
2025-02-03,sell,IDR,30000000,575.7,-34.5,WSL030330
2025-02-03,sell,JOD,5000,2185,-1.11,WSL030330
2025-02-03,sell,USD,10000,3092.5,1.5,WSL030330
2025-02-03,sell,USD,10000,3095.5,4.5,WSL030330
2025-02-03,sell,USD,20000,6185,3,WSL030330
2025-02-03,sell,USD,30000,9277.5,4.5,WSL030330
2025-02-03,sell,TRY,200000,1744,-74.236,WSL010431
2025-02-03,sell,USD,10000,3092.5,1.5,WSL010431
2025-02-03,sell,AZN,10000,1830,-78.025,WSL010431
2025-02-03,sell,AED,35000,2947,-1.624,WSL030330
2025-02-03,sell,USD,10000,3091.5,0.5,WSL030330
2025-02-03,sell,GBP,5710,2179.374,12.355,WSL030330
2025-02-03,sell,USD,92300,28468.264,-61.666,WSL030330
2025-02-03,sell,USD,1500000,464154.469,504.469,WSL030330
2025-02-02,buy,GBP,1210,460,3.21,WSL030330
2025-02-02,buy,SAR,2500000,205250,346.275,WSL030330
2025-02-02,buy,USD,88000,26994,162.8,WSL030330
2025-02-02,sell,USD,80000,24700,12,WSL010431
2025-02-02,sell,INR,500000,1795,-44.98,WSL030330
2025-02-02,sell,TRY,50000,436,-17.824,WSL030330
2025-02-02,sell,USD,10000,3087.5,1.5,WSL030330
2025-02-02,sell,USD,20000,6175,3,WSL030330
2025-02-02,sell,AZN,5000,915,-37.469,WSL030330
2025-02-02,sell,GBP,10000,3835,6.817,WSL030330
2025-02-02,sell,AED,50000,4206,0.494,WSL030330
2025-02-02,sell,SAR,50000,4110,-1.926,WSL030330
2025-02-02,sell,THB,200000,1840,-7.896,WSL030330
2025-02-02,sell,TRY,100000,872,-35.647,WSL030330
2025-02-02,sell,BHD,3000,2455.5,0.578,WSL030330
2025-02-02,sell,EGP,70000,486.5,-36.485,WSL030330
2025-02-02,sell,EUR,8000,2564,2.373,WSL030330
2025-02-02,sell,JOD,1500,654.45,-0.322,WSL030330
2025-02-02,sell,SAR,70000,5757.5,0.804,WSL030330
2025-02-02,sell,AZN,10000,1828,-76.938,WSL030330
2025-02-02,buy,SAR,36500,2996.65,5.056,WSL030330
2025-02-02,buy,SAR,250000,20525,34.628,WSL030330
2025-02-02,buy,GBP,4500,1669.5,53.182,WSL030330
2025-02-02,buy,USD,4300,1315.8,11.18,WSL030330
2025-02-02,sell,EUR,5000,1602.5,1.483,WSL030330
2025-02-02,sell,USD,40000,12350,6,WSL030330
2025-02-02,sell,EUR,20000,6410,5.933,WSL030330
2025-02-02,sell,EUR,30000,9615,8.899,WSL010431
2025-02-02,sell,AED,35000,2942.45,-1.404,WSL030330
2025-02-02,sell,BDT,200000,516,-25.402,WSL030330
2025-02-02,sell,LKR,100000,113,-2.149,WSL030330
2025-02-02,sell,USD,45500,14043.575,2.275,WSL030330
2025-02-02,sell,USD,20000,6173,1,WSL030330
2025-02-02,buy,SAR,400000,32840,55.404,WSL010431
2025-02-02,sell,CNY,10000,426,-1.424,WSL010431
2025-02-02,sell,EUR,10000,3205,2.966,WSL010431
2025-02-02,sell,MYR,10000,699,-7.178,WSL010431
2025-02-02,sell,EGP,70000,486.5,-36.485,WSL030330
2025-02-02,sell,AZN,10000,1830,-74.938,WSL030330
2025-02-02,sell,LKR,500000,570,-5.745,WSL030330
2025-02-02,sell,MYR,30000,2097,-21.536,WSL030330
2025-02-02,sell,USD,20000,6176,4,WSL030330
2025-02-02,sell,BDT,600000,1539,-85.206,WSL030330
2025-02-02,sell,EUR,10000,3205,2.966,WSL030330
2025-02-02,sell,CAD,8000,1704,3.022,WSL030330
2025-02-02,sell,EUR,10000,3205,2.966,WSL030330
2025-02-02,sell,GBP,5000,1918,3.908,WSL030330
2025-02-02,sell,GEL,10000,1126,-42.939,WSL030330
2025-02-02,sell,TRY,200000,1744,-71.294,WSL030330
2025-02-02,sell,CHF,10000,3402,13.026,WSL030330
2025-02-02,buy,BHD,10000,8180.011,3.061,WSL030330
2025-02-02,buy,CHF,10000,3396.631,-7.657,WSL030330
2025-02-02,buy,EUR,150000,48027.35,3.154,WSL030330
2025-02-02,buy,GBP,100000,38309.568,-27.738,WSL030330
2025-02-02,buy,GBP,100000,38368.193,-86.363,WSL030330
2025-02-02,buy,SAR,1400000,115130.597,3.317,WSL030330
2025-02-02,buy,USD,1300000,401155.112,24.888,WSL030330
2025-02-02,sell,BDT,200000,516,-25.402,WSL030330
2025-02-02,sell,SAR,30000,2466,-1.155,WSL030330
2025-02-01,sell,USD,37000,11425.6,14.8,WSL030330
2025-02-01,sell,EGP,200000,1390,-103.272,WSL030330
2025-02-01,sell,GEL,10000,1126,-42.182,WSL030330
2025-02-01,sell,CNY,100000,4265,-6.468,WSL030330
2025-02-01,sell,EGP,1500000,10449,-750.54,WSL030330
2025-02-01,sell,RUB,550000,1732.5,-16.159,WSL030330
2025-02-01,sell,EUR,10000,3205,5.042,WSL010431
2025-02-01,sell,GEL,10000,1127,-41.182,WSL010431
2025-02-01,sell,USD,50000,15440,20,WSL030330
2025-02-01,sell,USD,9700,2995.36,3.88,WSL030330
2025-02-01,sell,BHD,1000,818.5,0.723,WSL030330
2025-02-01,sell,EUR,20000,6410,10.083,WSL030330
2025-02-01,sell,GEL,10000,1126,-42.182,WSL030330
2025-02-01,sell,EUR,10000,3205,5.042,WSL010431
2025-02-01,sell,GEL,10000,1127,-41.182,WSL010431
2025-02-01,sell,BDT,100000,257,-13.525,WSL030330
2025-02-01,sell,GBP,5000,1919.5,6.649,WSL030330
2025-02-01,sell,OMR,1000,801.4,0.361,WSL030330
2025-02-01,sell,PKR,300000,345,-10.833,WSL030330
2025-02-01,buy,SAR,36500,2996.65,3.11,WSL030330
2025-02-01,buy,SAR,36500,2996.65,3.11,WSL030330
2025-02-01,sell,INR,200000,718,-17.516,WSL030330
2025-01-29,sell,USD,100000,30870,30,WSL010431
2025-01-29,sell,AZN,10000,1830,-73.704,WSL010431
2025-01-29,sell,USD,20000,6176,8,WSL010431
2025-01-29,sell,PHP,100000,530,-11.026,WSL010431
2025-01-29,sell,THB,100000,920,-3.35,WSL010431
2025-01-29,sell,MYR,30000,2122.5,-4.396,WSL010431
2025-01-29,sell,THB,2000000,18380,-87,WSL010431
2025-01-29,sell,USD,70000,21602,14,WSL010431
2025-01-29,sell,USD,100000,30900,60,WSL010431
2025-01-29,sell,CHF,10000,3423,18.275,WSL010431
2025-01-29,sell,USD,70000,21637,49,WSL010431
2025-01-29,sell,USD,400000,123480,120,WSL010431
2025-01-29,sell,AED,40000,3362,-0.224,WSL010431
2025-01-29,sell,EUR,5000,1613.5,7.815,WSL010431
2025-01-29,sell,TRY,100000,872,-35.059,WSL010431
2025-01-29,sell,USD,20000,6174,6,WSL010431
2025-01-29,sell,USD,30000,9273,21,WSL010431
2025-01-29,sell,QAR,20000,1694,0.425,WSL010431
2025-01-29,sell,GEL,10000,1126.5,-41.682,WSL010431
2025-01-29,sell,USD,25000,7717.5,7.5,WSL010431
2025-01-29,sell,PLN,20000,1570,39.403,WSL010431
2025-01-29,sell,USD,5000,1544,2,WSL010431
2025-01-29,sell,IDR,50000000,965,-49.5,WSL010431
2025-01-29,sell,THB,1300000,11914.5,-89.05,WSL010431
2025-01-29,sell,TRY,600000,5226,-216.354,WSL010431
2025-01-29,sell,USD,20000,6170,2,WSL010431
2025-01-29,sell,EUR,50000,16157.5,79.066,WSL010431
2025-01-29,sell,USD,175000,54037.498,67.498,WSL010431
2025-01-29,sell,QAR,50000,4235,1.062,WSL010431
2025-01-29,sell,PKR,100000,117.5,-1.111,WSL010431
2025-01-29,sell,QAR,30000,2541,0.638,WSL010431
2025-01-29,sell,BHD,2000,1636,0.446,WSL010431
2025-01-29,sell,QAR,50000,4235,1.062,WSL010431
2025-01-29,sell,USD,20000,6174,6,WSL010431
2025-01-29,sell,QAR,35300,2989.91,0.75,WSL010431
2025-01-29,sell,USD,1000,308.8,0.4,WSL010431
2025-01-29,sell,USD,50000,15435,15,WSL010431
2025-01-29,sell,AED,25000,2101.25,-0.14,WSL010431
2025-01-29,sell,INR,200000,718,-18.028,WSL010431
2025-01-29,sell,JOD,10000,4360,-2.318,WSL010431
2025-01-29,sell,TRY,100000,871,-36.059,WSL010431
2025-01-29,sell,OMR,3000,2403,-0.117,WSL010431
2025-01-29,sell,USD,100000,30870,30,WSL010431
2025-01-29,sell,EUR,150000,48357,158.706,WSL010431
2025-01-29,sell,GBP,145000,55754.385,76.003,WSL010431
2025-01-29,sell,USD,400000,123525,165,WSL010431
2025-01-29,sell,SAR,20000,1645,1.296,WSL010431
2025-01-29,sell,USD,30000,9261,9,WSL010431
2025-01-29,sell,USD,50000,15452.5,32.5,WSL010431
2025-01-29,sell,USD,30000,9270,18,WSL010431
2025-01-29,sell,BDT,200000,516,-25.05,WSL010431
2025-01-29,sell,PKR,200000,235,-2.222,WSL010431
2025-01-29,buy,USD,300000,92643.75,-123.75,WSL010431
2025-01-29,sell,AED,2000000,168088.294,-22.906,WSL010431
2025-01-29,sell,AZN,100000,18302.671,-734.366,WSL010431
2025-01-29,sell,EGP,2500000,17286.996,-1378.904,WSL010431
2025-01-29,sell,GBP,250000,96182.25,100.23,WSL010431
2025-01-29,sell,GEL,100000,11113.514,-568.304,WSL010431
2025-01-29,sell,IDR,100000000,1934.75,-94.25,WSL010431
2025-01-29,sell,SAR,2000000,164414.234,43.814,WSL010431
2025-01-29,sell,SAR,2500000,205572.59,109.565,WSL010431
2025-01-29,sell,TRY,7000000,61121.178,-2372.952,WSL010431
2025-01-29,buy,AED,2000000,168015.257,95.943,WSL010431
2025-01-29,buy,AZN,250000,45667.95,1924.642,WSL010431
2025-01-29,buy,CNY,300000,12768.116,81.883,WSL010431
2025-01-29,buy,EGP,3000000,20602.45,1796.63,WSL010431
2025-01-29,buy,EGP,4000000,27685.748,2179.692,WSL010431
2025-01-29,buy,EUR,100000,32114.653,91.559,WSL010431
2025-01-29,buy,GEL,250000,27580.501,1624.044,WSL010431
2025-01-29,buy,IDR,200000000,3842.36,215.64,WSL010431
2025-01-29,buy,KWD,77543,77530.328,12.672,WSL010431
2025-01-29,buy,PKR,2000000,2250.73,121.49,WSL010431
2025-01-29,buy,QAR,308770,26131.255,15.003,WSL010431
2025-01-29,buy,SAR,2000000,164286.856,83.564,WSL010431
2025-01-29,buy,THB,1000000,9185.285,48.215,WSL010431
2025-01-29,buy,TRY,7000000,60973.164,2520.966,WSL010431
2025-01-29,buy,AED,500000,41998.093,29.707,WSL010431
2025-01-29,buy,EUR,150000,48356.989,-56.923,WSL010431
2025-01-29,buy,GBP,25000,9593.539,8.495,WSL010431
2025-01-29,buy,GBP,100000,38435.828,-27.692,WSL010431
2025-01-29,buy,GBP,250000,96128.113,-107.773,WSL010431
2025-01-29,buy,KWD,21000,20976.19,23.81,WSL010431
2025-01-29,buy,QAR,500000,42268.677,70.698,WSL010431
2025-01-29,buy,SAR,2000000,164299.987,70.433,WSL010431
2025-01-29,buy,SAR,2000000,164365.672,4.748,WSL010431
2025-01-29,buy,USD,1000000,308380.835,19.165,WSL010431
2025-01-28,sell,THB,1000000,9195,-38.5,WSL010431
2025-01-28,sell,AED,50000,4202.5,-0.28,WSL010431
2025-01-28,sell,BHD,2500,2045,0.558,WSL010431
2025-01-28,sell,CNY,50000,2135,-6.666,WSL010431
2025-01-28,sell,EUR,10000,3226,5.379,WSL010431
2025-01-28,sell,OMR,2500,2002.5,-0.097,WSL010431
2025-01-28,sell,AZN,10000,1831,-72.704,WSL010431
2025-01-28,sell,TRY,250000,2177.5,-90.148,WSL010431
2025-01-28,sell,GBP,7500,2907.375,26.765,WSL010431
2025-01-28,sell,NZD,10000,1770,23.222,WSL010431
2025-01-28,sell,SAR,300000,24675,19.437,WSL010431
2025-01-28,sell,USD,300000,92550,30,WSL010431
2025-01-28,sell,AED,130000,10926.5,-0.728,WSL010431
2025-01-28,sell,QAR,15000,1270.5,0.319,WSL010431
2025-01-28,sell,SAR,130000,10692.5,8.423,WSL010431
2025-01-28,sell,USD,40000,12352,16,WSL010431
2025-01-28,sell,AED,50000,4201.25,-1.53,WSL010431
2025-01-28,sell,BHD,6000,4908,1.339,WSL010431
2025-01-28,sell,USD,50000,15425,5,WSL010431
2025-01-28,sell,BHD,4000,3272,0.893,WSL010431
2025-01-28,sell,TRY,500000,4374.47,-160.825,WSL010431
2025-01-28,sell,AZN,20000,3664,-143.407,WSL010431
2025-01-28,sell,EUR,30000,9657.51,3.048,WSL010431
2025-01-28,sell,GEL,20000,2255,-81.364,WSL010431
2025-01-28,sell,THB,2000000,18430.96,-36.04,WSL010431
2025-01-28,sell,CAD,12000,2578.8,9.692,WSL010431
2025-01-28,sell,USD,30000,9255,3,WSL010431
2025-01-28,sell,THB,1000000,9168.5,-65,WSL010431
2025-01-28,sell,USD,50000,15420,0,WSL010431
2025-01-28,sell,AED,70000,5883.15,-0.742,WSL010431
2025-01-28,sell,JOD,5000,2179.75,-1.409,WSL010431
2025-01-28,sell,THB,100000,918,-5.35,WSL010431
2025-01-28,sell,TRY,100000,872,-35.059,WSL010431
2025-01-28,sell,USD,10000,3088,4,WSL010431
2025-01-28,sell,USD,40000,12342,6,WSL010431
2025-01-28,sell,AED,45000,3781.125,-1.377,WSL010431
2025-01-28,sell,JOD,10000,4360,-2.318,WSL010431
2025-01-28,sell,PKR,300000,352.5,-3.333,WSL010431
2025-01-28,sell,USD,60000,18510,6,WSL010431
2025-01-28,sell,THB,500000,4590,-26.75,WSL010431
2025-01-28,sell,BHD,2000,1636,0.446,WSL010431
2025-01-28,sell,QAR,170000,14395.6,0.212,WSL010431
2025-01-28,sell,EUR,10000,3241.2,23.046,WSL010431
2025-01-28,sell,USD,30000,9256.5,4.5,WSL010431
2025-01-28,sell,JOD,300000,130786.26,-83.28,WSL010431
2025-01-28,sell,PLN,10000,787.5,23.85,WSL010431
2025-01-28,sell,USD,30000,9255,3,WSL010431
2025-01-28,sell,TRY,150000,1310.25,-50.338,WSL010431
2025-01-28,sell,EGP,3000,21.3,-1.099,WSL010431
2025-01-28,buy,AED,1000000,84019.074,36.526,WSL010431
2025-01-28,buy,JOD,500000,217772.188,343.712,WSL010431
2025-01-28,buy,QAR,200000,16884.326,51.424,WSL010431
2025-01-28,buy,SAR,500000,41091.418,1.187,WSL010431
2025-01-28,buy,TRY,6000000,52351.446,2072.094,WSL010431
2025-01-27,sell,GEL,4500,500.4,-25.111,WSL010431
2025-01-27,sell,USD,30000,9253.5,4.5,WSL010431
2025-01-27,sell,USD,20000,6166,0,WSL010431
2025-01-27,sell,AED,40000,3360,-1.134,WSL010431
2025-01-27,sell,THB,100000,920.5,-6.712,WSL010431
2025-01-27,sell,GEL,10000,1127,-40.803,WSL010431
2025-01-27,sell,QAR,50000,4227.5,-5.064,WSL010431
2025-01-27,sell,SAR,150000,12334.5,10.716,WSL010431
2025-01-27,sell,SAR,50000,4111.25,3.322,WSL010431
2025-01-27,sell,THB,100000,920.5,-6.712,WSL010431
2025-01-27,sell,USD,30000,9250.5,1.5,WSL010431
2025-01-27,sell,EUR,50000,16198.5,52.829,WSL010431
2025-01-27,sell,GEL,30000,3382.5,-120.909,WSL010431
2025-01-27,sell,SAR,150000,12337.5,13.716,WSL010431
2025-01-27,sell,GEL,20000,2256,-79.606,WSL010431
2025-01-27,sell,SAR,58000,4770.5,5.304,WSL010431
2025-01-27,sell,OMR,2000,1601.5,-0.058,WSL010431
2025-01-27,sell,OMR,3000,2402.25,-0.088,WSL010431
2025-01-27,sell,QAR,50000,4230,-2.564,WSL010431
2025-01-27,sell,AZN,10000,1832.5,-70.586,WSL010431
2025-01-27,sell,QAR,30000,2538,-1.539,WSL010431
2025-01-27,sell,USD,20000,6169,3,WSL010431
2025-01-27,sell,EUR,6000,1939.5,3.684,WSL010431
2025-01-27,sell,EUR,30000,9697.5,18.422,WSL010431
2025-01-27,sell,EUR,12700,4093.561,-3.916,WSL010431
2025-01-27,sell,GBP,43000,16477.001,-33.142,WSL010431
2025-01-27,sell,USD,132000,40614.209,-81.391,WSL010431
2025-01-27,sell,USD,2000000,617339.92,739.92,WSL010431
2025-01-27,sell,AZN,10000,1832.5,-70.586,WSL010431
2025-01-27,sell,BHD,2000,1635.6,0.577,WSL010431
2025-01-27,sell,PHP,100000,528,-12.851,WSL010431
2025-01-27,sell,THB,100000,921.5,-5.712,WSL010431
2025-01-27,sell,AZN,10000,1832,-71.086,WSL010431
2025-01-27,sell,GEL,10000,1128,-39.803,WSL010431
2025-01-27,sell,QAR,50000,4227.5,-5.064,WSL010431
2025-01-27,sell,THB,500000,4607.5,-28.56,WSL010431
2025-01-27,sell,BDT,100000,258,-12.438,WSL010431
2025-01-27,sell,CNY,20000,852,-4.389,WSL010431
2025-01-27,sell,EUR,5800,1874.27,2.981,WSL010431
2025-01-27,sell,LKR,200000,232,1.926,WSL010431
2025-01-27,sell,PKR,200000,235,-2.144,WSL010431
2025-01-27,sell,TRY,100000,873,-33.765,WSL010431
2025-01-27,sell,USD,50000,15417.5,2.5,WSL010431
2025-01-27,buy,EUR,100,30.5,1.764,WSL010431
2025-01-27,buy,USD,100,30.1,0.73,WSL010431
2025-01-27,buy,SAR,160,12.8,0.345,WSL010431
2025-01-27,buy,USD,100,30.1,0.73,WSL010431
2025-01-27,buy,USD,200,60.2,1.46,WSL010431
2025-01-27,buy,EUR,150,45.75,2.645,WSL010431
2025-01-27,buy,SAR,50,4,0.108,WSL010431
2025-01-27,buy,USD,200,60.2,1.46,WSL010431
2025-01-26,sell,USD,20000,6167,3,WSL010431
2025-01-26,sell,OMR,4000,3202,-0.078,WSL010431
2025-01-26,buy,GBP,14750,5546,130.073,WSL010431
2025-01-26,sell,AZN,10000,1832,-70.469,WSL010431
2025-01-26,buy,GBP,28200,10603.2,248.682,WSL010431
2025-01-26,buy,USD,131600,40302.5,256.62,WSL010431
2025-01-26,sell,BHD,2000,1635.4,0.907,WSL010431
2025-01-26,sell,EUR,10000,3239,4.749,WSL010431
2025-01-26,sell,GBP,5000,1929.5,5.407,WSL010431
2025-01-26,sell,USD,10000,3082.5,0.5,WSL010431
2025-01-26,sell,AED,50000,4200,-0.054,WSL010431
2025-01-26,sell,EUR,5000,1619.5,2.375,WSL010431
2025-01-26,sell,INR,100000,359,-8.775,WSL010431
2025-01-26,sell,JOD,10000,4357,-2.489,WSL010431
2025-01-26,sell,TRY,100000,873.5,-32.971,WSL010431
2025-01-26,sell,USD,30000,9250.5,4.5,WSL010431
2025-01-26,sell,SAR,150000,12322.5,2.714,WSL010431
2025-01-26,sell,AZN,10000,1832,-70.469,WSL010431
2025-01-26,sell,GEL,15000,1692,-59.136,WSL010431
2025-01-26,sell,EUR,20000,6434.18,-34.322,WSL010431
2025-01-26,sell,PKR,300000,319.998,-35.604,WSL010431
2025-01-26,sell,EUR,30000,9614.28,-88.472,WSL010431
2025-01-26,sell,SAR,36500,2998.475,0.66,WSL010431
2025-01-26,sell,EUR,10000,3237,2.749,WSL010431
2025-01-26,sell,GBP,10000,3857,8.815,WSL010431
2025-01-26,sell,USD,80000,24664,8,WSL010431
2025-01-26,sell,AED,60000,5040,-0.065,WSL010431
2025-01-26,sell,BHD,1500,1226.25,0.38,WSL010431
2025-01-26,sell,EGP,20000,139.7,-9.53,WSL010431
2025-01-26,sell,QAR,20000,1691,-1.477,WSL010431
2025-01-26,sell,SAR,100000,8215,1.809,WSL010431
2025-01-26,sell,USD,30000,9261,15,WSL010431
2025-01-26,sell,AED,100000,8402,1.891,WSL010431
2025-01-26,sell,SAR,60000,4928.4,0.485,WSL010431
2025-01-26,sell,SAR,300000,24639,-0.573,WSL010431
2025-01-26,sell,GBP,2500,952.5,-9.546,WSL010431
2025-01-26,sell,GBP,5000,1927.5,3.407,WSL010431
2025-01-26,sell,TRY,500000,4371.625,-160.73,WSL010431
2025-01-26,sell,NZD,10000,1772,11.253,WSL010431
2025-01-26,sell,TRY,1000000,8724.5,-340.21,WSL010431
2025-01-26,sell,BHD,3000,2453.1,1.36,WSL010431
2025-01-26,sell,GBP,5000,1929.5,5.407,WSL010431
2025-01-26,sell,SAR,150000,12322.5,2.714,WSL010431
2025-01-26,sell,BHD,2000,1635,0.507,WSL010431
2025-01-26,sell,GBP,10000,3859,10.815,WSL010431
2025-01-26,sell,USD,20000,6167,3,WSL010431
2025-01-26,sell,BHD,2000,1635,0.507,WSL010431
2025-01-26,sell,CAD,10000,2152,3.366,WSL010431
2025-01-26,sell,CNY,50000,2127.5,-12.778,WSL010431
2025-01-26,sell,EUR,20000,6478.36,9.858,WSL010431
2025-01-26,sell,OMR,5000,4002.5,-0.097,WSL010431
2025-01-26,sell,TRY,500000,4377.84,-154.515,WSL010431
2025-01-26,sell,USD,50000,15417.5,7.5,WSL010431
2025-01-26,sell,AED,50000,4200,-0.054,WSL010431
2025-01-26,sell,BHD,2000,1635,0.507,WSL010431
2025-01-26,sell,EUR,30000,9717,14.248,WSL010431
2025-01-26,sell,GEL,20000,2256,-78.848,WSL010431
2025-01-26,sell,USD,40000,12334,6,WSL010431
2025-01-26,sell,BHD,100000,81718.149,-6.501,WSL010431
2025-01-26,sell,JPY,6000000,11945.736,84.276,WSL010431
2025-01-26,sell,SAR,3000000,246494.268,98.538,WSL010431
2025-01-26,sell,AED,200000,16800,-0.218,WSL010431
2025-01-26,sell,GBP,15000,5788.5,16.222,WSL010431
2025-01-26,sell,QAR,300000,25350,-37.149,WSL010431
2025-01-26,sell,USD,200000,61670,30,WSL010431
2025-01-26,sell,AED,19000,1596,-0.021,WSL010431
2025-01-26,sell,SAR,30000,2464.2,0.243,WSL010431
2025-01-26,sell,THB,250000,2310,-7.28,WSL010431
2025-01-26,sell,TRY,140000,1222.2,-46.859,WSL010431
2025-01-26,sell,USD,40000,12332,4,WSL010431
2025-01-26,sell,USD,400000,123380,100,WSL010431
2025-01-26,buy,AED,100,8.346,0.054,WSL010431
2025-01-26,buy,EUR,600,183,11.055,WSL010431
2025-01-26,buy,SAR,2000,160,4.264,WSL010431
2025-01-26,buy,USD,940,282.94,6.768,WSL010431
2025-01-26,buy,AED,500000,42000,0.545,WSL010431
2025-01-26,buy,AED,800000,67153.364,47.508,WSL010431
2025-01-26,buy,BHD,47000,38406.391,4.195,WSL010431
2025-01-26,buy,GBP,150000,57801.236,-78.458,WSL010431
2025-01-26,buy,SAR,1565000,128515.59,20.849,WSL010431
2025-01-26,buy,THB,4000000,36717.308,359.172,WSL010431
2025-01-26,buy,USD,600000,184908.489,11.511,WSL010431
2025-01-26,buy,BHD,90000,73544.153,8.032,WSL010431
2025-01-26,buy,EUR,400000,129484.63,-114.598,WSL010431
2025-01-26,buy,SAR,2400000,197058.353,58.231,WSL010431
2025-01-26,buy,THB,5000000,45611.31,734.29,WSL010431
2025-01-26,buy,THB,7000000,63818.048,1065.792,WSL010431
2025-01-26,buy,TRY,3000000,26225.532,968.598,WSL010431
2025-01-26,buy,USD,700000,215769.711,-29.711,WSL010431
2025-01-25,sell,PLN,10000,785,16.344,WSL010431
2025-01-25,sell,USD,9000,2776.05,0.45,WSL010431
2025-01-25,sell,EGP,500000,3488.685,-244.495,WSL010431
2025-01-25,sell,AED,30000,2520.6,-1.068,WSL010431
2025-01-25,sell,USD,10000,3083.5,-0.5,WSL010431
2025-01-25,sell,GEL,10000,1129,-39.182,WSL010431
2025-01-25,sell,USD,50500,15576.725,2.525,WSL010431
2025-01-25,sell,GBP,7500,2859.375,-28.637,WSL010431
2025-01-25,sell,SAR,100000,8220,1.479,WSL010431
2025-01-25,sell,USD,9700,2991.965,0.485,WSL010431
2025-01-25,sell,SAR,15000,1233,0.222,WSL010431
2025-01-25,sell,USD,5700,1758.165,0.285,WSL010431
2025-01-25,sell,CZK,100000,1315,24.623,WSL010431
2025-01-25,buy,JOD,60000,26130,43.908,WSL010431
2025-01-25,sell,TRY,5000000,43719.875,-1633.075,WSL010431
2025-01-25,sell,AZN,10000,1834,-69.704,WSL010431
2025-01-25,sell,INR,150000,540,-12.021,WSL010431
2025-01-25,sell,QAR,30000,2536.5,-3.862,WSL010431
2025-01-25,sell,AED,50000,4202.5,-0.28,WSL010431
2025-01-25,sell,THB,200000,1808,-47.026,WSL010431
2025-01-25,sell,PHP,300000,1587,-36.078,WSL010431
2025-01-25,sell,PKR,200000,235,-2.222,WSL010431
2025-01-25,sell,RUB,150000,465,-11.907,WSL010431
2025-01-25,sell,TRY,150000,1313.25,-47.338,WSL010431
2025-01-25,sell,USD,60000,18501,-3,WSL010431
2025-01-25,sell,RUB,100000,309,-8.938,WSL010431
2025-01-25,sell,USD,25000,7711.25,1.25,WSL010431
2025-01-25,sell,AED,50000,4203,0.22,WSL010431
2025-01-25,sell,INR,100000,360,-8.014,WSL010431
2025-01-25,sell,THB,200000,1852,-3.026,WSL010431
2025-01-25,sell,TRY,100000,876,-31.059,WSL010431
2025-01-25,sell,USD,50000,15422.5,2.5,WSL010431
2025-01-25,sell,AED,50000,4202.5,-0.28,WSL010431
2025-01-25,sell,GBP,10000,3818,-32.682,WSL010431
2025-01-25,buy,AED,400000,33616.789,5.451,WSL010431
2025-01-25,buy,BHD,7000,5723.054,1.384,WSL010431
2025-01-25,buy,QAR,500000,42210.815,128.56,WSL010431
2025-01-25,buy,TRY,7000000,61076.687,2417.443,WSL010431
2025-01-23,sell,AED,10000,840.7,0.144,WSL010431
2025-01-23,sell,THB,200000,1830,-0.046,WSL010431
2025-01-23,sell,THB,500000,4570,-5.115,WSL010431
2025-01-23,sell,USD,50000,15425,5,WSL010431
2025-01-23,sell,GEL,20000,2258,-78.364,WSL010431
2025-01-23,sell,USD,60000,18513,9,WSL010431
2025-01-23,sell,USD,20000,6168,0,WSL010431
2025-01-23,sell,THB,1000000,9130,-20.23,WSL010431
2025-01-23,sell,USD,400000,123400,40,WSL010431
2025-01-23,sell,USD,50000,15425,5,WSL010431
2025-01-23,sell,BHD,2000,1636,0.446,WSL010431
2025-01-23,sell,EUR,10000,3216.5,7.906,WSL010431
2025-01-23,sell,TRY,100000,877.5,-34.926,WSL010431
2025-01-23,sell,USD,100000,30855,15,WSL010431
2025-01-23,sell,SAR,250000,20562.5,16.198,WSL010431
2025-01-23,sell,AZN,30000,5497.5,-213.611,WSL010431
2025-01-23,sell,BHD,3000,2452.5,-0.831,WSL010431
2025-01-23,sell,AED,50000,4204,1.22,WSL010431
2025-01-23,sell,TRY,200000,1755,-69.852,WSL010431
2025-01-23,sell,AED,50000,4203.5,0.72,WSL010431
2025-01-23,sell,CZK,200000,2620,70.502,WSL010431
2025-01-23,sell,QAR,100000,8463,-4.875,WSL010431
2025-01-23,sell,SAR,300000,24675,19.437,WSL010431
2025-01-23,sell,THB,200000,1828,-2.046,WSL010431
2025-01-23,sell,USD,10000,3084,0,WSL010431
2025-01-23,sell,EUR,61000,19542.448,-18.686,WSL010431
2025-01-23,sell,SAR,150000,12345,17.218,WSL010431
2025-01-23,sell,THB,3000000,27247.8,-202.89,WSL010431
2025-01-23,sell,SAR,159800,13151.54,18.343,WSL010431
2025-01-23,sell,SAR,100000,8230,11.479,WSL010431
2025-01-23,sell,USD,5000,1543,1,WSL010431
2025-01-23,sell,EUR,20000,6431,18.13,WSL010431
2025-01-23,sell,THB,100000,913,-2.023,WSL010431
2025-01-23,sell,USD,30000,9253.5,1.5,WSL010431
2025-01-23,sell,AED,35000,2941.75,-0.196,WSL010431
2025-01-23,sell,GBP,5000,1905.25,7.819,WSL010431
2025-01-23,sell,OMR,2000,1601.8,-0.278,WSL010431
2025-01-23,sell,THB,200000,1826,-4.046,WSL010431
2025-01-23,sell,USD,10000,3084.5,0.5,WSL010431
2025-01-23,sell,AZN,5000,916.25,-35.602,WSL010431
2025-01-23,sell,SAR,50000,4110,0.74,WSL010431
2025-01-23,sell,SAR,50000,4112.5,3.24,WSL010431
2025-01-23,sell,USD,50000,15422.5,2.5,WSL010431
2025-01-23,sell,INR,250000,893.75,-29.6,WSL010431
2025-01-23,sell,SAR,10000,822.5,0.648,WSL010431
2025-01-23,sell,TRY,100000,876.5,-35.926,WSL010431
2025-01-23,sell,USD,70000,21591.5,3.5,WSL010431
2025-01-23,sell,USD,30000,9256.5,4.5,WSL010431
2025-01-23,sell,EUR,20000,6431,18.13,WSL010431
2025-01-23,sell,GBP,15000,5716.5,24.207,WSL010431
2025-01-23,sell,THB,1500000,13710,-15.345,WSL010431
2025-01-23,sell,USD,20000,6169,1,WSL010431
2025-01-23,sell,EUR,50000,16127,71.696,WSL010431
2025-01-23,sell,GBP,50000,19083.83,83.306,WSL010431
2025-01-23,sell,USD,200000,61775,95,WSL010431
2025-01-23,buy,USD,200000,61774.8,-94.8,WSL010431
2025-01-23,buy,EGP,500000,3449.105,311.835,WSL010431
2025-01-23,buy,EUR,50000,16126.705,-71.401,WSL010431
2025-01-23,buy,EUR,100000,32139.321,-28.713,WSL010431
2025-01-23,buy,GBP,50000,19083.782,-83.258,WSL010431
2025-01-23,buy,GBP,100000,38050.39,-49.342,WSL010431
2025-01-23,buy,QAR,200000,16895.89,39.86,WSL010431
2025-01-23,buy,RUB,1000000,3052.97,126.41,WSL010431
2025-01-23,buy,SAR,1000000,82171.885,13.325,WSL010431
2025-01-23,buy,USD,400000,123352.334,7.666,WSL010431
2025-01-22,sell,CNY,50000,2124,-17.666,WSL010431
2025-01-22,sell,EGP,200000,1400,-181.476,WSL010431
2025-01-22,sell,TRY,500000,4393,-169.13,WSL010431
2025-01-22,sell,USD,50000,15422.5,2.5,WSL010431
2025-01-22,sell,TRY,1000000,8772.4,-351.86,WSL010431
2025-01-22,sell,AED,25000,2100.5,-0.89,WSL010431
2025-01-22,sell,AZN,10000,1833,-70.704,WSL010431
2025-01-22,sell,GEL,10000,1131,-37.182,WSL010431
2025-01-22,sell,MYR,10000,695,-12.339,WSL010431
2025-01-22,sell,SAR,50000,4107.5,-1.76,WSL010431
2025-01-22,sell,THB,300000,2742,-3.069,WSL010431
2025-01-22,sell,AED,130000,10922.6,-4.628,WSL010431
2025-01-22,sell,THB,1500000,13687.5,-37.845,WSL010431
2025-01-22,sell,TRY,1000000,8765,-359.26,WSL010431
2025-01-22,sell,GEL,10000,1132,-36.182,WSL010431
2025-01-22,sell,RUB,452000,1383.12,-53.96,WSL010431
2025-01-22,sell,USD,20000,6171,3,WSL010431
2025-01-22,sell,EGP,2000000,13923.25,-1891.51,WSL010431
2025-01-22,sell,CZK,50000,660,20.113,WSL010431
2025-01-22,sell,SAR,50000,4109,-0.26,WSL010431
2025-01-22,sell,TRY,400000,3522,-127.704,WSL010431
2025-01-22,sell,MYR,30000,2092.5,-29.518,WSL010431
2025-01-22,sell,THB,200000,1830,-0.046,WSL010431
2025-01-22,sell,TRY,200000,1761,-63.852,WSL010431
2025-01-22,sell,USD,20000,6171,3,WSL010431
2025-01-22,sell,AED,15000,1261.05,0.216,WSL010431
2025-01-22,sell,SAR,20000,1643.6,-0.104,WSL010431
2025-01-22,sell,JPY,4000000,7968.992,45.032,WSL010431
2025-01-22,sell,CNY,50000,2125,-16.666,WSL010431
2025-01-22,sell,AED,50000,4203.75,0.97,WSL010431
2025-01-22,sell,AUD,10000,1921,-13.902,WSL010431
2025-01-22,sell,QAR,300000,25392,-11.625,WSL010431
2025-01-22,sell,SAR,100000,8225,6.479,WSL010431
2025-01-22,sell,USD,100000,30855,15,WSL010431
2025-01-22,sell,EGP,700000,4900,-635.166,WSL010431
2025-01-22,sell,GBP,25000,9443.2,-70.169,WSL010431
2025-01-22,sell,USD,50000,15427.5,7.5,WSL010431
2025-01-22,sell,CZK,50000,660,21.412,WSL010431
2025-01-22,sell,USD,30000,9256.5,4.5,WSL010431
2025-01-22,sell,SAR,150000,12327,-0.782,WSL010431
2025-01-22,sell,TRY,500000,4402.5,-159.63,WSL010431
2025-01-22,sell,AED,45000,3783.15,0.648,WSL010431
2025-01-22,sell,TRY,200000,1761,-63.852,WSL010431
2025-01-22,sell,USD,40000,12340,4,WSL010431
2025-01-22,sell,EUR,10800,3458.7,-8.913,WSL010431
2025-01-22,sell,EUR,9000,2875.5,-14.177,WSL010431
2025-01-22,sell,EGP,50000,350,-45.369,WSL010431
2025-01-22,sell,TRY,400000,3520,-129.704,WSL010431
2025-01-22,sell,USD,10000,3085.5,1.5,WSL010431
2025-01-22,sell,USD,30000,9258,6,WSL010431
2025-01-22,sell,BDT,100000,258,-17.355,WSL010431
2025-01-22,sell,SAR,66000,5424.21,-0.014,WSL010431
2025-01-22,sell,TRY,210000,1845.9,-70.195,WSL010431
2025-01-22,sell,USD,32000,9870.4,1.6,WSL010431
2025-01-22,sell,AZN,100000,18324.421,-712.616,WSL010431
2025-01-22,sell,EGP,2000000,13938.983,-1875.777,WSL010431
2025-01-22,sell,GEL,100000,11173.913,-507.905,WSL010431
2025-01-22,sell,LKR,2000000,2276.014,-25.486,WSL010431
2025-01-22,sell,SAR,1000000,82185.21,0,WSL010431
2025-01-22,sell,TRY,4000000,35005.675,-1491.365,WSL010431
2025-01-22,buy,CHF,20000,6789.607,11.584,WSL010431
2025-01-22,buy,CZK,500000,6464.361,-85.081,WSL010431
2025-01-22,buy,EUR,100000,32145.487,-56.467,WSL010431
2025-01-22,buy,INR,5000000,17854.66,678.64,WSL010431
2025-01-22,buy,KWD,311091.5,310889.853,201.647,WSL010431
2025-01-22,buy,THB,3000000,27127.566,323.124,WSL010431
2025-01-22,buy,USD,300000,92523.501,-3.501,WSL010431
2025-01-22,buy,AUD,40000,7665.581,54.288,WSL010431
2025-01-22,buy,AZN,100000,18283.427,753.61,WSL010431
2025-01-22,buy,BDT,2000000,5065.298,441.802,WSL010431
2025-01-22,buy,BHD,20000,16345.083,10.454,WSL010431
2025-01-22,buy,CAD,50000,10695.456,50.938,WSL010431
2025-01-22,buy,CNY,300000,12698.013,151.986,WSL010431
2025-01-22,buy,EGP,6000000,41343.018,6101.262,WSL010431
2025-01-22,buy,EUR,70000,22458.672,3.642,WSL010431
2025-01-22,buy,GEL,250000,27779.279,1425.266,WSL010431
2025-01-22,buy,JPY,2000000,3978.71,-21.31,WSL010431
2025-01-22,buy,KWD,112083,111847.227,235.773,WSL010431
2025-01-22,buy,NZD,18200,3176.375,-3.975,WSL010431
2025-01-22,buy,OMR,20000,16014.022,6.757,WSL010431
2025-01-22,buy,SAR,500000,41065.15,27.455,WSL010431
2025-01-22,buy,TRY,14000000,122222.548,5517.092,WSL010431
2025-01-22,buy,VND,200000000,2442.4,3.6,WSL010431
2025-01-22,buy,AED,2000000,167992.372,118.828,WSL010431
2025-01-22,buy,EUR,50000,16007.99,55.024,WSL010431
2025-01-22,buy,INR,7000000,25011.007,935.613,WSL010431
2025-01-22,buy,LKR,2000000,2234.42,67.08,WSL010431
2025-01-22,buy,SAR,500000,41058.589,34.016,WSL010431
2025-01-22,buy,SAR,1500000,123224.99,52.825,WSL010431
2025-01-22,buy,USD,300000,92514.251,5.749,WSL010431
2025-01-21,sell,USD,20000,6171,3,WSL010431
2025-01-21,sell,SAR,300000,24667.5,11.937,WSL010431
2025-01-21,sell,OMR,2000,1602,-0.078,WSL010431
2025-01-21,sell,USD,30000,9256.5,4.5,WSL010431
2025-01-21,sell,INR,100000,359,-11.666,WSL010431
2025-01-21,sell,OMR,2000,1602,-0.078,WSL010431
2025-01-21,sell,QAR,30000,2539.5,-0.862,WSL010431
2025-01-21,sell,SAR,100000,8225,6.479,WSL010431
2025-01-21,sell,AZN,10000,1834,-69.704,WSL010431
2025-01-21,sell,BHD,2000,1636,0.446,WSL010431
2025-01-21,sell,SAR,43000,3536.75,2.786,WSL010431
2025-01-21,sell,SAR,36000,2961,2.332,WSL010431
2025-01-21,sell,EGP,300000,2100,-272.214,WSL010431
2025-01-21,sell,GEL,30000,3393,-111.545,WSL010431
2025-01-21,sell,THB,1000000,8989,-161.23,WSL010431
2025-01-21,sell,AED,10000,840.6,0.044,WSL010431
2025-01-21,sell,SAR,100000,8222,3.479,WSL010431
2025-01-21,sell,THB,100000,915,-0.023,WSL010431
2025-01-21,sell,USD,40000,12342,6,WSL010431
2025-01-21,sell,EUR,30000,9587.85,0.002,WSL010431
2025-01-21,sell,GBP,10000,3799.5,19.75,WSL010431
2025-01-21,sell,TRY,400000,3514.528,-135.176,WSL010431
2025-01-21,sell,USD,30000,9253.5,1.5,WSL010431
2025-01-21,sell,THB,100000,910,-5.023,WSL010431
2025-01-21,sell,AZN,10000,1832.5,-71.204,WSL010431
2025-01-21,sell,GEL,20000,2262,-74.364,WSL010431
2025-01-21,sell,THB,500000,4549,-26.115,WSL010431
2025-01-21,sell,USD,200000,61690,10,WSL010431
2025-01-21,sell,SAR,36100,2969.225,2.339,WSL010431
2025-01-21,sell,SAR,36000,2961,2.332,WSL010431
2025-01-21,sell,THB,300000,2712,-33.069,WSL010431
2025-01-21,sell,USD,100000,30855,15,WSL010431
2025-01-21,sell,BDT,300000,774,-52.065,WSL010431
2025-01-21,sell,THB,200000,1828,-2.046,WSL010431
2025-01-21,sell,USD,30000,9255,3,WSL010431
2025-01-21,sell,AED,800000,67296,51.52,WSL010431
2025-01-21,sell,BDT,500000,1275,-101.775,WSL010431
2025-01-21,sell,EUR,100000,31880,-113.416,WSL010431
2025-01-21,sell,GBP,50000,18895,-19.172,WSL010431
2025-01-21,sell,INR,7000000,24920,-1026.62,WSL010431
2025-01-21,sell,SAR,800000,65824,75.832,WSL010431
2025-01-21,sell,THB,500000,4525,-50.115,WSL010431
2025-01-21,sell,TRY,1000000,8810,-314.26,WSL010431
2025-01-21,sell,USD,1000000,309140,740,WSL010431
2025-01-21,sell,BHD,2000,1636.2,0.646,WSL010431
2025-01-21,sell,CAD,14360,3080.22,16.065,WSL010431
2025-01-21,sell,USD,30000,9259.5,7.5,WSL010431
2025-01-21,sell,CHF,50000,16975,5.703,WSL010431
2025-01-21,sell,EGP,300000,2100,-272.214,WSL010431
2025-01-21,buy,AED,500000,42033.525,-5.725,WSL010431
2025-01-21,buy,USD,500000,154406.5,-206.5,WSL010431
2025-01-21,buy,BHD,197,160.914,0.188,WSL010431
2025-01-21,buy,JPY,2000000,3982.815,-5.255,WSL010431
2025-01-21,buy,KWD,10000,9982.195,17.805,WSL010431
2025-01-21,buy,MYR,400000,27623.74,669.836,WSL010431
2025-01-21,buy,PHP,2000000,10488.094,371.046,WSL010431
2025-01-21,buy,THB,5000000,45172.86,578.29,WSL010431
2025-01-20,sell,SAR,300000,24675,-0.549,WSL010431
2025-01-20,sell,GBP,15000,5668.5,-22.389,WSL010431
2025-01-20,sell,SAR,150000,12337.5,-0.274,WSL010431
2025-01-20,sell,TRY,11400,100.491,-3.61,WSL010431
2025-01-20,sell,THB,200000,1818,-13.53,WSL010431
2025-01-20,sell,VND,250000000,3075,27.5,WSL010431
2025-01-20,sell,EUR,50000,15923.75,12.842,WSL010431
2025-01-20,sell,JPY,2000000,3994,41.26,WSL010431
2025-01-20,sell,THB,1000000,8997,-160.65,WSL010431
2025-01-20,sell,JPY,1000000,1990,13.63,WSL010431
2025-01-20,sell,TRY,340000,3026,-78.764,WSL010431
2025-01-20,sell,AED,500000,42090,28.13,WSL010431
2025-01-20,sell,USD,50000,15435,2.5,WSL010431
2025-01-20,sell,PHP,100000,528,-15.397,WSL010431
2025-01-20,sell,PKR,100000,117,-1.707,WSL010431
2025-01-20,sell,THB,330000,2989.8,-32.224,WSL010431
2025-01-20,sell,USD,30000,9262.5,3,WSL010431
2025-01-20,sell,EUR,300000,95696.931,175.929,WSL010431
2025-01-20,sell,USD,40000,12354,8,WSL010431
2025-01-20,sell,AED,30000,2525.4,1.688,WSL010431
2025-01-20,sell,AZN,5000,916.5,-36.123,WSL010431
2025-01-20,sell,JOD,5000,2182,-0.927,WSL010431
2025-01-20,sell,THB,300000,2721,-26.295,WSL010431
2025-01-20,sell,TRY,100000,882,-31.166,WSL010431
2025-01-20,sell,USD,10000,3088,1.5,WSL010431
2025-01-20,sell,USD,10000,3092,5.5,WSL010431
2025-01-20,sell,USD,20000,6175,2,WSL010431
2025-01-20,sell,EUR,10000,3187,2.967,WSL010431
2025-01-20,sell,GEL,20000,2264,-74.258,WSL010431
2025-01-20,sell,USD,30000,9265.5,6,WSL010431
2025-01-20,sell,EUR,10000,3184,-0.033,WSL010431
2025-01-20,sell,AZN,10000,1834,-71.247,WSL010431
2025-01-20,sell,EUR,10000,3187,2.967,WSL010431
2025-01-20,sell,GBP,10000,3779,8.223,WSL010431
2025-01-20,sell,BDT,500000,1275,-102.89,WSL010431
2025-01-20,sell,SAR,20000,1646,0.963,WSL010431
2025-01-20,sell,USD,30000,9264,4.5,WSL010431
2025-01-20,sell,AZN,10000,1833,-72.247,WSL010431
2025-01-20,sell,GBP,10000,3779,8.223,WSL010431
2025-01-20,sell,USD,20000,6176,3,WSL010431
2025-01-20,buy,SAR,50,4,0.113,WSL010431
2025-01-20,buy,USD,30,9.15,0.11,WSL010431
2025-01-20,buy,BHD,25,20.359,0.102,WSL010431
2025-01-20,buy,EUR,100,31.5,0.328,WSL010431
2025-01-20,buy,BHD,20,16.287,0.082,WSL010431
2025-01-20,buy,OMR,50,39.917,0.167,WSL010431
2025-01-20,buy,USD,200,61,0.73,WSL010431
2025-01-20,buy,USD,100,30.5,0.365,WSL010431
2025-01-20,buy,OMR,20,15.967,0.067,WSL010431
2025-01-20,buy,USD,200,61,0.73,WSL010431
2025-01-20,buy,USD,100,30.5,0.365,WSL010431
2025-01-20,sell,USD,1500000,463455.48,480.48,WSL010431
2025-01-20,buy,EUR,300000,95640,-202.332,WSL010431
2025-01-19,sell,AZN,10000,1833,-73.173,WSL010431
2025-01-19,sell,EUR,20000,6355,6.072,WSL010431
2025-01-19,sell,THB,500000,4520,-61.05,WSL010431
2025-01-19,sell,USD,100000,30890,10,WSL010431
2025-01-19,sell,HKD,50000,1991.935,8.609,WSL010431
2025-01-19,sell,JPY,1000000,1969,-8.71,WSL010431
2025-01-19,sell,MYR,20000,1386,-30.514,WSL010431
2025-01-19,sell,SGD,10000,2266.05,9.235,WSL010431
2025-01-19,sell,JPY,1000000,1986,8.29,WSL010431
2025-01-19,sell,TRY,500000,4400,-168.045,WSL010431
2025-01-19,sell,QAR,5000,424.5,0.557,WSL010431
2025-01-19,sell,SAR,30000,2470.8,2.046,WSL010431
2025-01-19,sell,SAR,70000,5761,0.573,WSL010431
2025-01-19,sell,AUD,10000,1925,10.131,WSL010431
2025-01-19,sell,USD,30000,9268.5,4.5,WSL010431
2025-01-19,sell,HKD,50000,1992,8.674,WSL010431
2025-01-19,sell,USD,50000,15447.5,7.5,WSL010431
2025-01-19,sell,GBP,2500,945.625,5.947,WSL010431
2025-01-19,sell,JPY,1000000,1967,-10.71,WSL010431
2025-01-19,sell,TRY,1000000,8792.7,-343.39,WSL010431
2025-01-19,sell,NZD,5000,880,17.213,WSL010431
2025-01-19,sell,SGD,9000,2038.5,7.366,WSL010431
2025-01-19,sell,EUR,50000,15931.5,59.18,WSL010431
2025-01-19,sell,GBP,25000,9455.45,58.666,WSL010431
2025-01-19,sell,AED,30000,2525.1,0.161,WSL010431
2025-01-19,sell,AED,1150000,96795.5,6.187,WSL010431
2025-01-19,sell,EUR,20000,6360,11.072,WSL010431
2025-01-19,sell,GBP,10000,3770.9,12.186,WSL010431
2025-01-19,sell,USD,40000,12354,2,WSL010431
2025-01-19,sell,THB,300000,2709,-39.63,WSL010431
2025-01-19,sell,AED,50000,4207.5,-0.731,WSL010431
2025-01-19,sell,BHD,2000,1637,-0.675,WSL010431
2025-01-19,sell,JOD,5000,2182.75,-1.238,WSL010431
2025-01-19,sell,MYR,9000,622.8,-14.631,WSL010431
2025-01-19,sell,SAR,80000,6580,-3.345,WSL010431
2025-01-19,sell,TRY,150000,1320,-50.414,WSL010431
2025-01-19,sell,USD,40000,12354,2,WSL010431
2025-01-19,sell,AZN,10000,1833,-73.173,WSL010431
2025-01-19,sell,EUR,5000,1588.75,1.518,WSL010431
2025-01-19,sell,GBP,5000,1886.25,6.893,WSL010431
2025-01-19,sell,GEL,10000,1132,-37.697,WSL010431
2025-01-19,sell,TRY,1000000,8810,-326.09,WSL010431
2025-01-19,sell,MYR,10000,693,-15.257,WSL010431
2025-01-19,sell,QAR,30000,2544,0.343,WSL010431
2025-01-19,sell,TRY,200000,1762,-65.218,WSL010431
2025-01-19,sell,INR,50000,178.25,-7.324,WSL010431
2025-01-19,sell,PHP,150000,792.75,-22.742,WSL010431
2025-01-19,sell,EUR,20000,6355,6.072,WSL010431
2025-01-19,sell,TRY,600000,5278.62,-203.034,WSL010431
2025-01-19,sell,USD,30000,9268.5,4.5,WSL010431
2025-01-19,sell,TRY,1000000,8797.75,-338.34,WSL010431
2025-01-19,sell,USD,50000,15442.5,2.5,WSL010431
2025-01-19,sell,CAD,150000,32267.503,254.233,WSL010431
2025-01-19,sell,EGP,2000000,13925.592,-1909.668,WSL010431
2025-01-19,sell,QAR,500000,42394.289,-0.001,WSL010431
2025-01-19,sell,TRY,5000000,43863.636,-1816.814,WSL010431
2025-01-19,sell,JPY,1000000,1990,12.29,WSL010431
2025-01-19,sell,USD,20000,6187,11,WSL010431
2025-01-19,buy,EUR,50,15.75,0.122,WSL010431
2025-01-19,buy,SAR,650,52.65,0.84,WSL010431
2025-01-19,buy,USD,1110,338.55,4.218,WSL010431
2025-01-19,buy,USD,1000000,309213,-413,WSL010431
2025-01-19,sell,TRY,150000,1321.5,-48.914,WSL010431
2025-01-19,sell,GBP,100000,37889.76,302.624,WSL010431
2025-01-19,sell,USD,1000000,309386.72,586.72,WSL010431
2025-01-19,buy,GBP,120000,45240,-135.437,WSL010431
2025-01-19,buy,AUD,10000,1918.881,-4.012,WSL010431
2025-01-19,buy,CHF,50000,16930.796,-54.634,WSL010431
2025-01-19,buy,EUR,20000,6357.162,-8.234,WSL010431
2025-01-19,buy,EUR,130000,41293.46,-25.428,WSL010431
2025-01-19,buy,GBP,10000,3766.75,-8.036,WSL010431
2025-01-19,buy,GBP,40000,15055.885,-21.031,WSL010431
2025-01-19,buy,GBP,50000,18880.063,-86.495,WSL010431
2025-01-19,buy,HKD,100000,3978.737,-12.084,WSL010431
2025-01-19,buy,USD,1000000,308780.875,19.125,WSL010431
2025-01-18,sell,USD,30000,9268.5,7.5,WSL010431
2025-01-18,sell,TRY,200000,1762,-64.628,WSL010431
2025-01-18,sell,NZD,850,149.6,2.974,WSL010431
2025-01-18,sell,GEL,20000,2264,-74.636,WSL010431
2025-01-18,sell,AUD,5000,963.5,6.376,WSL010431
2025-01-18,sell,EUR,50000,15801.3,-65.88,WSL010431
2025-01-18,sell,GBP,50000,18890.84,103.358,WSL010431
2025-01-18,sell,JPY,2000000,3981.94,27.8,WSL010431
2025-01-18,sell,SAR,200000,16464,10.968,WSL010431
2025-01-18,sell,THB,2000000,17927.44,-390.82,WSL010431
2025-01-18,sell,TRY,1000000,8797.72,-335.42,WSL010431
2025-01-18,sell,EUR,30000,9535.5,15.192,WSL010431
2025-01-18,sell,GBP,15000,5656.5,20.255,WSL010431
2025-01-18,sell,MYR,30000,2079,-45.082,WSL010431
2025-01-18,sell,TRY,500000,4398.86,-167.71,WSL010431
2025-01-18,sell,GBP,10000,3770,12.504,WSL010431
2025-01-18,sell,JPY,1000000,1986,8.93,WSL010431
2025-01-18,sell,EGP,200000,1410,-173.014,WSL010431
2025-01-18,sell,MYR,30000,2079,-45.082,WSL010431
2025-01-18,sell,TRY,500000,4405,-161.57,WSL010431
2025-01-18,sell,TRY,500000,4405,-161.57,WSL010431
2025-01-18,sell,USD,50000,15445,10,WSL010431
2025-01-18,sell,GBP,10000,3771,13.504,WSL010431
2025-01-18,sell,SAR,50000,4116.5,3.242,WSL010431
2025-01-18,sell,SAR,36000,2963.52,1.974,WSL010431
2025-01-18,sell,QAR,30000,2541,-1.834,WSL010431
2025-01-18,sell,TRY,300000,2643,-96.942,WSL010431
2025-01-18,sell,GBP,5000,1887,8.252,WSL010431
2025-01-18,sell,USD,30000,9268.5,7.5,WSL010431
2025-01-18,sell,EUR,10000,3178.5,5.064,WSL010431
2025-01-18,sell,QAR,30000,2541,-1.834,WSL010431
2025-01-18,sell,GBP,15000,5655,18.755,WSL010431
2025-01-18,sell,QAR,40000,3390,-0.445,WSL010431
2025-01-18,sell,TRY,200000,1759.6,-67.028,WSL010431
2025-01-18,sell,USD,50000,15445,10,WSL010431
2025-01-18,sell,EUR,20000,6357,10.128,WSL010431
2025-01-18,sell,GBP,15000,5656.5,20.255,WSL010431
2025-01-18,sell,JPY,1000000,1990,12.93,WSL010431
2025-01-18,sell,USD,50000,15447.5,12.5,WSL010431
2025-01-18,sell,AZN,10000,1834,-71.556,WSL010431
2025-01-18,sell,JPY,2000000,3980,25.86,WSL010431
2025-01-18,sell,JOD,5000,2182.75,-0.531,WSL010431
2025-01-18,sell,USD,20000,6177,3,WSL010431
2025-01-18,sell,GBP,10000,3773,15.504,WSL010431
2025-01-18,sell,GEL,10000,1131,-38.318,WSL010431
2025-01-18,sell,MYR,10000,692,-16.028,WSL010431
2025-01-18,sell,TRY,200000,1760,-66.628,WSL010431
2025-01-18,sell,USD,9700,2996.815,2.425,WSL010431
2025-01-18,sell,TRY,200000,1762,-64.628,WSL010431
2025-01-18,sell,PKR,200000,232,-5.452,WSL010431
2025-01-18,sell,USD,30000,9265.5,4.5,WSL010431
2025-01-18,sell,USD,9000,2780.55,2.25,WSL010431
2025-01-18,sell,EUR,50000,15895.5,28.32,WSL010431
2025-01-18,sell,GBP,50000,18897.5,110.018,WSL010431
2025-01-18,sell,NZD,3500,612.5,8.745,WSL010431
2025-01-18,sell,AED,35000,2945.6,0.792,WSL010431
2025-01-18,sell,PKR,200000,232,-5.452,WSL010431
2025-01-18,sell,SAR,100000,8230,3.484,WSL010431
2025-01-18,sell,TRY,400000,3520,-133.256,WSL010431
2025-01-18,sell,USD,115000,35517.75,17.25,WSL010431
2025-01-18,sell,USD,40000,12376,28,WSL010431
2025-01-18,buy,AED,1214236,102104.329,58.295,WSL010431
2025-01-18,buy,AZN,100000,18317.507,738.049,WSL010431
2025-01-18,buy,AZN,200000,36613.286,1497.826,WSL010431
2025-01-18,buy,CAD,100000,21493.733,-158.464,WSL010431
2025-01-18,buy,EGP,2000000,13871.91,1958.23,WSL010431
2025-01-18,buy,EUR,50000,15949.489,-82.309,WSL010431
2025-01-18,buy,EUR,50000,15980.354,-113.174,WSL010431
2025-01-18,buy,EUR,100000,31790.95,-56.59,WSL010431
2025-01-18,buy,GBP,100000,37794.193,-219.229,WSL010431
2025-01-18,buy,GEL,150000,16728.997,810.776,WSL010431
2025-01-18,buy,JPY,3000000,5879.049,52.161,WSL010431
2025-01-18,buy,JPY,4000000,7952.336,-44.056,WSL010431
2025-01-18,buy,NZD,20000,3475.399,-25.368,WSL010431
2025-01-18,buy,QAR,500000,42373.696,6.864,WSL010431
2025-01-18,buy,SAR,3000000,246558.381,237.099,WSL010431
2025-01-18,buy,SGD,20000,4517.38,-5.212,WSL010431
2025-01-18,buy,SGD,50000,11318.298,-37.877,WSL010431
2025-01-18,buy,TRY,4000000,35024.112,1508.448,WSL010431
2025-01-18,buy,TRY,5000000,43767.725,1897.975,WSL010431
2025-01-18,buy,TRY,7000000,61309.592,2622.388,WSL010431
2025-01-18,buy,USD,500000,154325,25,WSL010431
2025-01-16,sell,AZN,10000,1833,-72.556,WSL010431
2025-01-16,sell,CZK,50000,655,25.976,WSL010431
2025-01-16,sell,GBP,15000,5680.5,14.157,WSL010431
2025-01-16,sell,JOD,5000,2184,0.719,WSL010431
2025-01-16,sell,MYR,10000,692.5,-15.528,WSL010431
2025-01-16,sell,OMR,2000,1603.6,-0.036,WSL010431
2025-01-16,sell,THB,1000000,9000,-159.13,WSL010431
2025-01-16,sell,USD,50000,15445,10,WSL010431
2025-01-16,sell,AED,50000,4208.5,1.632,WSL010431
2025-01-16,sell,GEL,10000,1133,-36.318,WSL010431
2025-01-16,sell,JOD,5000,2184,0.719,WSL010431
2025-01-16,sell,THB,100000,900,-15.913,WSL010431
2025-01-16,sell,USD,20000,6200,26,WSL010431
2025-01-16,sell,USD,200000,61800,60,WSL010431
2025-01-16,sell,CZK,100000,1300,41.695,WSL010431
2025-01-16,sell,USD,40000,12800,452,WSL010431
2025-01-16,sell,SAR,150000,12352.5,12.726,WSL010431
2025-01-16,sell,AED,200000,16834,6.526,WSL010431
2025-01-16,sell,USD,50000,15445,10,WSL010431
2025-01-16,sell,USD,40000,12356,8,WSL010431
2025-01-16,sell,USD,50000,15445,10,WSL010431
2025-01-16,sell,USD,15000,4633.5,3,WSL010431
2025-01-16,sell,TRY,150000,1327.5,-46.536,WSL010431
2025-01-16,sell,USD,20000,6178,4,WSL010431
2025-01-16,sell,CZK,50000,657.5,29.55,WSL010431
2025-01-16,sell,JOD,5000,2184,0.719,WSL010431
2025-01-16,sell,SAR,120000,9876,4.181,WSL010431
2025-01-16,sell,THB,50000,450,-7.956,WSL010431
2025-01-16,sell,USD,40000,12356,8,WSL010431
2025-01-16,sell,QAR,30000,2541,-1.834,WSL010431
2025-01-16,sell,GBP,10000,3787,20.243,WSL010431
2025-01-16,sell,USD,20000,6178,4,WSL010431
2025-01-16,sell,TRY,200000,1770,-62.048,WSL010431
2025-01-16,sell,AED,30000,2525.4,1.279,WSL010431
2025-01-16,sell,THB,200000,1800,-31.826,WSL010431
2025-01-16,sell,USD,40000,12356,8,WSL010431
2025-01-16,sell,CZK,100000,1300,43.539,WSL010431
2025-01-16,sell,GBP,10000,3788,22.786,WSL010431
2025-01-16,sell,JPY,1000000,1971.25,-8.48,WSL010431
2025-01-16,sell,SAR,100000,8235,8.484,WSL010431
2025-01-16,sell,USD,20000,6178,4,WSL010431
2025-01-16,sell,AED,50000,4208.5,1.632,WSL010431
2025-01-16,sell,JOD,5000,2184,0.719,WSL010431
2025-01-16,sell,SAR,50000,4115,1.742,WSL010431
2025-01-16,sell,USD,50000,15445,10,WSL010431
2025-01-16,sell,EUR,10000,3185,11.255,WSL010431
2025-01-16,sell,USD,30000,9267,6,WSL010431
2025-01-16,sell,SAR,150000,12345,5.226,WSL010431
2025-01-16,sell,AED,100000,8417,3.263,WSL010431
2025-01-16,sell,USD,100000,30890,20,WSL010431
2025-01-16,sell,USD,42000,12973.8,8.4,WSL010431
2025-01-16,sell,USD,100000,30885,15,WSL010431
2025-01-16,sell,AED,400000,33660,5.052,WSL010431
2025-01-16,sell,EUR,30000,9552,30.766,WSL010431
2025-01-16,sell,JPY,1000000,1986.1,6.37,WSL010431
2025-01-16,sell,USD,100000,30885,15,WSL010431
2025-01-16,sell,MYR,100000,6925,-155.275,WSL010431
2025-01-16,sell,USD,50000,15450,15,WSL010431
2025-01-16,sell,USD,8000,2471.2,1.6,WSL010431
2025-01-16,sell,EUR,50000,15793.62,-82.821,WSL010431
2025-01-16,sell,JPY,2000000,3945.68,-19.9,WSL010431
2025-01-16,sell,SGD,20000,4525.66,10.522,WSL010431
2025-01-16,sell,THB,100000,899,-16.913,WSL010431
2025-01-16,sell,BAM,15000,2658.75,12.75,WSL010431
2025-01-16,sell,GBP,10000,3787,18.699,WSL010431
2025-01-16,sell,SAR,200000,16460,6.968,WSL010431
2025-01-16,sell,USD,50000,15445,10,WSL010431
2025-01-16,sell,AED,150000,12624,3.394,WSL010431
2025-01-16,sell,SAR,700000,57592.5,6.888,WSL010431
2025-01-16,sell,THB,2000000,17923.404,-394.856,WSL010431
2025-01-16,sell,USD,110000,33973.5,16.5,WSL010431
2025-01-16,sell,EUR,5000,1590,0.812,WSL010431
2025-01-16,sell,GBP,5000,1891,6.85,WSL010431
2025-01-16,sell,JOD,5000,2183,-0.281,WSL010431
2025-01-16,sell,SAR,80000,6580,-1.213,WSL010431
2025-01-16,sell,MYR,5000,346.25,-7.764,WSL010431
2025-01-16,sell,USD,40000,12356,8,WSL010431
2025-01-16,sell,INR,200000,712,-30.054,WSL010431
2025-01-16,sell,JOD,10000,4367,0.438,WSL010431
2025-01-16,sell,SAR,36000,2962.8,1.254,WSL010431
2025-01-16,sell,USD,50000,15442.5,7.5,WSL010431
2025-01-16,sell,AED,4540,381.506,-0.478,WSL010431
2025-01-16,sell,CAD,100,21.36,-0.107,WSL010431
2025-01-16,sell,CHF,310,104.501,-0.464,WSL010431
2025-01-16,sell,EUR,9100,2886.797,-4.963,WSL010431
2025-01-16,sell,GBP,3005,1131.542,-0.554,WSL010431
2025-01-16,sell,SAR,15000,1233.777,-0.2,WSL010431
2025-01-16,sell,USD,16000,4938.4,-0.8,WSL010431
2025-01-16,sell,USD,4000000,1236328.44,1528.44,WSL010431
2025-01-16,sell,QAR,1000,84.515,-0.246,WSL010431
2025-01-16,sell,USD,3000000,927061.14,961.14,WSL010431
2025-01-16,sell,AZN,100000,18375,-680.556,WSL010431
2025-01-16,sell,BHD,100000,81861.575,4.341,WSL010431
2025-01-16,sell,EGP,2000000,13952.542,-1877.598,WSL010431
2025-01-16,sell,GBP,200000,75446.28,12.348,WSL010431
2025-01-16,sell,OMR,100000,80181.818,0,WSL010431
2025-01-16,sell,SAR,2000000,164561.01,30.69,WSL010431
2025-01-16,sell,TRY,500000,4422.636,-157.484,WSL010431
2025-01-16,sell,TRY,1500000,13248.927,-491.433,WSL010431
2025-01-16,buy,BHD,100000,81826.617,30.617,WSL010431
2025-01-16,buy,GBP,50000,18867.775,-9.292,WSL010431
2025-01-16,buy,GBP,50000,19023.643,-165.16,WSL010431
2025-01-16,buy,GBP,50000,19025.186,-166.703,WSL010431
2025-01-16,buy,KWD,16001,15988.05,12.95,WSL010431
2025-01-16,buy,OMR,100000,80148.014,33.804,WSL010431
2025-01-16,buy,SAR,700000,57576.282,9.33,WSL010431
2025-01-16,buy,SAR,1000000,82208.017,57.143,WSL010431
2025-01-16,buy,THB,5000000,44861.92,933.73,WSL010431
2025-01-16,buy,TRY,1700000,14885.248,687.16,WSL010431
2025-01-16,buy,EUR,50000,15913.485,-21.609,WSL010431
2025-01-16,buy,GBP,50000,18907.875,-49.392,WSL010431
2025-01-16,buy,EGP,1000000,6983.032,932.038,WSL010431
2025-01-16,buy,EGP,2000000,13903.154,1926.986,WSL010431
2025-01-16,buy,EUR,50000,15918.624,-37.552,WSL010431
2025-01-16,buy,GBP,170000,64276.363,-141.777,WSL010431
2025-01-16,buy,JPY,1000000,1983.612,-7.042,WSL010431
2025-01-16,buy,QAR,180000,15221.096,35.906,WSL010431
2025-01-16,buy,SAR,500000,41098.535,34.045,WSL010431
2025-01-16,buy,SAR,500000,41114.959,17.621,WSL010431
2025-01-16,buy,SGD,20000,4522.344,-11.165,WSL010431
2025-01-16,buy,BHD,17632,14416.203,16.864,WSL010431
2025-01-16,buy,JPY,2000000,3946.93,6.21,WSL010431
2025-01-16,buy,QAR,4650,393.104,1.035,WSL010431
2025-01-16,buy,QAR,158500,13399.349,35.289,WSL010431
2025-01-16,buy,THB,10000000,89463.75,2127.55,WSL010431
2025-01-15,sell,SGD,969,219.5,0.751,WSL010431
2025-01-15,buy,GBP,205,75.85,1.64,WSL010431
2025-01-15,buy,GBP,1495,553.15,13.256,WSL010431
2025-01-15,sell,HUF,1000000,812.5,36,WSL010431
2025-01-15,sell,CZK,100000,1315,48.284,WSL010431
2025-01-15,sell,CZK,100000,1310,43.284,WSL010431
2025-01-15,sell,SAR,20000,1646,0.164,WSL010431
2025-01-15,sell,USD,10000,3089.5,1.5,WSL010431
2025-01-15,sell,BHD,3000,2457,0.487,WSL010431
2025-01-15,sell,GBP,5000,1890,-8.966,WSL010431
2025-01-15,sell,SAR,50000,4115,0.41,WSL010431
2025-01-15,sell,SAR,50000,4115,0.41,WSL010431
2025-01-15,sell,TRY,100000,882.5,-33.82,WSL010431
2025-01-15,sell,USD,40000,12358,6,WSL010431
2025-01-15,sell,AED,100000,8420,3.538,WSL010431
2025-01-15,sell,CZK,100000,1310,47.943,WSL010431
2025-01-15,sell,GBP,20000,7540,-16.336,WSL010431
2025-01-15,sell,RUB,500000,1525,-66.755,WSL010431
2025-01-15,sell,AED,300000,25254,4.614,WSL010431
2025-01-15,sell,MYR,20000,1383,-33.514,WSL010431
2025-01-15,sell,SAR,36000,2961,-1.505,WSL010431
2025-01-15,sell,USD,30000,9265.5,1.5,WSL010431
2025-01-15,sell,SAR,270000,22221,2.211,WSL010431
2025-01-15,sell,AED,44000,3702.6,-0.643,WSL010431
2025-01-15,sell,BDT,200000,516,-35.424,WSL010431
2025-01-15,sell,INR,100000,355.5,-15.647,WSL010431
2025-01-15,sell,PHP,100000,528,-15.661,WSL010431
2025-01-15,sell,THB,250000,2245,-45.525,WSL010431
2025-01-15,sell,TRY,100000,882.5,-33.82,WSL010431
2025-01-15,sell,USD,40000,12354,2,WSL010431
2025-01-15,sell,CZK,100000,1300,37.066,WSL010431
2025-01-15,sell,GEL,10000,1133,-36.697,WSL010431
2025-01-15,sell,THB,1000000,8980,-182.1,WSL010431
2025-01-15,sell,AED,150000,12625.5,0.807,WSL010431
2025-01-15,sell,EUR,50000,15792.5,-106.068,WSL010431
2025-01-15,sell,EUR,100000,31586.4,-210.736,WSL010431
2025-01-15,sell,SAR,30000,2469,0.246,WSL010431
2025-01-15,sell,SAR,1000000,82270,-21.81,WSL010431
2025-01-15,sell,TRY,400000,3530,-135.28,WSL010431
2025-01-15,sell,USD,55000,16992.25,8.25,WSL010431
2025-01-15,sell,AED,60000,5050.2,0.323,WSL010431
2025-01-15,sell,GBP,10000,3780,9.861,WSL010431
2025-01-15,sell,USD,10000,3088.5,0.5,WSL010431
2025-01-15,sell,AED,80000,6733.6,0.43,WSL010431
2025-01-15,sell,AED,35000,2945.95,0.188,WSL010431
2025-01-15,sell,PHP,100000,529,-14.661,WSL010431
2025-01-15,sell,TRY,400000,3530,-135.28,WSL010431
2025-01-15,sell,USD,60000,18537,9,WSL010431
2025-01-15,sell,KRW,5000000,1072.5,15.55,WSL010431
2025-01-15,buy,USD,1500000,463819.5,-619.5,WSL010431
2025-01-15,sell,SAR,36400,2995.72,0.298,WSL010431
2025-01-15,sell,TRY,38000,335.35,-12.852,WSL010431
2025-01-15,sell,USD,8600,2656.97,1.29,WSL010431
2025-01-15,sell,TRY,300000,2647.5,-101.46,WSL010431
2025-01-15,sell,AED,30000,2525.1,0.161,WSL010431
2025-01-15,sell,EUR,10000,3185,2.507,WSL010431
2025-01-15,sell,USD,20000,6179,3,WSL010431
2025-01-15,sell,USD,500000,154514,114,WSL010431
2025-01-15,sell,EUR,18500,5892.25,4.638,WSL010431
2025-01-15,sell,MYR,15000,1038.75,-23.635,WSL010431
2025-01-15,sell,SAR,50000,4115,0.41,WSL010431
2025-01-15,sell,THB,1000000,8990,-172.1,WSL010431
2025-01-15,sell,TRY,200000,1765,-67.64,WSL010431
2025-01-15,sell,USD,10000,3089,1,WSL010431
2025-01-15,buy,CAD,40000,8597.285,4.386,WSL010431
2025-01-15,buy,EGP,2000000,13970.588,1864.672,WSL010431
2025-01-15,buy,EUR,50000,15862.031,38.081,WSL010431
2025-01-15,buy,EUR,50000,15865.119,34.993,WSL010431
2025-01-15,buy,GBP,50000,18849.188,-13.932,WSL010431
2025-01-15,buy,INR,10000000,35529.34,1585.36,WSL010431
2025-01-15,buy,SAR,1500000,123384.841,52.874,WSL010431
2025-01-15,buy,USD,400000,123500,20,WSL010431
2025-01-15,buy,CZK,800000,10215.054,-153.558,WSL010431
2025-01-15,buy,HUF,1000000,776.144,-4.724,WSL010431
2025-01-15,buy,USD,7000000,2163195.125,-1595.125,WSL010431
2025-01-15,buy,ZAR,100000,1636.195,-5.129,WSL010431
2025-01-14,sell,TRY,500000,4412.5,-170.585,WSL010431
2025-01-14,sell,AED,40000,3367.2,-0.475,WSL010431
2025-01-14,sell,GBP,10000,3754.988,-0.927,WSL010431
2025-01-14,sell,MYR,20000,1386,-30.972,WSL010431
2025-01-14,sell,THB,500000,4490,-92.53,WSL010431
2025-01-14,sell,TRY,200000,1765,-68.234,WSL010431
2025-01-14,sell,KRW,10000000,2140,22.8,WSL010431
2025-01-14,sell,KRW,5000000,1071.25,12.65,WSL010431
2025-01-14,sell,AED,30000,2525.4,-0.356,WSL010431
2025-01-14,sell,INR,100000,356,-15.267,WSL010431
2025-01-14,sell,JOD,5000,2184.5,-0.195,WSL010431
2025-01-14,sell,TRY,100000,882.5,-34.117,WSL010431
2025-01-14,sell,USD,50000,15455,10,WSL010431
2025-01-14,sell,AZN,10000,1835,-71.79,WSL010431
2025-01-14,sell,EUR,30000,9514.5,12.118,WSL010431
2025-01-14,sell,JOD,10000,4369,-0.39,WSL010431
2025-01-14,sell,USD,30000,9271.5,4.5,WSL010431
2025-01-14,sell,EUR,30000,9526.5,24.118,WSL010431
2025-01-14,sell,MYR,30000,2076,-49.459,WSL010431
2025-01-14,sell,USD,40000,12362,6,WSL010431
2025-01-14,sell,AZN,10000,1835,-71.79,WSL010431
2025-01-14,sell,PHP,100000,529,-14.837,WSL010431
2025-01-14,sell,GBP,20000,7522,12.641,WSL010431
2025-01-14,sell,THB,500000,4490,-92.53,WSL010431
2025-01-14,sell,USD,50000,15452.5,7.5,WSL010431
2025-01-14,sell,BHD,2000,1638,-0.205,WSL010431
2025-01-14,sell,USD,100000,30900,10,WSL010431
2025-01-14,sell,THB,265000,2375.725,-53.016,WSL010431
2025-01-14,sell,JOD,5000,2183.5,-1.195,WSL010431
2025-01-14,sell,USD,10000,3090,1,WSL010431
2025-01-14,sell,GBP,10000,3762,-3.8,WSL010431
2025-01-14,sell,THB,1250000,11206.25,-250.075,WSL010431
2025-01-14,sell,TRY,300000,2644.5,-105.351,WSL010431
2025-01-14,sell,QAR,120000,10152,-25.925,WSL010431
2025-01-14,sell,EUR,25000,7887.25,-32.174,WSL010431
2025-01-14,sell,GBP,15000,5631.12,-17.58,WSL010431
2025-01-14,sell,MYR,50000,3462.5,-79.931,WSL010431
2025-01-14,sell,THB,700000,6286,-129.542,WSL010431
2025-01-14,sell,USD,100000,30905,15,WSL010431
2025-01-14,sell,EUR,20000,6343,7.461,WSL010431
2025-01-14,sell,GBP,15000,5673.75,25.05,WSL010431
2025-01-14,sell,AZN,10000,1834,-72.79,WSL010431
2025-01-14,sell,GBP,10000,3788,22.2,WSL010431
2025-01-14,sell,GEL,20000,2268,-72.152,WSL010431
2025-01-14,sell,THB,1000000,8980,-185.06,WSL010431
2025-01-14,sell,GBP,7500,2838,13.65,WSL010431
2025-01-14,sell,HKD,50000,1992.58,8.738,WSL010431
2025-01-14,sell,AZN,10000,1835,-71.79,WSL010431
2025-01-14,sell,GBP,10000,3782.5,16.7,WSL010431
2025-01-14,sell,MYR,20000,1385,-31.972,WSL010431
2025-01-14,sell,USD,20000,6188,10,WSL010431
2025-01-14,sell,AED,150000,12615,-13.782,WSL010431
2025-01-14,sell,AZN,10000,1834,-72.79,WSL010431
2025-01-14,sell,SAR,100000,8235,3.155,WSL010431
2025-01-14,sell,TRY,400000,3528,-138.468,WSL010431
2025-01-14,sell,AED,50000,4207.5,-2.094,WSL010431
2025-01-14,sell,PHP,200000,1060,-27.674,WSL010431
2025-01-14,sell,SAR,100000,8235,3.155,WSL010431
2025-01-14,sell,TRY,400000,3530,-136.468,WSL010431
2025-01-14,sell,AZN,20000,3670,-143.58,WSL010431
2025-01-14,sell,GBP,10000,3762.4,-17.918,WSL010431
2025-01-14,sell,AED,2000000,168360.812,-22.948,WSL010431
2025-01-14,sell,EGP,1500000,10554.67,-1325.63,WSL010431
2025-01-14,sell,SAR,2000000,164680.794,43.894,WSL010431
2025-01-14,sell,INR,85000,305.15,-10.427,WSL010431
2025-01-14,sell,SAR,159700,13154.489,8.233,WSL010431
2025-01-14,sell,BDT,100000,259,-16.801,WSL010431
2025-01-14,sell,JOD,10000,4369,-0.39,WSL010431
2025-01-14,sell,PKR,400000,466,-9.212,WSL010431
2025-01-14,sell,SAR,30000,2469.6,0.046,WSL010431
2025-01-14,sell,THB,50000,448.5,-9.753,WSL010431
2025-01-14,sell,USD,80000,24720,8,WSL010431
2025-01-14,sell,GBP,10000,3786,11.551,WSL010431
2025-01-14,sell,THB,1000000,8980,-185.06,WSL010431
2025-01-14,sell,USD,70000,21633.5,10.5,WSL010431
2025-01-14,sell,THB,1000000,8980,-185.06,WSL010431
2025-01-14,sell,TRY,300000,2647.5,-102.351,WSL010431
2025-01-14,sell,AED,300000,25254,-3.564,WSL010431
2025-01-14,sell,AZN,10000,1835,-71.79,WSL010431
2025-01-14,sell,BDT,500000,1285,-94.005,WSL010431
2025-01-14,sell,BHD,10000,8194,2.973,WSL010431
2025-01-14,sell,CAD,30000,6441,-5.16,WSL010431
2025-01-14,sell,EUR,100000,31630,-60.051,WSL010431
2025-01-14,sell,GBP,50000,18825,-47.246,WSL010431
2025-01-14,sell,INR,10000000,35600,-1526.7,WSL010431
2025-01-14,sell,JOD,30000,13110,1.828,WSL010431
2025-01-14,sell,SAR,800000,65880,25.24,WSL010431
2025-01-14,sell,THB,500000,4487.5,-95.03,WSL010431
2025-01-14,sell,TRY,600000,5313,-186.702,WSL010431
2025-01-14,sell,USD,1500000,464100,750,WSL010431
2025-01-14,buy,AED,2000000,168264.778,118.982,WSL010431
2025-01-14,buy,EGP,1500000,10481.336,1398.964,WSL010431
2025-01-14,buy,EUR,20000,6323.395,14.615,WSL010431
2025-01-14,buy,EUR,50000,15789.956,55.07,WSL010431
2025-01-14,buy,EUR,75000,23661.771,105.767,WSL010431
2025-01-14,buy,EUR,100000,31589.178,100.873,WSL010431
2025-01-14,buy,EUR,100000,31601.532,88.519,WSL010431
2025-01-14,buy,GBP,20000,7500.731,48.167,WSL010431
2025-01-14,buy,GBP,20000,7505.055,43.843,WSL010431
2025-01-14,buy,GBP,20000,7517.409,31.489,WSL010431
2025-01-14,buy,GBP,50000,18801.244,71.002,WSL010431
2025-01-14,buy,GBP,65000,24381.391,152.528,WSL010431
2025-01-14,buy,HKD,50000,1990.013,-6.248,WSL010431
2025-01-14,buy,INR,6000000,21324.51,951.51,WSL010431
2025-01-14,buy,KWD,21000,20969.447,30.553,WSL010431
2025-01-14,buy,RUB,1000000,3042.857,141.683,WSL010431
2025-01-14,buy,SAR,2000000,164478.764,158.136,WSL010431
2025-01-14,buy,SAR,2500000,205708.006,88.119,WSL010431
2025-01-14,buy,BDT,426000,1078.443,96.469,WSL010431
2025-01-14,buy,BHD,86,70.361,0.082,WSL010431
2025-01-14,buy,CNY,100000,4230.822,59.456,WSL010431
2025-01-14,buy,CNY,200000,8450.068,130.488,WSL010431
2025-01-14,buy,IDR,100000000,1926.7,105.3,WSL010431
2025-01-14,buy,KRW,20000000,4245.36,-24.16,WSL010431
2025-01-14,buy,QAR,1050,88.726,0.331,WSL010431
2025-01-14,buy,QAR,17700,1497.301,3.943,WSL010431
2025-01-14,buy,THB,5000000,44838.845,986.455,WSL010431
2025-01-14,buy,USD,500000,154656.5,-206.5,WSL010431
2025-01-13,sell,SAR,200000,16460,-9.02,WSL010431
2025-01-13,sell,CZK,74000,980.5,53.7,WSL010431
2025-01-13,sell,EUR,30000,9484.5,18.903,WSL010431
2025-01-13,sell,SGD,10000,2259,9.109,WSL010431
2025-01-13,sell,THB,500000,4492.5,-91.515,WSL010431
2025-01-13,sell,USD,40000,12366,6,WSL010431
2025-01-13,sell,KRW,7200000,1542.6,27.144,WSL010431
2025-01-13,sell,JPY,2000000,3939.4,2.6,WSL010431
2025-01-13,sell,KRW,800000,171.4,3.016,WSL010431
2025-01-13,sell,USD,50000,15457.5,7.5,WSL010431
2025-01-13,sell,AZN,15000,2751,-110.111,WSL010431
2025-01-13,sell,GEL,15000,1702.5,-53.182,WSL010431
2025-01-13,sell,THB,500000,4492.5,-91.515,WSL010431
2025-01-13,sell,USD,50000,15457.5,7.5,WSL010431
2025-01-13,sell,ZAR,100000,1700,84.297,WSL010431
2025-01-13,sell,AED,50000,4210.5,-0.456,WSL010431
2025-01-13,sell,THB,100000,898.5,-18.303,WSL010431
2025-01-13,sell,USD,30000,9276,6,WSL010431
2025-01-13,sell,SAR,100000,8240,5.49,WSL010431
2025-01-13,sell,GBP,10000,3785,33.74,WSL010431
2025-01-13,sell,GBP,10000,3858.5,107.24,WSL010431
2025-01-13,sell,AED,100000,8420,-1.913,WSL010431
2025-01-13,sell,GBP,20000,7565,62.48,WSL010431
2025-01-13,sell,SAR,1500000,123495,-22.65,WSL010431
2025-01-13,sell,USD,100000,30915,15,WSL010431
2025-01-13,sell,AED,50000,4210,-0.956,WSL010431
2025-01-13,sell,GBP,10000,3760,8.74,WSL010431
2025-01-13,sell,SAR,250000,20590,3.725,WSL010431
2025-01-13,sell,USD,50000,15455,5,WSL010431
2025-01-13,sell,CNY,10000,423.5,-5.667,WSL010431
2025-01-13,sell,GBP,10000,3785,33.74,WSL010431
2025-01-13,sell,THB,200000,1797,-36.606,WSL010431
2025-01-13,buy,JOD,150000,65505,57.075,WSL010431
2025-01-13,sell,AED,50000,4210,-0.956,WSL010431
2025-01-13,sell,USD,20000,6182,2,WSL010431
2025-01-13,sell,BDT,100000,258,-17.891,WSL010431
2025-01-13,sell,INR,100000,358,-13.387,WSL010431
2025-01-13,sell,JOD,5000,2185,-0.402,WSL010431
2025-01-13,sell,THB,100000,897.5,-19.303,WSL010431
2025-01-13,sell,USD,70000,21637,7,WSL010431
2025-01-13,sell,EUR,10000,3165,7.329,WSL010431
2025-01-13,sell,GBP,5000,1885,8.134,WSL010431
2025-01-13,sell,THB,100000,898.5,-18.303,WSL010431
2025-01-13,sell,USD,10000,3095,5,WSL010431
2025-01-13,sell,USD,20000,6182,2,WSL010431
2025-01-13,sell,EUR,15000,4749,12.494,WSL010431
2025-01-13,sell,GBP,15000,5677.5,46.902,WSL010431
2025-01-13,sell,KRW,7000000,1499.75,29.33,WSL010431
2025-01-13,sell,THB,500000,4487.5,-96.515,WSL010431
2025-01-13,sell,USD,30000,9273,3,WSL010431
2025-01-12,sell,JPY,1000000,1967.5,10.33,WSL010431
2025-01-12,sell,GBP,30000,11355,43.7,WSL010431
2025-01-12,sell,EUR,10000,3171.5,8.364,WSL010431
2025-01-12,sell,USD,10000,3092,3,WSL010431
2025-01-12,sell,KRW,5000000,1068.75,21.3,WSL010431
2025-01-12,sell,CNY,50000,2112.859,-32.28,WSL010431
2025-01-12,sell,EUR,15000,4757.25,12.546,WSL010431
2025-01-12,sell,TRY,500000,4412.857,-170.228,WSL010431
2025-01-12,sell,USD,30000,9273,6,WSL010431
2025-01-12,sell,EUR,5000,1585.75,4.182,WSL010431
2025-01-12,sell,INR,50000,179.5,-6.134,WSL010431
2025-01-12,sell,OMR,2000,1604.7,0.025,WSL010431
2025-01-12,sell,THB,100000,899,-17.506,WSL010431
2025-01-12,sell,EUR,10000,3171.5,8.364,WSL010431
2025-01-12,sell,GBP,10000,3785,14.567,WSL010431
2025-01-12,sell,GEL,10000,1138,-32.076,WSL010431
2025-01-12,sell,THB,200000,1798,-35.012,WSL010431
2025-01-12,sell,TRY,300000,2656.5,-93.351,WSL010431
2025-01-12,sell,THB,200000,1798,-35.012,WSL010431
2025-01-12,sell,AED,25000,2104.75,-0.047,WSL010431
2025-01-12,sell,AED,25000,2104.75,-0.047,WSL010431
2025-01-12,sell,SAR,20000,1647,0.631,WSL010431
2025-01-12,sell,AED,40000,3367.6,-0.075,WSL010431
2025-01-12,sell,BHD,1000,819.15,0.047,WSL010431
2025-01-12,sell,TRY,180000,1596.6,-53.311,WSL010431
2025-01-12,sell,USD,50000,15470,25,WSL010431
2025-01-12,sell,SAR,15000,1236,1.223,WSL010431
2025-01-12,sell,EUR,100000,31720,88.64,WSL010431
2025-01-12,sell,GBP,5000,1903.75,18.533,WSL010431
2025-01-12,sell,THB,300000,2694,-55.518,WSL010431
2025-01-12,sell,USD,40000,12362,6,WSL010431
2025-01-12,sell,AED,20000,1683.4,-0.438,WSL010431
2025-01-12,sell,IDR,10000000,192,-11.2,WSL010431
2025-01-12,sell,INR,100000,357,-14.267,WSL010431
2025-01-12,sell,THB,300000,2694,-55.518,WSL010431
2025-01-12,sell,USD,40000,12362,6,WSL010431
2025-01-12,sell,EUR,20000,6343,16.728,WSL010431
2025-01-12,sell,THB,500000,4495,-87.53,WSL010431
2025-01-12,sell,BDT,100000,258,-17.801,WSL010431
2025-01-12,sell,JOD,7000,3058.3,-0.273,WSL010431
2025-01-12,sell,TRY,650000,5749.25,-208.76,WSL010431
2025-01-12,sell,USD,45000,13907.25,6.75,WSL010431
2025-01-12,sell,EUR,80000,25372,66.912,WSL010431
2025-01-12,sell,IDR,200000000,3850,-214,WSL010431
2025-01-12,sell,THB,2000000,17970,-360.12,WSL010431
2025-01-12,sell,AZN,30000,5502,-218.37,WSL010431
2025-01-12,sell,GBP,10000,3864,93.567,WSL010431
2025-01-12,sell,AED,1000000,84168.93,-22.95,WSL010431
2025-01-12,sell,EGP,2000000,14056.88,-1783.52,WSL010431
2025-01-12,sell,GEL,200000,22621.75,-779.766,WSL010431
2025-01-12,sell,JOD,50000,21845.825,-1.127,WSL010431
2025-01-12,sell,SAR,500000,41170.195,10.97,WSL010431
2025-01-12,sell,JOD,5000,2185,0.305,WSL010431
2025-01-12,buy,JOD,100000,43645,48.905,WSL010431
2025-01-12,sell,AED,50000,4209.5,-0.094,WSL010431
2025-01-12,sell,EUR,15000,4757.25,12.546,WSL010431
2025-01-12,sell,GBP,10000,3785,14.567,WSL010431
2025-01-12,sell,USD,20000,6182,4,WSL010431
2025-01-12,sell,SAR,200000,16470,6.31,WSL010431
2025-01-12,sell,USD,40000,12364,8,WSL010431
2025-01-12,sell,USD,50000,15467.5,22.5,WSL010431
2025-01-12,buy,AED,1968440,165632.119,94.545,WSL010431
2025-01-12,buy,AZN,200000,36571.936,1563.866,WSL010431
2025-01-12,buy,BDT,3000000,7657.437,616.593,WSL010431
2025-01-12,buy,GEL,300000,33754.098,1348.176,WSL010431
2025-01-12,buy,KRW,20000000,4260,-70.2,WSL010431
2025-01-12,buy,KWD,60000,59990.288,9.712,WSL010431
2025-01-12,buy,LKR,2000000,2322.18,-16.96,WSL010431
2025-01-12,buy,SAR,2000000,164456.87,180.03,WSL010431
2025-01-12,buy,THB,3000000,26950.263,544.917,WSL010431
2025-01-12,buy,THB,3000000,27092.106,403.074,WSL010431
2025-01-12,buy,THB,5000000,44917.103,908.197,WSL010431
2025-01-12,buy,TRY,8000000,70393.162,2936.198,WSL010431
2025-01-12,buy,USD,500000,154425,25,WSL010431
2025-01-12,buy,AED,700000,58892.672,41.644,WSL010431
2025-01-12,buy,AZN,130000,23799.941,988.33,WSL010431
2025-01-12,buy,EUR,150000,47541.281,-94.241,WSL010431
2025-01-12,buy,GBP,20000,7569.914,-29.047,WSL010431
2025-01-12,buy,GBP,80000,30225.296,-61.829,WSL010431
2025-01-12,buy,QAR,300000,25384.932,59.88,WSL010431
2025-01-12,buy,SAR,1000000,82283.202,35.248,WSL010431
2025-01-12,buy,SGD,10000,2256.851,-5.229,WSL010431
2025-01-12,buy,USD,100000,30885,5,WSL010431
2025-01-12,buy,USD,1100000,339768.974,21.026,WSL010431
2025-01-12,buy,ZAR,100000,1651.604,-36.28,WSL010431
2025-01-11,sell,SGD,8200,1855.25,10.414,WSL030330
2025-01-11,sell,USD,20000,6183,10,WSL030330
2025-01-11,sell,BDT,100000,259,-16.578,WSL030330
2025-01-11,sell,INR,500000,1792.5,-62.33,WSL030330
2025-01-11,sell,AZN,10000,1839,-66.247,WSL010431
2025-01-11,sell,MYR,10000,695.5,-12.413,WSL030330
2025-01-11,sell,OMR,2000,1604.4,1.023,WSL030330
2025-01-11,sell,THB,500000,4500,-78.825,WSL030330
2025-01-11,sell,TRY,200000,1771,-71.686,WSL030330
2025-01-11,sell,AZN,10000,1839.5,-65.747,WSL030330
2025-01-11,sell,SAR,72250,5947.62,4.925,WSL030330
2025-01-11,sell,GEL,15000,1701,-72.85,WSL030330
2025-01-11,sell,MYR,10000,694.5,-13.413,WSL030330
2025-01-11,sell,QAR,30000,2539.5,-2.922,WSL030330
2025-01-11,sell,TRY,400000,3538,-147.372,WSL030330
2025-01-11,sell,USD,9700,2998.75,4.845,WSL030330
2025-01-11,sell,GBP,5000,1893.25,9.559,WSL010431
2025-01-11,sell,JOD,10000,4370,4.146,WSL010431
2025-01-11,sell,TRY,200000,1771,-71.686,WSL010431
2025-01-11,sell,SGD,20000,4530,30.401,WSL030330
2025-01-11,sell,TRY,200000,1771,-71.686,WSL030330
2025-01-11,sell,USD,50000,15457.5,25,WSL030330
2025-01-11,sell,TRY,200000,1771,-71.686,WSL010431
2025-01-11,sell,SAR,100000,8235,9.817,WSL030330
2025-01-11,sell,AZN,10000,1839,-66.247,WSL030330
2025-01-11,sell,USD,30000,9279,19.5,WSL030330
2025-01-11,sell,TRY,200000,1770,-72.686,WSL030330
2025-01-11,sell,USD,30000,9279,19.5,WSL030330
2025-01-11,sell,BDT,100000,259,-16.578,WSL030330
2025-01-11,sell,GEL,10000,1135,-47.567,WSL030330
2025-01-11,sell,USD,30000,9274.5,15,WSL030330
2025-01-11,sell,THB,430000,3870,-67.79,WSL030330
2025-01-11,sell,USD,60000,18540,21,WSL030330
2025-01-11,sell,USD,20000,6183,10,WSL030330
2025-01-11,sell,INR,100000,356,-14.966,WSL030330
2025-01-11,sell,AED,100000,8419,6.626,WSL030330
2025-01-11,sell,TRY,400000,3542,-143.372,WSL030330
2025-01-11,sell,USD,10000,3093,6.5,WSL030330
2025-01-11,sell,USD,50000,15457.5,25,WSL030330
2025-01-11,sell,TRY,70000,618.8,-26.14,WSL030330
2025-01-09,sell,TRY,300000,2653.5,-110.529,WSL030330
2025-01-09,sell,AED,150000,12625.5,6.939,WSL030330
2025-01-09,sell,USD,100000,30890,25,WSL030330
2025-01-09,sell,USD,100000,30885,20,WSL030330
2025-01-09,sell,KRW,15000000,3210,39.9,WSL030330
2025-01-09,sell,USD,100000,30885,20,WSL030330
2025-01-09,sell,USD,60000,18534,15,WSL030330
2025-01-09,sell,USD,30000,9265.5,6,WSL030330
2025-01-09,sell,CZK,71200,946.96,45.015,WSL010431
2025-01-09,sell,CZK,200000,2648,114.448,WSL030330
2025-01-09,sell,EUR,50000,15965,58.722,WSL030330
2025-01-09,sell,GBP,50000,19136,152.482,WSL030330
2025-01-09,sell,SAR,50000,4115,2.408,WSL030330
2025-01-09,sell,EUR,10000,3185,3.744,WSL030330
2025-01-09,sell,THB,50000,450,-7.882,WSL030330
2025-01-09,sell,GEL,10000,1138,-44.567,WSL010431
2025-01-09,sell,AED,200000,16834,9.252,WSL010431
2025-01-09,sell,AZN,20000,3680,-130.494,WSL010431
2025-01-09,sell,CNY,50000,2117.5,-25.903,WSL010431
2025-01-09,sell,GBP,30000,11471.58,98.136,WSL010431
2025-01-09,sell,TRY,500000,4420,-186.715,WSL010431
2025-01-09,sell,THB,200000,1800,-31.53,WSL010431
2025-01-09,sell,AED,30000,2525.1,1.388,WSL010431
2025-01-09,sell,EUR,20000,6387.2,20.368,WSL010431
2025-01-09,sell,INR,250000,896.25,-31.165,WSL010431
2025-01-09,sell,JPY,1000000,1965.6,13.11,WSL030330
2025-01-09,sell,JPY,500000,986,9.755,WSL010431
2025-01-09,sell,AZN,20000,3680,-130.494,WSL010431
2025-01-09,buy,USD,200,60.6,1.13,WSL030330
2025-01-09,sell,EGP,10000,71,-8.138,WSL030330
2025-01-09,sell,TRY,20000,177.2,-7.069,WSL030330
2025-01-09,sell,CAD,20000,4304.74,14.061,WSL030330
2025-01-09,sell,JPY,500000,985,9,WSL030330
2025-01-09,sell,USD,30000,9273,13.5,WSL030330
2025-01-09,sell,JPY,1000000,1966,14,WSL030330
2025-01-09,sell,AED,200000,16834,9.252,WSL030330
2025-01-09,sell,AZN,10000,1845,-60.247,WSL030330
2025-01-09,sell,USD,60000,18534,15,WSL030330
2025-01-09,sell,EUR,15000,4780.5,11.858,WSL030330
2025-01-09,sell,THB,500000,4500,-78.825,WSL030330
2025-01-09,sell,BDT,200000,516,-35.156,WSL030330
2025-01-09,sell,USD,120000,37050,12,WSL030330
2025-01-09,sell,EUR,40000,12748,31.62,WSL030330
2025-01-09,sell,GBP,50000,19275,313.087,WSL030330
2025-01-09,sell,USD,800000,247117.6,197.6,WSL030330
2025-01-09,sell,THB,200000,1800,-31.53,WSL030330
2025-01-09,sell,USD,70000,21637,31.5,WSL030330
2025-01-09,sell,JOD,7000,3057.25,1.152,WSL030330
2025-01-09,sell,JOD,10000,4366,0.146,WSL030330
2025-01-09,sell,QAR,20000,1694,-0.948,WSL030330
2025-01-09,sell,THB,100000,900,-15.765,WSL030330
2025-01-09,sell,USD,40000,12356,10,WSL030330
2025-01-09,sell,USD,100000,30870,5,WSL030330
2025-01-09,sell,AED,50000,4208,1.813,WSL030330
2025-01-09,sell,USD,20000,6178,5,WSL030330
2025-01-09,sell,TRY,10000,88.4,-3.734,WSL030330
2025-01-09,sell,USD,20000,6180,7,WSL030330
2025-01-09,sell,USD,40000,12352,6,WSL030330
2025-01-09,sell,USD,40000,12356,10,WSL030330
2025-01-09,sell,USD,500000,154575,250,WSL030330
2025-01-09,sell,EGP,1000000,6975.14,-938.65,WSL030330
2025-01-09,sell,INR,3000000,10710.815,-418.165,WSL030330
2025-01-09,sell,LKR,2000000,2303.358,-0.002,WSL030330
2025-01-09,sell,SAR,1500000,123394.185,16.44,WSL030330
2025-01-09,buy,BHD,10000,8183.506,0.892,WSL030330
2025-01-09,buy,CAD,10000,2150.523,-3.542,WSL030330
2025-01-09,buy,CAD,20000,4300.146,-6.184,WSL030330
2025-01-09,buy,EUR,50000,15926.846,-26.741,WSL030330
2025-01-09,buy,EUR,150000,47785.167,-84.852,WSL030330
2025-01-09,buy,GBP,50000,19080.738,-74.071,WSL030330
2025-01-09,buy,GBP,50000,19125.485,-118.818,WSL030330
2025-01-09,buy,JPY,1000000,1961.233,-9.603,WSL030330
2025-01-09,buy,JPY,2000000,3927.208,-23.948,WSL030330
2025-01-09,buy,KWD,8303,8296.279,6.721,WSL030330
2025-01-09,buy,USD,500000,154377.15,-52.15,WSL030330
2025-01-09,buy,AZN,50000,9157.27,368.964,WSL030330
2025-01-09,buy,CAD,10000,2147.53,-0.549,WSL030330
2025-01-09,buy,EGP,2000000,13932.28,1895.3,WSL030330
2025-01-09,buy,EUR,50000,15954.62,-54.515,WSL030330
2025-01-09,buy,EUR,66000,21029.547,-41.408,WSL030330
2025-01-09,buy,GBP,10000,3848.242,-46.909,WSL030330
2025-01-09,buy,GBP,15000,5726.073,-24.073,WSL030330
2025-01-09,buy,GBP,15000,5781.621,-79.621,WSL030330
2025-01-09,buy,GBP,25000,9551.17,-47.836,WSL030330
2025-01-09,buy,SAR,1500000,123324.897,52.848,WSL030330
2025-01-09,buy,USD,1300000,401220.118,24.882,WSL030330
2025-01-09,sell,THB,500000,4509.06,-69.765,WSL010431
2025-01-09,sell,QAR,300000,25350.493,-73.724,WSL030330
2025-01-09,sell,USD,2500000,772425.8,800.8,WSL030330
2025-01-08,sell,EUR,9000,2869.2,8.294,WSL030330
2025-01-08,sell,EUR,30000,9564,30.424,WSL030330
2025-01-08,sell,AED,50000,4206.5,2.357,WSL030330
2025-01-08,sell,BHD,2000,1636.6,0.516,WSL030330
2025-01-08,sell,EUR,10000,3202,26.301,WSL030330
2025-01-08,sell,JOD,5000,2182.5,0.634,WSL030330
2025-01-08,sell,USD,50000,15435,10,WSL030330
2025-01-08,sell,GEL,18000,2039.112,-88.474,WSL030330
2025-01-08,sell,AZN,10000,1840,-64.321,WSL010431
2025-01-08,sell,GEL,10000,1135,-46.992,WSL010431
2025-01-08,sell,USD,10000,3087,2,WSL010431
2025-01-08,sell,JPY,1500000,2957,31.535,WSL010431
2025-01-08,sell,THB,500000,4497,-79.6,WSL010431
2025-01-08,sell,TRY,200000,1768,-73.792,WSL010431
2025-01-08,sell,THB,500000,4505,-71.6,WSL010431
2025-01-08,sell,THB,500000,4497.085,-79.515,WSL010431
2025-01-08,sell,JPY,1000000,1971.25,21.93,WSL010431
2025-01-08,sell,THB,500000,4503.65,-72.95,WSL010431
2025-01-08,sell,SAR,200000,16426,-16.372,WSL030330
2025-01-08,sell,CNY,20000,847,-9.944,WSL010431
2025-01-08,sell,EUR,9200,2947.22,18.481,WSL030330
2025-01-08,sell,EUR,6000,1921.2,9.857,WSL030330
2025-01-08,sell,AED,35000,2943.5,0.6,WSL030330
2025-01-08,sell,USD,40000,12344,4,WSL030330
2025-01-08,sell,QAR,20000,1692,-2.124,WSL030330
2025-01-08,buy,EGP,400000,2760,403.976,WSL030330
2025-01-08,sell,TRY,200000,1768,-73.792,WSL030330
2025-01-08,sell,USD,30300,9352.095,4.545,WSL030330
2025-01-08,sell,EUR,100000,32233,377.29,WSL010431
2025-01-08,sell,USD,9700,2993.905,1.455,WSL030330
2025-01-08,sell,EUR,100000,32015,143.865,WSL030330
2025-01-08,sell,THB,2500000,22479.25,-403.75,WSL030330
2025-01-08,sell,AED,100000,8410,1.714,WSL030330
2025-01-08,sell,USD,30000,9255,0,WSL030330
2025-01-08,sell,USD,50000,15432.5,7.5,WSL030330
2025-01-08,sell,CNY,20000,847,-9.944,WSL030330
2025-01-08,sell,CHF,5000,1706.25,12.684,WSL030330
2025-01-08,sell,CNY,30000,1278,-7.417,WSL030330
2025-01-08,sell,EUR,20000,6407,32.773,WSL030330
2025-01-08,sell,EUR,30000,9625.2,63.86,WSL030330
2025-01-08,sell,GEL,10000,1137,-44.992,WSL030330
2025-01-08,sell,EGP,1000000,6971.75,-938.19,WSL030330
2025-01-08,sell,CNY,100000,4235,-49.722,WSL030330
2025-01-08,sell,THB,1000000,9050,-103.2,WSL030330
2025-01-08,sell,USD,100000,30870,20,WSL030330
2025-01-08,sell,USD,20000,6175,5,WSL030330
2025-01-08,sell,CNY,100000,4235,-49.722,WSL030330
2025-01-08,sell,AED,100000,8413,4.714,WSL030330
2025-01-08,sell,USD,50000,15435,10,WSL030330
2025-01-08,sell,THB,300000,2703,-42.96,WSL030330
2025-01-08,sell,TRY,200000,1766,-75.792,WSL030330
2025-01-08,buy,AED,100000,8406.923,1.363,WSL030330
2025-01-08,buy,AED,2000000,168092.644,73.076,WSL030330
2025-01-08,buy,CHF,20000,6850.639,-65.2,WSL030330
2025-01-08,buy,CZK,200000,2625.106,-82.872,WSL030330
2025-01-08,buy,EUR,50000,16023.978,-51.39,WSL030330
2025-01-08,buy,EUR,50000,16054.822,-82.234,WSL030330
2025-01-08,buy,EUR,50000,16101.09,-128.502,WSL030330
2025-01-08,buy,EUR,100000,32217.602,-272.427,WSL030330
2025-01-08,buy,EUR,140000,44815.317,-92.072,WSL030330
2025-01-08,buy,INR,3000000,10685.335,438.245,WSL030330
2025-01-08,buy,INR,5000000,17829.48,709.82,WSL030330
2025-01-08,buy,JPY,1000000,1968.285,-16.615,WSL030330
2025-01-08,buy,JPY,1000000,1969.165,-17.495,WSL030330
2025-01-08,buy,KWD,168173.25,167982.639,190.611,WSL030330
2025-01-08,buy,LKR,1500000,1694.78,31.9,WSL030330
2025-01-08,buy,MYR,100000,6915.919,159.769,WSL030330
2025-01-08,buy,PHP,2000000,10545.3,317.36,WSL030330
2025-01-08,buy,SAR,1000000,82165.69,46.17,WSL030330
2025-01-08,buy,SAR,200000,16400,42.372,WSL010431
2025-01-08,buy,AED,1860000,156304.859,89.261,WSL030330
2025-01-08,buy,CNY,300000,12676.027,178.139,WSL030330
2025-01-08,buy,INR,2000000,7123.554,292.166,WSL030330
2025-01-08,buy,THB,10000000,89796.21,1735.79,WSL030330
2025-01-07,sell,USD,800,247.04,0.36,WSL030330
2025-01-07,sell,USD,9600,2964.48,4.32,WSL030330
2025-01-07,sell,USD,9600,2964.48,4.32,WSL030330
2025-01-07,sell,EUR,20000,6404,-5.98,WSL030330
2025-01-07,sell,CHF,10000,3422.5,22.081,WSL030330
2025-01-07,sell,USD,40000,12344,10,WSL030330
2025-01-07,sell,USD,200000,61720,50,WSL030330
2025-01-07,sell,TRY,200000,1768,-72.896,WSL010431
2025-01-07,sell,USD,20000,6172,5,WSL010431
2025-01-07,sell,USD,9700,2993.42,2.425,WSL010431
2025-01-07,sell,USD,9700,2993.42,2.425,WSL010431
2025-01-07,sell,USD,30600,9443.16,7.65,WSL010431
2025-01-07,sell,AUD,10000,1936.5,0.37,WSL010431
2025-01-07,sell,MYR,50000,3475,-61.124,WSL010431
2025-01-07,sell,USD,100000,30860,25,WSL010431
2025-01-07,sell,USD,20000,6172,5,WSL010431
2025-01-07,sell,PHP,400000,2118,-53.476,WSL030330
2025-01-07,sell,TRY,160000,1420,-52.717,WSL030330
2025-01-07,sell,THB,200000,1810,-19.748,WSL010431
2025-01-07,sell,JOD,10000,4357,-4.611,WSL030330
2025-01-07,sell,USD,70000,21602,17.5,WSL030330
2025-01-07,sell,GBP,5000,1939.5,1.829,WSL030330
2025-01-07,sell,INR,200000,724,-17.212,WSL030330
2025-01-07,sell,SAR,20000,1645,1.562,WSL030330
2025-01-07,sell,TRY,100000,886,-34.448,WSL030330
2025-01-07,sell,USD,30000,9258,7.5,WSL030330
2025-01-07,sell,EUR,20000,6402.775,-27.556,WSL030330
2025-01-07,sell,SAR,20000,1645,1.562,WSL030330
2025-01-07,sell,JOD,10000,4360,-1.611,WSL030330
2025-01-07,sell,USD,30000,9267,16.5,WSL010431
2025-01-07,sell,TRY,100000,884,-36.448,WSL030330
2025-01-07,sell,USD,30000,9258,7.5,WSL030330
2025-01-07,sell,AZN,10000,1840,-63.395,WSL010431
2025-01-07,sell,HKD,50000,1989,5.71,WSL010431
2025-01-07,sell,EUR,10000,3200,-11.465,WSL030330
2025-01-07,sell,USD,10000,3086,2.5,WSL030330
2025-01-07,sell,USD,70000,21602,17.5,WSL030330
2025-01-07,buy,JOD,70000,30497.6,33.676,WSL030330
2025-01-07,sell,USD,30000,9258,7.5,WSL030330
2025-01-07,sell,AZN,10000,1840,-63.395,WSL030330
2025-01-07,sell,USD,30000,9258,7.5,WSL030330
2025-01-07,buy,BDT,1000000,2545,208.1,WSL030330
2025-01-07,sell,BDT,400000,1024,-77.24,WSL030330
2025-01-07,sell,INR,250000,902.5,-24.015,WSL030330
2025-01-07,sell,PKR,200000,233,-4.182,WSL030330
2025-01-07,sell,USD,80000,24680,12,WSL030330
2025-01-07,sell,AED,30000,2522.4,1.141,WSL010431
2025-01-07,sell,EUR,10000,3215,8.777,WSL030330
2025-01-07,sell,THB,100000,905,-9.874,WSL030330
2025-01-07,sell,TRY,200000,1768,-72.896,WSL030330
2025-01-07,sell,USD,30000,9258,7.5,WSL030330
2025-01-07,sell,AZN,10000,1840,-63.395,WSL010431
2025-01-07,sell,TRY,300000,2652,-109.344,WSL010431
2025-01-07,sell,USD,20000,6172,5,WSL010431
2025-01-07,sell,AED,1500000,126045.78,-17.175,WSL030330
2025-01-07,sell,AED,700000,58835,5.621,WSL030330
2025-01-07,sell,BDT,1000000,2550,-203.1,WSL030330
2025-01-07,sell,BHD,10000,8183,6.558,WSL030330
2025-01-07,sell,EGP,500000,3500,-453.045,WSL030330
2025-01-07,sell,EUR,150000,47820,-273.35,WSL030330
2025-01-07,sell,GBP,50000,19250,-85.087,WSL030330
2025-01-07,sell,INR,10000000,35800,-1260.6,WSL030330
2025-01-07,sell,JOD,50000,21810,1.946,WSL030330
2025-01-07,sell,SAR,800000,65760,22.488,WSL030330
2025-01-07,sell,THB,800000,7228,-90.992,WSL030330
2025-01-07,sell,TRY,1000000,8860,-344.48,WSL030330
2025-01-07,sell,USD,1000000,309000,650,WSL030330
2025-01-07,buy,GBP,925,343.175,14.524,WSL010431
2025-01-07,buy,AED,1100,91.853,0.593,WSL030330
2025-01-07,buy,BHD,21,17.084,0.087,WSL030330
2025-01-07,buy,USD,700,211.4,4.445,WSL030330
2025-01-07,buy,AED,2200000,184811.99,80.344,WSL030330
2025-01-07,buy,BHD,20000,16346.766,6.119,WSL030330
2025-01-07,buy,EGP,500000,3448.546,504.499,WSL030330
2025-01-07,buy,EUR,30000,9592.138,25.607,WSL030330
2025-01-07,buy,EUR,50000,16062.43,-32.855,WSL030330
2025-01-07,buy,GBP,30000,11607.495,-6.443,WSL030330
2025-01-07,buy,HKD,50000,1986.469,-2.695,WSL030330
2025-01-07,buy,INR,10000000,35600.462,1460.138,WSL030330
2025-01-07,buy,SAR,200000,16420.772,13.606,WSL030330
2025-01-07,buy,SAR,500000,41057.398,28.547,WSL030330
2025-01-07,buy,USD,500000,154165.415,9.585,WSL030330
2025-01-06,sell,AED,30000,2523.9,0.597,WSL010431
2025-01-06,sell,AZN,5000,918.5,-33.969,WSL010431
2025-01-06,sell,JOD,5000,2182.5,-0.074,WSL010431
2025-01-06,sell,USD,20000,6176,4,WSL010431
2025-01-06,sell,EUR,20000,6375,-17.958,WSL010431
2025-01-06,sell,PLN,10000,770,20.334,WSL010431
2025-01-06,sell,USD,50000,15437.5,7.5,WSL010431
2025-01-06,sell,AZN,10000,1838,-66.938,WSL010431
2025-01-06,sell,AED,30000,2523.9,0.597,WSL010431
2025-01-06,sell,JOD,5000,2182.75,0.176,WSL010431
2025-01-06,sell,USD,21500,6639.2,4.3,WSL010431
2025-01-06,sell,AZN,20000,3676,-133.877,WSL010431
2025-01-06,sell,EUR,5000,1598.5,0.261,WSL010431
2025-01-06,sell,AED,30000,2524.2,0.897,WSL010431
2025-01-06,sell,AZN,20000,3675,-134.877,WSL010431
2025-01-06,sell,EUR,30000,9562.5,-31.565,WSL010431
2025-01-06,sell,USD,30000,9273,15,WSL010431
2025-01-06,sell,USD,50000,15437.5,7.5,WSL030330
2025-01-06,sell,THB,100000,904,-17.171,WSL030330
2025-01-06,sell,USD,50000,15432.5,2.5,WSL030330
2025-01-06,sell,BHD,40000,32734.023,1.736,WSL030330
2025-01-06,sell,CNY,200000,8536.653,-35.569,WSL030330
2025-01-06,sell,JOD,100000,43624.54,-26.93,WSL030330
2025-01-06,sell,JOD,5000,2180,-2.574,WSL030330
2025-01-06,sell,USD,40000,12348,4,WSL030330
2025-01-06,sell,EUR,50000,15937.5,12.197,WSL030330
2025-01-06,sell,THB,1000000,9050,-161.71,WSL030330
2025-01-06,sell,EUR,10000,3204.5,19.439,WSL030330
2025-01-06,sell,INR,500000,1810,-58.035,WSL030330
2025-01-06,sell,JPY,1000000,1984,25.51,WSL030330
2025-01-06,sell,PHP,500000,2647.5,-83.455,WSL030330
2025-01-06,sell,THB,300000,2715,-48.513,WSL030330
2025-01-06,sell,TRY,500000,4427.5,-206.135,WSL030330
2025-01-06,sell,AZN,10000,1838,-66.938,WSL030330
2025-01-06,sell,EUR,20000,6379,8.879,WSL030330
2025-01-06,sell,USD,10000,3090,4,WSL030330
2025-01-06,sell,AED,150000,12621,4.484,WSL030330
2025-01-06,sell,THB,100000,906,-15.171,WSL030330
2025-01-06,sell,USD,40000,12357,13,WSL030330
2025-01-06,sell,EUR,6000,1911.9,2.16,WSL030330
2025-01-06,sell,INR,100000,361,-12.607,WSL030330
2025-01-06,sell,USD,10000,3086.5,0.5,WSL030330
2025-01-06,sell,USD,40000,12350,6,WSL030330
2025-01-06,sell,AED,50000,4206.5,0.994,WSL010431
2025-01-06,sell,TRY,300000,2658,-122.181,WSL010431
2025-01-06,buy,JOD,200000,87165.375,137.565,WSL030330
2025-01-06,buy,QAR,500000,42238.193,128.637,WSL030330
2025-01-06,buy,TRY,2000000,17641.51,893.03,WSL030330
2025-01-06,buy,TRY,5000000,44141.63,2194.72,WSL030330
2025-01-05,buy,GBP,20000,7680,-6.352,WSL030330
2025-01-05,buy,CHF,310,102.3,2.932,WSL030330
2025-01-05,buy,GBP,380,133,12.799,WSL030330
2025-01-05,sell,RUB,1000000,3050,-131.44,WSL030330
2025-01-05,sell,AED,100000,8410,-1.011,WSL030330
2025-01-05,sell,EUR,10000,3187.5,7.994,WSL030330
2025-01-05,sell,CNY,50000,2135,-8.056,WSL010431
2025-01-05,sell,AZN,10000,1837,-67.938,WSL010431
2025-01-05,sell,MYR,40000,2780,-57.701,WSL010431
2025-01-05,sell,AED,190000,15982.8,1.879,WSL010431
2025-01-05,sell,USD,20000,6176,4,WSL010431
2025-01-05,sell,AZN,10000,1837,-67.938,WSL010431
2025-01-05,sell,THB,500000,4535,-70.855,WSL010431
2025-01-05,sell,AZN,10000,1839,-65.938,WSL010431
2025-01-05,sell,JOD,5000,2182,-0.574,WSL010431
2025-01-05,sell,TRY,1000000,8855.1,-412.17,WSL030330
2025-01-05,sell,CAD,10000,2143,7.064,WSL030330
2025-01-05,sell,CNY,50000,2134,-9.056,WSL030330
2025-01-05,sell,EUR,20000,6375,15.988,WSL030330
2025-01-05,sell,MYR,20000,1394,-24.851,WSL030330
2025-01-05,sell,PLN,10000,770,24.967,WSL030330
2025-01-05,sell,AED,30000,2523,-0.303,WSL030330
2025-01-05,sell,BHD,2000,1637.4,0.786,WSL030330
2025-01-05,sell,EGP,120000,852,-97.5,WSL030330
2025-01-05,sell,EUR,5000,1594,4.247,WSL030330
2025-01-05,sell,GBP,5000,1922.5,4.088,WSL030330
2025-01-05,sell,INR,400000,1448,-46.428,WSL030330
2025-01-05,sell,JOD,2000,873,-0.029,WSL030330
2025-01-05,sell,SAR,150000,12345,9.224,WSL030330
2025-01-05,sell,USD,40000,12364,20,WSL030330
2025-01-05,sell,EUR,5000,1593.5,3.747,WSL030330
2025-01-05,sell,THB,100000,907,-14.171,WSL030330
2025-01-05,sell,USD,30000,9273,15,WSL030330
2025-01-05,sell,USD,40000,12352,8,WSL030330
2025-01-05,sell,EUR,100000,32045,249.942,WSL030330
2025-01-05,sell,GBP,40000,15380,32.705,WSL030330
2025-01-05,sell,THB,1000000,9070,-141.71,WSL030330
2025-01-05,sell,USD,50000,15442.5,12.5,WSL030330
2025-01-05,sell,TRY,20000,177.3,-8.045,WSL030330
2025-01-05,sell,EGP,10000,72,-7.125,WSL030330
2025-01-05,sell,PHP,20000,106,-3.238,WSL030330
2025-01-05,sell,SAR,10000,823,0.615,WSL030330
2025-01-05,sell,AED,600000,50448,-18.066,WSL030330
2025-01-05,sell,MYR,40000,2780,-57.701,WSL030330
2025-01-05,sell,AED,100000,8408,-3.011,WSL030330
2025-01-05,sell,IDR,30000000,583.5,-25.5,WSL030330
2025-01-05,sell,TRY,200000,1773,-80.454,WSL030330
2025-01-05,sell,EUR,30000,9555,16.483,WSL030330
2025-01-05,sell,THB,500000,4530,-75.855,WSL030330
2025-01-05,sell,AED,30000,2523,-0.303,WSL030330
2025-01-05,sell,BDT,25000,64.5,-4.384,WSL030330
2025-01-05,sell,INR,100000,362,-11.607,WSL030330
2025-01-05,sell,USD,30000,9265.5,7.5,WSL030330
2025-01-05,sell,INR,200000,724,-23.214,WSL030330
2025-01-05,sell,PKR,200000,234,-3.376,WSL030330
2025-01-05,sell,JOD,5000,2182.5,-0.074,WSL030330
2025-01-05,sell,INR,200000,724,-23.214,WSL030330
2025-01-05,sell,JOD,10000,4363,-2.147,WSL030330
2025-01-05,sell,PKR,100000,117,-1.688,WSL030330
2025-01-05,sell,TRY,40000,354.6,-16.091,WSL030330
2025-01-05,sell,USD,50000,15435,5,WSL030330
2025-01-05,sell,AED,200000,16820,-2.022,WSL030330
2025-01-05,sell,AED,200000,16820,-2.022,WSL030330
2025-01-05,sell,USD,40000,12352,8,WSL030330
2025-01-05,sell,MYR,30000,2094,-34.276,WSL010431
2025-01-05,sell,PHP,100000,530,-16.191,WSL030330
2025-01-05,sell,THB,100000,908,-13.171,WSL030330
2025-01-05,buy,CAD,10000,2140.182,-4.246,WSL030330
2025-01-05,buy,CHF,10000,3405.629,-11.063,WSL030330
2025-01-05,buy,EGP,1000000,6902.685,1009.815,WSL030330
2025-01-05,buy,EUR,30000,9546.228,-7.711,WSL030330
2025-01-05,buy,EUR,150000,47740.399,-47.812,WSL030330
2025-01-05,buy,GBP,20000,7673.639,0.009,WSL030330
2025-01-05,buy,GBP,20000,7726.092,-52.444,WSL030330
2025-01-05,buy,RUB,1000000,3010.244,171.196,WSL030330
2025-01-05,buy,USD,1000000,308627.138,-27.138,WSL030330
2025-01-04,buy,BHD,3600,2934,8.565,WSL030330
2025-01-04,sell,AED,100000,8407.5,6.028,WSL030330
2025-01-04,sell,USD,30000,9267,19.5,WSL010431
2025-01-04,sell,EUR,20000,6414.8,63,WSL010431
2025-01-04,sell,EUR,25000,8056.25,116.5,WSL010431
2025-01-04,sell,KRW,500000,108.5,3.665,WSL010431
2025-01-04,sell,THB,3000000,27450,-153.78,WSL010431
2025-01-04,buy,BHD,6000,4896,8.274,WSL010431
2025-01-04,sell,THB,200000,1816,-24.252,WSL030330
2025-01-04,sell,INR,300000,1083,-36.549,WSL030330
2025-01-04,sell,THB,200000,1814,-26.252,WSL030330
2025-01-04,sell,AZN,5000,917.5,-33.889,WSL030330
2025-01-04,sell,SAR,100000,8225,10.476,WSL030330
2025-01-04,sell,USD,30000,9267,19.5,WSL030330
2025-01-04,sell,QAR,30000,2538,-1.127,WSL030330
2025-01-04,sell,THB,200000,1816,-24.252,WSL030330
2025-01-04,sell,USD,20000,6177,12,WSL030330
2025-01-04,sell,AED,30000,2523,2.558,WSL030330
2025-01-04,sell,BDT,100000,258,-17.221,WSL030330
2025-01-04,sell,SAR,100000,8225,10.476,WSL030330
2025-01-04,sell,TRY,300000,2661,-116.028,WSL030330
2025-01-04,buy,AZN,150000,27403.675,1137.992,WSL030330
2025-01-04,buy,EGP,1000000,6894.855,1008.675,WSL030330
2025-01-04,buy,EUR,170000,54332.578,-342.281,WSL030330
2025-01-04,buy,IDR,100000000,1926.25,101.75,WSL030330
2025-01-04,buy,KRW,20000000,4236.42,-43.02,WSL030330
2025-01-04,buy,KWD,37619,37497.334,121.666,WSL030330
2025-01-04,buy,PKR,3000000,3418.115,138.475,WSL030330
2025-01-04,buy,SAR,1300000,106643.598,145.214,WSL030330
2025-01-04,buy,THB,4000000,36120.716,684.324,WSL030330
2025-01-04,buy,USD,380000,117127.712,7.288,WSL030330
2025-01-04,buy,BHD,38456,31396.395,36.735,WSL030330
2025-01-04,buy,INR,5000000,17856.307,802.843,WSL030330
2025-01-04,buy,PHP,3000000,15832.185,534.975,WSL030330
2025-01-04,buy,QAR,40200,3393.492,8.938,WSL030330
2025-01-04,buy,QAR,55150,4637.716,30.045,WSL030330
2025-01-02,sell,EUR,50000,16112.5,142.068,WSL030330
2025-01-02,sell,INR,500000,1810,-55.915,WSL030330
2025-01-02,sell,JPY,1000000,1985,15.6,WSL030330
2025-01-02,sell,USD,50000,15445,32.5,WSL030330
2025-01-02,sell,USD,20000,6182,17,WSL030330
2025-01-02,buy,IQD,465000000,99626.25,3575.85,WSL030330
2025-01-02,sell,USD,8000,2471.2,5.2,WSL030330
2025-01-02,sell,USD,42000,12973.8,27.3,WSL030330
2025-01-02,sell,INR,200000,722,-24.366,WSL030330
2025-01-02,sell,THB,100000,913,-7.126,WSL030330
2025-01-02,sell,USD,20000,6176,11,WSL030330
2025-01-02,buy,IQD,235000000,49526.25,2629.65,WSL030330
2025-01-02,sell,SAR,180000,14814,27.857,WSL030330
2025-01-02,sell,USD,30000,9270,22.5,WSL030330
2025-01-02,sell,USD,100000,30885,60,WSL030330
2025-01-02,sell,USD,20000,6178,13,WSL030330
2025-01-02,sell,INR,100000,362,-11.183,WSL030330
2025-01-02,sell,USD,30000,9267,19.5,WSL030330
2025-01-02,sell,INR,100000,362,-11.183,WSL030330
2025-01-02,sell,THB,300000,2739,-21.378,WSL030330
2025-01-02,sell,INR,500000,1810,-55.915,WSL030330
2025-01-02,sell,AZN,100000,18402.985,-624.793,WSL030330
2025-01-02,sell,BHD,20000,16352.785,5.203,WSL030330
2025-01-02,sell,CHF,20000,6861.436,46.269,WSL030330
2025-01-02,sell,EGP,1000000,7005.682,-897.848,WSL030330
2025-01-02,sell,GBP,100000,38808.675,166.455,WSL030330
2025-01-02,sell,SAR,2000000,164509.673,219.193,WSL030330
2025-01-02,sell,EUR,5000,1605,6.878,WSL030330
2025-01-02,sell,INR,150000,541.5,-18.274,WSL030330
2025-01-02,sell,LKR,200000,224,-6.038,WSL030330
2025-01-02,sell,PKR,900000,1026,-40.977,WSL030330
2025-01-02,sell,THB,100000,912,-8.126,WSL030330
2025-01-02,sell,TRY,100000,890,-35.676,WSL030330
2025-01-02,sell,USD,50000,15435,22.5,WSL030330
2025-01-02,sell,EUR,5000,1605,6.878,WSL030330
2025-01-02,sell,INR,200000,724,-22.366,WSL030330
2025-01-02,sell,THB,100000,913,-7.126,WSL030330
2025-01-02,sell,THB,100000,913,-7.126,WSL030330
2025-01-02,sell,TRY,200000,1782,-69.352,WSL030330
2025-01-02,sell,USD,20000,6181,16,WSL030330
2025-01-02,sell,USD,100000,30890,65,WSL030330
2025-01-02,sell,EUR,70000,22470,96.291,WSL030330
2025-01-02,sell,AZN,10000,1840,-62.778,WSL030330
2025-01-02,sell,QAR,300000,25317.634,-73.634,WSL030330
2025-01-02,sell,USD,1200000,370283.808,383.808,WSL030330
2025-01-02,buy,BHD,40,32.531,0.164,WSL030330
2025-01-02,buy,USD,810,244.62,5.062,WSL030330
2025-01-02,buy,AED,500,41.738,0.269,WSL030330
2025-01-02,buy,USD,245,73.99,1.531,WSL030330
2025-01-02,buy,USD,920,277.84,5.75,WSL030330
2025-01-02,buy,SAR,500,40.45,0.623,WSL030330
2025-01-02,buy,USD,400,120.8,2.5,WSL030330
2025-01-02,buy,USD,100,30.2,0.625,WSL030330
2025-12-23,buy,USD,1000000,307444.491,-414.491,WSL030330
2025-12-23,buy,KWD,150000,149624.756,375.244,WSL030330
2025-12-15,buy,KWD,45000,44944.327,55.673,WSL030330
2025-12-15,buy,KWD,200000,199817.619,182.381,WSL030330
2025-12-08,buy,USD,800000,245783.616,-343.616,WSL030330
2025-12-08,buy,KWD,45000,44882.965,117.035,WSL030330
2025-12-08,buy,KWD,230000,229737.913,262.087,WSL030330
2025-11-23,buy,KWD,195000,194822.497,177.503,WSL030330
2025-11-23,buy,USD,1000000,307719.516,-399.516,WSL030330
2025-11-13,buy,TRY,20000000,146095.125,12646.475,WSL030330
2025-11-13,buy,KWD,40000,39956.423,43.577,WSL030330
2025-10-29,buy,CNY,1000000,43529.078,123.842,WSL030330
2025-10-29,buy,JPY,1500000,3043.438,-13.618,WSL030330
2025-09-22,buy,KWD,110000,110007.197,-7.197,WSL030330
2025-09-22,buy,KWD,200000,200294.84,-294.84,WSL030330
2025-09-15,buy,KWD,200000,199869.174,130.826,WSL030330
2025-09-15,buy,KWD,260000,259872.424,127.576,WSL030330
2025-09-11,buy,KWD,240000,240039.267,-39.267,WSL030330
2025-09-08,buy,KWD,130000,129995.748,4.252,WSL030330
2025-09-07,buy,KWD,25000,24942.782,57.218,WSL030330
2025-09-07,buy,USD,3000000,916685.857,-1235.857,WSL030330
2025-09-01,buy,KWD,275000,274595.39,404.61,WSL030330
2025-08-24,buy,KWD,40000,39967.277,32.723,WSL030330
2025-08-24,buy,USD,2000000,611371.77,-671.77,WSL030330
2025-08-24,buy,KWD,220000,219604.446,395.554,WSL030330
2025-08-17,buy,USD,3000000,917449.62,-1099.62,WSL010420
2025-08-17,buy,KWD,200000,199771.092,228.908,WSL010420
2025-08-09,buy,USD,2000000,611733.2,-733.2,WSL010420
2025-08-04,buy,EUR,100000,35408.908,-24.46,WSL010420
2025-08-03,buy,KWD,175000,174714.286,285.714,WSL010420
2025-08-03,buy,PKR,1500000,1686.121,148.379,WSL010420
2025-08-03,buy,USD,3000000,918258.975,-1008.975,WSL010420
2025-07-31,buy,GBP,50000,20390.581,-73.452,WSL010420
2025-07-30,buy,EUR,100000,35138.25,-76.388,WSL010420
2025-07-30,buy,USD,2000000,611833.32,-733.32,WSL010420
2025-07-29,buy,EUR,100000,35459.077,-85.554,WSL010420
2025-07-27,buy,KWD,60000,59970.521,29.479,WSL010420
2025-07-27,buy,USD,3000000,916365.45,-915.45,WSL010420
2025-07-22,buy,EUR,150000,53616.786,-77.851,WSL010420
2025-07-20,buy,ZAR,75000,1317.457,-22.447,WSL010420
2025-07-20,buy,USD,3000000,917866.95,-916.95,WSL010420
2025-07-17,buy,EUR,50000,17720.059,35.15,WSL010420
2025-07-17,buy,EUR,150000,53352.736,-87.11,WSL010420
2025-07-16,buy,BAM,20000,3779.289,89.699,WSL010420
2025-07-16,buy,USD,1500000,459162.712,-687.712,WSL010420
2025-07-13,buy,KWD,200000,199836.388,163.612,WSL010420
2025-07-13,buy,BAM,100000,18877.898,448.051,WSL010420
2025-07-13,buy,USD,3000000,916966.05,-916.05,WSL010420
2025-07-07,buy,EUR,100000,35971.082,-79.339,WSL010420
2025-07-07,buy,GBP,100000,41689.593,-155.627,WSL010420
2025-07-07,buy,EUR,100000,35977.185,-85.442,WSL010420
2025-07-06,buy,USD,3000000,916522.725,-1372.725,WSL010420
2025-06-29,buy,KWD,100000,99934.566,65.434,WSL010420
2025-06-29,buy,IQD,50000,11.118,0.408,WSL010420
2025-06-29,buy,KWD,400000,399150.604,849.396,WSL010420
2025-06-29,buy,JOD,80000,34528.068,36.654,WSL010420
2025-06-29,buy,USD,2000000,611755.26,-855.26,WSL010420
2025-06-25,buy,EUR,100000,35595.12,-58.102,WSL010420
2025-06-25,buy,USD,40000,12240.562,-8.562,WSL010420
2025-06-25,buy,USD,1000000,306258.7,-458.7,WSL010420
2025-06-23,buy,EUR,100000,35321.792,-42.896,WSL010420
2025-06-22,buy,KWD,75000,74951.06,48.94,WSL010420
2025-06-22,buy,USD,1500000,460093.23,-643.23,WSL010420
2025-06-22,buy,EUR,100000,35356.209,-70.449,WSL010420
2025-06-15,buy,KWD,110000,109946.131,53.869,WSL010420
2025-06-15,buy,USD,1000000,306563.302,-413.302,WSL010420
2025-06-15,buy,USD,1000000,306609.225,-459.225,WSL010420
2025-06-11,buy,KWD,110000,109928.304,71.696,WSL010420
2025-06-11,buy,USD,1500000,460595.966,-620.966,WSL010420
2025-06-10,buy,USD,1500000,460595.966,-620.966,WSL010420
2025-06-10,buy,KWD,240000,239843.572,156.428,WSL010420
2025-06-01,buy,KWD,150000,149634.146,365.854,WSL010420
2025-06-01,buy,USD,3000000,921492.338,-1242.338,WSL010420
2025-05-25,buy,USD,3000000,920569.65,-919.65,WSL010420
2025-05-25,buy,TRY,2000000,15941.238,1329.182,WSL010420
2025-05-25,buy,USD,500000,153351.637,-76.637,WSL010420
2025-05-25,buy,KWD,140000,139772.024,227.976,WSL010420
2025-05-18,buy,KWD,60000,59951.251,48.749,WSL030330
2025-05-18,buy,USD,3000000,923272.35,-922.35,WSL030330
2025-05-18,buy,KWD,225000,224817.192,182.808,WSL030330
2025-05-11,buy,KWD,200000,200130.357,-130.357,WSL030330
2025-05-11,buy,USD,2500000,768392.625,-767.625,WSL030330
2025-05-07,buy,KWD,25000,24979.632,20.368,WSL030330
2025-05-07,buy,KWD,150000,149780.166,219.834,WSL030330
2025-05-07,buy,KWD,425000,424584.555,415.445,WSL030330
2025-04-24,buy,KWD,40000,39967.421,32.579,WSL030330
2025-04-24,buy,KWD,150000,150146.867,-146.867,WSL030330
2025-04-24,buy,USD,2000000,613952.06,-552.06,WSL030330
2025-04-17,buy,KWD,30000,29975.586,24.414,WSL030330
2025-04-17,buy,AED,500000,41807.41,22.79,WSL030330
2025-04-17,buy,KWD,650000,649259.681,740.319,WSL030330
2025-04-17,buy,KWD,20000,19928.583,71.417,WSL030330
2025-04-13,buy,KWD,80000,79740.302,259.698,WSL030330
2025-04-13,buy,USD,2000000,614591.28,-491.28,WSL030330
2025-04-10,buy,KWD,30000,29975.653,24.347,WSL030330
2025-04-10,buy,AED,2000000,167692.727,91.413,WSL030330
2025-04-10,buy,KWD,150000,149878.266,121.734,WSL030330
2025-04-10,buy,KWD,10000,9967.617,32.383,WSL030330
2025-04-02,buy,KWD,590000,589522.345,477.655,WSL030330
2025-04-02,buy,AED,2000000,168101.335,91.625,WSL030330
2025-04-02,buy,USD,1000000,308981.97,-431.97,WSL030330
2025-03-27,buy,EUR,100000,33286.374,-70.966,WSL030330
2025-03-27,buy,USD,2000000,617593.68,-493.68,WSL030330
2025-03-27,buy,KWD,20000,20012.972,-12.972,WSL030330
2025-03-27,buy,KWD,120000,119902.85,97.15,WSL030330
2025-03-24,buy,EUR,50000,16733.784,-26.214,WSL030330
2025-03-24,buy,EUR,100000,33495.324,-21.588,WSL030330
2025-03-24,buy,KWD,80000,80012.972,-12.972,WSL030330
2025-03-24,buy,USD,3000000,925940.16,-740.16,WSL030330
2025-03-20,buy,KWD,20000,19983.785,16.215,WSL030330
2025-03-20,buy,EUR,50000,16794.531,-29.269,WSL030330
2025-03-20,buy,KWD,70000,69920.57,79.43,WSL030330
2025-03-20,buy,KWD,160000,159818.447,181.553,WSL030330
2025-03-16,buy,USD,3000000,925339.68,-739.68,WSL030330
2025-03-16,buy,AED,2000000,167956.403,45.777,WSL030330
2025-03-16,buy,KWD,60000,59951.37,48.63,WSL030330
2025-03-16,buy,KWD,130000,129894.634,105.366,WSL030330
2025-03-10,buy,KWD,150000,149829.849,170.151,WSL030330
2025-03-10,buy,AED,2000000,167910.651,91.529,WSL030330
2025-03-10,buy,KWD,150000,149829.849,170.151,WSL030330
2025-03-04,buy,KWD,350000,349434.206,565.794,WSL030330
2025-03-02,buy,KWD,30000,29975.752,24.248,WSL030330
2025-03-02,buy,USD,2000000,617717.1,-617.1,WSL030330
2025-03-02,buy,KWD,300000,299757.124,242.876,WSL030330
2025-02-24,buy,KWD,30000,29975.712,24.288,WSL030330
2025-02-24,buy,CHF,10000,3455.207,-13.489,WSL030330
2025-02-24,buy,USD,1500000,463102.695,-277.695,WSL030330
2025-02-23,buy,KWD,40000,39967.627,32.373,WSL030330
2025-02-23,buy,AED,1000000,84100.817,22.923,WSL030330
2025-02-23,buy,USD,3000000,926690.76,-740.76,WSL030330
2025-02-16,buy,JPY,2000000,4073.219,-18.459,WSL030330
2025-02-16,buy,USD,2000000,617994,-494,WSL030330
2025-02-13,buy,GEL,30000,3395.604,115.759,WSL030330
2025-02-13,buy,KWD,40000,40012.949,-12.949,WSL030330
2025-02-13,buy,KWD,260000,259873.848,126.152,WSL030330
2025-02-13,buy,USD,1000000,309247.2,-247.2,WSL030330
2025-02-13,buy,USD,3000000,927741.6,-741.6,WSL030330
2025-02-09,buy,KWD,260000,259915.83,84.17,WSL030330
2025-02-09,buy,JPY,1000000,2033.586,6.174,WSL030330
2025-02-09,buy,GEL,100000,11085.981,610.989,WSL030330
2025-02-09,buy,USD,1500000,463570.56,-370.56,WSL030330
2025-02-09,buy,USD,3000000,927141.12,-741.12,WSL030330
2025-02-03,buy,AED,1500000,126335.15,34.435,WSL030330
2025-02-03,buy,KWD,250000,250364.491,-364.491,WSL030330
2025-02-03,buy,USD,2000000,618694.56,-494.56,WSL030330
2025-01-26,buy,KWD,125000,124817.755,182.245,WSL010431
2025-01-26,buy,USD,3000000,925339.68,-739.68,WSL010431
2025-01-26,buy,JPY,1500000,2982.581,-17.216,WSL010431
2025-01-26,buy,JPY,2500000,4958.172,-15.897,WSL010431
2025-01-26,buy,JPY,2000000,3976.774,-22.954,WSL010431
2025-01-26,buy,CZK,500000,6571.429,-123.729,WSL010431
2025-01-21,buy,GBP,50000,18982.02,-67.848,WSL010431
2025-01-21,buy,EUR,50000,16033.716,-37.008,WSL010431
2025-01-21,buy,KWD,50000,49959.501,40.499,WSL010431
2025-01-21,buy,USD,1000000,308461.68,-61.68,WSL010431
2025-01-20,buy,GBP,50000,18897.096,-80.249,WSL010431
2025-01-20,buy,EUR,100000,31858.853,-37.038,WSL010431
2025-01-19,buy,JPY,2000000,3990.953,-35.533,WSL010431
2025-01-19,buy,KWD,40000,39967.643,32.357,WSL010431
2025-01-19,buy,USD,2000000,618094.08,-494.08,WSL010431
2025-01-19,buy,AED,1000000,84130.228,34.392,WSL010431
2025-01-19,buy,JPY,2000000,3969.152,-13.732,WSL010431
2025-01-19,buy,JPY,2000000,3937.52,17.9,WSL010431
2025-01-15,buy,AED,500000,42070.845,11.465,WSL010431
2025-01-15,buy,KWD,350000,349490.703,509.297,WSL010431
2025-01-15,buy,JPY,1000000,1968.76,-0.63,WSL010431
2025-01-15,buy,CAD,50000,10718.5,42.581,WSL010431
2025-01-13,buy,EUR,100000,31641.6,-142.14,WSL010431
2025-01-13,buy,KWD,35000,34983.018,16.982,WSL010431
2025-01-13,buy,KWD,300000,300097.119,-97.119,WSL010431
2025-01-13,buy,JPY,2000000,3927.55,-5.73,WSL010431
2025-01-09,buy,IQD,625000,134.456,4.438,WSL030330
2025-01-09,buy,KWD,120000,119961.134,38.866,WSL030330
2025-01-09,buy,JPY,1000000,1965.924,-14.294,WSL030330
2025-01-09,buy,USD,1500000,463345.38,-370.38,WSL030330
2025-01-09,buy,USD,3000000,926690.76,-740.76,WSL030330
2025-01-02,buy,EUR,50000,16012.046,-41.614,WSL030330
2025-01-02,buy,EUR,50000,16008.964,-38.531,WSL030330
2025-01-02,buy,SAR,2000000,164400,-109.52,WSL030330
2025-01-02,buy,AED,2000000,167983.651,45.789,WSL030330
2025-01-02,buy,KWD,115000,114906.807,93.193,WSL030330
2025-01-02,buy,USD,1000000,308496.6,-246.6,WSL030330
2025-01-02,buy,USD,1000000,308496.6,-246.6,WSL030330
