date,type,currency,fcy_amount,volume_kwd,gross_profit_kwd,till
2026-06-30,sell,SAR,200000,16530,-14,WSL010420
2026-06-30,sell,TRY,600000,4122,-216.462,WSL010420
2026-06-30,sell,BAM,10000,1920,-6.708,WSL010420
2026-06-30,sell,GBP,20000,8240,38.932,WSL010420
2026-06-30,sell,MYR,50000,3825,-101.582,WSL010420
2026-06-30,sell,USD,50000,15550,40,WSL010420
2026-06-30,sell,BAM,9950,1905.425,-11.65,WSL030330
2026-06-30,sell,EUR,10000,3549,14.271,WSL030330
2026-06-30,sell,PLN,6660,579.42,31.689,WSL010420
2026-06-30,sell,GBP,15000,6177,21.081,WSL010420
2026-06-30,sell,GBP,30000,12372,46.203,WSL030330
2026-06-30,sell,USD,200000,62150,110,WSL030330
2026-06-30,sell,EUR,30000,10645.5,29.215,WSL010420
2026-06-30,sell,SAR,400000,33060,-28,WSL010420
2026-06-30,sell,TRY,500000,3435,-180.385,WSL010420
2026-06-30,sell,EUR,50000,17742.5,48.692,WSL010420
2026-06-30,sell,GBP,5000,2060,5.7,WSL030330
2026-06-30,sell,USD,30000,9330,24,WSL030330
2026-06-30,sell,JOD,20000,8780,1.34,WSL010420
2026-06-30,sell,THB,500000,4715,-77.59,WSL010420
2026-06-30,sell,TRY,1000000,6880,-350.77,WSL010420
2026-06-30,sell,USD,10000,3110,8,WSL010420
2026-06-30,sell,EUR,10000,3548,9.238,WSL030330
2026-06-30,sell,SYP,100000,271.5,23.34,WSL030330
2026-06-30,sell,USD,20000,6218,14,WSL030330
2026-06-30,sell,USD,50000,15550,40,WSL030330
2026-06-30,sell,EUR,20000,7081,3.477,WSL010420
2026-06-30,sell,USD,50000,15550,40,WSL030330
2026-06-30,buy,EGP,600000,4440,43.632,WSL010420
2026-06-30,sell,CNY,100000,4615,-21.771,WSL010420
2026-06-30,sell,THB,1000000,9400,-185.18,WSL010420
2026-06-30,sell,TRY,500000,3440,-175.385,WSL010420
2026-06-30,sell,USD,40000,12440,32,WSL010420
2026-06-30,buy,CZK,100000,1524.6,-65.591,WSL010420
2026-06-30,sell,CNY,10000,461.5,-2.177,WSL030330
2026-06-30,sell,USD,130000,40417,91,WSL030330
2026-06-30,sell,AED,10000,842,-3.462,WSL030330
2026-06-30,sell,INR,400000,1328,-50.652,WSL030330
2026-06-30,sell,JOD,32000,14044.8,-1.056,WSL030330
2026-06-30,sell,PHP,100000,520,-24.091,WSL030330
2026-06-30,sell,SAR,150000,12390,-18,WSL030330
2026-06-30,sell,THB,100000,942,-16.518,WSL030330
2026-06-30,sell,TRY,30000,206.4,-10.523,WSL030330
2026-06-30,sell,USD,260000,80834,182,WSL030330
2026-06-30,buy,EUR,500,162.5,14.314,WSL030330
2026-06-30,buy,SAR,200,15.9,0.644,WSL030330
2026-06-30,buy,SAR,250,19.875,0.805,WSL030330
2026-06-30,buy,SAR,265,21.068,0.853,WSL030330
2026-06-30,buy,SAR,600,47.7,1.932,WSL030330
2026-06-30,buy,USD,20,6.04,0.164,WSL030330
2026-06-30,buy,USD,50,15.1,0.41,WSL030330
2026-06-30,buy,USD,100,30.2,0.82,WSL030330
2026-06-30,buy,USD,100,30.2,0.82,WSL030330
2026-06-30,buy,USD,100,30.2,0.82,WSL030330
2026-06-30,buy,USD,220,66.44,1.804,WSL030330
2026-06-29,sell,EUR,1000,355,0.628,WSL030330
2026-06-29,sell,SAR,350000,28927.5,-24.5,WSL010420
2026-06-29,sell,INR,300000,996,-37.989,WSL010420
2026-06-29,sell,EUR,50000,17737.5,46.794,WSL010420
2026-06-29,sell,USD,20000,6222,18,WSL010420
2026-06-29,sell,PLN,11000,957,50.248,WSL010420
2026-06-29,sell,CAD,10000,2197.59,13.997,WSL010420
2026-06-29,sell,CHF,10000,3870,39.737,WSL010420
2026-06-29,sell,EUR,50000,17700,35.042,WSL010420
2026-06-29,sell,THB,1000000,9400,-173.75,WSL010420
2026-06-29,sell,USD,30000,9330,35.1,WSL030330
2026-06-29,sell,PHP,100000,519,-24.442,WSL030330
2026-06-29,sell,THB,100000,943,-14.375,WSL030330
2026-06-29,sell,GEL,10000,1199,-6.564,WSL030330
2026-06-29,sell,TRY,1000000,6870,-352.14,WSL030330
2026-06-29,buy,CAD,20000,4382.32,-15.75,WSL030330
2026-06-29,buy,CHF,10000,3848.82,-22.814,WSL030330
2026-06-29,buy,JOD,100000,43809.962,30.983,WSL030330
2026-06-29,buy,JPY,1000000,1936.438,-21.658,WSL030330
2026-06-29,buy,KWD,30000,29911.183,88.817,WSL030330
2026-06-29,buy,OMR,5000,4021.677,2.089,WSL030330
2026-06-29,buy,SAR,1000000,82566.289,55.041,WSL030330
2026-06-29,buy,SYP,300000,801.284,-57.692,WSL030330
2026-06-29,buy,TRY,5000000,34122.245,1988.455,WSL030330
2026-06-29,buy,EUR,150000,53078.526,-153.366,WSL030330
2026-06-28,sell,PLN,20000,1715,68.894,WSL010420
2026-06-28,sell,CHF,10000,3855,27.103,WSL010420
2026-06-28,sell,USD,30000,9324,29.1,WSL010420
2026-06-28,sell,SYP,100000,259,11.136,WSL030330
2026-06-28,sell,THB,1500000,14145,-289.98,WSL030330
2026-06-28,sell,CAD,10000,2195,10.945,WSL010420
2026-06-28,sell,JOD,25000,10975,14.764,WSL010420
2026-06-28,sell,JPY,2000000,3920,88.32,WSL010420
2026-06-28,sell,USD,100000,31090,107,WSL010420
2026-06-28,sell,BAM,10000,1910,-26.438,WSL010420
2026-06-28,sell,CNY,50000,2305,-10.62,WSL010420
2026-06-28,sell,IDR,100000000,1835,-101,WSL010420
2026-06-28,sell,LKR,500000,535,-38.76,WSL010420
2026-06-28,sell,MYR,30000,2292,-73.114,WSL010420
2026-06-28,sell,THB,1500000,14100,-334.98,WSL010420
2026-06-28,sell,EUR,20000,7108,50.073,WSL010420
2026-06-28,sell,INR,250000,830,-40.312,WSL010420
2026-06-28,sell,JPY,1000000,1940,24.16,WSL010420
2026-06-28,sell,TRY,600000,4128,-225.582,WSL010420
2026-06-28,sell,USD,50000,15537.5,46,WSL010420
2026-06-28,buy,JPY,2000000,3900,-68.32,WSL010420
2026-06-28,sell,TRY,200000,1378,-73.194,WSL030330
2026-06-28,sell,MYR,25000,1910,-60.929,WSL010420
2026-06-28,sell,EUR,100000,35370,80.363,WSL030330
2026-06-28,buy,EUR,200000,70734.189,-154.915,WSL030330
2026-06-28,sell,USD,200000,62150,184,WSL030330
2026-06-28,sell,EUR,40000,14170,54.145,WSL010420
2026-06-28,sell,TRY,500000,3440,-187.985,WSL010420
2026-06-28,buy,SAR,100,7.95,0.312,WSL030330
2026-06-28,buy,USD,505,152.51,3.954,WSL030330
2026-06-28,buy,AED,500000,42199.672,23.003,WSL030330
2026-06-28,buy,CNY,100000,4590.074,41.167,WSL030330
2026-06-28,buy,INR,3000000,9846.292,597.458,WSL030330
2026-06-28,buy,JPY,2000000,3868.036,-36.356,WSL030330
2026-06-28,buy,THB,5000000,46576.96,1539.64,WSL030330
2026-06-27,sell,EUR,30000,10627.5,40.609,WSL010420
2026-06-27,sell,USD,30000,9321,26.1,WSL010420
2026-06-27,sell,THB,1000000,9440,-183.32,WSL030330
2026-06-27,sell,SAR,150000,12390,-3.2,WSL010420
2026-06-27,sell,THB,1000000,9380,-243.32,WSL010420
2026-06-27,sell,AZN,10000,1847.5,-37.111,WSL010420
2026-06-27,sell,JOD,10000,4390,5.906,WSL010420
2026-06-27,sell,PLN,20000,1715,68.894,WSL010420
2026-06-27,sell,TRY,600000,4134,-219.582,WSL010420
2026-06-27,sell,JOD,5000,2195,2.953,WSL010420
2026-06-27,sell,TRY,300000,2067,-109.791,WSL010420
2026-06-27,sell,AZN,10000,1846.5,-38.111,WSL030330
2026-06-27,sell,USD,3000,930,0.51,WSL030330
2026-06-27,sell,CAD,10000,2194.4,10.345,WSL010420
2026-06-27,sell,CHF,10000,3853.85,25.953,WSL010420
2026-06-27,sell,EUR,30000,10662,75.109,WSL010420
2026-06-27,sell,PLN,20000,1715,68.894,WSL010420
2026-06-27,sell,THB,1000000,9500,-123.32,WSL010420
2026-06-27,sell,TRY,400000,2752,-150.388,WSL010420
2026-06-27,sell,USD,40000,12416,22.8,WSL010420
2026-06-27,sell,BAM,40000,7640,-105.75,WSL010420
2026-06-27,sell,JOD,30000,13170,17.716,WSL010420
2026-06-27,sell,THB,2000000,18760,-486.64,WSL010420
2026-06-27,sell,TRY,1500000,10335,-548.955,WSL010420
2026-06-27,sell,USD,60000,18648,58.2,WSL030330
2026-06-27,sell,EUR,50000,17725,80.182,WSL010420
2026-06-27,sell,SAR,50000,4130,-1.066,WSL010420
2026-06-27,sell,USD,60000,18660,70.2,WSL010420
2026-06-27,sell,SAR,250000,20650,-5.332,WSL010420
2026-06-27,sell,THB,100000,947,-15.332,WSL030330
2026-06-27,sell,TRY,70000,483,-24.918,WSL030330
2026-06-27,sell,USD,40000,12440,46.8,WSL030330
2026-06-27,sell,JOD,10000,4390,5.906,WSL010420
2026-06-27,sell,USD,140000,43540,163.8,WSL010420
2026-06-27,sell,EUR,20000,7072,14.073,WSL010420
2026-06-27,sell,EUR,30000,10662,75.109,WSL010420
2026-06-27,sell,PHP,300000,1566,-79.104,WSL010420
2026-06-27,sell,PLN,20000,1715,68.894,WSL010420
2026-06-27,sell,THB,500000,4732.5,-79.16,WSL010420
2026-06-27,sell,TRY,500000,3440,-187.985,WSL010420
2026-06-27,sell,THB,200000,1894,-30.664,WSL010420
2026-06-27,sell,TRY,200000,1380,-71.194,WSL010420
2026-06-27,sell,USD,10000,3105,6.7,WSL010420
2026-06-27,sell,IDR,100000000,1840,-96,WSL010420
2026-06-27,sell,JOD,10000,4387.5,3.406,WSL010420
2026-06-27,sell,USD,50000,15535,43.5,WSL010420
2026-06-27,sell,EUR,10000,3540.5,11.536,WSL010420
2026-06-27,sell,JOD,5000,2193.75,1.703,WSL010420
2026-06-27,sell,USD,20000,6222,25.4,WSL010420
2026-06-27,sell,THB,100000,946,-16.332,WSL030330
2026-06-27,sell,SAR,49000,4047.4,-1.045,WSL030330
2026-06-27,sell,THB,200000,1894,-30.664,WSL030330
2026-06-27,sell,USD,40000,12440,46.8,WSL030330
2026-06-27,sell,EUR,5000,1772.5,8.018,WSL030330
2026-06-27,sell,THB,200000,1884,-40.664,WSL030330
2026-06-27,sell,EUR,10000,3542.5,13.536,WSL030330
2026-06-27,sell,JOD,5000,2195,2.953,WSL030330
2026-06-27,sell,USD,50000,15550,58.5,WSL030330
2026-06-27,sell,EUR,50000,17740,95.182,WSL030330
2026-06-27,buy,BDT,500000,1324.06,84.115,WSL030330
2026-06-27,buy,CHF,15000,5755.356,-13.51,WSL030330
2026-06-27,buy,CNY,300000,13735.629,158.094,WSL030330
2026-06-27,buy,KWD,12226,12187.843,38.157,WSL030330
2026-06-27,buy,THB,8000000,74635.352,2351.208,WSL030330
2026-06-27,buy,USD,100000,31029.474,-46.474,WSL030330
2026-06-27,buy,USD,400000,123993.966,-61.966,WSL030330
2026-06-27,buy,AED,300000,25319.804,13.801,WSL030330
2026-06-27,buy,EUR,50000,17683.547,-38.729,WSL030330
2026-06-27,buy,EUR,150000,53013.462,-79.006,WSL030330
2026-06-27,buy,JOD,250000,109524.905,77.457,WSL030330
2026-06-27,buy,KWD,70000,69826.465,173.535,WSL030330
2026-06-27,buy,SAR,300000,24769.887,16.512,WSL030330
2026-06-27,buy,SYP,100000,247.864,0,WSL030330
2026-06-27,buy,TRY,3000000,20473.347,1294.563,WSL030330
2026-06-27,buy,USD,300000,93134.898,-185.898,WSL030330
2026-06-27,buy,BAM,150000,27996.687,1049.875,WSL030330
2026-06-27,buy,CNY,100000,4590.074,41.167,WSL030330
2026-06-27,buy,EUR,50000,17610.737,34.081,WSL030330
2026-06-27,buy,EUR,50000,17635.524,9.294,WSL030330
2026-06-27,buy,EUR,50000,17737.768,-92.95,WSL030330
2026-06-27,buy,GEL,100000,11916.538,139.104,WSL030330
2026-06-27,buy,KWD,111922.75,111573.442,349.308,WSL030330
2026-06-27,buy,TRY,3000000,20518.542,1249.368,WSL030330
2026-06-27,buy,USD,1000000,310449.66,-619.66,WSL030330
2026-06-25,sell,USD,30000,9318,23.1,WSL010420
2026-06-25,sell,USD,20000,6222,25.4,WSL030330
2026-06-25,sell,EUR,60000,21210,82.572,WSL010420
2026-06-25,sell,SAR,150000,12397.5,7.5,WSL010420
2026-06-25,sell,USD,50000,15560,72.5,WSL010420
2026-06-25,sell,CNY,100000,4610,-20.045,WSL010420
2026-06-25,sell,TRY,1300000,8970,-460.33,WSL010420
2026-06-25,sell,USD,100000,31120,145,WSL010420
2026-06-25,sell,AZN,20000,3695,-73.248,WSL010420
2026-06-25,sell,JOD,45000,19755,31.669,WSL010420
2026-06-25,buy,TRY,500000,3445,182.05,WSL010420
2026-06-25,sell,CHF,10000,3855.72,40.125,WSL010420
2026-06-25,sell,GBP,30000,12307.5,58.126,WSL010420
2026-06-25,sell,LKR,1000000,1070,-77.22,WSL010420
2026-06-25,sell,THB,1000000,9500,-120.84,WSL010420
2026-06-25,sell,USD,60000,18624,39,WSL010420
2026-06-25,sell,EUR,10000,3535,18.098,WSL030330
2026-06-25,sell,TRY,350000,2415,-123.935,WSL030330
2026-06-25,sell,USD,50000,15555,67.5,WSL030330
2026-06-25,sell,TRY,200000,1380,-70.82,WSL010420
2026-06-25,sell,USD,14000,4347,10.5,WSL010420
2026-06-25,sell,GBP,25000,10270,66.06,WSL030330
2026-06-25,sell,JOD,25000,10965,7.594,WSL030330
2026-06-25,sell,USD,50000,15535,47.5,WSL030330
2026-06-25,sell,EUR,20000,7108,74.197,WSL010420
2026-06-25,sell,JOD,10000,4387.5,4.538,WSL010420
2026-06-25,sell,USD,40000,12436,46,WSL010420
2026-06-25,sell,USD,700000,217490,665,WSL030330
2026-06-25,sell,TRY,100000,689,-36.41,WSL030330
2026-06-25,sell,USD,100000,31075,100,WSL030330
2026-06-25,sell,USD,190000,59090,237.5,WSL030330
2026-06-25,buy,CAD,20000,4359.155,-10.107,WSL030330
2026-06-25,buy,CHF,30000,11512.709,-69.524,WSL030330
2026-06-25,buy,EGP,1000000,7282.353,173.507,WSL030330
2026-06-25,buy,EUR,30000,10585.829,-32.498,WSL030330
2026-06-25,buy,EUR,50000,17700.305,-111.42,WSL030330
2026-06-25,buy,GBP,30000,12307.268,-67.781,WSL030330
2026-06-25,buy,GBP,32000,13102.992,-47.539,WSL030330
2026-06-25,buy,KWD,15935.75,15915.181,20.569,WSL030330
2026-06-25,buy,LKR,1500000,1450.77,268.68,WSL030330
2026-06-25,buy,USD,2000000,620547.5,-1547.5,WSL030330
2026-06-24,sell,THB,1000000,9470,-143.07,WSL010420
2026-06-24,sell,MYR,5000,383,-10.766,WSL010420
2026-06-24,sell,THB,600000,5682,-85.842,WSL010420
2026-06-24,sell,TRY,300000,2067,-107.472,WSL010420
2026-06-24,sell,SAR,400000,33020,6.668,WSL010420
2026-06-24,sell,SYP,1000000,2590,114,WSL010420
2026-06-24,buy,USD,100000,31040,-90,WSL010420
2026-06-24,sell,SAR,200000,16510,3.334,WSL010420
2026-06-24,sell,THB,1500000,14190,-386.055,WSL010420
2026-06-24,sell,TRY,1100000,7590,-383.064,WSL010420
2026-06-24,sell,USD,20000,6208,18,WSL010420
2026-06-24,sell,BAM,10000,1920,-14.375,WSL010420
2026-06-24,sell,CNY,100000,4610,-16.308,WSL010420
2026-06-24,sell,THB,1000000,9450,-267.37,WSL010420
2026-06-24,sell,USD,50000,15520,45,WSL010420
2026-06-24,sell,INR,200000,668,-27.508,WSL030330
2026-06-24,sell,JOD,10000,4385,5.575,WSL030330
2026-06-24,sell,SYP,200000,520,24.8,WSL030330
2026-06-24,sell,THB,200000,1894,-49.474,WSL030330
2026-06-24,sell,TRY,160000,1104,-55.718,WSL030330
2026-06-24,sell,USD,65000,20163,45.5,WSL030330
2026-06-24,sell,JOD,5000,2192.5,2.788,WSL010420
2026-06-24,sell,USD,150000,46560,135,WSL010420
2026-06-24,sell,EUR,10000,3536,22.246,WSL030330
2026-06-24,sell,INR,100000,334,-13.754,WSL030330
2026-06-24,sell,JOD,5000,2192.5,2.788,WSL030330
2026-06-24,sell,THB,300000,2841,-74.211,WSL030330
2026-06-24,sell,TRY,400000,2760,-139.296,WSL030330
2026-06-24,sell,USD,14700,4564.35,14.7,WSL030330
2026-06-24,sell,BAM,20000,3853,-15.75,WSL030330
2026-06-24,sell,PKR,300000,348,-23.4,WSL030330
2026-06-24,sell,CNY,100000,4625,-1.308,WSL010420
2026-06-24,sell,EUR,10000,3558,44.246,WSL010420
2026-06-24,sell,EUR,50000,17770,201.232,WSL010420
2026-06-24,sell,THB,1000000,9580,-137.37,WSL010420
2026-06-24,sell,JOD,2000,877,1.115,WSL010420
2026-06-24,sell,THB,100000,946,-25.737,WSL030330
2026-06-24,sell,EUR,10000,3536.5,20.58,WSL030330
2026-06-24,sell,USD,5000,1552.5,5,WSL030330
2026-06-24,sell,USD,40000,12416,36,WSL030330
2026-06-24,sell,EUR,100000,35450,290.8,WSL030330
2026-06-24,sell,GBP,20000,8240,77.247,WSL030330
2026-06-24,sell,USD,40000,12408,28,WSL010420
2026-06-24,sell,AED,500000,42075,-75.45,WSL030330
2026-06-24,sell,BHD,10000,8200,3.366,WSL030330
2026-06-24,sell,CAD,30000,6570,43.306,WSL030330
2026-06-24,sell,CHF,30000,11580,138.57,WSL030330
2026-06-24,sell,CNY,20000,928,3.336,WSL030330
2026-06-24,sell,EUR,200000,71140,811.366,WSL030330
2026-06-24,sell,GBP,50000,20540,130.84,WSL030330
2026-06-24,sell,INR,10000000,33500,-1252.9,WSL030330
2026-06-24,sell,JOD,50000,21890,7.025,WSL030330
2026-06-24,sell,THB,500000,4770,-85.545,WSL030330
2026-06-24,sell,TRY,1000000,6920,-323.56,WSL030330
2026-06-24,sell,USD,2000000,619800,1200,WSL030330
2026-06-24,buy,BHD,10000,8204.244,-7.61,WSL030330
2026-06-24,buy,CAD,20000,4381.02,-29.891,WSL030330
2026-06-24,buy,EUR,50000,17695.053,-112.895,WSL030330
2026-06-24,buy,EUR,100000,35254.014,-89.697,WSL030330
2026-06-24,buy,EUR,100000,35476.71,-312.393,WSL030330
2026-06-24,buy,EUR,100000,35492.175,-327.858,WSL030330
2026-06-24,buy,GBP,50000,20483.393,-74.233,WSL030330
2026-06-24,buy,GBP,50000,20560.718,-151.558,WSL030330
2026-06-24,buy,JOD,150000,65602.53,46.395,WSL030330
2026-06-24,buy,KWD,45000,44927.373,72.627,WSL030330
2026-06-24,buy,SAR,500000,41212.525,27.475,WSL030330
2026-06-24,buy,SYP,1200000,2969.28,0,WSL030330
2026-06-24,buy,TRY,4000000,27281.148,1693.092,WSL030330
2026-06-24,buy,AED,350000,29489.24,16.075,WSL030330
2026-06-24,buy,AUD,20000,4348.758,-72.376,WSL030330
2026-06-24,buy,BDT,1500000,3965.385,251.925,WSL030330
2026-06-24,buy,CHF,30000,11526.708,-85.278,WSL030330
2026-06-24,buy,CNY,500000,22887.376,229.214,WSL030330
2026-06-24,buy,EUR,120000,42646.284,-449.104,WSL030330
2026-06-24,buy,IDR,200000000,3529.8,336.2,WSL030330
2026-06-24,buy,INR,14000000,45992.562,2661.498,WSL030330
2026-06-24,buy,MYR,100000,7516.403,353.826,WSL030330
2026-06-24,buy,PHP,3000000,15137.031,1285.869,WSL030330
2026-06-24,buy,THB,7000000,66109.924,1867.706,WSL030330
2026-06-24,buy,USD,29500,9124.35,0,WSL030330
2026-06-24,buy,VND,200000000,2361,-11,WSL030330
2026-06-24,buy,ZAR,5000,96.656,-3.258,WSL030330
2026-06-23,sell,USD,20000,6208,27,WSL010420
2026-06-23,sell,JPY,300000,583.5,9.591,WSL010420
2026-06-23,sell,TRY,200000,1380,-67.54,WSL010420
2026-06-23,sell,CNY,50000,2315,5.21,WSL010420
2026-06-23,sell,EGP,600000,4440,76.83,WSL030330
2026-06-23,sell,CAD,10000,2200,20.214,WSL010420
2026-06-23,sell,GBP,15000,6175.5,46.111,WSL010420
2026-06-23,sell,TRY,500000,3450,-168.85,WSL010420
2026-06-23,sell,USD,50000,15495,42.5,WSL010420
2026-06-23,sell,TRY,10000,70.7,-1.677,WSL030330
2026-06-23,sell,EUR,40000,14232,92.344,WSL010420
2026-06-23,sell,USD,50000,15512.5,60,WSL010420
2026-06-23,sell,BAM,10000,1920,-11.562,WSL010420
2026-06-23,sell,CAD,10000,2200,18.83,WSL010420
2026-06-23,sell,GBP,10000,4117,22.706,WSL010420
2026-06-23,sell,THB,600000,5712,-109.944,WSL010420
2026-06-23,sell,USD,100000,31010,105,WSL010420
2026-06-23,sell,USD,40000,12416,54,WSL010420
2026-06-23,sell,TRY,140000,964.6,-48.678,WSL030330
2026-06-23,sell,JOD,5000,2192.5,5.971,WSL030330
2026-06-23,sell,PHP,100000,523,-23.988,WSL030330
2026-06-23,sell,SAR,40000,3300,3.467,WSL030330
2026-06-23,sell,TRY,100000,690,-33.77,WSL030330
2026-06-23,sell,USD,20000,6204,23,WSL030330
2026-06-23,sell,USD,50000,15515,62.5,WSL030330
2026-06-23,sell,EUR,50000,17815,155.883,WSL030330
2026-06-23,sell,NPR,200000,458,-28.692,WSL030330
2026-06-23,sell,TRY,1000000,6880,-357.7,WSL030330
2026-06-22,sell,EUR,50000,17840,163.885,WSL010420
2026-06-22,sell,EUR,60000,21462,250.662,WSL010420
2026-06-22,sell,EUR,30000,10785,168.205,WSL010420
2026-06-22,sell,TRY,200000,1394,-53.54,WSL010420
2026-06-22,sell,BAM,20000,3840,-23.125,WSL010420
2026-06-22,sell,EUR,20000,7158,81.991,WSL010420
2026-06-22,sell,EUR,50000,17780,89.978,WSL010420
2026-06-22,sell,JPY,1000000,1945,34.34,WSL010420
2026-06-22,sell,TRY,400000,2776,-119.08,WSL010420
2026-06-22,sell,INR,100000,335,-12.249,WSL030330
2026-06-22,sell,JOD,5000,2192.5,5.971,WSL030330
2026-06-22,sell,SAR,80000,6600,6.934,WSL030330
2026-06-22,sell,THB,100000,956,-14.324,WSL030330
2026-06-22,sell,TRY,100000,694,-29.77,WSL030330
2026-06-22,sell,USD,10000,3102.5,12,WSL030330
2026-06-22,buy,EUR,60000,21444,-208.556,WSL010420
2026-06-22,sell,USD,20000,6204,23,WSL030330
2026-06-22,sell,TRY,200000,1386,-61.54,WSL030330
2026-06-22,sell,USD,50000,15515,62.5,WSL030330
2026-06-22,sell,JOD,10000,4382.5,9.442,WSL010420
2026-06-22,sell,TRY,700000,4830,-236.39,WSL010420
2026-06-22,sell,USD,20000,6200,19,WSL010420
2026-06-22,sell,USD,50000,15512.5,60,WSL010420
2026-06-22,sell,USD,100000,30990,85,WSL030330
2026-06-22,buy,EUR,20000,7148,-64.574,WSL010420
2026-06-22,buy,EUR,50000,17770.375,-66.446,WSL030330
2026-06-22,buy,EUR,100000,35478.94,-71.082,WSL030330
2026-06-21,sell,EUR,30000,10692,53.881,WSL010420
2026-06-21,sell,PHP,90000,471.6,-20.689,WSL010420
2026-06-21,sell,TRY,700000,4879,-235.305,WSL010420
2026-06-21,sell,PHP,100000,524,-22.988,WSL010420
2026-06-21,sell,USD,3000,930,2.85,WSL010420
2026-06-21,sell,USD,30000,9300,28.5,WSL010420
2026-06-21,sell,EUR,25000,8915,49.901,WSL010420
2026-06-21,sell,TRY,500000,3500,-153.075,WSL010420
2026-06-21,sell,INR,750000,2512.5,-91.868,WSL030330
2026-06-21,sell,USD,30000,9300,28.5,WSL030330
2026-06-21,sell,THB,1000000,9560,-143.24,WSL030330
2026-06-21,buy,TRY,700000,4853.1,261.205,WSL010420
2026-06-21,sell,SAR,50000,4125,4.334,WSL030330
2026-06-21,sell,EUR,50000,17875,144.802,WSL010420
2026-06-21,sell,GBP,20000,8215,36.301,WSL010420
2026-06-21,sell,MYR,40000,3094,-51.547,WSL010420
2026-06-21,sell,TRY,300000,2070,-121.845,WSL010420
2026-06-21,sell,VND,100000000,1185,13,WSL010420
2026-06-21,sell,EUR,50000,17800,69.802,WSL010420
2026-06-21,sell,JOD,15000,6577.5,17.914,WSL010420
2026-06-21,sell,USD,100000,31000,95,WSL010420
2026-06-21,sell,EUR,20000,7190,97.921,WSL010420
2026-06-21,sell,TRY,300000,2091,-100.845,WSL010420
2026-06-21,sell,EUR,100000,35550,89.603,WSL030330
2026-06-21,sell,GBP,30000,12322.5,54.451,WSL030330
2026-06-21,sell,USD,200000,62000,190,WSL030330
2026-06-21,sell,PLN,3000,260.7,10.767,WSL010420
2026-06-21,sell,TRY,200000,1400,-61.23,WSL030330
2026-06-21,sell,USD,30000,9315,43.5,WSL030330
2026-06-21,sell,JOD,23000,10082.05,24.018,WSL030330
2026-06-21,sell,USD,130000,40313,136.5,WSL030330
2026-06-21,buy,TRY,500000,3466.5,186.575,WSL010420
2026-06-21,sell,EUR,10000,3566,19.96,WSL030330
2026-06-21,sell,JOD,5000,2192.5,5.971,WSL030330
2026-06-21,sell,USD,40000,12408,46,WSL030330
2026-06-21,buy,BAM,50000,9538.58,119.232,WSL030330
2026-06-21,buy,EUR,50000,17847.638,-117.44,WSL030330
2026-06-21,buy,EUR,200000,71081.5,-160.706,WSL030330
2026-06-21,buy,KWD,328622.25,327826.683,795.567,WSL030330
2026-06-21,buy,PLN,100000,8420.981,-89.894,WSL030330
2026-06-21,buy,TRY,2000000,13735.556,876.744,WSL030330
2026-06-21,buy,USD,600000,185800.86,-370.86,WSL030330
2026-06-21,buy,AED,200000,16837.374,9.178,WSL030330
2026-06-21,buy,EUR,100000,35540.75,-80.353,WSL030330
2026-06-21,buy,GBP,50000,20536.373,-89.625,WSL030330
2026-06-21,buy,KWD,138000,137799.354,200.646,WSL030330
2026-06-21,buy,SAR,500000,41179.214,27.451,WSL030330
2026-06-21,buy,USD,500000,154756.788,-231.788,WSL030330
2026-06-20,sell,GBP,20000,8215,36.301,WSL010420
2026-06-20,sell,GEL,10000,1200,-2.529,WSL010420
2026-06-20,sell,JOD,10000,4382.5,9.442,WSL010420
2026-06-20,sell,TRY,200000,1400,-61.23,WSL010420
2026-06-20,sell,EUR,20000,7155,62.921,WSL010420
2026-06-20,sell,BAM,20000,3840,-23.125,WSL010420
2026-06-20,sell,CNY,50000,2312.5,6.156,WSL010420
2026-06-20,sell,EUR,50000,17975,244.802,WSL010420
2026-06-20,sell,GBP,20000,8205,26.301,WSL010420
2026-06-20,sell,KRW,10000000,2110,93.7,WSL010420
2026-06-20,sell,PLN,37000,3215.3,132.798,WSL010420
2026-06-20,sell,THB,1000000,9580,-123.24,WSL010420
2026-06-20,sell,CNY,100000,4630,17.313,WSL010420
2026-06-20,sell,IDR,100000000,1840,-186,WSL010420
2026-06-20,sell,TRY,1000000,6990,-316.15,WSL010420
2026-06-20,sell,THB,100000,958,-12.324,WSL030330
2026-06-20,sell,USD,20000,6200,19,WSL030330
2026-06-20,sell,SAR,50000,4125,4.334,WSL030330
2026-06-20,sell,AZN,10000,1845,-45.214,WSL010420
2026-06-20,sell,EUR,35000,12600,188.861,WSL010420
2026-06-20,sell,INR,500000,1680,-56.245,WSL010420
2026-06-20,sell,JOD,10000,4382.5,9.442,WSL010420
2026-06-20,sell,PLN,10000,869,35.891,WSL010420
2026-06-18,sell,TRY,200000,1400,-61.23,WSL010420
2026-06-18,sell,USD,100000,31020,115,WSL010420
2026-06-18,sell,USD,35000,10867.5,50.75,WSL010420
2026-06-18,sell,TRY,600000,4197,-186.69,WSL010420
2026-06-18,buy,TRY,600000,4182,201.69,WSL010420
2026-06-18,sell,THB,1500000,14520,-34.86,WSL010420
2026-06-18,sell,TRY,500000,3500,-153.075,WSL010420
2026-06-18,sell,TRY,700000,4900,-214.305,WSL010420
2026-06-18,sell,CAD,3000,666,9.471,WSL030330
2026-06-18,sell,EGP,75000,562.5,17.104,WSL030330
2026-06-18,sell,INR,500000,1680,-56.245,WSL030330
2026-06-18,sell,NPR,40000,95.2,-2.138,WSL030330
2026-06-18,sell,AZN,10000,1847.5,-42.714,WSL010420
2026-06-18,sell,BAM,10000,1920,-11.562,WSL010420
2026-06-18,sell,GBP,20000,8290,69.888,WSL010420
2026-06-18,sell,USD,2000,650,31.9,WSL010420
2026-06-18,sell,USD,90000,27945,130.5,WSL010420
2026-06-18,sell,EUR,50000,17910,117.992,WSL010420
2026-06-18,sell,USD,100000,31050,145,WSL010420
2026-06-18,sell,CHF,20000,7800,73.75,WSL010420
2026-06-18,sell,THB,1000000,9590,-113.24,WSL030330
2026-06-18,sell,EUR,10000,3583,24.598,WSL030330
2026-06-18,sell,THB,200000,1918,-22.648,WSL010420
2026-06-18,sell,TRY,400000,2800,-122.46,WSL010420
2026-06-18,sell,USD,20000,6210,29,WSL030330
2026-06-18,sell,EUR,20000,7166,51.051,WSL030330
2026-06-18,sell,TRY,200000,1399,-62.23,WSL030330
2026-06-18,sell,USD,50000,15525,72.5,WSL030330
2026-06-18,buy,EUR,100000,35800,-194.35,WSL030330
2026-06-18,buy,TRY,1500000,10455,504.225,WSL010420
2026-06-18,sell,JOD,20000,8768,21.885,WSL030330
2026-06-18,sell,USD,100000,31040,135,WSL030330
2026-06-18,sell,EUR,15000,5400,60.08,WSL010420
2026-06-18,sell,EUR,30000,10792.5,112.659,WSL010420
2026-06-17,sell,TRY,300000,2100,-91.845,WSL010420
2026-06-17,sell,USD,20000,6218,35,WSL010420
2026-06-17,sell,THB,400000,3840,-42.552,WSL010420
2026-06-17,sell,TRY,800000,5600,-246.808,WSL010420
2026-06-17,sell,EUR,20000,7200,24.01,WSL010420
2026-06-17,sell,JOD,5000,2195,7.764,WSL010420
2026-06-17,sell,JPY,1005000,1959.75,20.2,WSL010420
2026-06-17,sell,TRY,500000,3500,-154.255,WSL010420
2026-06-17,sell,EUR,10000,3600,12.005,WSL010420
2026-06-17,sell,GEL,10000,1200,-2.918,WSL010420
2026-06-17,sell,SAR,250000,20637.5,27.5,WSL010420
2026-06-17,sell,USD,72000,22356,97.2,WSL010420
2026-06-17,sell,AZN,20000,3695,-86.651,WSL010420
2026-06-17,sell,BAM,30000,5760,-36.562,WSL010420
2026-06-17,sell,CNY,100000,4625,10.821,WSL010420
2026-06-17,sell,EUR,50000,18000,64.663,WSL010420
2026-06-17,sell,SAR,100000,8255,11,WSL010420
2026-06-17,sell,SYP,1000000,2595,2558.63,WSL010420
2026-06-17,sell,USD,150000,46605,232.5,WSL010420
2026-06-17,sell,AUD,10000,2210,25.855,WSL010420
2026-06-17,sell,EUR,30000,10807.5,41.66,WSL010420
2026-06-17,sell,THB,1000000,9680,-26.38,WSL010420
2026-06-17,sell,TRY,100000,700,-30.851,WSL010420
2026-06-17,sell,USD,50000,15550,92.5,WSL010420
2026-06-17,sell,EUR,10000,3600,11.078,WSL010420
2026-06-17,sell,USD,50000,15565,107.5,WSL010420
2026-06-17,sell,TRY,200000,1398.5,-63.202,WSL030330
2026-06-17,sell,EUR,20000,7208,30.155,WSL030330
2026-06-17,sell,TRY,200000,1400,-61.702,WSL030330
2026-06-17,sell,USD,20000,6230,47,WSL030330
2026-06-17,buy,CAD,40000,8864.516,-36.073,WSL030330
2026-06-17,buy,EUR,50000,17969.344,-24.732,WSL030330
2026-06-17,buy,EUR,50000,17984.801,-40.189,WSL030330
2026-06-17,buy,GBP,50000,20821.253,-83.471,WSL030330
2026-06-17,buy,JOD,10000,4371.381,3.091,WSL030330
2026-06-17,buy,KWD,78000,77836.346,163.654,WSL030330
2026-06-17,buy,SYP,1000000,2473.2,-2436.83,WSL030330
2026-06-17,buy,TRY,3000000,20610,1315.53,WSL030330
2026-06-17,buy,USD,610000,188864.372,-282.872,WSL030330
2026-06-17,sell,USD,400000,124000,340,WSL030330
2026-06-16,sell,GBP,7000,2921.8,17.861,WSL010420
2026-06-16,sell,TRY,800000,5600,-246.808,WSL010420
2026-06-16,sell,USD,30000,9330,55.5,WSL010420
2026-06-16,sell,EUR,10000,3600,20.043,WSL010420
2026-06-16,sell,USD,10000,3117,25.5,WSL010420
2026-06-16,sell,EUR,40000,14410,90.172,WSL010420
2026-06-16,sell,PLN,10000,868,25.882,WSL010420
2026-06-16,sell,TRY,400000,2800,-123.404,WSL010420
2026-06-16,sell,USD,50000,15550,92.5,WSL010420
2026-06-16,sell,EUR,30000,10794,54.129,WSL010420
2026-06-16,sell,EUR,16000,5760,32.069,WSL010420
2026-06-16,sell,EUR,20000,7194,34.086,WSL010420
2026-06-16,sell,EUR,20000,7195,35.086,WSL010420
2026-06-16,sell,TRY,500000,3522.5,-131.755,WSL010420
2026-06-15,sell,PLN,20000,1740,51.809,WSL010420
2026-06-15,sell,CNY,50000,2315,6.791,WSL030330
2026-06-15,sell,EUR,20000,7190,9.91,WSL030330
2026-06-15,sell,IDR,50000000,932.5,-81.5,WSL030330
2026-06-15,sell,TRY,200000,1401,-61.412,WSL030330
2026-06-15,sell,GBP,5000,2087,9.277,WSL010420
2026-06-15,sell,USD,50000,15585,120,WSL010420
2026-06-15,sell,EUR,20000,7210,29.91,WSL030330
2026-06-15,sell,USD,20000,6234,48,WSL030330
2026-06-15,sell,EUR,20000,7208,27.91,WSL030330
2026-06-15,sell,JOD,20000,8780,26.81,WSL030330
2026-06-15,sell,USD,100000,31125,195,WSL030330
2026-06-15,sell,EUR,30000,10807.5,37.365,WSL010420
2026-06-15,sell,THB,500000,4840,-15.545,WSL010420
2026-06-15,sell,CAD,20000,4480,53.207,WSL010420
2026-06-15,sell,GBP,15000,6258.75,21.87,WSL010420
2026-06-15,sell,JOD,10000,4390,13.405,WSL010420
2026-06-15,sell,USD,50000,15550,85,WSL010420
2026-06-15,sell,USD,100000,31100,170,WSL010420
2026-06-15,buy,CAD,20000,4468,-41.207,WSL010420
2026-06-15,buy,TRY,500000,3490,166.03,WSL010420
2026-06-15,sell,EUR,42000,15132.6,40.121,WSL010420
2026-06-15,sell,EUR,200000,72200,331.052,WSL030330
2026-06-15,buy,EUR,100000,35872.614,61.86,WSL030330
2026-06-15,buy,EUR,200000,72060.714,-191.766,WSL030330
2026-06-14,sell,TRY,1000000,7010,-302.06,WSL030330
2026-06-14,sell,GBP,25000,10425,57.264,WSL010420
2026-06-14,sell,JOD,25000,10975,33.512,WSL010420
2026-06-14,sell,SAR,300000,24720,-24,WSL010420
2026-06-14,sell,USD,10000,3114,21,WSL010420
2026-06-14,sell,CAD,20000,4480,56.057,WSL010420
2026-06-14,sell,PLN,20000,1730,44.395,WSL010420
2026-06-14,sell,USD,140000,43568,266,WSL010420
2026-06-14,sell,USD,60000,18672,114,WSL010420
2026-06-14,sell,USD,100000,31140,210,WSL010420
2026-06-14,sell,CAD,20000,4520,96.057,WSL010420
2026-06-14,sell,CNY,50000,2310,1.791,WSL010420
2026-06-14,sell,EUR,30000,10788,52.197,WSL010420
2026-06-14,sell,USD,50000,15560,95,WSL010420
2026-06-14,sell,EUR,10000,3595,16.399,WSL010420
2026-06-14,sell,PKR,200000,240,-7.44,WSL010420
2026-06-14,sell,TRY,600000,4200,-187.236,WSL010420
2026-06-14,sell,USD,30000,9345,66,WSL010420
2026-06-14,sell,TRY,100000,702,-29.206,WSL010420
2026-06-14,sell,USD,10000,3117,24,WSL010420
2026-06-14,sell,THB,1000000,9600,-111.09,WSL010420
2026-06-14,sell,EUR,14000,5040,29.959,WSL010420
2026-06-14,sell,EUR,27300,9793.875,24.294,WSL010420
2026-06-14,sell,EUR,100000,35875,88.99,WSL030330
2026-06-14,sell,GBP,50000,20812.5,77.028,WSL030330
2026-06-14,sell,USD,100000,31050,120,WSL030330
2026-06-14,sell,BDT,500000,1425,19.23,WSL030330
2026-06-14,sell,BHD,10000,8191,-5.634,WSL030330
2026-06-14,sell,EUR,100000,35960,173.99,WSL030330
2026-06-14,sell,GBP,50000,20800,64.528,WSL030330
2026-06-14,sell,INR,5000000,16875,-501.45,WSL030330
2026-06-14,sell,JOD,50000,21950,67.025,WSL030330
2026-06-14,sell,THB,1000000,9580,-131.09,WSL030330
2026-06-14,sell,TRY,1000000,7020,-292.06,WSL030330
2026-06-14,sell,USD,2500000,778000,4750,WSL030330
2026-06-14,buy,AED,500000,42150.45,0,WSL030330
2026-06-14,buy,BDT,500000,1405.909,-0.139,WSL030330
2026-06-14,buy,BHD,10000,8204.244,-7.61,WSL030330
2026-06-14,buy,CHF,20000,7791.913,-28.359,WSL030330
2026-06-14,buy,GBP,150000,62419.833,-213.417,WSL030330
2026-06-14,buy,GEL,30000,3568.846,41.66,WSL030330
2026-06-14,buy,IDR,200000000,3575.72,480.28,WSL030330
2026-06-14,buy,INR,2000000,6723.913,226.667,WSL030330
2026-06-14,buy,JOD,100000,43812.345,-46.395,WSL030330
2026-06-14,buy,KWD,79819.5,79639.262,180.238,WSL030330
2026-06-14,buy,MYR,200000,15426.434,314.024,WSL030330
2026-06-14,buy,PHP,1000000,5155,319.3,WSL030330
2026-06-14,buy,PKR,500000,594.808,23.792,WSL030330
2026-06-14,buy,THB,2000000,19033.846,388.334,WSL030330
2026-06-14,buy,THB,7000000,66414.11,1563.52,WSL030330
2026-06-14,buy,TRY,3000000,20804.934,1131.246,WSL030330
2026-06-14,buy,USD,50000,15503.663,-38.663,WSL030330
2026-06-14,buy,USD,200000,62014.65,-154.65,WSL030330
2026-06-14,buy,AED,600000,50552.983,27.557,WSL030330
2026-06-14,buy,EUR,50000,17923.935,-30.93,WSL030330
2026-06-14,buy,EUR,100000,35894.265,-108.255,WSL030330
2026-06-14,buy,EUR,150000,53795.003,-115.988,WSL030330
2026-06-14,buy,IQD,50000000,10732.7,722.8,WSL030330
2026-06-14,buy,JOD,100000,43735.02,30.93,WSL030330
2026-06-14,buy,KWD,180000,179593.548,406.452,WSL030330
2026-06-14,buy,USD,1000000,309763.95,-463.95,WSL030330
2026-06-14,sell,USD,60000,18684,126,WSL010420
2026-06-14,sell,EUR,10000,3597,18.399,WSL010420
2026-06-14,sell,THB,200000,1920,-22.218,WSL010420
2026-06-14,sell,TRY,100000,702,-29.206,WSL010420
2026-06-14,sell,USD,20000,6234,48,WSL010420
2026-06-13,sell,EUR,15000,5402.25,23.936,WSL010420
2026-06-13,sell,USD,50000,15590,95,WSL010420
2026-06-13,sell,EUR,2700,968.625,0.528,WSL010420
2026-06-13,sell,GBP,5000,2087,9.43,WSL010420
2026-06-13,sell,GEL,20000,2400,-11.673,WSL010420
2026-06-13,sell,JOD,10000,4390,4.915,WSL010420
2026-06-13,sell,MYR,40000,3140,-14.198,WSL010420
2026-06-13,sell,USD,100000,31150,160,WSL010420
2026-06-13,sell,THB,1000000,9600,-129.93,WSL010420
2026-06-13,sell,TRY,500000,3510,-153.12,WSL010420
2026-06-13,sell,GBP,5000,2087,9.43,WSL030330
2026-06-13,sell,TRY,300000,2106,-91.872,WSL030330
2026-06-13,sell,EUR,15000,5400,21.686,WSL010420
2026-06-13,sell,USD,50000,15585,90,WSL010420
2026-06-13,sell,GBP,5000,2085,7.43,WSL030330
2026-06-13,sell,JOD,5000,2195,2.458,WSL030330
2026-06-13,sell,TRY,100000,702,-30.624,WSL030330
2026-06-13,sell,USD,10000,3117,18,WSL030330
2026-06-13,sell,USD,20000,6230,32,WSL010420
2026-06-13,sell,EUR,20000,7192,20.914,WSL010420
2026-06-13,sell,USD,2723,850.393,6.535,WSL030330
2026-06-11,sell,JOD,3500,1538.25,3.47,WSL010420
2026-06-11,sell,JOD,20000,8785,14.83,WSL010420
2026-06-11,sell,PHP,500000,2630,-112.46,WSL030330
2026-06-11,sell,USD,50000,15587.5,92.5,WSL030330
2026-06-11,sell,THB,200000,1926,-19.986,WSL010420
2026-06-11,sell,TRY,300000,2112,-85.872,WSL010420
2026-06-11,sell,USD,20000,6236,38,WSL010420
2026-06-11,sell,PHP,300000,1569,-76.476,WSL010420
2026-06-11,sell,THB,1500000,14400,-194.895,WSL010420
2026-06-11,sell,GBP,5000,2082.5,11.438,WSL010420
2026-06-11,sell,IQD,20000000,4320,-271.2,WSL010420
2026-06-11,sell,USD,100000,31150,160,WSL010420
2026-06-11,sell,CNY,100000,4625,-0.373,WSL010420
2026-06-11,sell,EUR,35000,12600,75.546,WSL010420
2026-06-11,sell,CNY,50000,2310,-2.686,WSL010420
2026-06-11,sell,HUF,2000000,2150,139.56,WSL010420
2026-06-11,sell,EUR,20000,7208,51.169,WSL010420
2026-06-11,sell,USD,20000,6240,42,WSL010420
2026-06-11,sell,IQD,2500000,537.5,-36.4,WSL030330
2026-06-11,sell,USD,20000,6240,42,WSL030330
2026-06-11,sell,EUR,10000,3599,21.824,WSL030330
2026-06-11,sell,JOD,10000,4390,4.915,WSL030330
2026-06-11,sell,USD,10000,3117,18,WSL030330
2026-06-11,sell,EUR,20000,7198,43.649,WSL030330
2026-06-11,sell,USD,20000,6238,40,WSL030330
2026-06-11,sell,EUR,50000,17985,99.122,WSL030330
2026-06-11,buy,BHD,10000,8215.801,-3.266,WSL030330
2026-06-11,buy,CNY,100000,4625.373,0,WSL030330
2026-06-11,buy,EGP,3000000,21129.546,746.304,WSL030330
2026-06-11,buy,EUR,100000,35966.994,-195.237,WSL030330
2026-06-11,buy,INR,2000000,6729.642,234.438,WSL030330
2026-06-11,buy,KWD,105000,104966.129,33.871,WSL030330
2026-06-11,buy,LKR,3000000,3162.246,281.094,WSL030330
2026-06-11,buy,QAR,400000,33970.951,9.313,WSL030330
2026-06-11,buy,THB,5000000,47676.923,972.727,WSL030330
2026-06-11,buy,USD,2000000,621473.46,-1673.46,WSL030330
2026-06-11,buy,BDT,1000000,2817.273,-0.283,WSL030330
2026-06-11,buy,CNY,500000,23058.036,68.829,WSL030330
2026-06-11,buy,EUR,50000,17947.859,-61.981,WSL030330
2026-06-11,buy,INR,3000000,10083.513,362.607,WSL030330
2026-06-11,buy,KRW,10000000,2079.87,-58.07,WSL030330
2026-06-11,buy,KWD,61733.25,61643.738,89.512,WSL030330
2026-06-11,buy,KWD,90000,89869.502,130.498,WSL030330
2026-06-11,buy,KWD,350000,349774.266,225.734,WSL030330
2026-06-11,buy,PHP,3000000,15417.911,1036.849,WSL030330
2026-06-11,buy,THB,3000000,28562.212,627.578,WSL030330
2026-06-11,sell,THB,100000,963,-9.993,WSL030330
2026-06-11,sell,USD,3200,999.36,7.68,WSL030330
2026-06-11,sell,EUR,20000,7198,40.55,WSL030330
2026-06-11,sell,THB,100000,963,-9.993,WSL030330
2026-06-11,sell,TRY,200000,1406,-59.248,WSL030330
2026-06-11,sell,USD,20000,6238,40,WSL030330
2026-06-10,sell,EUR,15000,5403.75,32.873,WSL010420
2026-06-10,sell,EUR,50000,17995,93.626,WSL010420
2026-06-10,sell,JOD,15000,6585,7.372,WSL010420
2026-06-10,sell,THB,1000000,9670,-105.8,WSL010420
2026-06-10,sell,CZK,100000,1575,94.138,WSL010420
2026-06-10,sell,EUR,10000,3605,24.725,WSL010420
2026-06-10,sell,EUR,30000,10800,59.176,WSL010420
2026-06-10,sell,THB,1000000,9680,-95.8,WSL010420
2026-06-10,sell,JOD,2000,879,1.983,WSL030330
2026-06-10,sell,TRY,140000,986.3,-39.374,WSL010420
2026-06-10,sell,EUR,10000,3608.5,28.225,WSL030330
2026-06-10,sell,PHP,100000,525,-23.492,WSL030330
2026-06-10,sell,THB,100000,968,-9.58,WSL030330
2026-06-10,sell,TRY,100000,704.5,-28.124,WSL030330
2026-06-10,sell,USD,20000,6240,42,WSL030330
2026-06-10,sell,BAM,10000,1920,-16.875,WSL030330
2026-06-10,sell,GEL,10000,1195,-10.837,WSL030330
2026-06-10,sell,THB,2000000,19300,-251.6,WSL030330
2026-06-10,sell,USD,50000,15590,95,WSL030330
2026-06-10,buy,AED,300000,25325.525,13.804,WSL030330
2026-06-10,buy,AUD,20000,4400.58,-50.824,WSL030330
2026-06-10,buy,BHD,10000,8213.623,-1.088,WSL030330
2026-06-10,buy,CAD,40000,8924.406,-30.096,WSL030330
2026-06-10,buy,CHF,14000,5478.03,-44.592,WSL030330
2026-06-10,buy,EUR,50000,17927.715,-24.792,WSL030330
2026-06-10,buy,EUR,100000,35886.42,-80.574,WSL030330
2026-06-10,buy,EUR,150000,53769.2,-60.431,WSL030330
2026-06-10,buy,JOD,100000,43819.86,30.99,WSL030330
2026-06-10,buy,KWD,100000,99903.288,96.712,WSL030330
2026-06-10,buy,MAD,150000,5392.691,417.934,WSL030330
2026-06-10,buy,TRY,3000000,20752.233,1226.487,WSL030330
2026-06-10,buy,USD,500000,155182.425,-232.425,WSL030330
2026-06-10,sell,GBP,20000,8360,49.94,WSL010420
2026-06-10,sell,THB,2000000,19360,-204.2,WSL010420
2026-06-10,sell,TRY,500000,3550,-115.485,WSL010420
2026-06-10,sell,USD,30000,9372,69,WSL010420
2026-06-10,buy,PHP,100000,515,33.846,WSL010420
2026-06-10,buy,THB,1000000,9620,162.1,WSL010420
2026-06-10,buy,HUF,2000000,2080,-65.06,WSL010420
2026-06-09,sell,INR,250000,850,-21.07,WSL030330
2026-06-09,sell,USD,10000,3120,19,WSL030330
2026-06-09,sell,INR,350000,1190,-29.498,WSL030330
2026-06-09,sell,EUR,50000,17980,70.174,WSL010420
2026-06-09,sell,GBP,10000,4180,30.552,WSL010420
2026-06-09,sell,JOD,10000,4400,12.085,WSL010420
2026-06-09,sell,THB,200000,1934,-22.42,WSL010420
2026-06-09,sell,JOD,5000,2200,6.042,WSL010420
2026-06-09,sell,TRY,200000,1412,-54.194,WSL010420
2026-06-09,sell,CAD,12770,2873.25,32.317,WSL010420
2026-06-09,sell,CZK,200000,3130,172.724,WSL010420
2026-06-09,sell,EUR,50000,18000,107.23,WSL010420
2026-06-09,sell,INR,1000000,3385,-99.28,WSL010420
2026-06-09,sell,MAD,20000,728,-47.25,WSL030330
2026-06-09,sell,EUR,10000,3602.5,20.845,WSL030330
2026-06-09,sell,PHP,100000,525,-23.846,WSL030330
2026-06-09,sell,THB,100000,967,-11.21,WSL030330
2026-06-09,sell,GBP,5000,2080,6.516,WSL030330
2026-06-09,sell,TRY,20000,141,-5.619,WSL030330
2026-06-09,sell,USD,10000,3120,19,WSL030330
2026-06-09,sell,TRY,140000,987,-39.336,WSL010420
2026-06-09,buy,CZK,300000,4620,-178.368,WSL010420
2026-06-09,sell,EUR,75000,26970,116.89,WSL030330
2026-06-09,sell,GBP,50000,20790,72.219,WSL030330
2026-06-09,sell,INR,5000000,17000,-421.4,WSL030330
2026-06-09,sell,JOD,100000,44100,220.85,WSL030330
2026-06-09,sell,PHP,3000000,15720,-745.38,WSL030330
2026-06-09,sell,SAR,500000,41400,53.335,WSL030330
2026-06-09,sell,TRY,1000000,7050,-280.97,WSL030330
2026-06-09,sell,USD,2000000,624400,4200,WSL030330
2026-06-08,sell,THB,200000,1936,-20.42,WSL010420
2026-06-08,sell,USD,73000,22797.9,160.6,WSL010420
2026-06-08,sell,USD,5000,1563.5,13,WSL030330
2026-06-08,buy,INR,4000000,13552,385.12,WSL030330
2026-06-08,sell,USD,10000,3128,27,WSL010420
2026-06-08,sell,EUR,20000,7210,66.536,WSL010420
2026-06-08,sell,GBP,15000,6265.5,65.05,WSL010420
2026-06-08,sell,IDR,100000000,1850,-183,WSL010420
2026-06-08,sell,IQD,15000000,3255,-190.5,WSL010420
2026-06-08,sell,AUD,12900,2850.9,27.895,WSL010420
2026-06-08,sell,CAD,10000,2260,35.466,WSL010420
2026-06-08,sell,TRY,250000,1775,-57.742,WSL010420
2026-06-08,sell,USD,60000,18750,144,WSL010420
2026-06-08,sell,CAD,10000,2240,15.466,WSL010420
2026-06-08,sell,EUR,20000,7192,49.157,WSL030330
2026-06-07,sell,EUR,5000,1806.25,19.144,WSL010420
2026-06-07,sell,JOD,3000,1320,3.626,WSL010420
2026-06-07,sell,PHP,100000,529,-24.746,WSL010420
2026-06-07,sell,USD,20000,6250,48,WSL010420
2026-06-07,sell,TRY,140000,989.8,-36.536,WSL010420
2026-06-07,sell,TRY,1000000,7050,-280.97,WSL010420
2026-06-07,sell,USD,70000,21868,161,WSL010420
2026-06-07,sell,USD,60000,18750,144,WSL010420
2026-06-07,sell,BAM,20000,3840,-36.25,WSL010420
2026-06-07,sell,EUR,50000,18125,253.937,WSL010420
2026-06-07,sell,GEL,10000,1180,-26.615,WSL010420
2026-06-07,sell,USD,70000,21875,168,WSL010420
2026-06-07,sell,EUR,10000,3612.5,38.287,WSL010420
2026-06-07,sell,USD,20000,6250,48,WSL010420
2026-06-07,sell,EUR,10000,3612.5,38.287,WSL010420
2026-06-07,sell,RUB,500000,2075,-78.47,WSL010420
2026-06-07,sell,TRY,1500000,10575,-421.455,WSL010420
2026-06-07,sell,USD,100000,31280,270,WSL010420
2026-06-07,sell,AZN,30000,5542.5,-147.408,WSL010420
2026-06-07,sell,EUR,20000,7225,76.575,WSL010420
2026-06-07,sell,JOD,40000,17590,38.34,WSL010420
2026-06-07,sell,JPY,1000000,1960,24.42,WSL010420
2026-06-07,sell,KRW,10000000,2140,151.6,WSL010420
2026-06-07,sell,MYR,50000,3950,4.708,WSL010420
2026-06-07,sell,EUR,20000,7225,76.575,WSL010420
2026-06-07,sell,THB,1000000,9670,-112.1,WSL010420
2026-06-07,sell,USD,100000,31240,230,WSL010420
2026-06-07,sell,CNY,150000,6960,17.463,WSL010420
2026-06-07,sell,EUR,20000,7220,71.575,WSL010420
2026-06-07,sell,INR,300000,1020,-25.284,WSL010420
2026-06-07,sell,JOD,15000,6600,18.128,WSL010420
2026-06-07,sell,TRY,1000000,7070,-260.97,WSL010420
2026-06-07,sell,EUR,5000,1806.25,19.144,WSL030330
2026-06-07,sell,INR,200000,680,-16.856,WSL030330
2026-06-07,sell,JOD,10000,4400,12.085,WSL030330
2026-06-07,sell,NPR,100000,235,-9.173,WSL030330
2026-06-07,sell,EUR,10000,3612.5,38.287,WSL030330
2026-06-07,sell,JOD,5000,2200,6.042,WSL030330
2026-06-07,sell,PHP,50000,264.5,-12.373,WSL030330
2026-06-07,sell,USD,10000,3123,22,WSL030330
2026-06-07,sell,EUR,10000,3612.5,38.287,WSL030330
2026-06-07,buy,EUR,100000,35847.56,-105.434,WSL030330
2026-06-07,buy,BDT,1000000,2762,6.73,WSL010420
2026-06-07,buy,CAD,40000,8936.599,-39.741,WSL030330
2026-06-07,sell,USD,500000,155750,700,WSL030330
2026-06-06,sell,BAM,10000,1910,-51.076,WSL010420
2026-06-06,sell,CNY,40000,1856,6.149,WSL010420
2026-06-06,sell,TRY,300000,2115,-82.518,WSL010420
2026-06-06,sell,USD,50000,15625,132.5,WSL010420
2026-06-06,sell,USD,100000,31250,265,WSL010420
2026-06-06,sell,EUR,20000,7225,82.338,WSL010420
2026-06-06,sell,USD,100000,31240,255,WSL010420
2026-06-06,sell,GBP,10000,4180,45.981,WSL010420
2026-06-06,sell,GEL,20000,2360,-51.284,WSL010420
2026-06-06,sell,KRW,15000000,3180,199.8,WSL010420
2026-06-06,sell,THB,1000000,9675,-99.22,WSL010420
2026-06-06,sell,USD,20000,6250,53,WSL010420
2026-06-06,sell,EUR,10000,3612.5,41.169,WSL010420
2026-06-06,sell,THB,300000,2910,-22.266,WSL010420
2026-06-06,sell,TRY,300000,2115,-82.518,WSL010420
2026-06-06,sell,USD,30000,9375,79.5,WSL010420
2026-06-06,sell,EUR,20000,7290,147.338,WSL010420
2026-06-06,sell,GBP,5000,2100,32.991,WSL010420
2026-06-06,sell,USD,30000,9375,79.5,WSL010420
2026-06-06,sell,CAD,20000,4490,45.157,WSL010420
2026-06-06,sell,CNY,200000,9280,30.746,WSL010420
2026-06-06,sell,USD,100000,31250,265,WSL010420
2026-06-06,sell,USD,50000,15625,132.5,WSL030330
2026-06-06,sell,EUR,6000,2167.5,24.701,WSL030330
2026-06-06,sell,USD,30000,9375,79.5,WSL030330
2026-06-06,sell,TRY,200000,1410,-55.012,WSL030330
2026-06-06,sell,USD,50000,15625,132.5,WSL030330
2026-06-06,sell,USD,50000,15615,122.5,WSL030330
2026-06-06,sell,THB,100000,970,-7.422,WSL030330
2026-06-06,sell,TRY,200000,1428,-37.012,WSL030330
2026-06-06,sell,USD,20000,6250,53,WSL030330
2026-06-06,buy,EUR,100000,36051.048,-337.737,WSL030330
2026-06-06,buy,GBP,50000,20891.636,-221.542,WSL030330
2026-06-06,buy,IQD,50000000,10534.9,941.1,WSL030330
2026-06-06,buy,JOD,400000,175251.16,123.94,WSL030330
2026-06-06,buy,KWD,100000,99951.613,48.387,WSL030330
2026-06-06,buy,MAD,100000,3582.081,390.355,WSL030330
2026-06-06,buy,SAR,500000,41291.311,77.179,WSL030330
2026-06-06,buy,TRY,3500000,24207.033,1430.677,WSL030330
2026-06-06,buy,TRY,4500000,31192.952,1769.818,WSL030330
2026-06-06,buy,USD,1000000,310159.85,-309.85,WSL030330
2026-06-04,sell,BAM,20000,3840,-82.152,WSL010420
2026-06-04,sell,USD,50000,15640,147.5,WSL010420
2026-06-04,sell,USD,15000,4692,44.25,WSL030330
2026-06-04,sell,IQD,4000000,872,-46.08,WSL010420
2026-06-04,sell,USD,100000,31280,295,WSL010420
2026-06-04,sell,USD,100000,31260,275,WSL010420
2026-06-04,sell,THB,200000,1950,-4.844,WSL030330
2026-06-04,sell,TRY,200000,1424,-41.012,WSL030330
2026-06-04,sell,USD,41500,12981.001,122.226,WSL030330
2026-06-04,sell,USD,20000,6260,63,WSL030330
2026-06-04,sell,EUR,20000,7280,88.382,WSL010420
2026-06-04,sell,INR,200000,686,-10.294,WSL010420
2026-06-04,sell,TRY,220000,1568.6,-42.913,WSL010420
2026-06-04,sell,USD,40000,12500,106,WSL010420
2026-06-04,sell,TRY,200000,1426,-39.012,WSL030330
2026-06-04,sell,USD,20000,6258,61,WSL030330
2026-06-04,sell,EUR,8000,2912,35.353,WSL030330
2026-06-04,sell,THB,200000,1950,-4.844,WSL030330
2026-06-04,sell,TRY,60000,427.2,-12.304,WSL030330
2026-06-04,sell,USD,20000,6256,59,WSL030330
2026-06-04,sell,TRY,140000,998.2,-27.308,WSL010420
2026-06-04,buy,EGP,2000000,14080,501.54,WSL010420
2026-06-04,sell,CAD,20000,4522.5,71.591,WSL010420
2026-06-04,sell,EUR,40000,14540,156.763,WSL010420
2026-06-04,sell,GBP,10000,4180,20.574,WSL010420
2026-06-04,sell,TRY,250000,1775,-56.265,WSL010420
2026-06-04,sell,USD,20000,6250,53,WSL010420
2026-06-04,sell,CNY,30000,1392,4.612,WSL010420
2026-06-04,sell,EUR,50000,18175,192.855,WSL010420
2026-06-04,sell,JOD,10000,4420,35.622,WSL010420
2026-06-04,sell,THB,500000,4865,-22.11,WSL010420
2026-06-04,sell,BAM,10000,1920,-41.076,WSL010420
2026-06-04,sell,USD,60000,18780,189,WSL010420
2026-06-04,sell,USD,100000,31250,265,WSL030330
2026-06-04,buy,EGP,140000,963.2,23.803,WSL010420
2026-06-04,sell,CAD,20000,4510,53.009,WSL030330
2026-06-04,sell,EUR,200000,72690,736.632,WSL030330
2026-06-04,sell,GBP,50000,21000,193.572,WSL030330
2026-06-04,sell,INR,5000000,17100,-307.35,WSL030330
2026-06-04,sell,JOD,100000,44000,156.225,WSL030330
2026-06-04,sell,PHP,2000000,10354,-711.98,WSL030330
2026-06-04,sell,SAR,700000,57925,9.114,WSL030330
2026-06-04,sell,THB,1500000,14505,-156.33,WSL030330
2026-06-04,sell,TRY,1500000,10605,-382.59,WSL030330
2026-06-04,sell,USD,1500000,467250,2475,WSL030330
2026-06-03,sell,EUR,10000,3640,45.74,WSL010420
2026-06-03,sell,USD,10000,3125,26.5,WSL010420
2026-06-03,sell,TRY,140000,998.2,-27.308,WSL010420
2026-06-03,sell,USD,100000,31290,305,WSL030330
2026-06-03,sell,CAD,10000,2265,34.58,WSL030330
2026-06-03,sell,EUR,40000,14560,175.524,WSL030330
2026-06-03,sell,THB,3000000,29160,-162.66,WSL030330
2026-06-03,sell,TRY,1000000,7100,-225.06,WSL030330
2026-06-03,sell,EUR,10000,3640,43.881,WSL010420
2026-06-03,sell,TRY,300000,2136,-61.518,WSL010420
2026-06-03,sell,USD,40200,12562.5,106.53,WSL010420
2026-06-03,sell,TRY,140000,994,-31.508,WSL010420
2026-06-03,sell,TRY,400000,2840,-90.024,WSL010420
2026-06-03,sell,USD,30000,9375,79.5,WSL010420
2026-06-03,sell,EUR,20000,7266,70.044,WSL010420
2026-06-03,sell,THB,430000,4177.45,-25.465,WSL010420
2026-06-03,sell,TRY,400000,2848,-82.024,WSL010420
2026-06-03,sell,USD,50000,15625,132.5,WSL010420
2026-06-03,sell,EUR,150000,54450,517.509,WSL030330
2026-06-03,sell,USD,400000,124800,860,WSL030330
2026-06-03,buy,AED,300000,25338.694,-3.454,WSL030330
2026-06-03,buy,BDT,1000000,2717.982,48.518,WSL030330
2026-06-03,buy,CAD,30000,6765.284,-61.96,WSL030330
2026-06-03,buy,CAD,70000,15768.448,-127.358,WSL030330
2026-06-03,buy,CNY,200000,9221.726,27.528,WSL030330
2026-06-03,buy,CNY,300000,13873.881,0,WSL030330
2026-06-03,buy,EUR,50000,18044.115,-71.266,WSL030330
2026-06-03,buy,EUR,50000,18048.763,-75.914,WSL030330
2026-06-03,buy,EUR,100000,36221.465,-275.767,WSL030330
2026-06-03,buy,EUR,200000,72071.11,-179.714,WSL030330
2026-06-03,buy,EUR,200000,72380.96,-489.564,WSL030330
2026-06-03,buy,GBP,50000,20859.102,-46.478,WSL030330
2026-06-03,buy,INR,1000000,3386.339,95.131,WSL030330
2026-06-03,buy,INR,5000000,16839.675,567.675,WSL030330
2026-06-03,buy,JOD,100000,43890.253,-46.478,WSL030330
2026-06-03,buy,KWD,230000,229518.518,481.482,WSL030330
2026-06-03,buy,MYR,100000,7844.304,39.92,WSL030330
2026-06-03,buy,PHP,1000000,5164.167,368.823,WSL030330
2026-06-03,buy,PHP,1000000,5181.438,351.552,WSL030330
2026-06-03,buy,THB,3000000,28850.094,472.566,WSL030330
2026-06-03,buy,THB,4000000,38371.516,725.364,WSL030330
2026-06-03,buy,THB,7000000,67358.697,1060.843,WSL030330
2026-06-03,buy,TRY,4000000,27914.416,1385.824,WSL030330
2026-06-03,buy,TRY,4000000,28040.724,1259.516,WSL030330
2026-06-03,buy,USD,1500000,465472.163,-697.163,WSL030330
2026-06-03,buy,USD,1500000,466029.893,-1254.893,WSL030330
2026-06-03,sell,USD,30000,9360,64.5,WSL010420
2026-06-03,sell,INR,250000,855,-15.368,WSL010420
2026-06-03,sell,JOD,10000,4400,15.622,WSL010420
2026-06-03,sell,THB,2000000,19350,-198.44,WSL010420
2026-06-03,sell,USD,40000,12480,86,WSL010420
2026-06-02,sell,IQD,2000000,440,-19.04,WSL010420
2026-06-02,sell,EUR,10000,3650,41.797,WSL010420
2026-06-02,sell,INR,300000,1026,-18.441,WSL010420
2026-06-02,sell,JOD,15000,6615,38.434,WSL010420
2026-06-02,sell,PHP,50000,264.5,-12.15,WSL010420
2026-06-02,sell,USD,50000,15650,157.5,WSL010420
2026-06-02,sell,CNY,20000,928,3.075,WSL010420
2026-06-02,sell,USD,20000,6244,47,WSL010420
2026-06-02,sell,USD,30000,9375,79.5,WSL010420
2026-06-02,sell,EUR,10000,3650,40.248,WSL010420
2026-06-02,sell,TRY,100000,720,-17.738,WSL010420
2026-06-02,sell,USD,50000,15600,107.5,WSL010420
2026-06-02,sell,USD,30000,9375,79.5,WSL010420
2026-06-02,sell,BAM,10000,1910,-51.076,WSL010420
2026-06-02,sell,GBP,5000,2100,12.541,WSL010420
2026-06-02,sell,JPY,1000000,1965,24.8,WSL010420
2026-06-02,sell,PHP,500000,2640,-126.495,WSL010420
2026-06-02,sell,THB,500000,4870,-17.11,WSL010420
2026-06-02,sell,USD,120000,37560,378,WSL010420
2026-06-02,sell,PHP,200000,1058,-48.598,WSL010420
2026-06-02,sell,THB,100000,978,0.578,WSL010420
2026-06-02,sell,TRY,100000,720,-17.738,WSL010420
2026-06-02,sell,USD,50000,15625,132.5,WSL010420
2026-06-02,sell,EUR,20000,7290,70.495,WSL010420
2026-06-02,sell,PKR,200000,248,0.12,WSL030330
2026-06-02,buy,EUR,20000,7240,-20.495,WSL030330
2026-06-02,buy,USD,150000,46800,-322.5,WSL030330
2026-06-02,sell,THB,100000,977,-0.422,WSL030330
2026-06-02,sell,USD,30000,9372,76.5,WSL030330
2026-06-02,sell,EUR,50000,18150,99.688,WSL010420
2026-06-02,sell,GBP,25000,10425,-15.396,WSL010420
2026-06-02,sell,USD,30000,9360,64.5,WSL010420
2026-06-02,sell,USD,20000,6250,53,WSL030330
2026-06-02,sell,USD,30000,9375,79.5,WSL010420
2026-06-01,sell,PHP,160000,849.6,-35.965,WSL010420
2026-06-01,sell,THB,400000,3898,-12.948,WSL010420
2026-06-01,sell,TRY,20000,143,-4.595,WSL030330
2026-06-01,sell,USD,10000,3125,25.5,WSL030330
2026-06-01,sell,EUR,50000,18115,60.412,WSL030330
2026-06-01,sell,GBP,50000,20965,100.716,WSL030330
2026-06-01,sell,USD,100000,31150,155,WSL030330
2026-06-01,sell,EUR,10000,3645,34.082,WSL010420
2026-06-01,sell,INR,700000,2394,-43.82,WSL010420
2026-06-01,sell,JOD,13000,5720,18.47,WSL010420
2026-06-01,sell,USD,100000,31250,255,WSL010420
2026-06-01,sell,CAD,10000,2262.5,19.411,WSL010420
2026-06-01,sell,CNY,30000,1392,4.164,WSL010420
2026-06-01,sell,EUR,10000,3635,21.293,WSL010420
2026-06-01,sell,JOD,10000,4400,14.208,WSL010420
2026-06-01,sell,LKR,500000,537.5,-36.48,WSL010420
2026-06-01,sell,THB,500000,4837.5,-51.185,WSL010420
2026-06-01,sell,USD,50000,15600,102.5,WSL010420
2026-06-01,sell,EUR,10000,3645,31.293,WSL030330
2026-06-01,sell,GBP,3500,1470,8.415,WSL030330
2026-06-01,sell,JOD,1500,661.5,3.631,WSL030330
2026-06-01,sell,PHP,200000,1058,-48.956,WSL030330
2026-06-01,sell,TRY,300000,2160,-53.928,WSL030330
2026-06-01,sell,JOD,5000,2200,7.104,WSL010420
2026-06-01,sell,USD,30000,9366,67.5,WSL010420
2026-06-01,sell,THB,400000,3896,-14.948,WSL010420
2026-06-01,sell,USD,80000,24976,180,WSL010420
2026-06-01,sell,CNY,30000,1389,1.164,WSL010420
2026-06-01,sell,JOD,10000,4400,14.208,WSL010420
2026-06-01,sell,USD,30000,9366,67.5,WSL010420
2026-06-01,sell,JOD,5000,2200,7.104,WSL030330
2026-06-01,sell,USD,50000,15625,127.5,WSL030330
2026-06-01,sell,USD,200000,62500,510,WSL010420
2026-06-01,sell,PKR,200000,244,-3.96,WSL030330
2026-06-01,sell,USD,10000,3125,25.5,WSL030330
2026-06-01,sell,EUR,20000,7290,62.586,WSL010420
2026-06-01,sell,USD,50000,15610,112.5,WSL010420
2026-06-01,sell,USD,5000,1562.5,12.75,WSL030330
2026-06-01,sell,JOD,10000,4400,14.208,WSL030330
2026-06-01,sell,PKR,500000,610,-9.9,WSL030330
2026-06-01,sell,USD,60000,18750,153,WSL030330
2026-06-01,sell,CNY,50000,2315,1.94,WSL010420
2026-06-01,sell,EUR,60000,21864,181.758,WSL010420
2026-06-01,sell,JOD,25000,11000,35.519,WSL010420
2026-06-01,sell,THB,700000,6818,-26.159,WSL010420
2026-06-01,sell,IQD,10000000,2220,-75.9,WSL030330
2026-06-01,sell,JOD,5000,2200,7.104,WSL030330
2026-06-01,sell,USD,40000,12500,102,WSL030330
2026-06-01,sell,USD,150000,46830,337.5,WSL010420
2026-06-01,sell,GBP,5000,2100,12.022,WSL010420
2026-06-01,sell,LKR,300000,327,-17.388,WSL010420
2026-06-01,sell,USD,150000,46830,337.5,WSL010420
2026-06-01,sell,USD,20000,6250,51,WSL030330
2026-06-01,sell,USD,20000,6254,55,WSL030330
2026-06-01,sell,THB,200000,1948,-7.474,WSL030330
2026-06-01,sell,TRY,200000,1428,-47.952,WSL030330
2026-06-01,sell,USD,20000,6248,49,WSL030330
2026-06-01,sell,EUR,5000,1822.5,15.492,WSL030330
2026-06-01,sell,INR,200000,684,-12.52,WSL030330
2026-06-01,sell,JOD,2000,880,2.842,WSL030330
2026-06-01,buy,KWD,35000,34938.003,61.997,WSL030330
2026-05-31,sell,GBP,5000,2100,13.417,WSL010420
2026-05-31,sell,USD,20000,6240,41,WSL010420
2026-05-31,sell,EUR,30000,10935,91.089,WSL030330
2026-05-31,sell,JOD,10000,4400,14.208,WSL030330
2026-05-31,sell,THB,1000000,9730,-47.37,WSL030330
2026-05-31,sell,USD,50000,15612.5,115,WSL030330
2026-05-31,sell,USD,30000,9375,76.5,WSL010420
2026-05-31,sell,CNY,20000,926,0.776,WSL010420
2026-05-31,sell,TRY,140000,999.6,-33.566,WSL010420
2026-05-31,sell,EUR,20000,7290,60.726,WSL010420
2026-05-31,sell,USD,60000,18720,123,WSL010420
2026-05-31,sell,USD,30000,9360,61.5,WSL010420
2026-05-31,sell,GEL,20000,2360,-52.062,WSL010420
2026-05-31,sell,JOD,25000,11000,35.519,WSL010420
2026-05-31,sell,JPY,400000,788,9.624,WSL010420
2026-05-31,sell,USD,100000,31250,255,WSL010420
2026-05-31,sell,CNY,50000,2317.5,4.44,WSL010420
2026-05-31,sell,EUR,40000,14576,117.452,WSL010420
2026-05-31,sell,IQD,100000000,21000,-1959,WSL010420
2026-05-31,sell,TRY,500000,3560,-129.88,WSL010420
2026-05-31,sell,TRY,20000,142.8,-4.795,WSL030330
2026-05-31,sell,USD,30000,9372,73.5,WSL030330
2026-05-31,sell,AZN,10000,1850,-45.719,WSL010420
2026-05-31,sell,BAM,20000,3810,-113.418,WSL010420
2026-05-31,sell,MYR,63651,5028.429,8.422,WSL010420
2026-05-31,sell,PHP,500000,2625,-142.39,WSL010420
2026-05-31,sell,TRY,500000,3535,-154.88,WSL010420
2026-05-31,sell,USD,35000,10920,71.75,WSL010420
2026-05-31,sell,TRY,100000,715,-22.976,WSL030330
2026-05-31,sell,USD,23711,7407.399,58.175,WSL030330
2026-05-31,buy,BHD,83,67.196,0.979,WSL030330
2026-05-31,buy,AED,200,16.619,0.277,WSL030330
2026-05-31,buy,BHD,26,21.049,0.307,WSL030330
2026-05-31,buy,SAR,15,1.193,0.05,WSL030330
2026-05-31,buy,SAR,340,27.03,1.147,WSL030330
2026-05-31,buy,USD,100,30.2,0.795,WSL030330
2026-05-30,sell,EUR,20000,7290,60.726,WSL010420
2026-05-30,sell,CNY,100000,4630,3.881,WSL010420
2026-05-30,sell,THB,500000,4860,-28.685,WSL010420
2026-05-30,sell,EUR,20000,7290,60.726,WSL010420
2026-05-30,sell,THB,400000,3890,-20.948,WSL010420
2026-05-30,sell,TRY,600000,4284,-143.856,WSL010420
2026-05-30,sell,USD,50000,15575,77.5,WSL010420
2026-05-30,sell,JOD,10000,4397.5,11.708,WSL030330
2026-05-30,sell,SYP,1000000,2600,2563.54,WSL030330
2026-05-30,sell,THB,1000000,9715,-62.37,WSL030330
2026-05-30,sell,USD,30000,9352.5,54,WSL030330
2026-05-30,sell,EUR,20000,7290,60.726,WSL010420
2026-05-30,sell,JOD,5000,2200,7.104,WSL010420
2026-05-30,sell,PHP,100000,535,-18.478,WSL010420
2026-05-30,sell,USD,50000,15595,97.5,WSL010420
2026-05-30,sell,EUR,20000,7280,50.726,WSL010420
2026-05-30,sell,JOD,45000,19788.75,52.684,WSL010420
2026-05-30,sell,TRY,500000,3560,-129.88,WSL010420
2026-05-30,sell,USD,150000,46785,292.5,WSL010420
2026-05-30,sell,THB,500000,4860,-28.685,WSL010420
2026-05-30,sell,CHF,10000,3960,-8.122,WSL010420
2026-05-30,sell,USD,70000,21826,129.5,WSL010420
2026-05-30,sell,JOD,5000,2200,7.104,WSL030330
2026-05-30,sell,PHP,100000,535,-18.478,WSL030330
2026-05-30,sell,THB,100000,973,-4.737,WSL030330
2026-05-30,sell,TRY,190000,1356.6,-45.554,WSL030330
2026-05-30,sell,USD,40000,12476,78,WSL030330
2026-05-30,sell,THB,200000,1944,-11.474,WSL030330
2026-05-30,sell,TRY,200000,1428,-47.952,WSL030330
2026-05-30,sell,USD,10000,3120,20.5,WSL030330
2026-05-30,buy,CHF,50000,19932.476,-91.866,WSL030330
2026-05-30,buy,EUR,100000,36217.658,-71.289,WSL030330
2026-05-30,buy,EUR,150000,54279.994,-60.44,WSL030330
2026-05-30,buy,GBP,40000,16780.693,-88.026,WSL030330
2026-05-30,buy,GBP,50000,20898.379,-32.545,WSL030330
2026-05-30,buy,IQD,100000000,20301.7,2657.3,WSL030330
2026-05-30,buy,JOD,250000,109567.325,77.487,WSL030330
2026-05-30,buy,PKR,950000,1070.736,107.074,WSL030330
2026-05-30,buy,SYP,1000000,2479.6,-2443.14,WSL030330
2026-05-30,buy,TRY,2000000,13930.338,829.182,WSL030330
2026-05-30,buy,USD,500000,155284.95,-309.95,WSL030330
2026-05-28,sell,USD,20000,6240,41,WSL010420
2026-05-28,sell,EUR,15000,5428.5,29.791,WSL010420
2026-05-28,sell,GEL,10000,1180,-26.031,WSL010420
2026-05-28,sell,THB,1500000,14512.5,-153.555,WSL010420
2026-05-28,sell,TRY,250000,1767.5,-77.44,WSL010420
2026-05-28,sell,USD,30000,9354,55.5,WSL010420
2026-05-28,sell,USD,30000,9354,55.5,WSL010420
2026-05-26,sell,USD,250000,77750,262.5,WSL010420
2026-05-26,sell,EUR,25000,9047.5,31.054,WSL010420
2026-05-26,sell,GBP,10000,4170,-7.816,WSL010420
2026-05-26,sell,TRY,250000,1767.5,-77.44,WSL010420
2026-05-26,sell,TRY,100000,710,-27.976,WSL010420
2026-05-26,sell,USD,100000,31180,185,WSL010420
2026-05-26,sell,USD,100000,31180,185,WSL010420
2026-05-26,sell,USD,30000,9354,55.5,WSL010420
2026-05-26,sell,USD,10000,3115,15.5,WSL010420
2026-05-26,sell,TRY,90000,639,-25.178,WSL010420
2026-05-26,sell,USD,20000,6236,37,WSL010420
2026-05-26,sell,INR,200000,686,-10.52,WSL010420
2026-05-26,sell,USD,30000,9354,55.5,WSL010420
2026-05-26,sell,GBP,8000,3372,29.003,WSL010420
2026-05-26,sell,USD,50000,15575,77.5,WSL010420
2026-05-26,sell,USD,70000,21826,129.5,WSL010420
2026-05-26,sell,USD,40000,12472,74,WSL010420
2026-05-25,sell,TRY,100000,712,-25.976,WSL010420
2026-05-25,sell,PHP,300000,1605,-55.434,WSL030330
2026-05-25,sell,EGP,500000,3375,-151.145,WSL010420
2026-05-25,sell,JOD,8000,3528,19.366,WSL010420
2026-05-25,sell,USD,30000,9354,55.5,WSL030330
2026-05-25,sell,USD,30000,9367.5,69,WSL030330
2026-05-25,sell,USD,70000,21822.5,126,WSL030330
2026-05-25,sell,CNY,20000,928,2.776,WSL030330
2026-05-25,sell,USD,20000,6250,51,WSL030330
2026-05-25,sell,USD,19000,5928,38.95,WSL030330
2026-05-25,sell,CHF,10000,3960,-2.542,WSL010420
2026-05-25,sell,CNY,50000,2312.5,-0.56,WSL010420
2026-05-25,sell,EUR,25000,9047.5,31.83,WSL010420
2026-05-25,sell,GBP,15000,6255,-10.794,WSL010420
2026-05-25,sell,USD,70000,21826,129.5,WSL010420
2026-05-25,sell,USD,40000,12480,82,WSL010420
2026-05-25,sell,CAD,8000,1810,15.399,WSL010420
2026-05-25,sell,JPY,500000,985.1,10.66,WSL010420
2026-05-25,sell,TRY,140000,996.8,-36.366,WSL010420
2026-05-25,sell,USD,155000,48282.5,240.25,WSL010420
2026-05-25,sell,JOD,9500,4180,13.497,WSL030330
2026-05-25,sell,USD,145000,45167.5,224.75,WSL010420
2026-05-25,sell,EUR,20000,7316,100.364,WSL010420
2026-05-25,sell,TRY,1000000,7100,-279.76,WSL010420
2026-05-25,sell,USD,70000,21826,129.5,WSL010420
2026-05-25,sell,EUR,140000,50750,240.548,WSL030330
2026-05-25,sell,GBP,50000,21025,129.721,WSL030330
2026-05-25,sell,USD,200000,62300,310,WSL030330
2026-05-25,sell,USD,200000,62300,310,WSL030330
2026-05-24,sell,USD,60000,18714,120,WSL010420
2026-05-24,sell,THB,100000,972,-5.58,WSL010420
2026-05-24,sell,USD,50000,15595,100,WSL030330
2026-05-24,sell,USD,20000,6238,40,WSL010420
2026-05-24,sell,JPY,500000,985,11.575,WSL010420
2026-05-24,sell,EGP,200000,1360,-50.23,WSL030330
2026-05-24,sell,TRY,100000,712,-25.857,WSL030330
2026-05-24,sell,JPY,500000,985,11.575,WSL010420
2026-05-24,sell,IQD,125000,26.25,-2.985,WSL030330
2026-05-24,sell,CNY,150000,6930,-8.06,WSL010420
2026-05-24,sell,JOD,10000,4400,14.915,WSL010420
2026-05-24,sell,THB,500000,4850,-37.9,WSL010420
2026-05-24,sell,TRY,500000,3550,-139.285,WSL010420
2026-05-24,buy,SAR,500000,41275,155.48,WSL030330
2026-05-24,sell,AZN,10000,1850,-45.413,WSL010420
2026-05-24,sell,CNY,50000,2312.5,-0.186,WSL010420
2026-05-24,sell,EUR,35000,12666.5,80.221,WSL010420
2026-05-24,sell,GEL,10000,1180,-25.837,WSL010420
2026-05-24,sell,INR,250000,850,-20.51,WSL010420
2026-05-24,sell,MYR,30000,2370,4.351,WSL010420
2026-05-24,sell,THB,2000000,19400,-151.6,WSL010420
2026-05-24,sell,EUR,200000,72300,378.408,WSL030330
2026-05-24,sell,USD,2000000,621400,1600,WSL030330
2026-05-24,buy,CAD,30000,6761.455,-32.301,WSL030330
2026-05-24,buy,CHF,20000,7910.657,-14.11,WSL030330
2026-05-24,buy,CNY,400000,18419.019,82.473,WSL030330
2026-05-24,buy,KWD,900000,897682.652,2317.348,WSL030330
2026-05-24,buy,THB,7000000,66953.705,1476.895,WSL030330
2026-05-24,buy,TRY,5000000,34898.65,1994.2,WSL030330
2026-05-23,sell,USD,40000,12480,84,WSL010420
2026-05-23,sell,EUR,100000,36100,139.204,WSL030330
2026-05-23,sell,GBP,50000,20925,93.522,WSL030330
2026-05-23,sell,USD,500000,155350,400,WSL030330
2026-05-23,sell,EUR,20000,7300,107.841,WSL010420
2026-05-23,sell,GBP,5000,2090,6.852,WSL010420
2026-05-23,sell,THB,100000,977,-0.58,WSL010420
2026-05-23,sell,THB,400000,3888,-22.32,WSL010420
2026-05-23,sell,TRY,500000,3550,-139.285,WSL010420
2026-05-23,sell,USD,50000,15590,95,WSL010420
2026-05-23,sell,USD,60000,18708,114,WSL030330
2026-05-23,sell,JOD,5000,2195,2.458,WSL030330
2026-05-23,sell,USD,60000,18720,126,WSL030330
2026-05-23,sell,EUR,30000,10920,131.761,WSL010420
2026-05-23,sell,GBP,10000,4180,13.704,WSL010420
2026-05-23,sell,JOD,30000,13200,44.745,WSL010420
2026-05-23,sell,THB,700000,6818,-25.06,WSL010420
2026-05-23,sell,TRY,300000,2137.5,-76.071,WSL010420
2026-05-23,sell,AZN,20500,3787.375,-122.133,WSL030330
2026-05-23,sell,THB,700000,6804,-39.06,WSL010420
2026-05-23,sell,CAD,9000,2034,15.254,WSL010420
2026-05-23,sell,EUR,20000,7280,87.841,WSL010420
2026-05-23,sell,GBP,10000,4140,-26.296,WSL010420
2026-05-23,sell,TRY,300000,2121,-92.571,WSL010420
2026-05-23,sell,USD,30000,9354,57,WSL010420
2026-05-23,sell,EUR,10000,3650,53.92,WSL010420
2026-05-23,sell,USD,30000,9360,63,WSL010420
2026-05-23,sell,EUR,20000,7300,107.841,WSL010420
2026-05-23,sell,GBP,20000,8360,27.409,WSL010420
2026-05-23,sell,THB,1000000,9770,-5.8,WSL010420
2026-05-23,sell,TRY,500000,3575,-114.285,WSL010420
2026-05-23,sell,USD,60000,18720,126,WSL010420
2026-05-23,sell,EUR,20000,7295,102.841,WSL010420
2026-05-23,sell,THB,100000,977,-0.58,WSL010420
2026-05-23,sell,TRY,300000,2136,-77.571,WSL010420
2026-05-23,sell,USD,50000,15600,105,WSL010420
2026-05-23,sell,CAD,20000,4520,33.897,WSL010420
2026-05-23,sell,EUR,30000,10860,71.761,WSL010420
2026-05-23,sell,USD,30000,9354,57,WSL010420
2026-05-21,sell,EUR,10000,3627.5,34.519,WSL010420
2026-05-21,sell,USD,20000,6230,32,WSL010420
2026-05-21,sell,JOD,10000,4395,9.915,WSL010420
2026-05-21,buy,CHF,6000,2400,-45.464,WSL010420
2026-05-21,sell,TRY,200000,1424,-50.762,WSL010420
2026-05-21,sell,USD,10000,3107,10,WSL010420
2026-05-21,sell,EUR,20000,7240,36.378,WSL010420
2026-05-21,sell,THB,500000,4885,0.255,WSL010420
2026-05-21,sell,USD,30000,9357,66,WSL010420
2026-05-21,sell,EUR,20000,7240,36.378,WSL010420
2026-05-21,sell,JOD,15000,6585,11.618,WSL010420
2026-05-21,sell,USD,60000,18714,132,WSL010420
2026-05-21,sell,PHP,500000,2645,-160.265,WSL010420
2026-05-21,sell,TRY,1200000,8544,-304.572,WSL010420
2026-05-21,sell,SAR,40000,3316,3.7,WSL030330
2026-05-21,sell,TRY,200000,1424,-50.762,WSL030330
2026-05-21,sell,EUR,30000,10920,122.929,WSL010420
2026-05-21,sell,THB,1000000,9730,-39.49,WSL010420
2026-05-21,sell,USD,20000,6214,20,WSL010420
2026-05-21,sell,USD,30000,9348,57,WSL010420
2026-05-21,sell,INR,10000000,34000,-797.9,WSL030330
2026-05-21,sell,JOD,150000,65700,-33.825,WSL030330
2026-05-21,sell,SAR,1000000,82900,92.51,WSL030330
2026-05-21,sell,USD,1500000,466050,1500,WSL030330
2026-05-21,buy,CNY,100000,4608.631,13.757,WSL030330
2026-05-21,buy,EUR,100000,36104.826,-108.395,WSL030330
2026-05-21,buy,GBP,50000,20718.93,86.716,WSL030330
2026-05-21,buy,INR,12000000,40527.804,1229.676,WSL030330
2026-05-21,buy,KWD,22000,22007.106,-7.106,WSL030330
2026-05-21,buy,THB,3000000,28764.705,543.765,WSL030330
2026-05-21,buy,USD,1500000,466175.925,-1625.925,WSL030330
2026-05-21,sell,USD,40000,12456,68,WSL030330
2026-05-20,sell,THB,300000,2916,-14.373,WSL010420
2026-05-20,sell,USD,50000,15530,47.5,WSL030330
2026-05-20,sell,JOD,5000,2195,4.226,WSL010420
2026-05-20,sell,CNY,50000,2320,9.179,WSL010420
2026-05-20,sell,EUR,10000,3620,30.537,WSL010420
2026-05-20,sell,THB,400000,3888,-19.164,WSL010420
2026-05-20,sell,TRY,300000,2130,-81.786,WSL010420
2026-05-20,sell,USD,10000,3106,9.5,WSL010420
2026-05-20,sell,USD,30000,9321,31.5,WSL010420
2026-05-20,sell,GEL,10000,1180,-24.864,WSL030330
2026-05-20,sell,PHP,200000,1088,-33.924,WSL030330
2026-05-20,sell,TRY,200000,1424,-50.524,WSL030330
2026-05-20,sell,USD,50000,15537.5,55,WSL030330
2026-05-20,sell,USD,20000,6214,21,WSL010420
2026-05-20,sell,USD,40000,12430,44,WSL030330
2026-05-20,sell,BHD,100,81.8,-0.259,WSL030330
2026-05-20,buy,SAR,200,15.9,0.659,WSL030330
2026-05-20,sell,INR,100000,343,-4.923,WSL010420
2026-05-20,sell,TRY,200000,1424,-50.524,WSL010420
2026-05-20,sell,USD,50000,15535,52.5,WSL010420
2026-05-20,sell,THB,200000,1946,-7.582,WSL010420
2026-05-20,sell,THB,500000,4860,-23.955,WSL010420
2026-05-20,sell,EUR,10000,3620,29.918,WSL010420
2026-05-20,sell,USD,50000,15535,52.5,WSL010420
2026-05-20,sell,CAD,10000,2260,11.761,WSL010420
2026-05-20,sell,EUR,20000,7280,99.836,WSL010420
2026-05-20,sell,THB,1000000,9730,-37.91,WSL010420
2026-05-20,sell,TRY,200000,1414,-60.524,WSL010420
2026-05-20,sell,USD,20000,6214,21,WSL010420
2026-05-20,sell,JOD,5000,2195,4.226,WSL030330
2026-05-20,sell,USD,20000,6214,21,WSL010420
2026-05-20,sell,USD,15000,4660.5,15.75,WSL030330
2026-05-20,sell,THB,100000,972,-4.791,WSL010420
2026-05-20,sell,USD,50000,15535,52.5,WSL010420
2026-05-20,sell,USD,20000,6214,21,WSL030330
2026-05-20,sell,USD,55000,17088.5,57.75,WSL030330
2026-05-20,sell,TRY,500000,3560,-126.31,WSL010420
2026-05-20,sell,USD,20000,6214,21,WSL010420
2026-05-20,sell,INR,150000,514.5,-7.384,WSL030330
2026-05-20,sell,USD,34000,10563.8,35.7,WSL030330
2026-05-20,sell,EUR,10000,3620,25.892,WSL010420
2026-05-20,sell,USD,30000,9321,31.5,WSL010420
2026-05-20,sell,USD,30000,9321,31.5,WSL030330
2026-05-20,sell,USD,42000,13020,14.7,WSL030330
2026-05-19,sell,CNY,50000,2312.5,1.679,WSL010420
2026-05-19,sell,EUR,6000,2172,15.721,WSL010420
2026-05-19,sell,SAR,100000,8300,20.588,WSL010420
2026-05-19,sell,CNY,50000,2312.5,1.679,WSL010420
2026-05-19,sell,USD,30000,9318,28.5,WSL010420
2026-05-19,sell,USD,3000,932.1,3.15,WSL030330
2026-05-19,sell,USD,50000,15535,52.5,WSL030330
2026-05-19,sell,GBP,5000,2080,5.81,WSL010420
2026-05-19,sell,EUR,10000,3622.5,22.819,WSL030330
2026-05-19,sell,USD,30000,9322.5,33,WSL030330
2026-05-19,sell,EGP,100000,675,-29.547,WSL030330
2026-05-19,sell,INR,500000,1710,-29.615,WSL030330
2026-05-19,sell,CAD,10000,2260,7.672,WSL010420
2026-05-19,sell,USD,50000,15535,52.5,WSL010420
2026-05-19,sell,USD,20000,6214,21,WSL010420
2026-05-19,sell,JOD,10000,4385,3.452,WSL030330
2026-05-19,sell,JOD,5000,2192.5,1.726,WSL030330
2026-05-19,sell,PKR,500000,610,-9.3,WSL030330
2026-05-19,sell,TRY,100000,708,-29.262,WSL030330
2026-05-19,sell,USD,30000,9321,31.5,WSL030330
2026-05-19,sell,BAM,10000,1910,-49.81,WSL010420
2026-05-19,sell,USD,100000,31050,85,WSL010420
2026-05-19,sell,EUR,20000,7240,32.587,WSL010420
2026-05-19,sell,JOD,10000,4383,1.452,WSL010420
2026-05-19,sell,USD,20000,6214,21,WSL030330
2026-05-19,sell,USD,30000,9336,46.5,WSL030330
2026-05-18,sell,EUR,5000,1810,5.824,WSL030330
2026-05-18,sell,GEL,10000,1170,-34.864,WSL030330
2026-05-18,sell,JOD,5000,2192.5,1.726,WSL030330
2026-05-18,sell,TRY,50000,357,-11.631,WSL030330
2026-05-18,sell,USD,14000,4349.8,14.7,WSL030330
2026-05-18,sell,EUR,5000,1808.75,6.587,WSL010420
2026-05-18,buy,THB,400000,3880,52.06,WSL010420
2026-05-18,sell,SAR,110000,9108,0.647,WSL030330
2026-05-18,sell,THB,500000,4870,-45.075,WSL010420
2026-05-18,sell,USD,40000,12428,42,WSL010420
2026-05-18,sell,EUR,20000,7235,27.587,WSL010420
2026-05-18,sell,JPY,1000000,1970,20.68,WSL010420
2026-05-18,sell,TRY,300000,2136,-75.786,WSL010420
2026-05-18,sell,USD,30000,9337.5,48,WSL010420
2026-05-18,sell,TRY,1400000,9870,-451.668,WSL010420
2026-05-18,sell,CNY,100000,4625,3.358,WSL010420
2026-05-18,sell,EUR,60000,21702,89.05,WSL010420
2026-05-18,sell,GBP,5000,2072.5,4.657,WSL010420
2026-05-18,sell,USD,50000,15530,47.5,WSL010420
2026-05-18,sell,USD,150000,46590,142.5,WSL010420
2026-05-18,sell,CAD,10000,2266,13.345,WSL010420
2026-05-18,sell,EUR,10000,3640,37.842,WSL010420
2026-05-18,sell,GBP,10000,4150,14.315,WSL010420
2026-05-18,sell,TRY,1000000,7070,-302.62,WSL010420
2026-05-18,sell,USD,70000,21756,80.5,WSL010420
2026-05-18,sell,CAD,20000,4515,9.689,WSL010420
2026-05-18,sell,EUR,30000,10920,113.525,WSL010420
2026-05-18,sell,GBP,20000,8280,8.629,WSL010420
2026-05-18,sell,TRY,500000,3535,-151.31,WSL010420
2026-05-18,sell,USD,50000,15536,53.5,WSL010420
2026-05-18,sell,USD,40000,12448,62,WSL030330
2026-05-18,sell,USD,40000,12440,54,WSL030330
2026-05-18,sell,CHF,50000,20065,374.678,WSL030330
2026-05-18,buy,CAD,20000,4517.141,-12.486,WSL030330
2026-05-18,buy,CHF,50000,19811.26,-120.938,WSL030330
2026-05-18,buy,EUR,50000,18041.757,-32.513,WSL030330
2026-05-18,buy,JOD,300000,131353.53,92.895,WSL030330
2026-05-18,buy,KWD,47000,47007.59,-7.59,WSL030330
2026-05-18,buy,SAR,500000,41286.667,110.393,WSL030330
2026-05-18,buy,TRY,1000000,7005.656,366.964,WSL030330
2026-05-18,buy,TRY,2500000,17494.35,937.2,WSL030330
2026-05-18,buy,TRY,5000000,34949.21,1913.89,WSL030330
2026-05-18,buy,USD,500000,155010.79,-185.79,WSL030330
2026-05-17,sell,USD,15000,4665,20.25,WSL030330
2026-05-17,sell,USD,10000,3110,13.5,WSL010420
2026-05-17,sell,EUR,10000,3620,21.248,WSL030330
2026-05-17,sell,USD,5000,1557,8.75,WSL030330
2026-05-17,sell,THB,400000,3900,-32.06,WSL010420
2026-05-17,sell,TRY,300000,2142,-69.786,WSL010420
2026-05-17,sell,USD,30000,9330,40.5,WSL010420
2026-05-17,sell,INR,500000,1720,-19.615,WSL030330
2026-05-17,sell,PKR,300000,360,-11.58,WSL030330
2026-05-17,sell,THB,1000000,9740,-90.15,WSL030330
2026-05-17,sell,GBP,15000,6225,38.193,WSL010420
2026-05-17,sell,EGP,250000,1700,-61.368,WSL030330
2026-05-17,sell,PHP,100000,544,-16.962,WSL030330
2026-05-17,sell,TRY,200000,1430,-44.524,WSL030330
2026-05-17,sell,USD,30000,9345,55.5,WSL030330
2026-05-17,sell,JPY,500000,987.5,12.41,WSL010420
2026-05-17,sell,USD,30000,9345,55.5,WSL010420
2026-05-17,sell,THB,200000,1948,-18.03,WSL030330
2026-05-17,sell,GBP,15000,6265.05,78.243,WSL010420
2026-05-17,sell,JPY,1000000,1980,29.82,WSL010420
2026-05-17,sell,USD,30000,9322.5,33,WSL010420
2026-05-17,sell,BDT,500000,1340,-18.125,WSL030330
2026-05-17,sell,PKR,600000,720,-23.16,WSL030330
2026-05-17,sell,USD,10000,3118,21.5,WSL030330
2026-05-17,sell,CNY,20000,930,5.672,WSL030330
2026-05-17,sell,THB,100000,974,-9.015,WSL010420
2026-05-17,buy,INR,500000,1710,29.615,WSL010420
2026-05-17,buy,THB,1300000,12616.5,162.695,WSL010420
2026-05-17,buy,TRY,300000,2129.4,82.386,WSL010420
2026-05-17,buy,USD,140000,43596,-245,WSL010420
2026-05-17,sell,EUR,10000,3640,41.248,WSL010420
2026-05-17,sell,THB,400000,3892,-40.06,WSL010420
2026-05-17,sell,USD,10000,3110,13.5,WSL010420
2026-05-17,sell,USD,30000,9351,61.5,WSL010420
2026-05-17,sell,EUR,50000,18175,181.238,WSL030330
2026-05-17,sell,INR,5000000,17050,-346.15,WSL030330
2026-05-17,sell,JOD,50000,21935,27.262,WSL030330
2026-05-17,sell,PHP,1000000,5275,-334.62,WSL030330
2026-05-17,sell,SAR,500000,41450,52.94,WSL030330
2026-05-17,sell,USD,1000000,310500,850,WSL030330
2026-05-17,buy,JOD,60000,26310,-20.715,WSL030330
2026-05-16,sell,JPY,500000,987.5,13.825,WSL010420
2026-05-16,sell,EUR,20000,7235,47.955,WSL010420
2026-05-16,sell,GBP,10000,4150,31.456,WSL010420
2026-05-16,sell,THB,300000,2925,-19.758,WSL010420
2026-05-16,sell,THB,400000,3900,-26.344,WSL010420
2026-05-16,sell,EUR,5000,1808.75,11.989,WSL030330
2026-05-16,sell,THB,100000,975,-6.586,WSL010420
2026-05-16,sell,USD,10000,3115,23,WSL010420
2026-05-16,sell,USD,50000,15575,115,WSL010420
2026-05-16,sell,SAR,50000,4140,6.31,WSL030330
2026-05-16,sell,PHP,100000,544,-16.147,WSL010420
2026-05-16,sell,USD,50000,15575,115,WSL010420
2026-05-16,sell,USD,150000,46650,270,WSL030330
2026-05-16,sell,EUR,30000,10852.5,71.933,WSL010420
2026-05-16,sell,USD,100000,31100,180,WSL010420
2026-05-16,sell,GBP,10000,4150,31.456,WSL010420
2026-05-16,sell,JOD,25000,10987.5,49.55,WSL010420
2026-05-16,sell,MYR,10000,790,3.232,WSL010420
2026-05-16,sell,SAR,50000,4135,1.31,WSL010420
2026-05-16,sell,THB,1000000,9750,-65.86,WSL010420
2026-05-16,sell,USD,50000,15550,90,WSL010420
2026-05-16,sell,CNY,100000,4620,5.075,WSL010420
2026-05-16,sell,EUR,50000,18250,282.388,WSL010420
2026-05-16,sell,THB,1000000,9720,-95.86,WSL010420
2026-05-16,sell,USD,50000,15537.5,77.5,WSL010420
2026-05-16,sell,EGP,100000,680,-23.523,WSL030330
2026-05-16,sell,THB,200000,1950,-13.172,WSL030330
2026-05-16,sell,USD,30000,9345,69,WSL030330
2026-05-16,sell,EUR,5000,1808.75,11.989,WSL030330
2026-05-16,sell,USD,40000,12460,92,WSL030330
2026-05-16,sell,CNY,10000,460,-1.492,WSL030330
2026-05-16,sell,GBP,5000,2075,15.728,WSL030330
2026-05-16,sell,SAR,30000,2481,0.786,WSL030330
2026-05-16,sell,USD,30000,9339,63,WSL030330
2026-05-16,sell,EUR,50000,18150,182.388,WSL030330
2026-05-16,sell,GBP,50000,20800,207.28,WSL030330
2026-05-16,sell,USD,200000,62000,160,WSL030330
2026-05-16,sell,THB,200000,1950,-13.172,WSL010420
2026-05-16,sell,USD,40000,12432,64,WSL010420
2026-05-16,sell,USD,80000,24920,184,WSL010420
2026-05-16,sell,THB,200000,1950,-13.172,WSL010420
2026-05-16,sell,USD,30000,9345,69,WSL010420
2026-05-16,sell,THB,600000,5838,-51.516,WSL010420
2026-05-16,sell,USD,20000,6220,36,WSL010420
2026-05-16,sell,USD,40000,12440,72,WSL030330
2026-05-14,sell,INR,100000,344,-9.416,WSL030330
2026-05-14,sell,THB,100000,979,-11.986,WSL030330
2026-05-14,sell,USD,30000,9345,69,WSL030330
2026-05-14,sell,JOD,10000,4395,19.82,WSL030330
2026-05-14,buy,USD,50000,15560,-100,WSL030330
2026-05-14,sell,USD,30000,9324,48,WSL010420
2026-05-14,sell,GBP,10000,4230,49.925,WSL010420
2026-05-14,sell,TRY,400000,2864,-80.76,WSL010420
2026-05-14,sell,USD,50000,15540,80,WSL010420
2026-05-14,sell,EGP,200000,1360,-47.046,WSL010420
2026-05-14,sell,THB,200000,1958,-23.972,WSL010420
2026-05-14,sell,TRY,400000,2860,-84.76,WSL010420
2026-05-14,sell,EUR,900,327.6,1.651,WSL010420
2026-05-14,sell,THB,500000,4890,-64.93,WSL010420
2026-05-14,sell,TRY,500000,3575,-105.95,WSL010420
2026-05-14,sell,USD,30000,9345,69,WSL010420
2026-05-14,sell,EUR,1500,547.5,4.483,WSL030330
2026-05-14,sell,GBP,5000,2105,16.972,WSL030330
2026-05-14,sell,USD,20000,6230,46,WSL030330
2026-05-14,sell,JOD,5000,2197.5,9.91,WSL030330
2026-05-14,sell,THB,200000,1958,-23.972,WSL030330
2026-05-14,sell,USD,28000,8722,64.4,WSL030330
2026-05-14,sell,JOD,5000,2197.5,9.91,WSL030330
2026-05-14,sell,SAR,50000,4140,6.31,WSL030330
2026-05-14,buy,USD,30000,9336,-60,WSL030330
2026-05-14,sell,TRY,200000,1430,-42.38,WSL010420
2026-05-14,sell,USD,50000,15575,115,WSL010420
2026-05-14,sell,EUR,10000,3655,33.65,WSL030330
2026-05-14,sell,GBP,5000,2107.5,17.926,WSL030330
2026-05-14,buy,EUR,10000,3646,-23.722,WSL030330
2026-05-14,buy,THB,1000000,9760,149.86,WSL030330
2026-05-14,buy,TRY,1100000,7806.7,291.39,WSL030330
2026-05-14,buy,USD,140000,43568,-280,WSL030330
2026-05-14,sell,USD,20000,6230,46,WSL010420
2026-05-14,sell,CAD,10000,2262.5,6.389,WSL010420
2026-05-14,sell,JOD,10000,4389,13.82,WSL010420
2026-05-14,sell,TRY,600000,4296,-121.14,WSL010420
2026-05-14,sell,USD,20000,6220,36,WSL010420
2026-05-13,sell,USD,10000,3115,23,WSL010420
2026-05-13,sell,JPY,2000000,3980,61.36,WSL010420
2026-05-13,sell,THB,1000000,9725,-184.86,WSL010420
2026-05-13,sell,TRY,400000,2864,-137.94,WSL010420
2026-05-13,sell,USD,50000,15540,80,WSL010420
2026-05-13,sell,AUD,10000,2240,0.464,WSL010420
2026-05-13,sell,TRY,200000,1432,-68.97,WSL010420
2026-05-13,buy,JOD,50000,21912.5,-36.6,WSL010420
2026-05-13,sell,USD,100000,31100,180,WSL030330
2026-05-13,sell,JOD,5000,2195,7.41,WSL010420
2026-05-13,sell,TRY,200000,1432,-68.97,WSL010420
2026-05-13,sell,TRY,120000,859.2,-41.382,WSL010420
2026-05-13,sell,THB,500000,4895,-59.93,WSL010420
2026-05-13,sell,TRY,400000,2864,-137.94,WSL010420
2026-05-13,sell,USD,100000,31100,180,WSL010420
2026-05-13,sell,JOD,30000,13164,38.46,WSL010420
2026-05-13,sell,SAR,250000,20700,31.55,WSL010420
2026-05-13,sell,USD,19000,5918.5,43.7,WSL030330
2026-05-13,sell,IQD,10000000,2135,-198.5,WSL030330
2026-05-13,sell,JOD,10000,4389,13.82,WSL030330
2026-05-13,sell,SAR,30000,2484,3.786,WSL030330
2026-05-13,sell,USD,40000,12440,72,WSL030330
2026-05-13,sell,USD,40000,12440,72,WSL010420
2026-05-13,buy,JOD,50000,21912.5,-36.6,WSL010420
2026-05-13,buy,THB,500000,4882.5,72.43,WSL010420
2026-05-13,sell,USD,2723,849.576,7.624,WSL030330
2026-05-13,sell,USD,100000,31050,130,WSL030330
2026-05-12,sell,JOD,5000,2195,8.118,WSL030330
2026-05-12,sell,USD,10000,3120,29,WSL030330
2026-05-12,sell,GBP,15000,6345,69.497,WSL010420
2026-05-12,sell,USD,30000,9330,57,WSL010420
2026-05-12,sell,USD,3000,933,5.7,WSL010420
2026-05-12,sell,JOD,5000,2195,8.118,WSL030330
2026-05-12,sell,EUR,2400,880.8,9.286,WSL030330
2026-05-12,sell,JOD,5000,2195,8.118,WSL030330
2026-05-12,sell,USD,57000,17727,108.3,WSL010420
2026-05-12,sell,TRY,500000,3580,-171.215,WSL010420
2026-05-12,sell,USD,3200,998.4,9.28,WSL030330
2026-05-12,sell,EUR,20000,7330,64.914,WSL010420
2026-05-12,sell,THB,100000,980,-10.666,WSL010420
2026-05-12,sell,CNY,100000,4665,51.567,WSL010420
2026-05-12,sell,EUR,20000,7300,27.495,WSL010420
2026-05-12,sell,GBP,8000,3372.8,16.221,WSL010420
2026-05-12,sell,JOD,10000,4385,11.235,WSL010420
2026-05-11,sell,GBP,2000,843.2,0.099,WSL010420
2026-05-11,sell,EUR,9000,3298.5,19.753,WSL030330
2026-05-11,sell,SAR,40000,3316,10.118,WSL030330
2026-05-11,sell,USD,10000,3108,17,WSL030330
2026-05-11,sell,USD,40000,12432,68,WSL010420
2026-05-11,buy,INR,1000000,3435,98.01,WSL010420
2026-05-11,sell,EUR,20000,7300,22.55,WSL010420
2026-05-11,sell,PHP,100000,544,-21.035,WSL010420
2026-05-11,sell,USD,10000,3110,19,WSL010420
2026-05-11,sell,USD,20000,6215,33,WSL010420
2026-05-11,sell,SAR,100000,8290,25.294,WSL030330
2026-05-11,sell,USD,6000,1864.8,10.2,WSL030330
2026-05-11,sell,EGP,100000,685,-18.295,WSL030330
2026-05-11,sell,SAR,100000,8290,25.294,WSL030330
2026-05-11,sell,TRY,100000,716,-34.243,WSL030330
2026-05-11,sell,USD,20000,6216,34,WSL030330
2026-05-11,sell,USD,20000,6216,34,WSL030330
2026-05-11,sell,PKR,200000,244,-3.28,WSL030330
2026-05-11,sell,USD,30000,9324,51,WSL030330
2026-05-11,sell,USD,20000,6216,34,WSL030330
2026-05-11,sell,USD,10000,3108,17,WSL030330
2026-05-11,sell,EUR,30000,10965,45.115,WSL010420
2026-05-11,sell,GBP,10000,4216,10.385,WSL010420
2026-05-11,sell,USD,20000,6216,34,WSL030330
2026-05-11,sell,EUR,100000,36500,109.657,WSL030330
2026-05-11,sell,INR,5000000,17200,-465.05,WSL030330
2026-05-11,sell,JOD,20000,8770,22.47,WSL030330
2026-05-11,sell,PHP,1000000,5440,-210.35,WSL030330
2026-05-11,sell,USD,1000000,310500,1400,WSL030330
2026-05-11,sell,EUR,50000,18250,54.828,WSL030330
2026-05-11,buy,CNY,200000,9220,6.866,WSL010420
2026-05-11,buy,INR,2000000,6844,222.02,WSL010420
2026-05-11,buy,JOD,20000,8760,-12.47,WSL010420
2026-05-11,sell,TRY,130000,929.5,-45.816,WSL010420
2026-05-11,sell,USD,100000,31050,140,WSL030330
2026-05-10,sell,TRY,400000,2856,-143.516,WSL010420
2026-05-10,sell,EUR,11000,4037,32.267,WSL030330
2026-05-10,sell,USD,3000,933,6.15,WSL030330
2026-05-10,sell,EUR,10000,3670,29.333,WSL010420
2026-05-10,sell,INR,300000,1047,-12.39,WSL030330
2026-05-10,sell,PKR,300000,366,-4.74,WSL030330
2026-05-10,sell,TRY,100000,714,-35.879,WSL030330
2026-05-10,sell,USD,30000,9330,61.5,WSL030330
2026-05-10,sell,USD,10000,3110,20.5,WSL030330
2026-05-10,sell,TRY,200000,1428,-71.758,WSL010420
2026-05-10,sell,USD,40000,12440,82,WSL010420
2026-05-10,sell,EUR,20000,7340,58.666,WSL010420
2026-05-10,sell,TRY,200000,1428,-71.758,WSL010420
2026-05-10,sell,GBP,10000,4227.5,14.349,WSL010420
2026-05-10,sell,JOD,20000,8770,26.715,WSL010420
2026-05-10,sell,PHP,200000,1084,-45.522,WSL010420
2026-05-10,sell,TRY,300000,2142,-107.637,WSL010420
2026-05-10,sell,USD,50000,15550,102.5,WSL010420
2026-05-10,sell,PHP,100000,542,-22.761,WSL030330
2026-05-10,sell,USD,29500,9174.5,60.475,WSL030330
2026-05-10,sell,EUR,10000,3670,29.333,WSL030330
2026-05-10,sell,USD,20000,6220,41,WSL030330
2026-05-10,buy,EUR,20000,7330,-48.666,WSL010420
2026-05-10,buy,JOD,30000,13140,-25.072,WSL010420
2026-05-10,sell,TRY,200000,1426,-73.758,WSL010420
2026-05-10,sell,USD,30000,9324,55.5,WSL010420
2026-05-10,sell,USD,30000,9330,61.5,WSL010420
2026-05-10,sell,EUR,10000,3670,29.333,WSL010420
2026-05-10,sell,INR,500000,1725,-40.65,WSL010420
2026-05-10,sell,PHP,300000,1620,-74.283,WSL010420
2026-05-10,sell,THB,500000,4835,-115.925,WSL010420
2026-05-10,sell,USD,10000,3108,18.5,WSL010420
2026-05-10,sell,USD,50000,15550,102.5,WSL010420
2026-05-10,sell,CHF,50000,20185,291.246,WSL030330
2026-05-10,sell,USD,100000,31130,235,WSL030330
2026-05-09,sell,INR,150000,528,-1.866,WSL030330
2026-05-09,sell,TRY,200000,1428,-72.242,WSL010420
2026-05-09,sell,EUR,20000,7340,56.31,WSL010420
2026-05-09,sell,TRY,50000,356.5,-18.56,WSL030330
2026-05-09,buy,EUR,50000,18325,-115.774,WSL010420
2026-05-09,sell,USD,30000,9345,73.5,WSL010420
2026-05-09,sell,JPY,410000,815.9,7.487,WSL010420
2026-05-09,sell,PHP,300000,1620,-74.829,WSL010420
2026-05-09,sell,TRY,500000,3570,-180.605,WSL010420
2026-05-09,sell,TRY,3000,21.42,-1.084,WSL010420
2026-05-09,sell,USD,50000,15575,122.5,WSL010420
2026-05-09,sell,EUR,30000,11010,84.464,WSL030330
2026-05-09,sell,JOD,20000,8758,11.885,WSL030330
2026-05-09,sell,THB,200000,1960,-21.01,WSL030330
2026-05-09,sell,USD,50000,15550,97.5,WSL030330
2026-05-09,sell,USD,20000,6230,49,WSL010420
2026-05-09,sell,USD,30000,9330,58.5,WSL010420
2026-05-09,sell,USD,40000,12440,78,WSL030330
2026-05-09,sell,USD,30000,9330,58.5,WSL030330
2026-05-09,sell,CNY,50000,2300,44.16,WSL010420
2026-05-09,sell,EUR,50000,18250,40.774,WSL010420
2026-05-09,sell,JOD,20000,8770,23.885,WSL010420
2026-05-09,sell,THB,1000000,9670,-235.05,WSL010420
2026-05-09,sell,USD,100000,31080,175,WSL010420
2026-05-09,sell,USD,20000,6220,39,WSL030330
2026-05-09,sell,USD,10000,3110,19.5,WSL030330
2026-05-09,sell,USD,40000,12440,78,WSL030330
2026-05-09,sell,USD,40000,12460,98,WSL010420
2026-05-09,sell,USD,10000,3110.005,19.505,WSL010420
2026-05-09,sell,EUR,10000,3670,28.155,WSL030330
2026-05-09,sell,JOD,5000,2189.5,2.971,WSL030330
2026-05-09,sell,USD,20000,6220,39,WSL030330
2026-05-09,sell,EUR,5000,1835,14.077,WSL030330
2026-05-09,sell,JOD,5000,2189.5,2.971,WSL030330
2026-05-09,sell,SAR,50000,4160,34.934,WSL030330
2026-05-09,sell,USD,50000,15550,97.5,WSL030330
2026-05-09,sell,EUR,10000,3670,28.155,WSL030330
2026-05-09,sell,EUR,20000,7340,56.31,WSL010420
2026-05-09,sell,USD,50000,15550,97.5,WSL010420
2026-05-09,sell,USD,50000,15575,122.5,WSL010420
2026-05-09,sell,EUR,35000,12757.5,11.042,WSL030330
2026-05-09,sell,GBP,50000,21125,52.426,WSL030330
2026-05-09,sell,USD,200000,62200,390,WSL030330
2026-05-09,sell,CAD,10000,2272.5,13.197,WSL010420
2026-05-09,sell,CNY,100000,4600,88.321,WSL010420
2026-05-09,sell,EUR,20000,7300,16.31,WSL010420
2026-05-09,sell,JOD,20000,8760,13.885,WSL010420
2026-05-09,sell,THB,500000,4835,-117.525,WSL010420
2026-05-09,sell,USD,40000,12432,70,WSL010420
2026-05-09,sell,EUR,20000,7340,56.31,WSL010420
2026-05-09,sell,JOD,20000,8760,13.885,WSL010420
2026-05-09,sell,SAR,150000,12450,74.8,WSL010420
2026-05-09,sell,THB,1000000,9790,-115.05,WSL010420
2026-05-09,sell,TRY,500000,3570,-180.605,WSL010420
2026-05-09,sell,USD,100000,31150,245,WSL010420
2026-05-09,buy,CHF,50000,20125,-224.807,WSL030330
2026-05-09,sell,AED,500000,41890,-226.38,WSL030330
2026-05-09,sell,EUR,150000,54900,272.322,WSL030330
2026-05-09,sell,INR,5000000,17125,-537.2,WSL030330
2026-05-09,sell,JOD,50000,21887.5,22.212,WSL030330
2026-05-09,sell,SAR,2000000,165800,797.34,WSL030330
2026-05-09,sell,USD,1500000,465750,2175,WSL030330
2026-05-09,buy,CNY,200000,9157.037,-133.679,WSL030330
2026-05-09,buy,EUR,100000,36236.113,182.339,WSL030330
2026-05-09,buy,THB,2000000,19177.784,632.316,WSL030330
2026-05-09,buy,USD,150000,46431.672,-74.172,WSL030330
2026-05-09,buy,USD,400000,123990.86,-370.86,WSL030330
2026-05-09,buy,BHD,10000,8193.266,-3.257,WSL030330
2026-05-09,buy,EUR,100000,36538.982,-120.53,WSL030330
2026-05-09,buy,GBP,30000,12520.234,123.31,WSL030330
2026-05-09,buy,QAR,100000,8469.444,2.321,WSL030330
2026-05-09,buy,SAR,1000000,82435.316,66.014,WSL030330
2026-05-09,buy,SAR,1500000,123554.104,197.891,WSL030330
2026-05-09,buy,USD,300000,92659.371,55.629,WSL030330
2026-05-09,buy,EUR,100000,36443.176,-24.724,WSL030330
2026-05-09,buy,GBP,50000,21123.568,-50.994,WSL030330
2026-05-09,buy,JOD,200000,87399.34,61.81,WSL030330
2026-05-09,buy,USD,100000,30966.81,-61.81,WSL030330
2026-05-09,buy,USD,800000,247413.068,-173.068,WSL030330
2026-05-09,buy,KWD,380000,378875.485,1124.515,WSL030330
2026-05-09,buy,KWD,750000,750000,0,WSL030330
2026-05-09,buy,KWD,100000,99679.56,320.44,WSL030330
2026-05-07,sell,THB,500000,4890,-62.525,WSL010420
2026-05-07,sell,PHP,100000,552,-12.943,WSL010420
2026-05-07,sell,THB,100000,978,-12.505,WSL010420
2026-05-07,sell,USD,40000,12480,118,WSL030330
2026-05-07,sell,PHP,155000,860.25,-15.412,WSL010420
2026-05-06,sell,USD,1000,314,4.85,WSL010420
2026-05-06,sell,TRY,200000,1426,-74.728,WSL010420
2026-05-06,sell,THB,100000,979,-11.826,WSL030330
2026-05-06,sell,INR,200000,716,9.284,WSL010420
2026-05-06,sell,THB,300000,2934,-38.478,WSL010420
2026-05-06,sell,USD,6000,1864.8,9.9,WSL010420
2026-05-06,sell,AZN,25000,4631.25,-139.583,WSL010420
2026-05-06,sell,BHD,3800,3103.08,-10.131,WSL010420
2026-05-06,sell,INR,1800000,6435,74.556,WSL030330
2026-05-06,sell,TRY,60000,427.2,-23.018,WSL030330
2026-05-06,sell,INR,100000,358,4.642,WSL030330
2026-05-06,sell,TRY,200000,1428,-72.728,WSL030330
2026-05-06,sell,USD,5000,1562.5,16.75,WSL030330
2026-05-06,sell,THB,800000,7824,-102.608,WSL010420
2026-05-05,sell,BHD,1200,980.4,-3.196,WSL010420
2026-05-05,sell,TRY,400000,2852,-150.912,WSL010420
2026-05-05,sell,TRY,140000,999.6,-51.419,WSL010420
2026-05-05,sell,INR,100000,358,4.47,WSL030330
2026-05-05,sell,PHP,100000,558,-7.4,WSL030330
2026-05-05,sell,INR,120000,429.6,5.364,WSL010420
2026-05-05,sell,PHP,100000,555,-10.4,WSL010420
2026-05-04,sell,THB,1000000,9790,-119.86,WSL010420
2026-05-04,sell,INR,700000,2506,32.088,WSL030330
2026-05-04,sell,CNY,15000,705,27.92,WSL010420
2026-05-04,sell,USD,50000,15595,135,WSL010420
2026-05-04,sell,THB,511000,5002.69,-61.248,WSL010420
2026-05-04,sell,TRY,300000,2142,-109.455,WSL010420
2026-05-04,sell,USD,50000,15600,140,WSL010420
2026-05-04,sell,USD,40000,12480,112,WSL030330
2026-05-04,sell,USD,30000,9360,84,WSL030330
2026-05-04,sell,USD,30000,9360,84,WSL030330
2026-05-04,sell,USD,10000,3120,28,WSL010420
2026-05-04,sell,USD,30000,9360,84,WSL030330
2026-05-04,sell,USD,30000,9360,84,WSL030330
2026-05-04,sell,THB,700000,6853,-83.902,WSL010420
2026-05-04,sell,TRY,500000,3570,-182.425,WSL010420
2026-05-04,sell,USD,30000,9360,84,WSL030330
2026-05-04,sell,USD,10000,3115,23,WSL030330
2026-05-04,sell,USD,50000,15587.5,127.5,WSL030330
2026-05-04,buy,USD,100000,31175,-255,WSL030330
2026-05-04,sell,USD,100000,31175,255,WSL030330
2026-05-04,buy,USD,220000,68530,-506,WSL030330
2026-05-04,buy,USD,130000,40495,-299,WSL010420
2026-05-03,sell,USD,10000,3120,28,WSL010420
2026-05-03,sell,CNY,10000,470,18.613,WSL010420
2026-05-03,sell,SGD,5000,1217.5,3.237,WSL010420
2026-05-03,sell,TRY,300000,2142,-109.455,WSL010420
2026-05-03,sell,USD,40000,12480,112,WSL010420
2026-05-03,sell,USD,10000,3122.5,30.5,WSL010420
2026-05-03,sell,USD,20000,6245,61,WSL010420
2026-05-03,buy,USD,100000,31150,-230,WSL030330
2026-05-03,sell,CNY,2100,98.28,3.489,WSL030330
2026-05-03,sell,USD,20000,6240,56,WSL030330
2026-05-03,sell,USD,50000,15600,140,WSL010420
2026-05-03,sell,TRY,100000,714,-36.485,WSL010420
2026-05-03,buy,USD,50000,15575,-115,WSL010420
2026-05-03,buy,USD,50000,15575,-115,WSL010420
2026-05-03,sell,USD,40000,12480,112,WSL030330
2026-05-03,sell,TRY,600000,4284,-218.91,WSL010420
2026-05-03,sell,USD,30000,9360,84,WSL010420
2026-05-03,sell,USD,100000,31150,230,WSL030330
2026-05-03,sell,INR,250000,887.5,3.96,WSL010420
2026-05-03,sell,JPY,1000000,1985,16.45,WSL010420
2026-05-03,sell,USD,70000,21875,231,WSL010420
2026-05-03,sell,USD,20000,6250,66,WSL030330
2026-05-03,sell,USD,30000,9375,99,WSL010420
2026-05-03,sell,USD,50000,15625,165,WSL010420
2026-05-03,sell,USD,20000,6250,66,WSL030330
2026-05-03,sell,USD,20000,6250,66,WSL030330
2026-05-03,sell,USD,30000,9375,99,WSL030330
2026-05-03,sell,USD,50000,15625,165,WSL030330
2026-05-03,sell,USD,20000,6250,66,WSL030330
2026-05-03,buy,USD,480000,149520,-1104,WSL030330
2026-05-02,sell,INR,500000,1790,21.21,WSL010420
2026-04-30,sell,INR,100000,356,2.242,WSL010420
2026-04-30,sell,BAM,20000,3820,-97.722,WSL010420
2026-04-30,sell,CZK,284600,4354.38,119.993,WSL010420
2026-04-30,buy,BHD,20,16.194,0.21,WSL030330
2026-04-30,buy,SAR,100,7.95,0.312,WSL030330
2026-04-30,buy,SAR,100,7.95,0.312,WSL030330
2026-04-30,buy,SAR,735,58.433,2.294,WSL030330
2026-04-30,buy,USD,58,17.516,0.435,WSL030330
2026-04-28,sell,TRY,140000,999.6,-51.419,WSL010420
2026-04-28,sell,THB,400000,3912,-53.224,WSL010420
2026-04-28,sell,TRY,400000,2856,-146.912,WSL010420
2026-04-28,sell,USD,80000,25004,260,WSL030330
2026-04-28,buy,USD,80000,25004,-260,WSL030330
2026-04-27,sell,USD,20000,6256,70,WSL010420
2026-04-27,buy,USD,20000,6248,-62,WSL010420
2026-04-27,sell,USD,50000,15640,175,WSL030330
2026-04-27,buy,USD,50000,15620,-155,WSL030330
2026-04-27,sell,USD,150000,46912.5,517.5,WSL010420
2026-04-27,sell,GBP,10000,4220,29.913,WSL010420
2026-04-27,sell,THB,200000,1960,-22.612,WSL010420
2026-04-27,sell,USD,20000,6256,70,WSL010420
2026-04-27,sell,EGP,200000,1300,-107.5,WSL030330
2026-04-27,buy,GBP,10000,4202.5,-15.197,WSL030330
2026-04-27,buy,USD,170000,53108,-527,WSL030330
2026-04-26,sell,INR,150000,531,0.534,WSL030330
2026-04-26,sell,USD,70000,21875,217,WSL030330
2026-04-25,sell,TRY,500000,3525,-231.07,WSL010420
2026-04-25,sell,USD,150000,46875,450,WSL030330
2026-04-25,buy,USD,200000,62500,-600,WSL030330
2026-04-25,sell,THB,300000,2934,-41.844,WSL010420
2026-04-25,sell,INR,200000,686,-21.516,WSL030330
2026-04-23,sell,AED,60000,5031.6,-29.725,WSL010420
2026-04-23,sell,JPY,1000000,1950,12.23,WSL010420
2026-04-23,sell,IDR,50000000,935,-79.5,WSL010420
2026-04-23,sell,INR,200000,686,-21.516,WSL010420
2026-04-23,sell,TRY,200000,1400,-102.428,WSL010420
2026-04-23,sell,USD,40000,12536,156,WSL010420
2026-04-23,sell,USD,50000,15670,195,WSL010420
2026-04-23,buy,USD,90000,28143,-288,WSL030330
2026-04-22,sell,THB,503000,4924.37,-65.128,WSL010420
2026-04-22,sell,TRY,200000,1400,-107.918,WSL010420
2026-04-22,sell,AED,25000,2095,-13.885,WSL010420
2026-04-22,sell,JOD,13180,5770.204,0.161,WSL010420
2026-04-21,sell,TRY,100000,700,-53.959,WSL010420
2026-04-21,sell,EUR,10000,3715,73.732,WSL010420
2026-04-21,sell,USD,30000,9405,120,WSL010420
2026-04-21,buy,EUR,10000,3706,-61.328,WSL030330
2026-04-21,buy,USD,30000,9387,-102,WSL030330
2026-04-21,sell,EUR,10000,3712.5,67.828,WSL010420
2026-04-21,sell,USD,20000,6270,80,WSL010420
2026-04-21,sell,THB,300000,2940,-35.844,WSL010420
2026-04-21,sell,USD,70000,21945,280,WSL010420
2026-04-21,buy,EUR,10000,3706,-61.328,WSL030330
2026-04-21,buy,USD,90000,28161,-306,WSL030330
2026-04-20,sell,USD,10000,3135,40,WSL010420
2026-04-20,sell,USD,20000,6270,80,WSL010420
2026-04-20,sell,EUR,10000,3720,80.59,WSL030330
2026-04-20,sell,USD,10000,3135,40,WSL030330
2026-04-20,sell,INR,500000,1712.5,-56.29,WSL010420
2026-04-20,sell,USD,70000,21945,280,WSL010420
2026-04-20,sell,USD,60000,18810,240,WSL010420
2026-04-20,buy,USD,170000,53159,-544,WSL030330
2026-04-19,sell,USD,50000,15675,200,WSL010420
2026-04-19,buy,USD,50000,15640,-165,WSL030330
2026-04-19,sell,THB,200000,1965,-18.896,WSL010420
2026-04-19,sell,TRY,100000,700,-54.51,WSL010420
2026-04-19,sell,USD,30000,9405,120,WSL010420
2026-04-19,buy,USD,30000,9384,-99,WSL030330
2026-04-18,sell,PHP,186000,996.96,-55.024,WSL010420
2026-04-18,sell,TRY,500000,3500,-271.33,WSL010420
2026-04-18,sell,USD,50000,15692.5,222.5,WSL010420
2026-04-18,buy,USD,50000,15600,-130,WSL030330
2026-04-16,sell,USD,60000,18831,267,WSL030330
2026-04-16,sell,EUR,20000,7440,153.63,WSL010420
2026-04-16,sell,CNY,9800,458.64,15.995,WSL010420
2026-04-16,sell,PHP,100000,534,-31.583,WSL010420
2026-04-16,sell,PKR,200000,225,-22.52,WSL010420
2026-04-16,sell,THB,1000000,9790,-126.27,WSL010420
2026-04-16,sell,USD,100000,31390,450,WSL030330
2026-04-16,sell,EGP,2000000,12200,-1992.18,WSL030330
2026-04-16,sell,EUR,150000,55650,904.764,WSL030330
2026-04-16,sell,GBP,150000,62700,-283.011,WSL030330
2026-04-16,sell,SAR,1500000,126150,2257.845,WSL030330
2026-04-16,sell,USD,2000000,626600,7800,WSL030330
2026-04-16,sell,SAR,2000000,168200,3010.46,WSL030330
2026-04-16,sell,USD,500000,156650,1950,WSL030330
2026-04-16,buy,EUR,150000,55590,-798.354,WSL030330
2026-04-16,buy,SAR,1500000,125850,-1957.845,WSL030330
2026-04-16,buy,SAR,2100000,175875,-2425.983,WSL030330
2026-04-16,buy,USD,1000000,313300,-3900,WSL030330
2026-04-16,buy,USD,1500000,469500,-5400,WSL030330
2026-04-15,sell,SAR,200000,16780,253.038,WSL030330
2026-04-15,sell,THB,500000,4890,-70.54,WSL010420
2026-04-15,sell,USD,30000,9435,148.5,WSL010420
2026-04-15,buy,USD,50000,15650,-172.5,WSL030330
2026-04-14,sell,USD,50000,15740,262.5,WSL030330
2026-04-14,sell,PHP,100000,540,-25.857,WSL030330
2026-04-14,sell,CNY,10000,470,18.102,WSL010420
2026-04-14,sell,PHP,300000,1590,-107.571,WSL030330
2026-04-13,sell,INR,250000,850,-35.11,WSL010420
2026-04-13,sell,INR,250000,850,-35.11,WSL010420
2026-04-13,sell,EUR,20000,7430,190.523,WSL010420
2026-04-13,sell,USD,40000,12600,210,WSL010420
2026-04-13,sell,USD,50000,15737.5,250,WSL030330
2026-04-13,buy,USD,50000,15665,-177.5,WSL030330
2026-04-13,sell,EUR,50000,18575,459.271,WSL010420
2026-04-13,sell,CAD,10000,2250,12.73,WSL010420
2026-04-13,sell,USD,70000,22050,367.5,WSL010420
2026-04-13,buy,EUR,50000,18530,-429.759,WSL030330
2026-04-13,buy,EUR,20000,7412,-171.904,WSL030330
2026-04-13,buy,USD,60000,18798,-213,WSL030330
2026-04-13,buy,USD,50000,15665,-177.5,WSL030330
2026-04-11,sell,CAD,20000,4490,13.844,WSL010420
2026-04-09,sell,SAR,15000,1260,19.677,WSL030330
2026-04-08,sell,SAR,20000,1680,26.236,WSL030330
2026-04-08,sell,TRY,400000,2788,-233.952,WSL030330
2026-04-08,sell,USD,10000,3155,57.5,WSL030330
2026-04-08,sell,SAR,30000,2520,38.153,WSL030330
2026-04-08,sell,USD,10000,3165,66,WSL030330
2026-04-08,sell,IDR,50000000,925,-91,WSL010420
2026-04-08,sell,EUR,10000,3687.5,66.009,WSL010420
2026-04-08,sell,CHF,15000,5970,70.888,WSL030330
2026-04-08,sell,THB,300000,2934,-45.69,WSL010420
2026-04-08,sell,USD,10000,3167.5,68.5,WSL010420
2026-04-07,buy,CHF,7000,2779,-65.428,WSL010420
2026-04-07,sell,USD,18000,5706,122.4,WSL030330
2026-04-07,sell,GBP,22000,9122.3,56.085,WSL030330
2026-04-07,sell,EUR,10000,3680,94.398,WSL030330
2026-04-07,sell,PHP,150000,780,-70.569,WSL030330
2026-04-06,sell,INR,200000,678,-31.118,WSL010420
2026-04-06,sell,EUR,10000,3670,84.272,WSL030330
2026-04-06,sell,SAR,15000,1256.25,14.726,WSL030330
2026-04-06,sell,USD,10000,3170,69.5,WSL030330
2026-04-05,sell,SAR,20000,1680,24.634,WSL030330
2026-04-05,sell,USD,20000,6340,139,WSL030330
2026-04-05,sell,CHF,13000,5161,126.463,WSL030330
2026-04-05,sell,EUR,24000,8808,234.994,WSL030330
2026-04-05,sell,SAR,20000,1680,24.634,WSL030330
2026-04-05,sell,USD,10000,3170,69.5,WSL030330
2026-04-04,sell,JOD,10000,4390,5.05,WSL010420
2026-04-02,sell,THB,200000,1940,-47.1,WSL010420
2026-04-02,sell,EUR,17470,6411.49,155.273,WSL030330
2026-04-02,sell,USD,10000,3165,65,WSL030330
2026-04-02,sell,GBP,15000,6187.5,29.04,WSL010420
2026-04-02,sell,EUR,10000,3680,79.35,WSL030330
2026-04-02,sell,CNY,100000,4550,24.453,WSL030330
2026-04-01,sell,THB,1000000,9570,-367.1,WSL010420
2026-04-01,sell,USD,20000,6340,139,WSL010420
2026-04-01,sell,USD,10000,3170,69.5,WSL010420
2026-04-01,sell,USD,10000,3170,69.5,WSL010420
2026-04-01,sell,GBP,5000,2069,-13.761,WSL010420
2026-04-01,sell,JOD,25000,10945,-19.143,WSL010420
2026-04-01,sell,USD,10000,3160,59.5,WSL010420
2026-04-01,sell,SAR,10000,830,2.317,WSL030330
2026-04-01,sell,USD,20000,6320,119,WSL030330
2026-04-01,sell,EUR,15000,5430,28.154,WSL010420
2026-04-01,sell,USD,30000,9510,208.5,WSL010420
2026-04-01,buy,SAR,200,15.9,0.654,WSL030330
2026-04-01,buy,USD,20,6.04,0.161,WSL030330
2026-04-01,buy,USD,100,30.2,0.805,WSL030330
2026-04-01,buy,USD,100,30.2,0.805,WSL030330
2026-04-01,buy,USD,100,30.2,0.805,WSL030330
2026-04-01,buy,USD,100,30.2,0.805,WSL030330
2026-04-01,buy,USD,300,90.6,2.415,WSL030330
2026-03-31,sell,CHF,2000,794,4.761,WSL030330
2026-03-31,sell,EUR,15000,5460,54.669,WSL030330
2026-03-31,sell,USD,30000,9510,202.5,WSL030330
2026-03-31,sell,USD,50000,15850,337.5,WSL010420
2026-03-23,sell,JOD,5000,2182.5,4.17,WSL030330
2026-03-18,sell,SAR,5000,413.5,2.395,WSL030330
2026-03-18,sell,EUR,20000,7250,149.984,WSL030330
2026-03-18,sell,USD,5000,1550,10,WSL030330
2026-03-18,sell,USD,30000,9300,60,WSL030330
2026-03-17,sell,SAR,10000,827,4.79,WSL030330
2026-03-17,sell,USD,30000,9300,60,WSL030330
2026-03-17,buy,EUR,200,65,5.834,WSL030330
2026-03-17,buy,USD,352,106.304,2.112,WSL030330
2026-03-17,sell,EUR,30000,10860,238.62,WSL030330
2026-03-17,sell,AED,11900,999.124,0.16,WSL010420
2026-03-16,sell,CNY,100000,4500,-0.73,WSL030330
2026-03-16,sell,JOD,20000,8732,10.193,WSL030330
2026-03-16,sell,GBP,10000,4130,47.183,WSL030330
2026-03-16,sell,EUR,10000,3600,77.364,WSL030330
2026-03-16,sell,EUR,20000,7200,151.029,WSL030330
2026-03-16,sell,GBP,20000,8260,87.584,WSL030330
2026-03-15,sell,USD,10000,3100,17,WSL010420
2026-03-15,sell,OMR,5000,4005.625,1.729,WSL010420
2026-03-15,sell,USD,2000,620,3.4,WSL010420
2026-03-15,sell,JOD,5000,2185,4.548,WSL030330
2026-03-15,sell,USD,14000,4340,23.8,WSL030330
2026-03-15,sell,EUR,10000,3600,80.139,WSL030330
2026-03-15,sell,USD,10000,3100,17,WSL030330
2026-03-14,sell,EUR,30000,10800,252.747,WSL030330
2026-03-14,sell,EUR,10000,3600,84.249,WSL030330
2026-03-14,sell,USD,10000,3095,15.6,WSL030330
2026-03-14,sell,EUR,20000,7200,168.498,WSL030330
2026-03-14,sell,USD,10000,3095,15.6,WSL030330
2026-03-12,sell,EUR,10000,3600,52.531,WSL030330
2026-03-12,sell,SAR,50000,4125,14.749,WSL030330
2026-03-12,sell,USD,30000,9285,46.8,WSL030330
2026-03-12,sell,OMR,5000,4005,5.779,WSL010420
2026-03-12,sell,USD,10000,3095,15.6,WSL010420
2026-03-12,sell,CHF,22000,8921,253.293,WSL010420
2026-03-11,buy,CHF,22000,8833,-128.542,WSL010420
2026-03-11,sell,USD,10000,3095,15.6,WSL010420
2026-03-10,sell,USD,30000,9285,40.8,WSL010420
2026-03-09,sell,AED,11900,997.637,-1.781,WSL010420
2026-03-08,sell,AED,11900,996.863,-1.745,WSL010420
2026-03-08,sell,USD,20000,6180,22.2,WSL010420
2026-03-08,sell,USD,20000,6180,22.2,WSL010420
2026-03-07,sell,USD,20000,6180,22.2,WSL010420
2026-03-07,sell,AED,11900,997.161,-1.447,WSL010420
2026-03-05,sell,AED,11900,997.161,-1.447,WSL010420
2026-03-04,sell,AED,11900,997.161,-1.447,WSL010420
2026-03-04,sell,CNY,200000,8990,0.51,WSL030330
2026-03-04,buy,AED,100,8.291,0.103,WSL030330
2026-03-04,buy,SAR,50,3.975,0.136,WSL030330
2026-03-04,buy,USD,30,9.06,0.179,WSL030330
2026-03-04,buy,USD,200,60.4,1.196,WSL030330
2026-03-04,buy,USD,700,211.4,4.186,WSL030330
2026-03-03,sell,AED,11900,996.506,-2.393,WSL010420
2026-03-03,sell,USD,30000,9270,30.6,WSL030330
2026-03-03,sell,USD,150000,46335,138,WSL010420
2026-03-03,sell,USD,14760,4561.002,15.217,WSL030330
2026-03-03,sell,USD,3605,1113.999,3.731,WSL030330
2026-03-03,sell,USD,4612,1425.108,4.704,WSL030330
2026-03-03,sell,USD,19987,6176.001,20.405,WSL030330
2026-03-02,sell,USD,30000,9240,9,WSL010420
2026-03-02,sell,AED,10000,836.6,-2.048,WSL010420
2026-03-02,sell,USD,40000,12320,12,WSL030330
2026-03-02,sell,SAR,50000,4125,17.952,WSL030330
2026-03-02,sell,USD,50000,15440,55,WSL030330
2026-03-02,sell,USD,100000,30870,100,WSL030330
2026-03-02,sell,USD,22162,6841.409,22.162,WSL030330
2026-03-02,sell,JOD,9000,3919.5,8.69,WSL010420
2026-03-02,sell,USD,20000,6170,26,WSL010420
2026-03-02,sell,USD,10000,3073,1,WSL010420
2026-03-01,sell,USD,70000,21504,0,WSL030330
2026-03-01,sell,NPR,100000,228,-23.803,WSL030330
2026-03-01,sell,SAR,500000,40940,-63.735,WSL030330
2026-03-01,sell,SAR,117000,9623.25,28.376,WSL030330
2026-03-01,sell,SAR,100000,8220,19.253,WSL030330
2026-03-01,sell,USD,8000,2458,0.4,WSL030330
2026-03-01,sell,USD,200000,61460,20,WSL010420
2026-03-01,sell,USD,20000,6146,2,WSL010420
2026-03-01,buy,EUR,10000,3636,-3.667,WSL030330
2026-03-01,sell,USD,4000,1229,0.2,WSL030330
2026-03-01,sell,USD,11500,3533.375,0.575,WSL030330
2026-03-01,sell,USD,200000,61400,-40,WSL030330
2026-03-01,sell,AZN,10000,1828,-68.296,WSL030330
2026-03-01,sell,GEL,10000,1162,-33.331,WSL030330
2026-03-01,sell,MAD,30000,1080,-101.539,WSL030330
2026-03-01,sell,USD,20000,6142,-2,WSL030330
2026-03-01,buy,AED,90,7.449,0.087,WSL030330
2026-03-01,buy,AED,150,12.416,0.143,WSL030330
2026-03-01,buy,AED,1100,91.049,1.052,WSL030330
2026-03-01,buy,USD,100,30.2,0.52,WSL030330
2026-03-01,buy,USD,100,30.2,0.52,WSL030330
2026-03-01,buy,USD,200,60.4,1.04,WSL030330
2026-03-01,buy,USD,320,96.64,1.664,WSL030330
2026-03-01,buy,EUR,150,48.75,5.735,WSL030330
2026-03-01,buy,OMR,5,3.953,0.037,WSL030330
2026-03-01,buy,SAR,100,7.95,0.251,WSL030330
2026-03-01,buy,SAR,100,7.95,0.251,WSL030330
2026-03-01,buy,SAR,100,7.95,0.251,WSL030330
2026-02-28,sell,AED,8500,710.6,-1.093,WSL010420
2026-02-28,sell,JOD,5000,2172,-0.672,WSL030330
2026-02-28,sell,SAR,170000,13931.5,-9.77,WSL030330
2026-02-28,sell,USD,40000,12280,-8,WSL030330
2026-02-28,sell,EGP,50000,336.5,-35.366,WSL030330
2026-02-28,sell,USD,40000,12280,-8,WSL030330
2026-02-28,sell,USD,3000,921.15,-0.45,WSL030330
2026-02-28,sell,SAR,35000,2868.404,-1.857,WSL030330
2026-02-28,sell,USD,11645,3575.597,-1.747,WSL030330
2026-02-28,sell,USD,11516,3535.999,-1.716,WSL030330
2026-02-28,sell,USD,5000,1535.25,-0.75,WSL030330
2026-02-28,sell,USD,20000,6140,-4,WSL010420
2026-02-24,sell,EGP,500000,3375,-343.655,WSL010420
2026-02-24,sell,USD,20000,6140,-4,WSL010420
2026-02-24,sell,EGP,85000,572.05,-60.121,WSL030330
2026-02-24,sell,SAR,100000,8188,-12.747,WSL030330
2026-02-24,sell,USD,20000,6138,-6,WSL030330
2026-02-24,sell,SYP,5000000,142.5,-38.2,WSL030330
2026-02-24,sell,EGP,100000,673,-70.731,WSL030330
2026-02-24,sell,USD,50000,15344,-16,WSL030330
2026-02-24,buy,SYP,5000000,140,40.7,WSL030330
2026-02-24,sell,PKR,100000,113,-9.88,WSL030330
2026-02-24,sell,USD,4611,1415.116,-1.383,WSL030330
2026-02-24,sell,SAR,88020,7206.998,-11.3,WSL030330
2026-02-24,sell,SAR,40000,3275.2,-5.099,WSL030330
2026-02-24,sell,SAR,45000,3684.6,-5.736,WSL030330
2026-02-24,sell,BDT,250000,672.5,-1.19,WSL030330
2026-02-24,sell,USD,50000,15345,-15,WSL010420
2026-02-24,buy,USD,400,121.2,1.68,WSL030330
2026-02-24,sell,USD,50000,15370,25,WSL030330
2026-02-24,sell,EUR,75000,27247.5,132.885,WSL030330
2026-02-24,sell,GBP,50000,20800,99.595,WSL030330
2026-02-24,sell,USD,400000,122960,200,WSL030330
2026-02-24,buy,USD,500000,153695.52,-245.52,WSL030330
2026-02-24,sell,BDT,1000000,2600,-92.13,WSL030330
2026-02-24,sell,EUR,100000,36340,214.801,WSL030330
2026-02-24,sell,GBP,50000,20812.5,124.371,WSL030330
2026-02-24,sell,INR,6000000,20400,-886.56,WSL030330
2026-02-24,sell,JOD,50000,21700,-5.502,WSL030330
2026-02-24,sell,PHP,1000000,5310,-318.55,WSL030330
2026-02-24,sell,SAR,1000000,81900,-27.39,WSL030330
2026-02-24,sell,USD,1000000,307200,300,WSL030330
2026-02-24,buy,AED,200000,16722.517,6.837,WSL030330
2026-02-24,buy,EUR,100000,36321.615,-196.416,WSL030330
2026-02-24,buy,EUR,100000,36324.684,-199.485,WSL030330
2026-02-24,buy,GBP,50000,20795.544,-107.415,WSL030330
2026-02-24,buy,INR,10000000,33930.35,1547.25,WSL030330
2026-02-24,buy,KWD,9500,9493.813,6.187,WSL030330
2026-02-24,buy,QAR,110000,9249.041,5.071,WSL030330
2026-02-24,buy,SAR,200000,16372.366,13.112,WSL030330
2026-02-24,buy,SAR,1000000,81807.277,120.113,WSL030330
2026-02-24,buy,USD,400000,122686.344,73.656,WSL030330
2026-02-23,sell,INR,100000,343,-11.776,WSL010420
2026-02-23,sell,PHP,100000,533,-29.855,WSL010420
2026-02-23,sell,SAR,100000,8185,-7.739,WSL030330
2026-02-23,sell,USD,40000,12274,-2,WSL030330
2026-02-23,sell,AED,7600,634.98,-0.839,WSL010420
2026-02-23,sell,BDT,200000,540,1.486,WSL030330
2026-02-23,sell,INR,200000,686,-23.668,WSL030330
2026-02-23,sell,JOD,10000,4346,4.192,WSL030330
2026-02-23,sell,USD,70000,21483,-3.5,WSL030330
2026-02-23,sell,IDR,30000000,556.5,-47.4,WSL010420
2026-02-23,sell,USD,10000,3074,4.5,WSL010420
2026-02-23,sell,USD,50000,15345,-2.5,WSL010420
2026-02-23,buy,USD,1000000,307200,-250,WSL030330
2026-02-23,sell,SAR,92027,7537.002,-3.758,WSL030330
2026-02-23,sell,USD,5500,1687.675,-0.55,WSL030330
2026-02-23,sell,SAR,26000,2129.5,-0.959,WSL030330
2026-02-23,sell,USD,13000,3989.05,-1.3,WSL030330
2026-02-23,sell,EGP,400000,2692,-280.504,WSL010420
2026-02-23,sell,SAR,500000,40945,-25.37,WSL010420
2026-02-23,sell,CAD,80000,17949.879,-23.638,WSL030330
2026-02-23,sell,NZD,50000,9213,23.032,WSL030330
2026-02-23,sell,SAR,300000,24587.67,-6.564,WSL030330
2026-02-23,sell,AUD,58525,12555.957,-158.163,WSL030330
2026-02-23,sell,CHF,100390,39500.024,-403.897,WSL030330
2026-02-23,sell,EUR,100000,36422.06,116.698,WSL030330
2026-02-23,sell,GBP,20000,8313.197,6.142,WSL030330
2026-02-23,sell,GBP,30000,12466.11,5.528,WSL030330
2026-02-23,sell,GBP,30000,12483.615,23.033,WSL030330
2026-02-23,sell,NZD,35935,6621.383,16.553,WSL030330
2026-02-23,sell,USD,136800,41918.855,-92.425,WSL030330
2026-02-23,sell,USD,170000,52191.338,-15.662,WSL030330
2026-02-22,sell,USD,20000,6142,0,WSL010420
2026-02-22,sell,AED,11900,994.721,-1.324,WSL010420
2026-02-22,sell,USD,20000,6140,-2,WSL010420
2026-02-22,sell,SAR,30000,2457,-2.423,WSL030330
2026-02-22,sell,USD,20000,6143,1,WSL030330
2026-02-22,sell,SAR,200000,16394,-2.156,WSL030330
2026-02-22,sell,SYP,3745000,110.477,-24.83,WSL030330
2026-02-22,buy,JOD,170000,73820.698,26.104,WSL030330
2026-02-22,buy,KWD,49678.75,49614.127,64.623,WSL030330
2026-02-22,buy,SAR,1000000,81915.177,65.603,WSL030330
2026-02-22,buy,SAR,1500000,122790.884,180.286,WSL030330
2026-02-22,buy,USD,500000,153457.87,92.13,WSL030330
2026-02-22,buy,BDT,1436500,3700.915,168.844,WSL030330
2026-02-22,buy,CAD,45000,10077.664,19.881,WSL030330
2026-02-22,buy,EUR,17000,6175.879,-23.806,WSL030330
2026-02-22,buy,GBP,88000,36707.245,-258.897,WSL030330
2026-02-22,buy,KWD,18050,18047.062,2.938,WSL030330
2026-02-22,buy,NZD,85935,15804.298,-35.891,WSL030330
2026-02-22,buy,OMR,4800,3821.83,6.949,WSL030330
2026-02-22,buy,QAR,58165,4871.286,25.225,WSL030330
2026-02-22,buy,SAR,94000,7689.525,16.668,WSL030330
2026-02-22,buy,USD,216500,66427.312,59.838,WSL030330
2026-02-21,sell,AED,11900,994.721,-1.324,WSL010420
2026-02-21,sell,SAR,600000,49110,-78.468,WSL030330
2026-02-21,sell,EUR,10000,3623,4.134,WSL010420
2026-02-21,sell,SAR,50000,4092.5,-6.539,WSL010420
2026-02-21,sell,BDT,371000,997.99,-1.439,WSL030330
2026-02-21,sell,SAR,100000,8185,-13.078,WSL030330
2026-02-21,sell,INR,290000,991.8,-37.723,WSL030330
2026-02-19,buy,CHF,5090,1959.65,55.743,WSL030330
2026-02-19,buy,GBP,4390,1777.95,35.877,WSL030330
2026-02-19,buy,USD,81800,24826.3,294.48,WSL030330
2026-02-19,sell,USD,50000,15345,-10,WSL010420
2026-02-19,sell,AED,11900,994.721,-1.324,WSL010420
2026-02-19,sell,CNY,5000,223.75,-0.411,WSL030330
2026-02-19,sell,USD,30000,9207,-6,WSL030330
2026-02-19,sell,SAR,200000,16396,-0.156,WSL030330
2026-02-19,sell,AUD,7000,1526,6.162,WSL010420
2026-02-19,sell,CNY,20000,895,-1.642,WSL010420
2026-02-19,sell,EUR,10000,3627,2.606,WSL010420
2026-02-19,sell,EGP,200000,1346,-140.978,WSL030330
2026-02-19,sell,EUR,20000,7252,3.212,WSL030330
2026-02-19,sell,USD,20000,6138,-4,WSL030330
2026-02-19,sell,BDT,200000,538,-0.776,WSL030330
2026-02-19,sell,SAR,50000,4094,-5.039,WSL030330
2026-02-19,sell,USD,13300,4082.502,-1.928,WSL030330
2026-02-19,buy,USD,1000,303,4.1,WSL010420
2026-02-19,buy,USD,2254,682.962,9.241,WSL010420
2026-02-19,buy,AED,100000,8359.896,3.418,WSL030330
2026-02-19,buy,EUR,70000,25431.728,-103.102,WSL030330
2026-02-19,buy,KWD,67500,67434.071,65.929,WSL030330
2026-02-19,buy,SAR,500000,40924.246,32.774,WSL030330
2026-02-19,buy,SAR,1500000,122690.924,180.136,WSL030330
2026-02-19,buy,USD,650000,199332.829,119.671,WSL030330
2026-02-19,sell,USD,1000000,306800,-50,WSL030330
2026-02-18,sell,SAR,200000,16370,-12.808,WSL010420
2026-02-18,buy,USD,3250,984.75,12.512,WSL010420
2026-02-18,sell,BDT,170000,455.6,-1.987,WSL030330
2026-02-18,buy,CHF,1700,672.775,3.281,WSL030330
2026-02-18,sell,USD,40000,12268,-6,WSL010420
2026-02-18,sell,SAR,350000,28630,-39.914,WSL010420
2026-02-18,sell,USD,8500,2608.225,0,WSL030330
2026-02-18,sell,USD,5200,1595.62,0,WSL030330
2026-02-18,sell,EUR,10000,3639,7.43,WSL030330
2026-02-18,sell,USD,80000,24548,0,WSL030330
2026-02-18,sell,BDT,200000,536,-2.338,WSL030330
2026-02-18,sell,SAR,50000,4092.5,-3.202,WSL030330
2026-02-18,sell,USD,15000,4602.75,0,WSL030330
2026-02-17,sell,AED,11900,993.769,-1.465,WSL010420
2026-02-17,sell,USD,10000,3068.5,0,WSL030330
2026-02-17,sell,BHD,1000,813.55,-0.117,WSL030330
2026-02-17,sell,EUR,10000,3638.5,4.475,WSL030330
2026-02-17,sell,GEL,5000,581,-15.984,WSL030330
2026-02-17,sell,JOD,2000,869,0.921,WSL030330
2026-02-17,sell,SAR,20000,1637,-1.281,WSL030330
2026-02-17,sell,SAR,10000,818.5,-0.64,WSL030330
2026-02-17,sell,BDT,125000,335,-1.461,WSL030330
2026-02-17,sell,USD,40000,12288,14,WSL010420
2026-02-17,sell,SAR,400000,32740,-25.616,WSL030330
2026-02-17,sell,USD,30000,9205.5,0,WSL030330
2026-02-17,sell,SAR,400000,32740,-25.616,WSL030330
2026-02-17,sell,USD,20195,6196.999,0.163,WSL030330
2026-02-17,sell,EGP,100000,674,-68.884,WSL030330
2026-02-17,sell,USD,6717,2061.111,0,WSL030330
2026-02-17,sell,USD,12834,3938.113,0,WSL030330
2026-02-17,sell,AED,500000,41750,-66.57,WSL030330
2026-02-17,sell,BDT,1000000,2650,-41.69,WSL030330
2026-02-17,sell,BHD,10000,8135,-1.667,WSL030330
2026-02-17,sell,EGP,400000,2694,-277.536,WSL030330
2026-02-17,sell,EUR,100000,36450,100.549,WSL030330
2026-02-17,sell,INR,8000000,27280,-1097.52,WSL030330
2026-02-17,sell,JOD,50000,21712.5,10.534,WSL030330
2026-02-17,sell,PHP,500000,2650,-163.815,WSL030330
2026-02-17,sell,SAR,1000000,81930,15.96,WSL030330
2026-02-17,sell,THB,700000,6930,-55.132,WSL030330
2026-02-17,sell,USD,1000000,307350,500,WSL030330
2026-02-17,buy,KWD,14942,14920.119,21.881,WSL030330
2026-02-17,buy,MAD,100000,3568.023,365.951,WSL030330
2026-02-17,buy,QAR,154250,12949.826,24.848,WSL030330
2026-02-17,buy,THB,4000000,39491.636,423.404,WSL030330
2026-02-17,buy,CNY,100000,4482.834,-3.272,WSL030330
2026-02-17,buy,INR,4000000,13562.432,626.328,WSL030330
2026-02-17,buy,JOD,50000,21694.295,7.671,WSL030330
2026-02-17,buy,KWD,32000,31958.34,41.66,WSL030330
2026-02-17,buy,SAR,400000,32739.397,26.219,WSL030330
2026-02-17,buy,SAR,1600000,130863.342,199.122,WSL030330
2026-02-17,buy,USD,600000,184017.945,92.055,WSL030330
2026-02-16,sell,AED,8000,668,-1.065,WSL010420
2026-02-16,sell,USD,500,160,6.55,WSL030330
2026-02-16,buy,CAD,41165,9179.795,103.428,WSL030330
2026-02-16,buy,CHF,2710,1029.8,51.593,WSL030330
2026-02-16,buy,GBP,13575,5525.025,163.46,WSL030330
2026-02-16,buy,USD,15500,4700.375,56.575,WSL030330
2026-02-16,sell,USD,3000,921,0.3,WSL030330
2026-02-16,sell,USD,3000,921,0.3,WSL030330
2026-02-16,sell,SAR,58000,4756,4.211,WSL030330
2026-02-16,sell,AED,22390,1869.498,-3.353,WSL030330
2026-02-16,sell,JOD,5000,2172.5,1.95,WSL030330
2026-02-16,sell,USD,10000,3070,1,WSL030330
2026-02-16,buy,USD,300000,92085,-15,WSL030330
2026-02-16,buy,SAR,150000,12270,19.108,WSL010420
2026-02-16,buy,SAR,150000,12277.5,11.608,WSL010420
2026-02-16,sell,EUR,15000,5471.25,7.816,WSL030330
2026-02-16,sell,SAR,200000,16400,14.522,WSL030330
2026-02-16,buy,AED,80,6.614,0.078,WSL030330
2026-02-16,buy,EUR,100,32.5,3.923,WSL030330
2026-02-16,buy,GBP,10,3.85,0.337,WSL030330
2026-02-16,buy,QAR,100,8.339,0.074,WSL030330
2026-02-16,buy,SAR,100,7.95,0.243,WSL030330
2026-02-16,buy,USD,1070,323.14,5.243,WSL030330
2026-02-15,sell,AED,6400,534.464,-1.399,WSL010420
2026-02-15,sell,SYP,5000000,145,-35.7,WSL030330
2026-02-15,sell,USD,7500,2302.5,-1.5,WSL030330
2026-02-15,sell,USD,3400,1043.8,-0.68,WSL030330
2026-02-15,sell,EGP,200000,1348,-139.462,WSL010420
2026-02-15,sell,SAR,23015,1884.998,-2.404,WSL030330
2026-02-15,sell,SAR,100000,8190,-10.747,WSL030330
2026-02-15,buy,CNY,100000,4463,21.672,WSL010420
2026-02-15,sell,JOD,10000,4344,-1.344,WSL010420
2026-02-15,sell,OMR,10000,7975,-4.221,WSL010420
2026-02-15,sell,USD,20000,6151,7,WSL010420
2026-02-15,sell,AZN,10000,1827.5,-68.796,WSL010420
2026-02-15,sell,BDT,200000,534,-4.952,WSL010420
2026-02-15,sell,USD,30000,9228,12,WSL010420
2026-02-15,sell,SAR,119500,9787,-12.893,WSL030330
2026-02-15,sell,SAR,100000,8190,-10.747,WSL010420
2026-02-15,sell,USD,30000,9210,-6,WSL010420
2026-02-15,sell,BDT,200000,538,-0.952,WSL030330
2026-02-15,sell,EGP,60000,405,-41.239,WSL030330
2026-02-15,sell,INR,150000,515.25,-17.434,WSL030330
2026-02-15,sell,USD,60000,18420,-12,WSL030330
2026-02-15,sell,USD,70000,21490,-14,WSL030330
2026-02-14,sell,AED,11500,960.365,-2.513,WSL010420
2026-02-14,sell,EUR,10000,3651.5,5.958,WSL030330
2026-02-14,sell,USD,20000,6141,-3,WSL030330
2026-02-14,sell,BDT,200000,530,-8.952,WSL010420
2026-02-14,buy,QAR,160000,13408,65.685,WSL010420
2026-02-14,sell,EGP,80000,539.2,-55.785,WSL030330
2026-02-14,sell,JOD,10000,4344,-1.344,WSL030330
2026-02-14,sell,SAR,200000,16376,-25.494,WSL030330
2026-02-14,sell,USD,250000,76720,-80,WSL030330
2026-02-14,sell,SAR,60000,4914,-6.448,WSL030330
2026-02-14,sell,USD,27104,8321.001,-5.348,WSL030330
2026-02-14,sell,USD,15000,4605,-3,WSL030330
2026-02-14,sell,JOD,5200,2259.4,-0.179,WSL030330
2026-02-14,sell,THB,100000,995,-4.014,WSL030330
2026-02-14,sell,INR,100000,343,-12.123,WSL030330
2026-02-14,sell,PKR,500000,550,-64.4,WSL030330
2026-02-14,sell,USD,9700,2977.9,-1.94,WSL030330
2026-02-14,sell,CNY,100000,4465,-19.672,WSL010420
2026-02-14,sell,SAR,50000,4095,-5.374,WSL010420
2026-02-14,sell,TRY,300000,2130,-218.025,WSL010420
2026-02-14,sell,AZN,5000,913,-35.148,WSL030330
2026-02-14,sell,EGP,130000,877.5,-89.35,WSL030330
2026-02-14,sell,JOD,5000,2172.5,-0.172,WSL030330
2026-02-14,sell,PHP,100000,533,-30.405,WSL030330
2026-02-14,sell,TRY,100000,710,-72.675,WSL030330
2026-02-14,sell,USD,20000,6140,-4,WSL030330
2026-02-14,sell,USD,50000,15355,-5,WSL010420
2026-02-14,sell,SAR,150000,12285,-16.12,WSL030330
2026-02-14,buy,BHD,17000,13770,78.112,WSL010420
2026-02-14,sell,BDT,2000000,5250,-139.52,WSL030330
2026-02-14,sell,TRY,1000000,7120,-706.75,WSL030330
2026-02-14,sell,CNY,10000,447.5,-0.967,WSL030330
2026-02-14,sell,JOD,20000,8688,-2.688,WSL030330
2026-02-14,buy,AZN,40000,7290.418,294.767,WSL030330
2026-02-14,buy,BDT,3000000,7876.923,207.357,WSL030330
2026-02-14,buy,EGP,2000000,13429.508,1445.112,WSL030330
2026-02-14,buy,JOD,30000,13022.467,13.565,WSL030330
2026-02-14,buy,TRY,5000000,35416.185,3717.565,WSL030330
2026-02-12,sell,USD,50000,15355,-5,WSL010420
2026-02-12,sell,AED,11900,993.769,-2.601,WSL010420
2026-02-12,sell,CNY,30000,1343.25,-2.152,WSL010420
2026-02-12,sell,EGP,200000,1348,-139.462,WSL010420
2026-02-12,sell,INR,500000,1707.5,-68.115,WSL010420
2026-02-12,sell,SAR,400000,32760,-42.988,WSL030330
2026-02-12,sell,USD,200000,61405,-35,WSL010420
2026-02-12,sell,EUR,10000,3647.5,0.114,WSL030330
2026-02-12,sell,JOD,5000,2172.5,-0.172,WSL030330
2026-02-12,sell,USD,20000,6142,-2,WSL030330
2026-02-12,sell,EGP,80000,540,-54.985,WSL030330
2026-02-12,sell,USD,20000,6142,-2,WSL030330
2026-02-12,sell,SAR,100000,8190,-10.747,WSL030330
2026-02-12,sell,EGP,500000,3370,-348.655,WSL010420
2026-02-12,sell,JOD,10000,4345,-0.344,WSL010420
2026-02-12,sell,GBP,50000,21000,79.68,WSL030330
2026-02-12,sell,USD,300000,92310,150,WSL030330
2026-02-12,buy,SAR,100,7.95,0.251,WSL030330
2026-02-12,buy,SAR,100,7.95,0.251,WSL030330
2026-02-12,buy,SAR,2255,179.273,5.654,WSL030330
2026-02-12,buy,USD,20,6.04,0.104,WSL030330
2026-02-12,buy,USD,120,36.24,0.624,WSL030330
2026-02-12,buy,EGP,2000000,13429.508,1445.112,WSL030330
2026-02-12,buy,GBP,50000,20980.224,-59.904,WSL030330
2026-02-12,buy,INR,1000000,3413.333,137.897,WSL030330
2026-02-12,buy,USD,1500000,460615.68,184.32,WSL030330
2026-02-12,buy,AED,100000,8369.432,3.422,WSL030330
2026-02-12,buy,AZN,100000,18231.454,731.509,WSL030330
2026-02-12,buy,BDT,1000000,2614.468,80.292,WSL030330
2026-02-12,buy,SAR,1332296,109092.233,165.991,WSL030330
2026-02-12,buy,USD,550000,168892.416,67.584,WSL030330
2026-02-12,sell,EUR,120000,44520,799.296,WSL030330
2026-02-11,sell,AED,11900,993.531,-2.352,WSL010420
2026-02-11,sell,EGP,400000,2700,-273.472,WSL010420
2026-02-11,sell,EGP,500000,3375,-341.84,WSL010420
2026-02-11,sell,EGP,400000,2700,-273.472,WSL010420
2026-02-11,sell,USD,40000,12280,-2,WSL010420
2026-02-11,sell,AUD,5000,1094.5,3.858,WSL010420
2026-02-11,sell,EUR,5000,1831.25,1.846,WSL010420
2026-02-11,sell,AZN,10000,1828,-67.37,WSL030330
2026-02-11,sell,EGP,250000,1687.5,-170.92,WSL030330
2026-02-11,sell,GBP,5000,2103.75,4.449,WSL030330
2026-02-11,sell,SAR,50000,4096,-2.372,WSL030330
2026-02-11,sell,USD,30000,9211.5,0,WSL030330
2026-02-11,sell,SAR,85892,7034.499,-5.847,WSL030330
2026-02-11,sell,TRY,150000,1066.5,-106.94,WSL030330
2026-02-11,sell,USD,10000,3070,-0.5,WSL030330
2026-02-11,sell,AZN,10000,1827.5,-67.87,WSL010420
2026-02-11,sell,SAR,100000,8190,-6.743,WSL030330
2026-02-11,buy,EUR,200000,73288.576,-112.42,WSL030330
2026-02-11,sell,SAR,200000,16380,-13.486,WSL030330
2026-02-11,sell,SAR,200000,16380,-13.486,WSL030330
2026-02-11,sell,TRY,200000,1422,-142.586,WSL030330
2026-02-11,sell,USD,30000,9211.5,0,WSL030330
2026-02-11,buy,BDT,150000,387,17.016,WSL030330
2026-02-11,sell,EGP,30000,202.5,-20.51,WSL030330
2026-02-11,sell,INR,100000,341.5,-13.45,WSL030330
2026-02-11,sell,SAR,170000,13917.9,-16.563,WSL030330
2026-02-11,sell,TRY,20000,142,-14.459,WSL030330
2026-02-11,sell,USD,250000,76725,-37.5,WSL030330
2026-02-11,sell,AZN,10000,1835,-60.37,WSL030330
2026-02-11,buy,AED,1500000,125160,371.475,WSL030330
2026-02-11,buy,BHD,10000,8133.25,8.721,WSL030330
2026-02-11,buy,OMR,10000,7973.3,2.025,WSL030330
2026-02-10,sell,AED,11900,993.769,-2.438,WSL010420
2026-02-10,sell,AED,50000,4175,-10.746,WSL010420
2026-02-10,sell,AZN,20000,3655,-136.975,WSL010420
2026-02-10,sell,EGP,400000,2700,-274.44,WSL010420
2026-02-10,sell,SAR,150000,12292.5,-6.62,WSL010420
2026-02-10,sell,TRY,100000,710,-72.548,WSL010420
2026-02-10,sell,SAR,235000,19258.25,-10.371,WSL030330
2026-02-10,sell,USD,50000,15357.5,0,WSL010420
2026-02-10,sell,EUR,9500,3476.05,2.844,WSL010420
2026-02-10,sell,USD,200000,61420,-10,WSL010420
2026-02-10,sell,PKR,100000,113,-9.86,WSL030330
2026-02-10,sell,USD,30000,9216,1.5,WSL030330
2026-02-10,sell,USD,50000,15355,-2.5,WSL010420
2026-02-10,sell,JOD,10000,4346.5,1.863,WSL030330
2026-02-10,sell,SAR,250000,20487.5,-11.032,WSL030330
2026-02-10,sell,USD,50000,15355,-2.5,WSL030330
2026-02-10,sell,EUR,10000,3663.5,7.494,WSL010420
2026-02-10,buy,BDT,300000,769.5,38.796,WSL010420
2026-02-10,sell,TRY,100000,710,-72.548,WSL030330
2026-02-10,buy,BDT,350000,903,40.012,WSL030330
2026-02-10,buy,AED,500000,41840.349,17.106,WSL030330
2026-02-10,buy,CNY,150000,6686.865,39.048,WSL030330
2026-02-10,buy,EGP,2000000,13427.322,1444.878,WSL030330
2026-02-10,buy,INR,4000000,13530.836,671.764,WSL030330
2026-02-10,buy,SAR,500000,40964.257,32.808,WSL030330
2026-02-10,buy,SAR,1000000,81873.917,120.213,WSL030330
2026-02-10,buy,USD,600000,184243.928,46.072,WSL030330
2026-02-10,buy,AED,633400,52981.701,43.323,WSL030330
2026-02-10,buy,BHD,8618,7011.97,7.066,WSL030330
2026-02-10,buy,KWD,24831,24778.563,52.437,WSL030330
2026-02-10,buy,OMR,5000,3987.925,1.036,WSL030330
2026-02-10,buy,PHP,1000000,5259.415,373.715,WSL030330
2026-02-10,buy,PHP,2000000,10465.074,801.186,WSL030330
2026-02-10,buy,QAR,72300,6080.763,6.667,WSL030330
2026-02-10,buy,THB,4000000,39065.18,888.9,WSL030330
2026-02-09,sell,GEL,10000,1159,-37.498,WSL010420
2026-02-09,buy,GBP,2380,993.65,5.179,WSL010420
2026-02-09,buy,GBP,20000,8350,43.52,WSL010420
2026-02-09,sell,SAR,300000,24600,-26.268,WSL030330
2026-02-09,sell,AED,11900,994.959,-2.384,WSL010420
2026-02-09,sell,USD,40000,12296,-4,WSL010420
2026-02-09,sell,TRY,100000,712,-71.439,WSL030330
2026-02-09,sell,USD,40000,12296,-4,WSL030330
2026-02-09,sell,USD,60000,18444,-6,WSL030330
2026-02-09,sell,INR,100000,341,-14.47,WSL030330
2026-02-09,sell,SAR,102000,8361.96,-10.971,WSL030330
2026-02-09,sell,USD,20000,6148,-2,WSL030330
2026-02-09,sell,EUR,20000,7292,0.56,WSL030330
2026-02-09,sell,JOD,5000,2174.5,-0.294,WSL030330
2026-02-09,sell,USD,30000,9225,0,WSL030330
2026-02-09,sell,EUR,10000,3647,1.28,WSL030330
2026-02-09,sell,PHP,100000,527,-36.955,WSL030330
2026-02-09,sell,TRY,200000,1424,-142.878,WSL030330
2026-02-09,sell,EUR,10000,3647,1.28,WSL010420
2026-02-09,sell,BDT,500000,1297.5,-51.195,WSL030330
2026-02-09,sell,THB,200000,1976,-23.98,WSL030330
2026-02-09,sell,USD,20000,6148,-2,WSL030330
2026-02-09,sell,USD,70000,21518,-7,WSL030330
2026-02-09,sell,SAR,350000,28700,-30.646,WSL030330
2026-02-09,sell,EUR,100000,36480,44.325,WSL030330
2026-02-09,sell,USD,300000,92400,150,WSL030330
2026-02-09,buy,EUR,250000,91135.313,-161.438,WSL030330
2026-02-08,sell,AZN,20000,3654,-142.296,WSL010420
2026-02-08,sell,AED,11900,995.197,-2.146,WSL010420
2026-02-08,sell,BDT,1000000,2570,-127.39,WSL030330
2026-02-08,sell,INR,1000000,3400,-154.7,WSL030330
2026-02-08,sell,USD,30000,9229.5,4.5,WSL030330
2026-02-08,sell,JOD,5000,2173.75,-1.044,WSL010420
2026-02-08,sell,SAR,150000,12300,-13.134,WSL010420
2026-02-08,sell,THB,500000,4897.5,-102.45,WSL010420
2026-02-08,sell,USD,80000,24604,4,WSL010420
2026-02-08,sell,USD,200000,61497,-3,WSL030330
2026-02-08,buy,CHF,200,74,5.324,WSL010420
2026-02-08,sell,CAD,10000,2256.5,5.072,WSL030330
2026-02-08,buy,INR,2500000,8431.25,455.5,WSL010420
2026-02-08,sell,EGP,100000,678,-66.458,WSL030330
2026-02-08,sell,AED,150000,12543,-28.545,WSL010420
2026-02-08,sell,USD,20000,6162,12,WSL010420
2026-02-08,sell,AED,50000,4181,-9.515,WSL030330
2026-02-08,sell,CNY,100000,4470,19.928,WSL030330
2026-02-08,sell,EUR,30000,10920,14.205,WSL030330
2026-02-08,sell,GEL,20000,2318,-74.996,WSL030330
2026-02-08,sell,KRW,10000000,2125,23.4,WSL030330
2026-02-08,sell,RUB,1000000,3880,-275.41,WSL030330
2026-02-08,buy,JOD,100000,43475,20.875,WSL010420
2026-02-08,sell,USD,50000,15377.5,2.5,WSL010420
2026-02-08,sell,RUB,100000,390,-25.541,WSL030330
2026-02-08,sell,SAR,200000,16400,-17.512,WSL030330
2026-02-08,sell,USD,30000,9229.5,4.5,WSL010420
2026-02-08,sell,EUR,50000,18215,38.675,WSL030330
2026-02-08,buy,BHD,10000,8154.336,-0.433,WSL030330
2026-02-08,buy,EUR,150000,54556.65,-27.675,WSL030330
2026-02-08,buy,JPY,2000000,3932.226,-17.766,WSL030330
2026-02-08,buy,KWD,47128.25,47059.383,68.867,WSL030330
2026-02-08,buy,OMR,10000,7984.939,2.074,WSL030330
2026-02-08,buy,USD,500000,153750,0,WSL030330
2026-02-07,sell,AED,8700,727.581,-1.569,WSL010420
2026-02-07,sell,USD,50000,15370,-5,WSL030330
2026-02-07,sell,TRY,200000,1424,-142.878,WSL030330
2026-02-07,sell,USD,40000,12296,-4,WSL030330
2026-02-07,sell,TRY,100000,711,-72.439,WSL030330
2026-02-07,sell,BDT,500000,1295,-53.695,WSL030330
2026-02-07,sell,JPY,300000,592.5,5.331,WSL030330
2026-02-07,sell,TRY,100000,712,-71.439,WSL030330
2026-02-07,sell,USD,6000,1844.4,-0.6,WSL030330
2026-02-07,sell,USD,9400,2889.56,-0.94,WSL030330
2026-02-07,sell,EGP,100000,680,-64.458,WSL030330
2026-02-07,sell,USD,11311,3477.001,-1.131,WSL030330
2026-02-07,sell,THB,3000000,29325,-674.7,WSL030330
2026-02-07,sell,BDT,100000,258,-11.739,WSL030330
2026-02-07,sell,EGP,150000,1016.25,-100.437,WSL030330
2026-02-07,sell,INR,200000,680,-30.94,WSL030330
2026-02-07,sell,SAR,74500,6107.1,-8.423,WSL030330
2026-02-07,sell,TRY,300000,2136,-214.317,WSL030330
2026-02-07,sell,USD,20000,6148,-2,WSL030330
2026-02-07,sell,AED,36000,3010.68,-6.491,WSL010420
2026-02-07,buy,USD,2900,881.6,10.15,WSL010420
2026-02-07,sell,EUR,50000,18185,8.675,WSL030330
2026-02-07,sell,GBP,50000,20970,32.325,WSL030330
2026-02-07,sell,USD,250000,76950,75,WSL030330
2026-02-07,buy,AZN,30000,5471.53,222.914,WSL030330
2026-02-07,buy,BDT,3000000,7642.917,449.253,WSL030330
2026-02-07,buy,CZK,100000,1507.353,-6.548,WSL030330
2026-02-07,buy,EGP,2000000,13398.692,1490.468,WSL030330
2026-02-07,buy,EUR,50000,18130.2,46.125,WSL030330
2026-02-07,buy,KWD,40000,39986.996,13.004,WSL030330
2026-02-07,buy,PKR,2000000,2180.851,279.149,WSL030330
2026-02-07,buy,TRY,9000000,63885.042,6624.468,WSL030330
2026-02-05,buy,AUD,30000,6300,126.135,WSL010420
2026-02-05,sell,AZN,10000,1827,-71.148,WSL010420
2026-02-05,sell,INR,500000,1700,-77.35,WSL010420
2026-02-05,sell,BDT,100000,258.5,-11.239,WSL030330
2026-02-05,sell,THB,50000,491,-8.995,WSL030330
2026-02-05,buy,GBP,10065,4096.455,92.92,WSL030330
2026-02-05,buy,USD,23600,7150.8,106.2,WSL030330
2026-02-05,buy,CHF,100000,39125,521.725,WSL010420
2026-02-05,buy,GBP,100000,41575,161.975,WSL010420
2026-02-05,sell,EGP,400000,2710,-267.832,WSL010420
2026-02-05,sell,IDR,50000000,927.5,-80.5,WSL010420
2026-02-05,sell,JPY,500000,990,10.95,WSL010420
2026-02-05,sell,TRY,800000,5704,-563.512,WSL010420
2026-02-05,sell,USD,30000,9225,0,WSL010420
2026-02-05,buy,AUD,20100,4221,91.927,WSL010420
2026-02-05,sell,USD,20000,6160,10,WSL030330
2026-02-05,sell,USD,30000,9225,0,WSL030330
2026-02-05,sell,JOD,5000,2174,-0.794,WSL030330
2026-02-05,sell,AZN,5000,913,-36.074,WSL030330
2026-02-05,sell,EUR,5000,1816.25,2,WSL030330
2026-02-05,sell,INR,100000,340,-15.47,WSL030330
2026-02-05,sell,SAR,49000,4018,-4.29,WSL030330
2026-02-05,sell,CNY,15000,670.5,2.989,WSL030330
2026-02-05,sell,AZN,10000,1826,-72.148,WSL010420
2026-02-05,sell,BAM,5000,948.5,-24.601,WSL010420
2026-02-05,sell,INR,200000,676,-34.94,WSL010420
2026-02-05,sell,JOD,10000,4345,-4.588,WSL010420
2026-02-05,sell,SAR,100000,8200,-8.756,WSL010420
2026-02-05,sell,USD,5000,1537.5,0,WSL030330
2026-02-05,sell,USD,7220,2220.15,0,WSL030330
2026-02-05,sell,JOD,5000,2173.75,-1.044,WSL030330
2026-02-05,sell,SAR,40000,3280,-3.502,WSL030330
2026-02-05,sell,USD,6163,1895.252,0.13,WSL030330
2026-02-05,sell,JPY,500000,990,10.45,WSL030330
2026-02-05,sell,SAR,100000,8196,-12.756,WSL030330
2026-02-05,sell,USD,50000,15375,0,WSL030330
2026-02-05,buy,EUR,20,6.5,0.749,WSL030330
2026-02-05,buy,EUR,50,16.25,1.873,WSL030330
2026-02-05,buy,EUR,100,32.5,3.745,WSL030330
2026-02-05,buy,EUR,120,39,4.494,WSL030330
2026-02-05,buy,SAR,50,3.975,0.129,WSL030330
2026-02-05,buy,SAR,100,7.95,0.259,WSL030330
2026-02-05,buy,SAR,200,15.9,0.518,WSL030330
2026-02-05,buy,USD,10,3.02,0.055,WSL030330
2026-02-05,buy,USD,100,30.2,0.55,WSL030330
2026-02-05,buy,USD,100,30.2,0.55,WSL030330
2026-02-04,sell,AED,11900,994.721,-1.973,WSL010420
2026-02-04,buy,CHF,500,185,13.003,WSL010420
2026-02-04,buy,GBP,530,206.7,16.414,WSL010420
2026-02-04,sell,EGP,120000,814.8,-77.968,WSL010420
2026-02-04,sell,CNY,70000,3122,8.975,WSL030330
2026-02-04,sell,RUB,40430,157.677,-10.217,WSL030330
2026-02-04,sell,EGP,200000,1356,-131.946,WSL010420
2026-02-04,sell,INR,500000,1700,-76.195,WSL010420
2026-02-04,sell,EGP,100000,678.5,-65.473,WSL030330
2026-02-04,sell,JOD,10000,4347.5,0.742,WSL030330
2026-02-04,sell,THB,100000,983,-16.34,WSL030330
2026-02-04,sell,USD,30000,9222,3,WSL030330
2026-02-04,sell,NZD,40000,7510,85.632,WSL030330
2026-02-04,sell,JPY,200000,402,9.108,WSL030330
2026-02-04,buy,EGP,2000000,13491.228,1388.232,WSL030330
2026-02-04,buy,INR,6000000,20214.677,1099.663,WSL030330
2026-02-04,buy,JOD,88000,38216.575,34.9,WSL030330
2026-02-04,sell,JPY,1000000,1980,14.79,WSL010420
2026-02-04,sell,THB,500000,4915,-81.7,WSL010420
2026-02-04,sell,EUR,80000,29080,-2.872,WSL030330
2026-02-04,sell,GBP,50000,21100,26.902,WSL030330
2026-02-04,sell,AED,40000,3343.6,-6.632,WSL030330
2026-02-04,sell,SAR,30000,2460,-1.025,WSL030330
2026-02-04,sell,USD,50000,15370,5,WSL030330
2026-02-04,sell,EGP,120000,813.6,-79.168,WSL030330
2026-02-04,sell,INR,100000,340,-15.239,WSL030330
2026-02-04,sell,JOD,10000,4345,-1.758,WSL030330
2026-02-04,sell,SAR,50000,4100,-1.708,WSL030330
2026-02-04,sell,USD,150000,46110,15,WSL030330
2026-02-04,buy,AED,464500,38862.197,42.367,WSL030330
2026-02-04,buy,INR,2000000,6742.727,362.053,WSL030330
2026-02-04,buy,KWD,8300,8289.21,10.79,WSL030330
2026-02-04,buy,THB,3000000,29285.259,694.941,WSL030330
2026-02-04,buy,THB,4000000,38923.368,1050.232,WSL030330
2026-02-04,buy,AZN,150000,27356.083,1097.621,WSL030330
2026-02-04,buy,EUR,130000,47179.769,95.878,WSL030330
2026-02-04,buy,KWD,6000,5990.253,9.747,WSL030330
2026-02-04,buy,NZD,40000,7448.952,-24.584,WSL030330
2026-02-04,buy,SAR,500000,40984.263,32.822,WSL030330
2026-02-04,buy,SAR,1000000,81913.901,120.269,WSL030330
2026-02-04,buy,USD,600000,184352.343,27.657,WSL030330
2026-02-03,sell,SAR,12000,984,-0.41,WSL010420
2026-02-03,sell,QAR,30000,2527.5,3.13,WSL030330
2026-02-03,sell,USD,30000,9219,0,WSL030330
2026-02-03,sell,SAR,100000,8200,-3.417,WSL030330
2026-02-03,sell,THB,150000,1479,-20.01,WSL030330
2026-02-03,sell,BDT,200000,520,-19.128,WSL030330
2026-02-03,sell,NPR,100000,225,-26.885,WSL030330
2026-02-03,sell,PKR,300000,330,-38.76,WSL030330
2026-02-03,sell,USD,20000,6148,2,WSL010420
2026-02-03,sell,EUR,10000,3637.5,8.594,WSL010420
2026-02-03,sell,USD,50000,15370,5,WSL010420
2026-02-03,sell,NZD,10000,1865,4.913,WSL010420
2026-02-03,sell,USD,50000,15372.5,7.5,WSL010420
2026-02-03,buy,GBP,35000,14665,56.053,WSL030330
2026-02-03,sell,EGP,120000,816,-76.768,WSL030330
2026-02-03,sell,USD,80000,24592,8,WSL030330
2026-02-03,sell,JOD,10000,4350,3.242,WSL030330
2026-02-03,sell,THB,1000000,9840,-153.4,WSL030330
2026-02-03,sell,TRY,400000,2860,-271.72,WSL030330
2026-02-03,sell,JPY,400000,804,13.16,WSL030330
2026-02-03,buy,AED,1000000,83585,170.79,WSL030330
2026-02-03,buy,BHD,10000,8143.85,4.75,WSL030330
2026-02-03,buy,USD,800000,245992,-152,WSL030330
2026-02-03,sell,BDT,500000,1285,-62.82,WSL030330
2026-02-03,sell,EUR,100000,36475,167.505,WSL030330
2026-02-03,sell,INR,3000000,10140,-517.17,WSL030330
2026-02-03,sell,JOD,30000,13042.5,2.224,WSL030330
2026-02-03,sell,SAR,500000,40975,-42.085,WSL030330
2026-02-03,sell,THB,600000,5880,-116.04,WSL030330
2026-02-03,sell,TRY,500000,3570,-344.65,WSL030330
2026-02-03,sell,USD,700000,215390,280,WSL030330
2026-02-03,buy,INR,5000000,16829.135,932.815,WSL030330
2026-02-03,buy,JPY,600000,1201.955,-14.933,WSL030330
2026-02-03,buy,KWD,3044,3041.031,2.969,WSL030330
2026-02-03,buy,MAD,200000,7146.512,732.976,WSL030330
2026-02-03,buy,NZD,15000,2779.529,3.687,WSL030330
2026-02-03,buy,QAR,101650,8546.387,7.02,WSL030330
2026-02-03,buy,USD,100000,30766.876,-36.876,WSL030330
2026-02-03,buy,USD,500000,153619.27,30.73,WSL030330
2026-02-02,sell,IDR,20000000,373,-29.8,WSL010420
2026-02-02,sell,TRY,200000,1430,-135.096,WSL010420
2026-02-02,sell,CZK,100000,1540,41.927,WSL030330
2026-02-02,sell,EGP,1000000,6790,-646.1,WSL030330
2026-02-02,sell,THB,3000000,29490,-475.56,WSL030330
2026-02-02,buy,USD,250000,76925,-137.5,WSL030330
2026-02-02,sell,TRY,200000,1430,-135.096,WSL010420
2026-02-02,sell,CNY,20000,891,1.999,WSL030330
2026-02-02,sell,THB,100000,985,-13.852,WSL030330
2026-02-02,sell,MAD,20000,730,-57.564,WSL010420
2026-02-02,sell,SAR,800000,65600,4.696,WSL010420
2026-02-02,sell,USD,50000,15367.5,10,WSL010420
2026-02-02,sell,AZN,10000,1827,-68.988,WSL010420
2026-02-02,sell,GEL,10000,1158,-37.136,WSL030330
2026-02-02,sell,EUR,10000,3646.5,4.93,WSL010420
2026-02-02,sell,IDR,30000000,558,-46.2,WSL010420
2026-02-02,sell,THB,500000,4925,-69.26,WSL010420
2026-02-02,sell,USD,20000,6155,12,WSL010420
2026-02-02,sell,USD,30000,9220.5,6,WSL010420
2026-02-02,sell,EGP,200000,1360,-127.22,WSL010420
2026-02-02,sell,TRY,200000,1430,-135.096,WSL010420
2026-02-02,buy,EUR,100000,36440,-33.51,WSL010420
2026-02-02,buy,JOD,50000,21737.5,-14.316,WSL010420
2026-02-02,sell,USD,170000,52249.5,34,WSL030330
2026-02-02,sell,AZN,10000,1826,-69.988,WSL030330
2026-02-02,sell,AZN,5600,1023.4,-38.353,WSL010420
2026-02-02,sell,THB,200000,1970,-27.704,WSL010420
2026-02-02,sell,GBP,50000,21050,51.69,WSL030330
2026-02-01,sell,RUB,500000,1950,-125.34,WSL010420
2026-02-01,sell,USD,20000,6143,0,WSL010420
2026-02-01,sell,EGP,500000,3395,-323.05,WSL010420
2026-02-01,sell,NPR,300000,675,-80.286,WSL010420
2026-02-01,sell,PKR,200000,220,-25.72,WSL010420
2026-02-01,sell,USD,250000,76787.5,0,WSL010420
2026-02-01,sell,TRY,1000000,7160,-665.48,WSL010420
2026-02-01,sell,USD,50000,15360,2.5,WSL010420
2026-02-01,sell,EUR,5000,1822.5,1.408,WSL030330
2026-02-01,sell,GBP,5000,2105,2.865,WSL030330
2026-02-01,sell,USD,10000,3071,-0.5,WSL030330
2026-02-01,sell,EGP,100000,681,-62.61,WSL030330
2026-02-01,sell,USD,7000,2149,-1.05,WSL030330
2026-02-01,sell,BDT,300000,775.5,-32.796,WSL030330
2026-02-01,sell,NPR,200000,450,-53.524,WSL030330
2026-02-01,sell,PKR,200000,220,-25.72,WSL030330
2026-02-01,sell,SAR,200000,16390,-8.826,WSL030330
2026-02-01,sell,THB,350000,3447.5,-48.482,WSL030330
2026-02-01,sell,TRY,200000,1431,-134.096,WSL030330
2026-02-01,buy,KWD,399411,398929.39,481.61,WSL030330
2026-02-01,sell,EGP,100000,679,-64.61,WSL030330
2026-02-01,sell,EUR,30000,10933.5,6.946,WSL030330
2026-02-01,sell,INR,200000,680,-30.13,WSL030330
2026-02-01,sell,TRY,60000,429,-40.529,WSL030330
2026-02-01,sell,USD,50000,15356.5,-1,WSL030330
2026-02-01,sell,USD,9175,2818.101,0,WSL030330
2026-02-01,sell,USD,10000,3071.5,0,WSL030330
2026-02-01,sell,TRY,100000,717,-65.548,WSL010420
2026-02-01,sell,USD,10000,3071.5,0,WSL010420
2026-02-01,sell,USD,15709,4825.002,-0.017,WSL030330
2026-02-01,buy,AED,1000000,83680.697,34.213,WSL030330
2026-02-01,buy,EGP,5000000,33678.73,3501.77,WSL030330
2026-02-01,buy,GBP,40000,16807.248,9.829,WSL030330
2026-02-01,buy,KWD,1000,999.187,0.813,WSL030330
2026-02-01,buy,SAR,2000000,163747.834,240.426,WSL030330
2026-02-01,buy,USD,400000,122841.571,18.429,WSL030330
2026-02-01,buy,GEL,100000,11551.335,400.027,WSL030330
2026-02-01,buy,SAR,900000,73755.337,39.38,WSL030330
2026-02-01,buy,USD,500000,153575,0,WSL030330
2026-01-31,buy,BHD,3168.5,2566.485,9.518,WSL010420
2026-01-31,sell,EGP,3000000,20370,-1898.37,WSL030330
2026-01-31,sell,TRY,1000000,7150,-661.46,WSL030330
2026-01-31,sell,AUD,2400,517.2,2.848,WSL030330
2026-01-31,sell,AZN,10000,1830,-62.593,WSL030330
2026-01-31,sell,EUR,5000,1822.5,4.669,WSL030330
2026-01-31,sell,GEL,10000,1162.5,-30.496,WSL030330
2026-01-31,sell,JOD,12000,5211,6.772,WSL030330
2026-01-31,sell,USD,10000,3071.5,5.5,WSL030330
2026-01-31,sell,BDT,200000,516,-21.9,WSL010420
2026-01-31,sell,TRY,200000,1432,-130.292,WSL010420
2026-01-31,sell,USD,10000,3070.5,4.5,WSL010420
2026-01-31,sell,EGP,150000,1020,-93.418,WSL030330
2026-01-31,sell,INR,100000,341,-13.43,WSL030330
2026-01-31,sell,JOD,20000,8685,11.286,WSL030330
2026-01-31,sell,PHP,100000,527,-35.304,WSL030330
2026-01-31,sell,SAR,130000,10627.5,-12.649,WSL030330
2026-01-31,sell,USD,300000,92100,120,WSL030330
2026-01-31,sell,AUD,2500,538.75,2.966,WSL030330
2026-01-31,buy,BDT,1450000,3636.56,263.215,WSL030330
2026-01-31,buy,KWD,11250,11239.003,10.997,WSL030330
2026-01-31,buy,PHP,2000000,10419.709,826.371,WSL030330
2026-01-31,buy,QAR,228700,19200.279,0.001,WSL030330
2026-01-31,buy,THB,5000000,49579.55,273.6,WSL030330
2026-01-31,buy,KWD,7100,7081.522,18.478,WSL030330
2026-01-31,buy,NPR,5000000,10989.245,1576.305,WSL030330
2026-01-31,buy,QAR,46000,3832.5,29.384,WSL030330
2026-01-31,buy,SAR,70000,5718.625,10.686,WSL030330
2026-01-29,sell,USD,60000,18438,42,WSL030330
2026-01-29,sell,AZN,10000,1827,-65.593,WSL010420
2026-01-29,sell,JOD,10000,4340,3.143,WSL010420
2026-01-29,sell,NZD,10000,1860,-5.968,WSL010420
2026-01-29,sell,USD,20000,6137,5,WSL010420
2026-01-29,buy,CHF,300,111,8.859,WSL010420
2026-01-29,sell,SAR,100000,8184,-0.73,WSL010420
2026-01-29,sell,AZN,10000,1827,-65.593,WSL030330
2026-01-29,sell,EGP,100000,684,-58.279,WSL030330
2026-01-29,sell,EUR,5000,1837,0.773,WSL030330
2026-01-29,sell,GEL,10000,1159,-33.996,WSL030330
2026-01-29,sell,INR,100000,340,-14.43,WSL030330
2026-01-29,sell,TRY,100000,716,-65.146,WSL030330
2026-01-29,sell,AZN,10000,1826,-66.593,WSL010420
2026-01-29,sell,USD,20000,6131,-1,WSL010420
2026-01-29,sell,BHD,3000,2437.5,-1.511,WSL030330
2026-01-29,sell,THB,100000,993,-4.063,WSL030330
2026-01-29,sell,USD,20000,6132,0,WSL030330
2026-01-29,sell,USD,30000,9199.5,1.5,WSL030330
2026-01-29,sell,AZN,10000,1827,-65.593,WSL030330
2026-01-29,sell,BHD,1000,812.5,-0.504,WSL030330
2026-01-29,sell,PKR,200000,220,-25.28,WSL030330
2026-01-29,sell,SAR,150000,12282,4.905,WSL030330
2026-01-29,sell,EGP,1000000,6790,-632.79,WSL030330
2026-01-29,sell,SAR,100000,8190,5.27,WSL030330
2026-01-29,sell,SAR,600000,49080,-28.38,WSL030330
2026-01-29,sell,TRY,1000000,7150,-661.46,WSL030330
2026-01-29,sell,JOD,10000,4337.5,0.643,WSL010420
2026-01-29,sell,SAR,100000,8185,0.27,WSL010420
2026-01-29,sell,TRY,500000,3580,-325.73,WSL010420
2026-01-29,sell,USD,40000,12256,-8,WSL010420
2026-01-29,sell,TRY,200000,1432,-130.292,WSL030330
2026-01-29,sell,USD,30000,9195,-3,WSL030330
2026-01-29,sell,USD,50000,15325,-5,WSL030330
2026-01-29,sell,BDT,200000,520,-17.9,WSL030330
2026-01-29,sell,INR,200000,686,-22.86,WSL030330
2026-01-29,sell,THB,200000,1988,-6.126,WSL030330
2026-01-29,sell,USD,70000,21469,7,WSL030330
2026-01-29,sell,BDT,100000,258,-10.95,WSL030330
2026-01-29,sell,INR,100000,340,-14.43,WSL030330
2026-01-29,sell,JOD,5000,2168.5,0.072,WSL030330
2026-01-29,sell,THB,100000,993.5,-3.563,WSL030330
2026-01-29,sell,USD,30000,9195,-3,WSL030330
2026-01-29,sell,AZN,10000,1826,-66.593,WSL030330
2026-01-29,sell,GEL,10000,1159,-33.996,WSL030330
2026-01-29,sell,JOD,10000,4340,3.143,WSL030330
2026-01-29,sell,USD,50000,15350,20,WSL030330
2026-01-29,sell,USD,400000,122800,160,WSL030330
2026-01-29,sell,EUR,100000,36800,60.122,WSL030330
2026-01-29,sell,AZN,10000,1826,-66.593,WSL010420
2026-01-29,sell,EGP,100000,684,-58.279,WSL010420
2026-01-29,buy,EUR,410,133.25,17.421,WSL030330
2026-01-29,buy,QAR,10,0.833,0.007,WSL030330
2026-01-29,buy,SAR,300,23.85,0.704,WSL030330
2026-01-29,buy,USD,475,143.45,2.185,WSL030330
2026-01-29,buy,EGP,1000000,6768.212,654.578,WSL030330
2026-01-29,buy,EUR,100000,36770.538,-21.462,WSL030330
2026-01-29,buy,EUR,100000,36834.924,-85.848,WSL030330
2026-01-29,buy,GEL,100000,11530.651,399.31,WSL030330
2026-01-29,buy,KWD,99789.25,99594.349,194.901,WSL030330
2026-01-29,buy,SAR,1000000,81803.629,43.671,WSL030330
2026-01-29,buy,USD,400000,122640,0,WSL030330
2026-01-29,buy,EUR,10000,3677.667,-2.146,WSL030330
2026-01-29,buy,INR,8000000,27072.848,1281.552,WSL030330
2026-01-29,buy,LKR,1000000,1046.416,89.144,WSL030330
2026-01-29,buy,RUB,500000,1928.302,143.318,WSL030330
2026-01-29,buy,RUB,2000000,7665,621.48,WSL030330
2026-01-29,buy,SAR,1000000,81727.309,119.991,WSL030330
2026-01-29,buy,AZN,150000,27277.58,1111.309,WSL030330
2026-01-29,buy,CZK,100000,1502.941,9.341,WSL030330
2026-01-29,buy,EGP,6000000,40430.772,4105.968,WSL030330
2026-01-29,buy,KWD,130000,129703.872,296.128,WSL030330
2026-01-29,buy,TRY,10000000,71054.46,7060.14,WSL030330
2026-01-28,sell,USD,40000,12260,-4,WSL010420
2026-01-28,sell,USD,150000,45975,-15,WSL010420
2026-01-28,sell,EGP,400000,2728,-241.116,WSL010420
2026-01-28,sell,JOD,10000,4340,3.143,WSL010420
2026-01-28,sell,THB,700000,6958,-21.441,WSL010420
2026-01-28,sell,TRY,500000,3575,-330.73,WSL010420
2026-01-28,sell,USD,100000,30650,-10,WSL010420
2026-01-28,sell,GBP,5000,2120,3.234,WSL030330
2026-01-28,sell,JOD,10000,4340,3.143,WSL030330
2026-01-28,buy,USD,600000,184065,-105,WSL030330
2026-01-28,sell,BHD,3000,2437.5,-1.511,WSL030330
2026-01-28,sell,USD,20000,6134,2,WSL030330
2026-01-28,sell,USD,30000,9195,-3,WSL030330
2026-01-28,sell,USD,70000,21455,-7,WSL030330
2026-01-28,sell,THB,1000000,9910,-60.63,WSL030330
2026-01-28,sell,AZN,5000,916.25,-30.046,WSL030330
2026-01-28,sell,INR,200000,684,-24.86,WSL030330
2026-01-28,sell,JOD,5000,2170,1.572,WSL030330
2026-01-28,sell,USD,60000,18390,-6,WSL030330
2026-01-28,sell,INR,1000000,3400,-144.3,WSL030330
2026-01-28,sell,THB,100000,995,-2.063,WSL030330
2026-01-28,sell,USD,9500,2912,-0.7,WSL030330
2026-01-28,sell,EGP,200000,1366,-118.558,WSL010420
2026-01-28,sell,INR,200000,680,-28.86,WSL010420
2026-01-28,sell,JOD,5000,2170,1.572,WSL010420
2026-01-28,sell,EGP,200000,1370,-114.558,WSL030330
2026-01-28,sell,SAR,100000,8195,19,WSL030330
2026-01-28,sell,TRY,200000,1434,-128.292,WSL030330
2026-01-27,sell,INR,430000,1474.9,-50.637,WSL010420
2026-01-27,sell,SAR,33500,2745.325,3.685,WSL010420
2026-01-27,buy,BHD,15000,12150,60.967,WSL010420
2026-01-27,sell,USD,10000,3069,-1,WSL010420
2026-01-27,sell,AZN,100000,18260,-690.617,WSL030330
2026-01-27,sell,EGP,2000000,13650,-1214.94,WSL030330
2026-01-27,sell,GEL,100000,11590,-355.525,WSL030330
2026-01-27,sell,PKR,3000000,3210,-474,WSL030330
2026-01-27,sell,SAR,250000,20475,8.332,WSL030330
2026-01-27,sell,TRY,1000000,7150,-671.66,WSL030330
2026-01-27,sell,SAR,100000,8195,8.333,WSL010420
2026-01-27,buy,CHF,390,144.3,9.674,WSL010420
2026-01-27,sell,GBP,5000,2104.5,5.234,WSL030330
2026-01-27,sell,USD,10000,3069,-1,WSL030330
2026-01-27,sell,INR,500000,1700,-74.46,WSL010420
2026-01-27,sell,TRY,200000,1434,-130.332,WSL010420
2026-01-27,sell,USD,20000,6138,-2,WSL010420
2026-01-27,sell,EUR,10000,3650,8.673,WSL030330
2026-01-27,sell,USD,20000,6140,0,WSL030330
2026-01-27,sell,EUR,10000,3649,8.901,WSL030330
2026-01-27,sell,USD,10000,3069,-1,WSL030330
2026-01-27,sell,THB,100000,992,-6.364,WSL010420
2026-01-27,buy,USD,4600,1393.8,18.4,WSL010420
2026-01-27,sell,JOD,10000,4344,1.485,WSL010420
2026-01-27,sell,GEL,10000,1165,-29.552,WSL030330
2026-01-27,sell,USD,42694,13107.002,-0.056,WSL030330
2026-01-27,sell,TRY,100000,717,-65.166,WSL030330
2026-01-27,sell,USD,12000,3684,0,WSL030330
2026-01-27,sell,USD,19300,5925.1,0,WSL030330
2026-01-27,sell,USD,70000,21490,0,WSL010420
2026-01-27,sell,EUR,100000,36500,46.82,WSL030330
2026-01-27,sell,GBP,80000,33640,27.184,WSL030330
2026-01-27,sell,USD,400000,123000,200,WSL030330
2026-01-27,sell,AED,70000,5843.6,-13.582,WSL010420
2026-01-27,sell,AED,500000,41735,-102.015,WSL030330
2026-01-27,sell,EGP,1000000,6825,-607.47,WSL030330
2026-01-27,sell,EUR,30000,10942.5,3.783,WSL030330
2026-01-27,sell,INR,3000000,10200,-446.76,WSL030330
2026-01-27,sell,JOD,40000,17380,9.94,WSL030330
2026-01-27,sell,NZD,10000,1850,17.517,WSL030330
2026-01-27,sell,SAR,1500000,122925,124.995,WSL030330
2026-01-27,sell,THB,600000,5970,-20.184,WSL030330
2026-01-27,sell,TRY,500000,3585,-325.83,WSL030330
2026-01-27,sell,USD,600000,184650,450,WSL030330
2026-01-27,buy,AED,1500000,125166,345.045,WSL030330
2026-01-27,buy,BHD,20000,16266.5,14.79,WSL030330
2026-01-27,buy,USD,400000,122988,-188,WSL030330
2026-01-27,buy,USD,600000,184440,-240,WSL030330
2026-01-27,buy,EGP,3000000,20331.126,1966.284,WSL030330
2026-01-27,buy,EUR,30000,10919.376,19.341,WSL030330
2026-01-27,buy,EUR,50000,18205.1,26.095,WSL030330
2026-01-27,buy,EUR,100000,36416.34,46.05,WSL030330
2026-01-27,buy,GBP,20000,8385.398,14.736,WSL030330
2026-01-27,buy,GBP,90000,37767.447,33.156,WSL030330
2026-01-27,buy,KWD,17000,16977.879,22.121,WSL030330
2026-01-27,buy,NZD,20000,3687.07,-24.56,WSL030330
2026-01-27,buy,USD,30000,9205.395,4.605,WSL030330
2026-01-27,buy,USD,500000,153478.51,21.49,WSL030330
2026-01-26,sell,EGP,100000,685,-58.247,WSL010420
2026-01-26,sell,RUB,500000,1955,-119.325,WSL010420
2026-01-26,buy,AUD,10000,2070,55.668,WSL030330
2026-01-26,sell,SAR,150000,12292.5,12.5,WSL030330
2026-01-26,sell,EGP,200000,1370,-116.494,WSL030330
2026-01-26,sell,JOD,5000,2172,0.742,WSL030330
2026-01-26,sell,SAR,10000,819.5,0.833,WSL030330
2026-01-26,sell,TRY,200000,1432,-132.332,WSL030330
2026-01-26,sell,USD,40000,12288,8,WSL030330
2026-01-26,sell,AED,100000,8348,-19.403,WSL030330
2026-01-26,sell,INR,500000,1697.5,-76.96,WSL030330
2026-01-26,sell,USD,50000,15352.5,2.5,WSL030330
2026-01-26,sell,EGP,200000,1367,-119.494,WSL030330
2026-01-26,sell,USD,30000,9214.5,4.5,WSL030330
2026-01-26,sell,USD,40000,12286,6,WSL030330
2026-01-26,sell,BDT,200000,520,-18.6,WSL010420
2026-01-26,sell,INR,250000,850,-37.23,WSL010420
2026-01-26,sell,USD,10000,3072.5,2.5,WSL030330
2026-01-26,sell,USD,4060,1247.435,1.015,WSL030330
2026-01-26,sell,THB,500000,4970,-21.82,WSL030330
2026-01-26,sell,USD,51820,15919,10.26,WSL030330
2026-01-26,sell,EGP,100000,685,-58.247,WSL030330
2026-01-26,sell,USD,19720,6058,3.96,WSL030330
2026-01-26,sell,JOD,22000,9559,5.467,WSL030330
2026-01-26,sell,USD,20000,6144,4,WSL030330
2026-01-26,sell,USD,700000,215460,560,WSL030330
2026-01-26,buy,JOD,200000,86788.9,61.4,WSL030330
2026-01-26,buy,KWD,14000,13965.881,34.119,WSL030330
2026-01-26,buy,PKR,2500000,2646.553,423.447,WSL030330
2026-01-26,buy,SAR,200000,16373.333,0.001,WSL030330
2026-01-26,buy,USD,700000,215243.84,-343.84,WSL030330
2026-01-26,sell,AUD,140000,29462.79,-270.774,WSL030330
2026-01-26,sell,CHF,40000,15673.261,-131.115,WSL030330
2026-01-26,sell,EUR,4200,1522.524,-7.478,WSL030330
2026-01-26,sell,GBP,18740,7833.53,-31.642,WSL030330
2026-01-26,sell,PLN,150000,12863.128,-109.799,WSL030330
2026-01-26,sell,USD,60000,18420,0,WSL030330
2026-01-26,sell,USD,186100,56989.868,-142.832,WSL030330
2026-01-25,sell,INR,850000,2915.5,-103.046,WSL010420
2026-01-25,buy,AUD,151650,31694.85,417.486,WSL030330
2026-01-25,buy,CHF,6090,2283.75,109.557,WSL030330
2026-01-25,buy,GBP,7620,3124.2,68.036,WSL030330
2026-01-25,buy,USD,26300,7995.2,84.16,WSL030330
2026-01-25,buy,EUR,20,6.5,0.764,WSL030330
2026-01-25,buy,SAR,20,1.59,0.048,WSL030330
2026-01-25,buy,SAR,500,39.75,1.21,WSL030330
2026-01-25,buy,SAR,700,55.65,1.694,WSL030330
2026-01-25,buy,USD,100,30.2,0.52,WSL030330
2026-01-25,buy,USD,200,60.4,1.04,WSL030330
2026-01-25,buy,USD,10,3.02,0.052,WSL030330
2026-01-25,buy,USD,100,30.2,0.52,WSL030330
2026-01-25,buy,USD,100,30.2,0.52,WSL030330
2026-01-25,buy,USD,200,60.4,1.04,WSL030330
2026-01-25,buy,USD,200,60.4,1.04,WSL030330
2026-01-25,buy,USD,300,90.6,1.56,WSL030330
2026-01-25,sell,BHD,2000,1627.6,-1.59,WSL030330
2026-01-25,sell,INR,200000,682,-28.246,WSL030330
2026-01-25,sell,MAD,20000,728,-59.692,WSL030330
2026-01-25,sell,TRY,200000,1432,-133.35,WSL030330
2026-01-25,sell,USD,1000,320,12.8,WSL010420
2026-01-25,sell,USD,50000,15372.5,12.5,WSL030330
2026-01-25,sell,EUR,50000,18225,64.872,WSL030330
2026-01-25,sell,GBP,30000,12615,47.141,WSL030330
2026-01-25,buy,BHD,3500,2835,15.989,WSL010420
2026-01-25,sell,EGP,500000,3430,-288.535,WSL010420
2026-01-25,sell,USD,40000,12326,38.4,WSL010420
2026-01-25,sell,EUR,5000,1821,5.046,WSL030330
2026-01-25,sell,PHP,100000,530,-33.386,WSL030330
2026-01-25,sell,USD,50000,15375,15.5,WSL030330
2026-01-25,sell,PHP,100000,534,-29.386,WSL010420
2026-01-25,sell,THB,100000,996,-2.982,WSL010420
2026-01-25,sell,USD,20000,6152,8.2,WSL010420
2026-01-25,sell,AED,50000,4176.5,-9.79,WSL030330
2026-01-25,sell,EGP,120000,823.2,-69.248,WSL030330
2026-01-25,sell,INR,400000,1360,-60.448,WSL030330
2026-01-25,sell,JOD,15000,6523.5,5.696,WSL030330
2026-01-25,sell,PHP,150000,795,-50.079,WSL030330
2026-01-25,sell,SAR,170000,13931.5,5.554,WSL030330
2026-01-25,sell,USD,250000,76875,77.5,WSL030330
2026-01-25,buy,KWD,33405,33327.97,77.03,WSL030330
2026-01-25,buy,PHP,2000000,10466.436,801.284,WSL030330
2026-01-25,buy,QAR,367900,30946.112,-0.001,WSL030330
2026-01-25,buy,THB,6000000,59456.118,482.802,WSL030330
2026-01-24,sell,TRY,100000,717,-66.694,WSL010420
2026-01-24,sell,SAR,300000,24618,9.999,WSL010420
2026-01-24,sell,USD,20000,6152,0,WSL010420
2026-01-24,sell,EGP,100000,686,-58.7,WSL010420
2026-01-24,sell,AZN,10000,1829,-69.765,WSL030330
2026-01-24,sell,EUR,5000,1822,3.623,WSL030330
2026-01-24,sell,GBP,5000,2103.75,6.379,WSL030330
2026-01-24,sell,THB,300000,2985,-15.945,WSL030330
2026-01-24,sell,EGP,100000,686,-58.7,WSL030330
2026-01-24,sell,USD,16000,4922.4,0.8,WSL030330
2026-01-24,sell,USD,10000,3076.5,0.5,WSL030330
2026-01-24,sell,TRY,400000,2876,-258.776,WSL030330
2026-01-24,sell,USD,53000,16302.8,0,WSL030330
2026-01-24,sell,USD,40000,12306,2,WSL010420
2026-01-24,sell,AED,30000,2509.5,-5.627,WSL010420
2026-01-22,sell,AZN,10000,1829,-69.765,WSL010420
2026-01-22,sell,AED,200000,16728,-39.512,WSL030330
2026-01-22,sell,EUR,10000,3610,6.466,WSL030330
2026-01-22,sell,EUR,5000,1801,-0.613,WSL030330
2026-01-22,sell,JOD,5000,2176.5,0.999,WSL030330
2026-01-22,sell,TRY,600000,4302,-400.164,WSL030330
2026-01-22,sell,AZN,5000,915,-34.383,WSL030330
2026-01-22,sell,BHD,5000,4074,-4.277,WSL030330
2026-01-22,sell,GEL,5000,580,-18.444,WSL030330
2026-01-22,sell,CNY,10000,446,0.848,WSL030330
2026-01-22,sell,USD,37000,11390.45,9.25,WSL030330
2026-01-22,sell,QAR,20000,1687.2,2.644,WSL030330
2026-01-22,sell,USD,30000,9234,6,WSL030330
2026-01-22,sell,TRY,400000,2876,-258.776,WSL030330
2026-01-22,buy,USD,4000,1216,14.4,WSL010420
2026-01-22,sell,INR,250000,855,-33.965,WSL010420
2026-01-22,sell,TRY,400000,2868,-266.776,WSL010420
2026-01-22,sell,USD,30000,9234,6,WSL010420
2026-01-22,sell,EGP,60000,411.6,-35.22,WSL030330
2026-01-22,sell,SAR,50000,4105,3.666,WSL030330
2026-01-22,sell,USD,50000,15390,10,WSL030330
2026-01-22,sell,USD,11405,3510.459,2.281,WSL030330
2026-01-22,sell,USD,5000,1539,1,WSL030330
2026-01-22,sell,TRY,200000,1434,-133.388,WSL030330
2026-01-22,sell,USD,9782,3011,2.057,WSL030330
2026-01-22,buy,BHD,13500,10962,49.349,WSL010420
2026-01-22,sell,EUR,50000,18010,32.318,WSL030330
2026-01-22,sell,SAR,50000,4110,8.666,WSL030330
2026-01-22,sell,USD,801000,247108.5,720.9,WSL010420
2026-01-22,sell,THB,500000,4945,-56.575,WSL030330
2026-01-22,sell,GBP,7000,2899.75,8.648,WSL010420
2026-01-22,sell,EUR,100000,36100,144.636,WSL030330
2026-01-22,sell,GBP,75000,31087.5,99.876,WSL030330
2026-01-22,sell,USD,500000,154150,350,WSL030330
2026-01-22,buy,GBP,50000,20704.556,-46.14,WSL030330
2026-01-22,buy,NZD,5000,906.343,-5.536,WSL030330
2026-01-22,buy,SAR,2000000,164053.334,0.006,WSL030330
2026-01-22,buy,USD,1000000,307600,0,WSL030330
2026-01-22,buy,USD,500000,154111.545,-311.545,WSL030330
2026-01-21,buy,GBP,775,310,10.134,WSL010420
2026-01-21,sell,AZN,10000,1830,-68.765,WSL010420
2026-01-21,sell,RUB,500000,1945,-133.38,WSL010420
2026-01-21,sell,USD,40000,12316,12,WSL010420
2026-01-21,sell,USD,120000,36942,30,WSL010420
2026-01-21,sell,EGP,60000,412.2,-34.62,WSL010420
2026-01-21,sell,GBP,5000,2072,4.467,WSL010420
2026-01-21,sell,RUB,100000,390,-25.676,WSL010420
2026-01-21,sell,RUB,200000,780,-51.352,WSL010420
2026-01-21,sell,USD,20000,6158,6,WSL010420
2026-01-21,sell,TRY,400000,2870,-264.776,WSL010420
2026-01-21,sell,USD,50000,15394.5,14.5,WSL010420
2026-01-21,sell,NZD,10000,1794,-9.459,WSL010420
2026-01-21,sell,USD,20000,6170,18,WSL010420
2026-01-21,sell,USD,50000,15395,15,WSL010420
2026-01-21,sell,AED,100000,8365,-18.756,WSL010420
2026-01-21,sell,CNY,50000,2228.5,2.74,WSL010420
2026-01-21,sell,KZT,1000000,700,16.44,WSL010420
2026-01-21,sell,PHP,300000,1605,-87.414,WSL010420
2026-01-21,sell,TRY,600000,4320,-382.164,WSL010420
2026-01-21,sell,USD,50000,15415,35,WSL010420
2026-01-21,sell,AZN,1000,183,-6.877,WSL030330
2026-01-21,sell,SAR,40000,3288,6.933,WSL030330
2026-01-21,sell,EUR,100000,35950,-79.188,WSL030330
2026-01-21,sell,GBP,30000,12435,38.105,WSL030330
2026-01-21,sell,INR,1000000,3420,-135.86,WSL030330
2026-01-21,sell,SAR,800000,65680,58.664,WSL030330
2026-01-21,sell,THB,1000000,9920,-83.15,WSL030330
2026-01-21,sell,USD,200000,61590,70,WSL030330
2026-01-21,sell,EUR,10000,3609.5,6.581,WSL030330
2026-01-21,sell,GBP,10000,4146,13.702,WSL030330
2026-01-21,sell,QAR,12000,1011.96,1.226,WSL030330
2026-01-21,sell,SAR,100000,8212,9.333,WSL030330
2026-01-21,sell,JOD,15000,6532.5,5.997,WSL010420
2026-01-21,sell,TRY,400000,2872,-262.776,WSL010420
2026-01-21,sell,AED,100000,8361,-22.756,WSL030330
2026-01-21,sell,THB,500000,4965,-36.575,WSL030330
2026-01-21,sell,USD,50000,15395,15,WSL030330
2026-01-21,sell,EUR,20000,7219,15.623,WSL030330
2026-01-21,sell,GBP,5000,2073,5.467,WSL030330
2026-01-21,sell,MYR,10000,764,0.725,WSL030330
2026-01-21,sell,USD,20000,6158,6,WSL030330
2026-01-21,sell,USD,40000,12320,16,WSL030330
2026-01-21,sell,AZN,10000,1828,-70.765,WSL010420
2026-01-21,sell,JOD,4100,1785.14,1.229,WSL030330
2026-01-21,sell,EUR,10000,3609,7.312,WSL030330
2026-01-21,sell,GEL,10000,1160,-36.887,WSL030330
2026-01-21,sell,JOD,10000,4354,2.998,WSL030330
2026-01-21,sell,THB,300000,2979,-21.945,WSL030330
2026-01-21,sell,USD,21695,6679.999,6.617,WSL030330
2026-01-21,sell,TRY,1000000,7200,-636.94,WSL030330
2026-01-21,sell,EGP,160000,1099.2,-92.32,WSL030330
2026-01-21,sell,EUR,15000,5414.25,4.796,WSL030330
2026-01-21,sell,GBP,10000,4145,8.703,WSL030330
2026-01-21,sell,INR,300000,1027.5,-39.258,WSL030330
2026-01-21,sell,SAR,20000,1644,3.467,WSL030330
2026-01-21,sell,TRY,100000,718,-65.694,WSL030330
2026-01-21,sell,USD,50000,15397.5,17.5,WSL030330
2026-01-21,sell,BDT,100000,260,-9.827,WSL030330
2026-01-21,sell,INR,200000,688,-23.172,WSL030330
2026-01-21,sell,IQD,10000000,2210,-111.5,WSL030330
2026-01-21,sell,JOD,10000,4354,2.998,WSL030330
2026-01-21,sell,THB,300000,2976,-24.945,WSL030330
2026-01-21,sell,USD,100000,30795,35,WSL030330
2026-01-21,sell,THB,1000000,9910,-93.15,WSL010420
2026-01-21,sell,USD,110000,33902,66,WSL010420
2026-01-21,sell,USD,9700,2987.6,5.432,WSL010420
2026-01-21,sell,MYR,20000,1526,0.243,WSL030330
2026-01-21,sell,USD,7000,2161.6,9.52,WSL030330
2026-01-21,sell,JOD,5000,2177.5,3.131,WSL030330
2026-01-21,sell,TRY,400000,2874,-259.148,WSL030330
2026-01-21,sell,GEL,10000,1158,-38.265,WSL010420
2026-01-21,sell,PHP,100000,535,-28.845,WSL010420
2026-01-21,sell,TRY,700000,5040,-443.009,WSL010420
2026-01-21,sell,EUR,22000,7892.5,-32.504,WSL010420
2026-01-21,sell,USD,16561,5107.5,15.986,WSL010420
2026-01-21,buy,AED,500000,41862.745,34.23,WSL030330
2026-01-21,buy,KRW,10000000,2087.17,3.63,WSL030330
2026-01-21,buy,KWD,3583,3573.005,9.995,WSL030330
2026-01-21,buy,LKR,1000000,1042.169,96.501,WSL030330
2026-01-21,buy,NZD,10000,1803.136,-8.301,WSL030330
2026-01-21,buy,PHP,1000000,5246.416,392.034,WSL030330
2026-01-21,buy,QAR,57550,4834.2,10.59,WSL030330
2026-01-21,buy,RUB,2000000,7676.404,632.776,WSL030330
2026-01-21,buy,SAR,1000000,81951.22,32.78,WSL030330
2026-01-21,buy,EGP,1000000,6801.77,641.35,WSL030330
2026-01-21,buy,EUR,100000,35825.983,196.762,WSL030330
2026-01-21,buy,EUR,200000,72106.978,-61.488,WSL030330
2026-01-21,buy,GBP,50000,20706.084,-46.116,WSL030330
2026-01-21,buy,KWD,19054.75,19026.282,28.468,WSL030330
2026-01-21,buy,QAR,200000,16869.136,-32.334,WSL030330
2026-01-21,buy,TRY,5000000,35790.455,3373.895,WSL030330
2026-01-21,buy,USD,400000,123185.059,-209.059,WSL030330
2026-01-21,buy,USD,500000,153720,0,WSL030330
2026-01-21,sell,USD,3439,1060.588,3.302,WSL010420
2026-01-21,sell,USD,5000,1541.5,4.3,WSL010420
2026-01-21,sell,USD,180000,55485,145.8,WSL030330
2026-01-21,sell,SAR,150000,12322.5,24.9,WSL030330
2026-01-21,sell,USD,100,32.5,1.756,WSL030330
2026-01-21,sell,USD,5000,1542,4.8,WSL030330
2026-01-20,sell,USD,10000,3250,174,WSL030330
2026-01-20,sell,CNY,5000,222.5,-0.076,WSL030330
2026-01-20,sell,EGP,200000,1376,-113.4,WSL030330
2026-01-20,sell,EUR,10000,3598,16.613,WSL030330
2026-01-20,sell,JOD,10000,4356,4.998,WSL030330
2026-01-20,sell,JPY,300000,587.4,3.72,WSL030330
2026-01-20,sell,JPY,500000,975,2.2,WSL030330
2026-01-20,sell,LKR,200000,216,-11.852,WSL030330
2026-01-20,sell,RUB,100000,390,-25.676,WSL030330
2026-01-20,sell,SAR,150000,12321,17,WSL030330
2026-01-20,sell,AED,50000,4182.5,-9.378,WSL030330
2026-01-20,sell,SAR,50000,4112.5,11.166,WSL030330
2026-01-20,sell,THB,1000000,9910,-93.15,WSL030330
2026-01-20,sell,USD,200000,61640,120,WSL030330
2026-01-20,sell,USD,50000,15412.5,32.5,WSL030330
2026-01-20,buy,AED,1500000,125400,356.34,WSL030330
2026-01-20,buy,KZT,1000000,688,-4.44,WSL030330
2026-01-20,buy,EGP,2000000,13610.619,1283.381,WSL030330
2026-01-20,buy,EUR,100000,35783.108,30.76,WSL030330
2026-01-20,buy,GBP,50000,20643.036,12.304,WSL030330
2026-01-20,buy,GBP,50000,20663.03,-7.69,WSL030330
2026-01-20,buy,INR,2000000,6827.969,283.751,WSL030330
2026-01-20,buy,INR,4000000,13640.798,582.642,WSL030330
2026-01-20,buy,KWD,14000,13968.213,31.787,WSL030330
2026-01-20,buy,QAR,110000,9276.491,-11.431,WSL030330
2026-01-20,buy,SAR,500000,41013.334,0.001,WSL030330
2026-01-20,buy,USD,430000,132268,0,WSL030330
2026-01-20,sell,CNY,30000,1336.5,1.044,WSL010420
2026-01-20,sell,EUR,20000,7210,47.226,WSL010420
2026-01-19,sell,HKD,20000,795,5.968,WSL010420
2026-01-19,sell,EUR,8000,2870,6.613,WSL010420
2026-01-19,sell,QAR,200000,16864,18.436,WSL030330
2026-01-19,sell,TRY,2000000,14390,-1283.88,WSL030330
2026-01-19,sell,EGP,400000,2752,-226.8,WSL010420
2026-01-19,sell,EUR,15000,5381.25,21.628,WSL010420
2026-01-19,sell,JOD,10000,4355,3.998,WSL010420
2026-01-19,sell,TRY,400000,2872,-262.776,WSL010420
2026-01-19,sell,USD,50000,15410,30,WSL010420
2026-01-19,sell,EUR,10000,3587.5,14.418,WSL010420
2026-01-19,sell,GBP,20000,8277,35.166,WSL010420
2026-01-19,sell,JOD,5000,2178,2.499,WSL010420
2026-01-19,sell,SAR,70000,5750.5,8.633,WSL010420
2026-01-19,sell,EUR,10000,3587.5,14.418,WSL030330
2026-01-19,sell,QAR,10000,843.2,0.922,WSL030330
2026-01-19,sell,INR,850000,2915.5,-106.981,WSL010420
2026-01-19,sell,RUB,100000,390,-25.676,WSL030330
2026-01-19,sell,USD,10000,3082.5,6.5,WSL030330
2026-01-19,sell,EGP,20000,137.8,-11.14,WSL030330
2026-01-19,sell,EUR,5000,1793.75,5.517,WSL030330
2026-01-19,sell,USD,20000,6165,13,WSL030330
2026-01-19,sell,AED,50000,4184,-7.878,WSL030330
2026-01-19,sell,BHD,3000,2445.96,-1.006,WSL030330
2026-01-19,sell,INR,200000,688,-23.172,WSL030330
2026-01-19,sell,JOD,10000,4356,4.998,WSL030330
2026-01-19,sell,SAR,300000,24645,36.999,WSL030330
2026-01-19,sell,THB,500000,4940,-61.575,WSL030330
2026-01-19,sell,TRY,300000,2157,-194.082,WSL030330
2026-01-19,sell,USD,50000,15415,35,WSL030330
2026-01-19,sell,USD,5000,1541.5,3.5,WSL010420
2026-01-19,sell,INR,350000,1204,-40.551,WSL030330
2026-01-19,sell,TRY,161000,1159.2,-102.547,WSL030330
2026-01-19,sell,TRY,200000,1440,-127.388,WSL030330
2026-01-19,sell,CNY,30000,1338,2.544,WSL030330
2026-01-19,sell,GBP,10000,4138.5,15.122,WSL030330
2026-01-19,sell,INR,500000,1715,-62.93,WSL030330
2026-01-19,sell,USD,39402,12149.5,29.445,WSL030330
2026-01-19,sell,KRW,5000000,1064,20.9,WSL010420
2026-01-19,sell,USD,100000,30860,100,WSL030330
2026-01-19,sell,EGP,50000,344.5,-27.85,WSL030330
2026-01-19,sell,JOD,10000,4357,5.998,WSL030330
2026-01-19,sell,PHP,100000,535,-29.138,WSL030330
2026-01-19,sell,SAR,60000,4932,10.4,WSL030330
2026-01-19,sell,TRY,80000,576,-50.955,WSL030330
2026-01-19,sell,TRY,400000,2880,-254.776,WSL010420
2026-01-19,buy,USD,27000,8529.435,-224.235,WSL030330
2026-01-19,buy,EUR,50000,17900.782,-16.918,WSL030330
2026-01-18,buy,CHF,910,336.7,11.844,WSL010420
2026-01-18,sell,INR,500000,1717.5,-60.43,WSL010420
2026-01-18,sell,THB,200000,1978,-22.63,WSL010420
2026-01-18,sell,CNY,50000,2227.5,1.74,WSL010420
2026-01-18,sell,GBP,10000,4139,21.466,WSL010420
2026-01-18,sell,THB,100000,988,-12.315,WSL010420
2026-01-18,sell,EGP,300000,2064,-170.1,WSL010420
2026-01-18,sell,USD,20000,6168,16,WSL010420
2026-01-18,sell,TRY,500000,3597.5,-320.97,WSL010420
2026-01-17,sell,AED,22500,1882.913,-2.819,WSL010420
2026-01-17,sell,BDT,1000000,2575,-122.39,WSL030330
2026-01-17,sell,EUR,100000,35820,146.925,WSL030330
2026-01-17,sell,GBP,10000,4139,22.805,WSL030330
2026-01-17,sell,LKR,2000000,2120,-157.78,WSL030330
2026-01-17,sell,NPR,1000000,2275,-245.49,WSL030330
2026-01-17,sell,SAR,400000,32860,60,WSL030330
2026-01-17,sell,USD,200000,61680,180,WSL030330
2026-01-17,sell,VND,100000000,1170,1,WSL010420
2026-01-17,sell,THB,200000,1976,-23.98,WSL030330
2026-01-17,sell,MAD,30000,1102.5,-80.192,WSL010420
2026-01-17,sell,USD,30000,9255,30,WSL010420
2026-01-17,sell,QAR,320000,26976,31.859,WSL010420
2026-01-17,sell,INR,100000,344,-11.47,WSL010420
2026-01-17,sell,SAR,250000,20550,50,WSL030330
2026-01-17,sell,GBP,5000,2069.5,11.402,WSL030330
2026-01-17,sell,INR,100000,343,-12.47,WSL030330
2026-01-17,sell,RUB,50000,194,-13.77,WSL030330
2026-01-17,sell,TRY,200000,1440,-126.878,WSL030330
2026-01-17,sell,EGP,400000,2752,-225.832,WSL030330
2026-01-17,sell,EUR,50000,17925,88.462,WSL030330
2026-01-17,sell,USD,12200,3763.7,12.2,WSL030330
2026-01-17,sell,EUR,10000,3582,14.692,WSL030330
2026-01-17,sell,GBP,10000,4140,23.805,WSL030330
2026-01-17,sell,THB,500000,4945,-54.95,WSL030330
2026-01-17,sell,USD,87565,27014,87.762,WSL030330
2026-01-17,sell,PHP,100000,537,-26.955,WSL010420
2026-01-17,sell,EUR,100000,35850,176.925,WSL030330
2026-01-17,buy,IDR,100000000,1843.5,172.5,WSL030330
2026-01-17,buy,LKR,4000000,4169.492,386.068,WSL030330
2026-01-17,buy,MAD,200000,7151.163,733.453,WSL030330
2026-01-17,buy,SAR,1000000,81967.213,32.787,WSL030330
2026-01-17,buy,THB,2000000,19698.91,300.89,WSL030330
2026-01-17,buy,EUR,150000,53555.738,-46.126,WSL030330
2026-01-17,sell,EGP,200000,1373,-115.916,WSL030330
2026-01-17,sell,USD,9700,2991.48,8.73,WSL030330
2026-01-17,buy,AZN,50000,9124.629,366.111,WSL030330
2026-01-17,buy,BDT,3000000,7623.96,468.21,WSL030330
2026-01-17,buy,CZK,100000,1507.353,-37.749,WSL030330
2026-01-17,buy,EGP,2000000,13666.666,1222.494,WSL030330
2026-01-17,buy,HKD,90000,3556.741,-7.572,WSL030330
2026-01-17,buy,JPY,2000000,3880.126,10.554,WSL030330
2026-01-17,buy,KWD,16445,16399.971,45.029,WSL030330
2026-01-17,buy,MYR,100000,7611.386,18.887,WSL030330
2026-01-17,buy,TRY,6000000,43107.474,3898.866,WSL030330
2026-01-17,buy,AED,200000,16743.806,18.254,WSL030330
2026-01-17,buy,CNY,400000,17728.451,71.837,WSL030330
2026-01-17,buy,KWD,19676,19624.943,51.057,WSL030330
2026-01-17,buy,NPR,1300000,2921.082,355.555,WSL030330
2026-01-17,buy,QAR,68200,5742.47,0,WSL030330
2026-01-17,buy,THB,12000000,118080,1918.8,WSL030330
2026-01-17,buy,EGP,2000000,13636.364,1252.796,WSL030330
2026-01-17,buy,EUR,100000,35703.825,-30.75,WSL030330
2026-01-17,buy,GEL,200000,23120.301,809.661,WSL030330
2026-01-17,buy,USD,1000000,307500,0,WSL030330
2026-01-15,sell,CZK,100000,1540,73.84,WSL010420
2026-01-15,sell,EGP,500000,3440,-275.87,WSL010420
2026-01-15,sell,EUR,25000,8962.5,58.835,WSL010420
2026-01-15,sell,INR,500000,1717.5,-56.785,WSL010420
2026-01-15,sell,USD,20000,6163,23.6,WSL010420
2026-01-15,sell,EGP,200000,1376,-110.348,WSL010420
2026-01-15,sell,SAR,100000,8215,29.133,WSL010420
2026-01-15,sell,EGP,100000,687.5,-55.674,WSL010420
2026-01-15,sell,RUB,200000,778,-51.648,WSL010420
2026-01-15,sell,AED,12500,1046.063,0.24,WSL010420
2026-01-15,sell,INR,870000,2984.1,-99.641,WSL010420
2026-01-15,buy,THB,1500000,14790,166.92,WSL010420
2026-01-15,buy,USD,52900,16121.275,98.923,WSL030330
2026-01-15,sell,CNY,200000,8890,15.326,WSL030330
2026-01-15,sell,CZK,300000,4614,202.413,WSL030330
2026-01-15,sell,EUR,100000,35900,230.895,WSL030330
2026-01-15,sell,EUR,100000,35925,255.895,WSL030330
2026-01-15,sell,HKD,100000,3980,49.025,WSL030330
2026-01-15,sell,INR,1000000,3425,-119.53,WSL030330
2026-01-15,sell,LKR,1000000,1080,-55.63,WSL030330
2026-01-15,sell,LKR,2000000,2120,-151.26,WSL030330
2026-01-15,sell,PKR,5000000,5375,-757.4,WSL030330
2026-01-15,sell,SAR,200000,16430,76.934,WSL030330
2026-01-15,sell,SAR,200000,16440,86.934,WSL030330
2026-01-15,sell,TRY,3000000,21585,-1850.91,WSL030330
2026-01-15,sell,USD,200000,61625,301,WSL030330
2026-01-15,sell,EGP,500000,3440,-271.635,WSL010420
2026-01-15,sell,GEL,20000,2325,-61.148,WSL010420
2026-01-15,sell,MYR,20000,1528,6.313,WSL010420
2026-01-15,sell,USD,110000,33891,162.8,WSL010420
2026-01-15,sell,EUR,5000,1796,12.545,WSL030330
2026-01-15,sell,GBP,5000,2073.5,12.707,WSL030330
2026-01-15,sell,SAR,100000,8215,38.467,WSL030330
2026-01-15,sell,TRY,300000,2163,-180.591,WSL030330
2026-01-15,sell,USD,20000,6163,30.6,WSL030330
2026-01-15,sell,INR,200000,685,-23.906,WSL030330
2026-01-15,sell,SAR,70000,5750.5,26.927,WSL030330
2026-01-15,sell,THB,200000,1976,-18.256,WSL030330
2026-01-15,sell,USD,20000,6163,30.6,WSL030330
2026-01-15,sell,EGP,200000,1376,-108.654,WSL010420
2026-01-15,sell,TRY,200000,1440,-122.394,WSL010420
2026-01-15,sell,SAR,150000,12319.5,54.7,WSL030330
2026-01-15,sell,CNY,30000,1336.5,5.299,WSL010420
2026-01-15,sell,EUR,20000,7183,50.406,WSL010420
2026-01-15,sell,JOD,10000,4357,19.86,WSL010420
2026-01-15,sell,JPY,500000,978.5,11.61,WSL010420
2026-01-15,sell,SAR,80000,6572,30.774,WSL010420
2026-01-15,sell,AED,35000,2929,4.034,WSL010420
2026-01-15,sell,AED,30000,2510.55,3.436,WSL030330
2026-01-15,sell,BDT,100000,260,-8.967,WSL030330
2026-01-15,sell,INR,200000,688,-20.906,WSL030330
2026-01-15,sell,TRY,200000,1444,-118.394,WSL030330
2026-01-15,sell,USD,150000,46222.5,229.5,WSL030330
2026-01-15,sell,USD,9700,2987.6,13.386,WSL030330
2026-01-15,sell,GEL,30000,3480,-99.222,WSL030330
2026-01-15,sell,THB,300000,2964,-27.384,WSL030330
2026-01-15,sell,USD,140000,43197,270.2,WSL030330
2026-01-15,sell,INR,1000000,3435,-109.53,WSL010420
2026-01-15,sell,MAD,70000,2572.5,-179.218,WSL010420
2026-01-15,sell,THB,210000,2072.7,-21.269,WSL010420
2026-01-15,sell,EGP,50000,344,-27.164,WSL030330
2026-01-15,sell,MYR,10000,764,3.156,WSL030330
2026-01-15,sell,EGP,100000,688,-54.327,WSL030330
2026-01-15,sell,TRY,200000,1440,-122.394,WSL030330
2026-01-15,sell,USD,18150,5592.923,27.77,WSL030330
2026-01-15,sell,JOD,3500,1523.9,5.901,WSL030330
2026-01-15,sell,TRY,200000,1438,-124.394,WSL030330
2026-01-15,sell,CNY,100000,4453,15.663,WSL030330
2026-01-15,sell,THB,500000,4935,-50.64,WSL030330
2026-01-15,sell,USD,200000,61620,296,WSL030330
2026-01-15,sell,EUR,15000,5388,37.174,WSL030330
2026-01-15,sell,GBP,10000,4146.5,29.207,WSL030330
2026-01-15,sell,IDR,40000000,748,-56.4,WSL030330
2026-01-15,sell,LKR,200000,216,-11.126,WSL030330
2026-01-15,sell,AED,30000,2510.55,3.436,WSL010420
2026-01-15,buy,CZK,100000,1521.975,-50.952,WSL030330
2026-01-15,sell,AED,10000,836.8,1.095,WSL030330
2026-01-15,sell,SAR,100000,8220,43.467,WSL030330
2026-01-15,sell,USD,100000,30815,153,WSL030330
2026-01-15,sell,EUR,150000,53850,332.546,WSL030330
2026-01-15,sell,USD,500000,154100,790,WSL030330
2026-01-15,buy,HKD,100000,3951.289,-19.154,WSL030330
2026-01-15,buy,IDR,200000000,3685.4,336.6,WSL030330
2026-01-15,buy,JPY,3000000,5810.865,-4.755,WSL030330
2026-01-15,buy,KRW,30000000,6236.34,19.86,WSL030330
2026-01-15,buy,KWD,5800,5768.394,31.606,WSL030330
2026-01-15,buy,LKR,1000000,1039.39,96.24,WSL030330
2026-01-15,buy,PHP,1000000,5263.863,359.547,WSL030330
2026-01-15,buy,RUB,2000000,7589.604,697.416,WSL030330
2026-01-15,buy,SGD,20000,4770.44,-9.26,WSL030330
2026-01-15,buy,AZN,40000,7278.813,292.051,WSL030330
2026-01-15,buy,CAD,20000,4424.531,-13.05,WSL030330
2026-01-15,buy,CHF,20000,7675.094,-20.12,WSL030330
2026-01-15,buy,EUR,50000,17875.946,-36.794,WSL030330
2026-01-15,buy,KWD,9000,8950.957,49.043,WSL030330
2026-01-15,buy,LKR,500000,530.484,37.331,WSL030330
2026-01-15,buy,SAR,100000,8176.533,0,WSL030330
2026-01-15,buy,SAR,1000000,81721.748,43.582,WSL030330
2026-01-15,buy,USD,35000,10731.7,0,WSL030330
2026-01-15,buy,USD,600000,183972,0,WSL030330
2026-01-15,buy,AED,200000,16714.091,0.001,WSL030330
2026-01-15,buy,AED,300000,25071.137,0.001,WSL030330
2026-01-15,buy,CAD,20000,4422.935,-11.454,WSL030330
2026-01-15,buy,CHF,10000,3843.319,-15.832,WSL030330
2026-01-15,buy,EUR,400000,142860.39,-147.178,WSL030330
2026-01-15,buy,KWD,49471.5,49193.94,277.56,WSL030330
2026-01-15,buy,USD,1300000,398685.721,-79.721,WSL030330
2026-01-14,sell,TRY,200000,1440,-122.394,WSL010420
2026-01-14,sell,USD,200000,61600,276,WSL010420
2026-01-14,buy,USD,50000,15237.5,93.5,WSL030330
2026-01-14,sell,BDT,100000,260,-8.967,WSL030330
2026-01-14,sell,BHD,2000,1630.6,4.486,WSL030330
2026-01-14,sell,QAR,50000,4220,22.026,WSL030330
2026-01-14,sell,RUB,100000,390,-24.351,WSL030330
2026-01-14,sell,TRY,200000,1444,-118.394,WSL030330
2026-01-14,sell,VND,30000000,351,1.5,WSL030330
2026-01-14,sell,SAR,35000,2875.25,13.463,WSL010420
2026-01-14,buy,INR,5500000,18755,757.68,WSL010420
2026-01-14,sell,TRY,300000,2160,-185.733,WSL010420
2026-01-14,sell,KRW,303000,64.388,1.216,WSL010420
2026-01-14,sell,THB,290000,2862.3,-32.013,WSL010420
2026-01-14,sell,USD,9700,2987.6,10.67,WSL030330
2026-01-14,sell,EUR,20000,7190,39.844,WSL010420
2026-01-14,sell,USD,70000,21567,84,WSL030330
2026-01-14,sell,USD,50000,15405,60,WSL010420
2026-01-14,sell,USD,800000,246240,720,WSL010420
2026-01-14,sell,SAR,100000,8220,36,WSL010420
2026-01-14,sell,THB,300000,2964,-30.117,WSL010420
2026-01-14,sell,USD,20000,6162,24,WSL010420
2026-01-14,sell,RUB,500000,1940,-133.65,WSL030330
2026-01-14,sell,THB,800000,7896,-88.312,WSL010420
2026-01-14,sell,USD,100000,30805,115,WSL010420
2026-01-14,sell,USD,50000,15405,60,WSL010420
2026-01-14,sell,AZN,5000,914.5,-32.722,WSL030330
2026-01-14,sell,EGP,100000,689,-54.005,WSL030330
2026-01-14,sell,JOD,5000,2178.75,8.2,WSL030330
2026-01-14,sell,USD,20000,6162,24,WSL030330
2026-01-14,sell,SAR,36000,2955.6,9.36,WSL030330
2026-01-14,sell,INR,3000000,10290,-353.28,WSL030330
2026-01-14,sell,SAR,900000,73980,324,WSL030330
2026-01-14,sell,THB,500000,4940,-50.195,WSL030330
2026-01-14,sell,USD,600000,185160,1020,WSL030330
2026-01-14,sell,GBP,5000,2074.25,10.348,WSL030330
2026-01-14,sell,THB,100000,988,-10.039,WSL030330
2026-01-14,sell,USD,50000,15402.5,57.5,WSL030330
2026-01-14,sell,KRW,11000000,2337.5,48.73,WSL010420
2026-01-14,sell,USD,100000,30790,100,WSL010420
2026-01-14,sell,TRY,200000,1442,-121.822,WSL030330
2026-01-14,sell,TRY,500000,3600,-309.555,WSL030330
2026-01-14,sell,USD,50000,15395,50,WSL030330
2026-01-14,sell,USD,50000,15395,50,WSL030330
2026-01-14,sell,CAD,10000,2226,15.383,WSL030330
2026-01-14,sell,CHF,10000,3866,33.582,WSL030330
2026-01-14,sell,EUR,30000,10783.5,57.345,WSL030330
2026-01-14,sell,JPY,1000000,1950,21.75,WSL030330
2026-01-14,sell,SGD,10000,2400,16.496,WSL030330
2026-01-14,sell,THB,500000,4940,-50.195,WSL030330
2026-01-14,sell,IDR,100000000,1865,-147,WSL010420
2026-01-14,sell,SAR,200000,16430,62,WSL010420
2026-01-14,sell,THB,1000000,9880,-100.39,WSL010420
2026-01-14,sell,USD,9700,2989.055,12.125,WSL030330
2026-01-14,sell,BDT,100000,260,-9.213,WSL030330
2026-01-14,sell,INR,150000,514.5,-17.664,WSL030330
2026-01-14,sell,THB,200000,1976,-20.078,WSL030330
2026-01-14,sell,TRY,200000,1442,-121.822,WSL030330
2026-01-14,sell,EUR,30000,10755,30.686,WSL030330
2026-01-14,sell,USD,155000,47771,201.5,WSL030330
2026-01-14,buy,CZK,300000,4562.963,-140.135,WSL030330
2026-01-14,buy,EUR,200000,71538.39,-61.38,WSL030330
2026-01-14,buy,JOD,200000,86760.63,61.38,WSL030330
2026-01-14,buy,KWD,147000,146451.225,548.775,WSL030330
2026-01-14,buy,PKR,6500000,6808.36,1171.04,WSL030330
2026-01-14,buy,SAR,1000000,81840,0,WSL030330
2026-01-14,buy,USD,1000000,306900,0,WSL030330
2026-01-14,buy,AED,686600,57369.327,62.545,WSL030330
2026-01-14,buy,BDT,700000,1760.901,123.59,WSL030330
2026-01-14,buy,BHD,7837,6371.325,6.42,WSL030330
2026-01-14,buy,CNY,200000,8863.538,19.24,WSL030330
2026-01-14,buy,CNY,300000,13285.714,38.453,WSL030330
2026-01-14,buy,MYR,50000,3794.041,13.651,WSL030330
2026-01-14,buy,QAR,273200,22958.672,0.001,WSL030330
2026-01-13,sell,KRW,9000000,1912.5,43.02,WSL010420
2026-01-13,sell,JPY,1000000,1963,32.81,WSL010420
2026-01-13,sell,USD,50000,15395,50,WSL010420
2026-01-13,sell,GBP,5000,2073.75,10.922,WSL010420
2026-01-13,buy,CHF,200,74,2.908,WSL010420
2026-01-13,sell,AED,30000,2510.55,1.147,WSL010420
2026-01-13,sell,RUB,500000,1945,-128.65,WSL010420
2026-01-13,sell,SAR,50000,4105,13,WSL010420
2026-01-13,sell,TRY,600000,4320,-371.466,WSL010420
2026-01-13,buy,CHF,200,74,2.879,WSL030330
2026-01-13,sell,TRY,200000,1442,-122.332,WSL030330
2026-01-13,sell,AZN,10000,1830,-65.062,WSL030330
2026-01-13,sell,CAD,10000,2227,14.706,WSL030330
2026-01-13,sell,PHP,100000,539,-29.257,WSL030330
2026-01-13,sell,THB,200000,1976,-20.728,WSL030330
2026-01-13,sell,USD,20000,6158,18,WSL030330
2026-01-13,sell,USD,50000,15395,45,WSL030330
2026-01-13,sell,EGP,500000,3435,-281.235,WSL010420
2026-01-13,sell,JPY,1000000,1960,28.94,WSL010420
2026-01-13,sell,SGD,10000,2400,14.978,WSL010420
2026-01-13,sell,TRY,500000,3600,-310.83,WSL010420
2026-01-13,sell,CNY,100000,4448,5.164,WSL010420
2026-01-13,sell,USD,100000,30785,85,WSL010420
2026-01-13,sell,EGP,600000,4122,-337.482,WSL010420
2026-01-13,sell,EUR,50000,17970,59.62,WSL010420
2026-01-13,sell,INR,1000000,3415,-133.92,WSL010420
2026-01-13,sell,PHP,100000,538,-30.257,WSL010420
2026-01-13,sell,CZK,50000,770,32.161,WSL030330
2026-01-13,sell,EGP,2000000,13740,-1124.94,WSL030330
2026-01-13,sell,EUR,50000,17970,59.62,WSL030330
2026-01-13,sell,EUR,50000,17987.5,77.12,WSL030330
2026-01-13,sell,HKD,45500,1808.625,17.998,WSL030330
2026-01-13,sell,USD,200000,61580,180,WSL030330
2026-01-13,sell,EGP,300000,2061,-168.741,WSL010420
2026-01-13,sell,TRY,200000,1440,-124.332,WSL010420
2026-01-13,sell,THB,500000,4935,-56.82,WSL010420
2026-01-13,sell,SAR,50000,4105,11.666,WSL030330
2026-01-13,sell,THB,300000,2964,-31.092,WSL030330
2026-01-13,sell,USD,60000,18471,51,WSL030330
2026-01-13,sell,KRW,10000000,2132.5,50.2,WSL010420
2026-01-13,sell,LKR,1000000,1070,-67.04,WSL010420
2026-01-13,sell,EUR,10000,3596,14.845,WSL010420
2026-01-13,sell,THB,200000,1914,-82.728,WSL010420
2026-01-13,sell,USD,10000,3079,9,WSL010420
2026-01-13,sell,USD,26268,8087.999,23.723,WSL030330
2026-01-13,sell,TRY,100000,720,-62.166,WSL030330
2026-01-13,sell,USD,6585,2027.522,5.927,WSL030330
2026-01-13,sell,EUR,20000,7192,29.69,WSL030330
2026-01-13,sell,THB,300000,2961,-34.092,WSL030330
2026-01-13,sell,TRY,400000,2884,-244.664,WSL030330
2026-01-13,sell,USD,29175,8983,26.275,WSL030330
2026-01-13,sell,BDT,300000,777,-30.9,WSL030330
2026-01-13,sell,NPR,200000,464,-39.278,WSL030330
2026-01-13,sell,QAR,20000,1686,4.729,WSL030330
2026-01-13,sell,THB,300000,2967,-28.092,WSL030330
2026-01-13,sell,TRY,300000,2160,-186.498,WSL010420
2026-01-13,sell,CZK,150000,2308.5,96.684,WSL030330
2026-01-13,sell,INR,100000,343,-11.892,WSL030330
2026-01-13,sell,PHP,50000,269,-15.128,WSL030330
2026-01-13,sell,SAR,140000,11496.8,35.466,WSL030330
2026-01-13,sell,TRY,60000,432,-37.3,WSL030330
2026-01-13,sell,USD,30000,9253.5,43.5,WSL030330
2026-01-13,buy,EGP,4000000,27349.664,2380.216,WSL030330
2026-01-13,buy,EUR,100000,35823.83,-3.07,WSL030330
2026-01-13,buy,INR,5000000,16998.895,745.705,WSL030330
2026-01-13,buy,JOD,30000,13022.94,4.605,WSL030330
2026-01-13,buy,KWD,9632.75,9598.358,34.392,WSL030330
2026-01-13,buy,TRY,9000000,64556.073,5838.867,WSL030330
2026-01-13,buy,USD,300000,92256.57,-156.57,WSL030330
2026-01-13,buy,USD,1500000,460500,0,WSL030330
2026-01-12,sell,NZD,5000,896,11.072,WSL010420
2026-01-12,sell,MYR,10000,761.5,-0.287,WSL010420
2026-01-12,sell,RUB,500000,1945,-129.325,WSL010420
2026-01-12,sell,AED,50000,4184,0.298,WSL010420
2026-01-12,sell,EGP,200000,1376,-110.784,WSL010420
2026-01-12,sell,SAR,500000,41050,108.665,WSL030330
2026-01-12,sell,USD,90000,27706.5,71.1,WSL010420
2026-01-12,sell,BDT,100000,260,-9.353,WSL010420
2026-01-12,sell,EUR,10000,3597.5,6.74,WSL010420
2026-01-12,sell,TRY,100000,720,-62.318,WSL010420
2026-01-12,sell,AUD,30000,6129.255,-52.784,WSL030330
2026-01-12,sell,IQD,175000000,41168.575,614.075,WSL030330
2026-01-12,sell,USD,10000,3079,8.4,WSL030330
2026-01-12,sell,EGP,230000,1587,-122.802,WSL030330
2026-01-12,sell,THB,200000,1978,-19.118,WSL030330
2026-01-12,sell,USD,30000,9237,25.2,WSL030330
2026-01-12,sell,EUR,10000,3596,9.539,WSL010420
2026-01-12,sell,GBP,5000,2072.5,7.522,WSL010420
2026-01-12,sell,IDR,50000000,930,-76.5,WSL010420
2026-01-12,sell,AED,200000,16736,-1.2,WSL030330
2026-01-12,sell,CNY,50000,2225,3.148,WSL030330
2026-01-12,sell,SAR,100000,8210,21.733,WSL030330
2026-01-12,sell,EUR,15000,5394.75,13.677,WSL010420
2026-01-12,sell,TRY,250000,1800,-155.795,WSL010420
2026-01-12,sell,IDR,20000000,374,-28.6,WSL030330
2026-01-12,sell,SAR,130000,10666.5,21.753,WSL030330
2026-01-12,buy,AED,100,8.285,0.084,WSL030330
2026-01-12,buy,QAR,100,8.357,0.051,WSL030330
2026-01-12,buy,USD,100,30.2,0.506,WSL030330
2026-01-12,buy,USD,100,30.2,0.506,WSL030330
2026-01-12,buy,USD,100,30.2,0.506,WSL030330
2026-01-12,buy,USD,200,60.4,1.012,WSL030330
2026-01-12,buy,USD,200,60.4,1.012,WSL030330
2026-01-12,sell,USD,1000000,307750,690,WSL030330
2026-01-12,sell,TRY,200000,1440,-124.636,WSL010420
2026-01-12,buy,EUR,100000,35852.326,-21.495,WSL030330
2026-01-12,buy,GBP,50000,20677.42,-53.735,WSL030330
2026-01-12,buy,JPY,2000000,3910.596,-23.756,WSL030330
2026-01-11,sell,TRY,190000,1368,-118.404,WSL010420
2026-01-11,buy,CHF,2310,854.7,31.05,WSL010420
2026-01-11,buy,GBP,380,153.9,2.572,WSL010420
2026-01-11,sell,CNY,50000,2220,-1.852,WSL010420
2026-01-11,sell,EGP,600000,4128,-332.352,WSL010420
2026-01-11,sell,THB,700000,6909,-80.913,WSL010420
2026-01-11,sell,TRY,500000,3600,-311.59,WSL010420
2026-01-11,sell,USD,50000,15392.5,39.5,WSL010420
2026-01-11,sell,JOD,10000,4350,6.636,WSL010420
2026-01-11,sell,USD,20000,6158,16.8,WSL010420
2026-01-11,sell,USD,30000,9252,40.2,WSL010420
2026-01-11,sell,EUR,8000,2869.6,10.749,WSL010420
2026-01-11,sell,EUR,10000,3587.5,13.936,WSL010420
2026-01-11,sell,USD,9700,2986.63,8.148,WSL010420
2026-01-11,sell,EUR,5000,1793.75,6.968,WSL030330
2026-01-11,sell,INR,150000,512.25,-20.192,WSL030330
2026-01-11,sell,THB,200000,1974,-23.118,WSL030330
2026-01-11,sell,TRY,200000,1440,-124.636,WSL030330
2026-01-11,sell,USD,20000,6159,17.8,WSL030330
2026-01-11,buy,IQD,175000000,40775,-220.5,WSL010420
2026-01-11,sell,THB,500000,4930,-62.795,WSL010420
2026-01-11,sell,TRY,200000,1440,-124.636,WSL010420
2026-01-11,sell,INR,500000,1710,-64.805,WSL010420
2026-01-11,sell,TRY,200000,1440,-124.636,WSL010420
2026-01-11,sell,VND,100000000,1155,-12,WSL010420
2026-01-11,sell,THB,1000000,9850,-135.59,WSL010420
2026-01-11,sell,USD,50000,15392.5,39.5,WSL010420
2026-01-11,sell,BDT,200000,518,-20.706,WSL030330
2026-01-11,sell,USD,30000,9237,25.2,WSL030330
2026-01-11,sell,EUR,20000,7175,27.871,WSL030330
2026-01-11,sell,CZK,200000,3080,137.12,WSL030330
2026-01-11,sell,AED,200000,16736,-1.2,WSL030330
2026-01-11,sell,VND,300000000,3489,-12,WSL030330
2026-01-11,sell,AZN,10000,1828,-67.432,WSL010420
2026-01-11,sell,THB,300000,2958,-37.677,WSL010420
2026-01-11,buy,GBP,9955,4031.775,67.37,WSL030330
2026-01-11,buy,USD,52800,16077.6,135.168,WSL030330
2026-01-11,sell,EUR,5000,1793,6.218,WSL030330
2026-01-11,sell,SAR,20000,1642,4.347,WSL030330
2026-01-11,sell,THB,100000,987,-11.559,WSL030330
2026-01-11,sell,USD,50000,15395,42,WSL030330
2026-01-11,sell,EUR,10000,3586,12.436,WSL030330
2026-01-11,sell,JOD,5000,2175,3.318,WSL030330
2026-01-11,sell,SAR,50000,4105,10.866,WSL030330
2026-01-11,sell,USD,50000,15395,42,WSL030330
2026-01-11,sell,USD,9700,2985.66,7.178,WSL030330
2026-01-11,sell,USD,100000,30820,184,WSL030330
2026-01-11,sell,EUR,50000,17937.5,110.412,WSL030330
2026-01-11,sell,USD,500000,154100,920,WSL030330
2026-01-11,buy,NZD,10000,1770.761,-14.705,WSL030330
2026-01-11,buy,SAR,1000000,81656.805,39.195,WSL030330
2026-01-11,buy,SGD,10000,2388.772,-8.537,WSL030330
2026-01-11,buy,THB,5000000,48939.295,874.855,WSL030330
2026-01-11,buy,VND,700000000,8031.8,116.2,WSL030330
2026-01-11,buy,AED,1200000,100158.561,40.947,WSL030330
2026-01-11,buy,EGP,1500000,10234.745,890.725,WSL030330
2026-01-11,buy,EUR,50000,17830.152,-3.064,WSL030330
2026-01-11,buy,GBP,50000,20556.756,-15.318,WSL030330
2026-01-11,buy,SAR,300000,24508.8,0,WSL030330
2026-01-11,buy,SAR,2000000,163304.904,87.096,WSL030330
2026-01-11,buy,USD,500000,153180,0,WSL030330
2026-01-10,sell,USD,10000,3080,9.4,WSL010420
2026-01-10,sell,EUR,20000,7183,35.871,WSL010420
2026-01-10,sell,TRY,500000,3600,-311.59,WSL010420
2026-01-10,sell,MYR,10500,802.2,2.168,WSL030330
2026-01-10,sell,USD,20000,6158,16.8,WSL010420
2026-01-10,sell,BDT,800000,2072,-82.824,WSL030330
2026-01-10,sell,MAD,15000,551.25,-39.25,WSL010420
2026-01-10,sell,USD,30000,9240,28.2,WSL010420
2026-01-10,sell,JOD,10000,4350,6.636,WSL010420
2026-01-10,sell,MYR,20000,1528,4.129,WSL010420
2026-01-10,sell,TRY,400000,2880,-249.272,WSL010420
2026-01-10,sell,USD,100000,30790,84,WSL010420
2026-01-10,sell,EUR,50000,17940,72.178,WSL030330
2026-01-10,sell,SAR,150000,12315,32.6,WSL030330
2026-01-10,sell,USD,100000,30795,89,WSL030330
2026-01-10,buy,EUR,100000,35769.419,-33.776,WSL030330
2026-01-10,sell,EGP,150000,1032,-83.088,WSL010420
2026-01-10,sell,EUR,10000,3588.5,14.936,WSL010420
2026-01-10,sell,INR,250000,852.5,-34.902,WSL010420
2026-01-10,sell,RUB,300000,1164,-80.838,WSL010420
2026-01-10,sell,TRY,400000,2880,-249.272,WSL010420
2026-01-10,sell,PKR,1500000,1620,-222.36,WSL030330
2026-01-10,buy,CZK,200000,3030.54,-87.66,WSL030330
2026-01-10,buy,CZK,200000,3038.025,-95.145,WSL030330
2026-01-10,sell,EUR,20000,7175,27.871,WSL010420
2026-01-10,sell,LKR,500000,535,-33.63,WSL010420
2026-01-10,sell,EUR,10000,3587.5,13.936,WSL030330
2026-01-10,sell,JOD,10000,4354,10.636,WSL030330
2026-01-10,sell,USD,50000,15400,47,WSL030330
2026-01-10,sell,AZN,10000,1829,-66.432,WSL030330
2026-01-10,sell,JOD,10000,4354,10.636,WSL030330
2026-01-10,sell,SAR,100000,8210,21.733,WSL030330
2026-01-10,sell,USD,20000,6160,18.8,WSL030330
2026-01-10,sell,THB,100000,987,-11.559,WSL010420
2026-01-10,sell,TRY,200000,1442,-122.636,WSL010420
2026-01-10,sell,USD,20000,6160,18.8,WSL010420
2026-01-10,sell,CNY,30000,1335,1.888,WSL030330
2026-01-10,sell,EUR,10000,3587.5,13.936,WSL030330
2026-01-10,sell,GBP,10000,4140,22.325,WSL030330
2026-01-10,sell,JOD,10000,4355,11.636,WSL030330
2026-01-10,sell,USD,28762,8861.5,29.84,WSL030330
2026-01-10,sell,EGP,200000,1380,-106.784,WSL010420
2026-01-10,sell,USD,30766,9479.002,31.994,WSL030330
2026-01-10,sell,USD,10094,3110.002,10.538,WSL030330
2026-01-10,sell,EGP,100000,690,-53.392,WSL030330
2026-01-10,sell,TRY,100000,721.5,-60.818,WSL030330
2026-01-10,sell,USD,4880,1503.528,5.075,WSL030330
2026-01-10,sell,EGP,300000,2070,-160.176,WSL030330
2026-01-10,sell,TRY,300000,2160,-186.954,WSL030330
2026-01-10,sell,USD,35000,10780,32.9,WSL030330
2026-01-10,sell,TRY,60000,432,-37.391,WSL030330
2026-01-10,sell,USD,100000,30790,84,WSL030330
2026-01-10,buy,AED,500000,41845.19,-29.69,WSL030330
2026-01-10,buy,EUR,50000,17890.851,-23.029,WSL030330
2026-01-10,buy,EUR,50000,17926.163,-58.341,WSL030330
2026-01-10,buy,GEL,50000,5771.805,202.125,WSL030330
2026-01-10,buy,INR,4000000,13549.256,649.184,WSL030330
2026-01-10,buy,MYR,50000,3800.248,9.43,WSL030330
2026-01-10,buy,USD,1500000,460590,0,WSL030330
2026-01-08,sell,TRY,200000,1446,-118.636,WSL010420
2026-01-08,sell,TRY,260000,1878.5,-155.527,WSL010420
2026-01-08,sell,INR,300000,1023,-41.883,WSL010420
2026-01-08,sell,SAR,36000,2952,4.224,WSL030330
2026-01-08,sell,SAR,100000,8202.5,14.233,WSL030330
2026-01-08,sell,THB,700000,6895,-94.913,WSL010420
2026-01-08,sell,TRY,400000,2890,-239.272,WSL010420
2026-01-08,sell,JPY,1000000,1980,21.87,WSL010420
2026-01-08,sell,SAR,100000,8203,21.133,WSL010420
2026-01-08,sell,TRY,500000,3615,-293.535,WSL010420
2026-01-08,sell,USD,70000,21535.5,58.1,WSL010420
2026-01-08,sell,USD,9700,2984.69,8.536,WSL010420
2026-01-08,sell,THB,200000,1973,-22.558,WSL030330
2026-01-08,sell,USD,30000,9229.5,24.9,WSL030330
2026-01-08,sell,USD,25000,7692.5,22,WSL030330
2026-01-08,sell,EUR,10000,3600,18.183,WSL030330
2026-01-08,sell,JOD,10000,4350,10.031,WSL030330
2026-01-08,sell,SAR,150000,12303.75,30.95,WSL030330
2026-01-08,sell,THB,200000,1972,-23.558,WSL030330
2026-01-08,sell,USD,20000,6154,17.6,WSL030330
2026-01-08,sell,THB,200000,1972,-23.558,WSL030330
2026-01-08,sell,AED,300000,25080,-1.2,WSL030330
2026-01-08,sell,VND,230000000,2656.5,-29.9,WSL030330
2026-01-08,sell,SAR,500000,41025,115.665,WSL030330
2026-01-08,buy,CHF,10010,3723.7,127.903,WSL010420
2026-01-08,sell,EUR,20000,7198,31.298,WSL030330
2026-01-08,sell,THB,200000,1972,-23.558,WSL030330
2026-01-08,sell,USD,100000,30770,88,WSL030330
2026-01-08,sell,USD,50000,15385,44,WSL030330
2026-01-08,sell,THB,500000,4930,-58.895,WSL010420
2026-01-08,sell,USD,20000,6154,17.6,WSL010420
2026-01-08,sell,RUB,200000,780,-49.244,WSL010420
2026-01-08,sell,AED,200000,16726,5.2,WSL010420
2026-01-08,sell,AED,100000,8362,1.6,WSL010420
2026-01-08,sell,BDT,100000,263,-6.142,WSL010420
2026-01-08,sell,THB,200000,1972,-23.558,WSL010420
2026-01-08,sell,SAR,98000,8038.5,20.27,WSL030330
2026-01-08,sell,EUR,30000,10797,46.948,WSL030330
2026-01-08,sell,USD,100000,30765,83,WSL030330
2026-01-08,sell,USD,9700,2983.72,7.566,WSL030330
2026-01-08,sell,USD,200000,61540,176,WSL010420
2026-01-08,sell,INR,300000,1023,-41.052,WSL030330
2026-01-08,sell,EUR,50000,18000,77.11,WSL030330
2026-01-08,sell,USD,200000,61620,256,WSL030330
2026-01-08,buy,BHD,17540,14261.621,8.698,WSL030330
2026-01-08,buy,CNY,200000,8848.45,32.014,WSL030330
2026-01-08,buy,CNY,300000,13291.841,28.855,WSL030330
2026-01-08,buy,INR,5000000,16932.67,801.53,WSL030330
2026-01-08,buy,KWD,2778,2770.055,7.945,WSL030330
2026-01-08,buy,LKR,1000000,1050.753,85.617,WSL030330
2026-01-08,buy,RUB,2000000,7651.372,641.068,WSL030330
2026-01-08,buy,THB,4000000,39462.38,448.78,WSL030330
2026-01-08,buy,AED,300000,25077.237,3.963,WSL030330
2026-01-08,buy,EGP,2000000,13727.964,1128.256,WSL030330
2026-01-08,buy,EUR,100000,35897.94,-52.159,WSL030330
2026-01-08,buy,JPY,1000000,1969.25,-10.99,WSL030330
2026-01-08,buy,MAD,30000,1082.894,97.183,WSL030330
2026-01-08,buy,QAR,200000,16816.662,-13.814,WSL030330
2026-01-08,buy,SAR,500000,40909.334,0.001,WSL030330
2026-01-08,buy,USD,558434,171338.72,0,WSL030330
2026-01-08,buy,AZN,70000,12738.671,518.983,WSL030330
2026-01-08,buy,BDT,4000000,10142.808,622.872,WSL030330
2026-01-08,buy,EGP,4000000,27333.632,2378.808,WSL030330
2026-01-08,buy,JPY,2000000,3941.168,-24.648,WSL030330
2026-01-08,buy,KWD,30000,29914.202,85.798,WSL030330
2026-01-08,buy,MAD,200000,7270.616,596.564,WSL030330
2026-01-08,buy,TRY,10000000,71770.76,6399.94,WSL030330
2026-01-08,buy,USD,250000,77025,-320,WSL030330
2026-01-07,sell,SAR,200000,16394,30.266,WSL030330
2026-01-07,sell,AED,35000,2926,-0.14,WSL010420
2026-01-07,sell,INR,200000,683,-26.368,WSL010420
2026-01-07,sell,USD,9700,2983.25,7.096,WSL010420
2026-01-07,sell,USD,48750,14990.625,48.75,WSL030330
2026-01-07,sell,EUR,15000,5400,28.281,WSL030330
2026-01-07,sell,JOD,10000,4350,14.558,WSL030330
2026-01-07,sell,SAR,100000,8200,26.667,WSL030330
2026-01-07,sell,THB,200000,1978,-15.476,WSL030330
2026-01-07,sell,TRY,200000,1450,-111.784,WSL030330
2026-01-07,sell,USD,20000,6150,20,WSL030330
2026-01-07,sell,EGP,400000,2756,-212.144,WSL010420
2026-01-07,sell,JOD,10000,4350,14.558,WSL010420
2026-01-07,sell,TRY,400000,2900,-223.568,WSL010420
2026-01-07,sell,SAR,95000,7794.75,30.084,WSL030330
2026-01-07,sell,USD,20000,6159,29,WSL030330
2026-01-07,sell,AED,60000,5016,3.735,WSL010420
2026-01-07,sell,RUB,500000,1960,-110.945,WSL010420
2026-01-07,sell,AZN,10000,1829,-62.975,WSL030330
2026-01-07,sell,EUR,50000,18000,94.27,WSL030330
2026-01-07,sell,JOD,5000,2175,7.279,WSL030330
2026-01-07,sell,USD,100000,30750,100,WSL030330
2026-01-07,sell,AUD,2500,520,3.471,WSL010420
2026-01-07,sell,USD,100000,30750,100,WSL010420
2026-01-07,sell,VND,70000000,812,-4.9,WSL010420
2026-01-07,sell,USD,10000,3075,10,WSL030330
2026-01-07,sell,JOD,5000,2174.5,6.779,WSL010420
2026-01-07,sell,JPY,1000000,1985,26.91,WSL010420
2026-01-07,sell,AED,100000,8360,6.225,WSL010420
2026-01-07,sell,AED,100000,8360,6.225,WSL030330
2026-01-07,sell,SAR,300000,24591,71.001,WSL030330
2026-01-07,sell,USD,30000,9225,30,WSL030330
2026-01-07,sell,USD,4000,1230.3,4.3,WSL030330
2026-01-07,sell,EUR,10000,3602,18.402,WSL030330
2026-01-07,sell,THB,300000,2970,-20.214,WSL030330
2026-01-07,sell,USD,78680,24200.001,84.581,WSL030330
2026-01-07,sell,EUR,10000,3600,16.402,WSL030330
2026-01-07,sell,USD,120000,36900,120,WSL030330
2026-01-07,sell,BDT,100000,260,-8.862,WSL030330
2026-01-07,sell,EGP,140000,964.6,-74.25,WSL030330
2026-01-07,sell,INR,200000,682,-26.628,WSL030330
2026-01-07,sell,SAR,40000,3280,10.667,WSL030330
2026-01-07,sell,USD,160000,49200,160,WSL030330
2026-01-07,sell,EUR,5000,1800,8.201,WSL030330
2026-01-07,sell,AED,35000,2925.65,1.829,WSL010420
2026-01-07,buy,AED,300000,25051.083,10.242,WSL030330
2026-01-07,buy,CAD,30000,6687.273,-31.464,WSL030330
2026-01-07,buy,CHF,20000,7759.494,-47.832,WSL030330
2026-01-07,buy,EGP,2000000,13683.036,1157.684,WSL030330
2026-01-07,buy,EUR,50000,17930.25,-6.13,WSL030330
2026-01-07,buy,KWD,73000,72715.307,284.693,WSL030330
2026-01-07,buy,LKR,2000000,2113.793,156.587,WSL030330
2026-01-07,buy,PKR,1000000,1106.498,119.502,WSL030330
2026-01-07,buy,SAR,300000,24520,-0.001,WSL030330
2026-01-07,buy,SAR,1000000,81689.765,43.565,WSL030330
2026-01-07,buy,USD,500000,153250,0,WSL030330
2026-01-06,buy,SAR,150000,12277.5,-1.9,WSL030330
2026-01-06,sell,THB,260000,2571.4,-23.416,WSL030330
2026-01-06,sell,PKR,500000,565,-48.5,WSL010420
2026-01-06,sell,CNY,150000,6675,54.496,WSL030330
2026-01-06,sell,EUR,100000,36150,171.292,WSL030330
2026-01-06,sell,TRY,2000000,14496,-1134.58,WSL030330
2026-01-06,sell,VND,300000000,3465,-36,WSL030330
2026-01-06,sell,EGP,200000,1377,-108.284,WSL010420
2026-01-06,sell,USD,30000,9228,25.5,WSL030330
2026-01-06,sell,AED,700000,58548,23.877,WSL030330
2026-01-06,sell,BHD,20000,16298,29.969,WSL030330
2026-01-06,sell,CAD,30000,6724.5,38.58,WSL030330
2026-01-06,sell,EGP,600000,4134,-321.852,WSL030330
2026-01-06,sell,EUR,50000,18000,10.646,WSL030330
2026-01-06,sell,INR,5000000,17075,-655.15,WSL030330
2026-01-06,sell,JOD,30000,13050,33.064,WSL030330
2026-01-06,sell,SAR,800000,65600,160,WSL030330
2026-01-06,sell,THB,1000000,9870,-105.51,WSL030330
2026-01-06,sell,TRY,600000,4350,-339.174,WSL030330
2026-01-06,sell,USD,700000,215705,980,WSL030330
2026-01-06,buy,EUR,100000,36043.125,-64.417,WSL030330
2026-01-06,buy,JOD,100000,43359.113,30.675,WSL030330
2026-01-06,buy,KWD,55000,54830.192,169.808,WSL030330
2026-01-06,buy,QAR,200000,16808.219,-9.205,WSL030330
2026-01-06,buy,SAR,220000,17993.601,2.399,WSL030330
2026-01-06,buy,SAR,500000,40883.647,16.353,WSL030330
2026-01-06,buy,USD,1000000,307179.45,-429.45,WSL030330
2026-01-06,sell,EUR,25000,9030,35.323,WSL010420
2026-01-06,sell,THB,500000,4942.5,-45.255,WSL010420
2026-01-06,sell,USD,70000,21530.6,58.1,WSL010420
2026-01-06,sell,JPY,1000000,1985,22.8,WSL030330
2026-01-06,sell,JPY,1000000,1985,22.8,WSL010420
2026-01-06,sell,RUB,500000,1957.5,-115.135,WSL010420
2026-01-06,sell,USD,10000,3076.5,9,WSL010420
2026-01-06,sell,BAM,15000,2847,-65.184,WSL030330
2026-01-06,sell,BDT,600000,1560,-54.486,WSL030330
2026-01-06,sell,USD,500000,154000,625,WSL030330
2026-01-06,sell,EGP,400000,2754,-216.568,WSL030330
2026-01-06,sell,EUR,30000,10836,42.388,WSL030330
2026-01-06,sell,EGP,100000,688,-54.642,WSL010420
2026-01-06,sell,PHP,100000,539,-28.794,WSL010420
2026-01-06,sell,THB,100000,990,-7.551,WSL010420
2026-01-06,sell,USD,20000,6152,17,WSL010420
2026-01-06,sell,EGP,200000,1378,-107.284,WSL030330
2026-01-06,sell,JOD,10000,4348.5,9.521,WSL030330
2026-01-06,sell,CNY,10000,446,4.633,WSL030330
2026-01-06,sell,INR,100000,342.5,-12.103,WSL030330
2026-01-06,sell,PKR,100000,110,-12.7,WSL030330
2026-01-06,sell,THB,100000,990,-7.551,WSL030330
2026-01-06,sell,USD,5000,1538,4.25,WSL030330
2026-01-06,sell,BDT,100000,260,-9.081,WSL030330
2026-01-06,sell,EUR,10000,3612,14.129,WSL030330
2026-01-06,sell,PHP,100000,539,-28.794,WSL030330
2026-01-06,sell,USD,9700,2984.205,8.73,WSL030330
2026-01-06,sell,USD,19487,5995,17.363,WSL030330
2026-01-06,sell,USD,6770,2081,4.302,WSL030330
2026-01-06,sell,AED,200000,16712,-9.178,WSL010420
2026-01-06,sell,EGP,300000,2070,-157.926,WSL010420
2026-01-06,sell,RUB,1000000,3945,-200.27,WSL010420
2026-01-06,sell,AZN,10000,1828.5,-65.018,WSL010420
2026-01-06,sell,GEL,10000,1160,-33.58,WSL010420
2026-01-06,sell,USD,10000,3076,8.5,WSL010420
2026-01-06,sell,AED,50000,4178,-2.294,WSL030330
2026-01-06,sell,EGP,60000,413.4,-32.185,WSL030330
2026-01-06,sell,INR,200000,686,-23.206,WSL030330
2026-01-06,sell,PHP,200000,1084,-51.588,WSL030330
2026-01-06,sell,USD,100000,30760,85,WSL030330
2026-01-06,sell,USD,300000,92400,375,WSL030330
2026-01-06,buy,AED,500000,41780,22.945,WSL030330
2026-01-06,buy,SAR,100000,8197,-17,WSL030330
2026-01-06,buy,USD,500000,153940.912,-565.912,WSL030330
2026-01-06,buy,AED,850000,71006.945,58.061,WSL030330
2026-01-06,buy,QAR,87950,7371.219,16.147,WSL030330
2026-01-06,buy,RUB,2000000,7756.006,534.534,WSL030330
2026-01-06,buy,THB,4000000,39163.74,738.3,WSL030330
2026-01-06,buy,BHD,3600,2923.2,5.046,WSL010420
2026-01-06,buy,BDT,1200000,3029.629,199.343,WSL030330
2026-01-06,buy,BHD,16255,13208.533,13.31,WSL030330
2026-01-06,buy,INR,5000000,16938.152,791.998,WSL030330
2026-01-06,buy,INR,7000000,23713.413,1108.797,WSL030330
2026-01-06,buy,QAR,151500,12725.253,0,WSL030330
2026-01-06,buy,VND,600000000,6847.2,154.8,WSL030330
2026-01-06,buy,EUR,50000,17937.206,64.418,WSL030330
2026-01-06,buy,EUR,50000,17944.875,56.749,WSL030330
2026-01-06,buy,EUR,50000,18015.428,-13.804,WSL030330
2026-01-06,buy,GEL,100000,11531.955,403.843,WSL030330
2026-01-06,buy,JPY,1000000,1966.094,-3.644,WSL030330
2026-01-06,buy,JPY,1000000,1973.684,-11.234,WSL030330
2026-01-06,buy,KWD,55780.5,55608.282,172.218,WSL030330
2026-01-06,buy,USD,1000000,306811.35,-61.35,WSL030330
2026-01-05,sell,JOD,3000,1305.45,1.38,WSL010420
2026-01-05,buy,CAD,30000,6712.5,-32.332,WSL010420
2026-01-05,sell,EUR,20000,7200,24.312,WSL010420
2026-01-05,sell,TRY,400000,2900,-231.82,WSL010420
2026-01-05,sell,USD,50000,15380,14.5,WSL010420
2026-01-05,sell,JPY,888000,1756.451,16.069,WSL010420
2026-01-05,sell,BHD,2000,1629.8,-0.079,WSL030330
2026-01-05,sell,EUR,10000,3600,5.776,WSL030330
2026-01-05,sell,USD,30000,9231,11.1,WSL030330
2026-01-05,sell,NPR,200000,464,-39.818,WSL030330
2026-01-05,sell,PHP,50000,269.5,-14.934,WSL030330
2026-01-05,sell,EGP,400000,2752,-224.184,WSL010420
2026-01-05,sell,AZN,10000,1830,-67.099,WSL030330
2026-01-05,sell,EGP,100000,689,-55.046,WSL030330
2026-01-05,sell,USD,30000,9229.5,9.6,WSL030330
2026-01-05,sell,THB,1000000,9865,-129.37,WSL030330
2026-01-05,sell,USD,50000,15380,13.5,WSL030330
2026-01-05,sell,BAM,10000,1897,-48.127,WSL010420
2026-01-05,sell,CNY,40000,1780,11.194,WSL010420
2026-01-05,sell,EUR,10000,3600,7.005,WSL010420
2026-01-05,sell,GBP,10000,4145,16.943,WSL010420
2026-01-05,sell,JOD,10000,4348,0.817,WSL030330
2026-01-05,sell,CNY,30000,1332,5.396,WSL030330
2026-01-05,sell,EGP,200000,1378,-110.092,WSL030330
2026-01-05,sell,THB,200000,1976,-22.874,WSL030330
2026-01-05,sell,TRY,200000,1450,-116.012,WSL030330
2026-01-05,sell,INR,100000,343.5,-11.773,WSL030330
2026-01-05,sell,USD,12400,3814.86,3.968,WSL030330
2026-01-05,sell,USD,10000,3076.9,3.6,WSL030330
2026-01-05,sell,USD,30493,9382.602,11.188,WSL030330
2026-01-05,sell,USD,26040,8010.998,8.125,WSL030330
2026-01-05,sell,THB,50000,494,-5.718,WSL030330
2026-01-05,sell,USD,10000,3076,2.7,WSL030330
2026-01-05,buy,AED,500,41.407,0.415,WSL030330
2026-01-05,buy,EUR,50,16.25,1.71,WSL030330
2026-01-05,buy,SAR,100,7.95,0.245,WSL030330
2026-01-05,buy,USD,10,3.02,0.053,WSL030330
2026-01-05,buy,USD,125,37.75,0.666,WSL030330
2026-01-05,buy,USD,200,60.4,1.066,WSL030330
2026-01-05,buy,AED,300,24.844,0.25,WSL030330
2026-01-05,buy,GBP,20,7.7,0.556,WSL030330
2026-01-05,buy,SAR,100,7.95,0.245,WSL030330
2026-01-05,buy,USD,100,30.2,0.533,WSL030330
2026-01-04,sell,EGP,700000,4823,-393.12,WSL010420
2026-01-04,sell,EUR,20000,7230,14.171,WSL010420
2026-01-04,sell,INR,500000,1715,-64.025,WSL010420
2026-01-04,sell,KRW,5000000,1070,5,WSL010420
2026-01-04,sell,SGD,8635,2068.083,2.033,WSL010420
2026-01-04,sell,THB,600000,5925,-80.598,WSL010420
2026-01-04,sell,TRY,700000,5075,-414.246,WSL010420
2026-01-04,sell,USD,70000,21556.5,11.2,WSL010420
2026-01-04,buy,IQD,10000000,2220,102.9,WSL010420
2026-01-04,sell,EGP,200000,1380,-110.32,WSL010420
2026-01-04,sell,EUR,10000,3615,7.086,WSL030330
2026-01-04,sell,PHP,100000,543,-26.719,WSL030330
2026-01-04,sell,THB,200000,1978,-23.866,WSL030330
2026-01-04,sell,USD,30000,9237,3.3,WSL030330
2026-01-04,sell,EGP,100000,690,-55.16,WSL030330
2026-01-04,sell,IQD,7500000,1668.75,-73.425,WSL030330
2026-01-04,sell,USD,30000,9240,6.3,WSL030330
2026-01-04,sell,INR,200000,686,-25.61,WSL030330
2026-01-04,sell,LKR,200000,216,-11.992,WSL030330
2026-01-04,sell,PKR,200000,220,-26.232,WSL030330
2026-01-04,sell,TRY,200000,1450,-118.356,WSL030330
2026-01-04,sell,BDT,300000,780,-29.979,WSL010420
2026-01-04,sell,SAR,50000,4105,1.134,WSL010420
2026-01-04,sell,TRY,100000,725,-59.178,WSL010420
2026-01-04,sell,INR,300000,1030.5,-36.915,WSL010420
2026-01-04,sell,RUB,230925,916.772,-43.719,WSL010420
2026-01-04,buy,AUD,11000,2244,21.704,WSL010420
2026-01-04,sell,EUR,5000,1807.5,3.543,WSL030330
2026-01-04,sell,GEL,10000,1161.1,-36.526,WSL030330
2026-01-04,sell,USD,30000,9246,12.3,WSL030330
2026-01-04,sell,EGP,20000,138,-11.032,WSL030330
2026-01-04,sell,INR,100000,342.5,-13.305,WSL030330
2026-01-04,sell,JOD,20000,8706,-1.379,WSL030330
2026-01-04,sell,SAR,60000,4926,1.36,WSL030330
2026-01-04,sell,USD,100000,30790,11,WSL030330
2026-01-04,sell,EUR,10000,3615,7.086,WSL010420
2026-01-04,sell,EUR,5000,1807.5,3.543,WSL030330
2026-01-04,sell,USD,70000,21553,7.7,WSL030330
2026-01-04,sell,USD,10000,3079,1.1,WSL030330
2026-01-03,sell,INR,500000,1715,-64.025,WSL010420
2026-01-03,sell,BDT,500000,1300,-49.965,WSL010420
2026-01-03,sell,EUR,10000,3614,6.086,WSL010420
2026-01-03,sell,JOD,10000,4352.5,-1.19,WSL010420
2026-01-03,sell,RUB,1000000,3970,-189.32,WSL010420
2026-01-03,sell,THB,200000,1980,-21.866,WSL010420
2026-01-03,sell,USD,10000,3081.5,3.6,WSL010420
2026-01-03,sell,AZN,10000,1830,-69.938,WSL030330
2026-01-03,sell,JOD,10000,4352.5,-1.19,WSL030330
2026-01-03,sell,TRY,200000,1452,-116.356,WSL030330
2026-01-03,sell,USD,36000,11095.2,14.76,WSL030330
2026-01-03,sell,USD,30000,9246,12.3,WSL030330
2026-01-03,sell,BDT,420000,1087.8,-46.171,WSL030330
2026-01-03,sell,THB,15000,148.5,-1.64,WSL030330
2026-01-03,sell,EGP,100000,690,-55.16,WSL030330
2026-01-03,sell,USD,12350,3806.27,5.064,WSL030330
2026-01-03,sell,INR,500000,1715,-64.025,WSL030330
2026-01-03,sell,THB,500000,4950,-54.665,WSL030330
2026-01-03,sell,USD,112239,34591.998,45.956,WSL030330
2026-01-03,sell,INR,100000,343,-12.805,WSL030330
2026-01-03,sell,USD,14108,4348.001,5.7,WSL030330
2026-01-03,sell,BDT,100000,259,-10.993,WSL030330
2026-01-03,sell,EUR,5000,1807.5,3.543,WSL030330
2026-01-03,sell,INR,200000,685,-26.61,WSL030330
2026-01-03,sell,NPR,100000,232,-20.286,WSL030330
2026-01-03,sell,USD,30000,9244.5,10.8,WSL030330
2026-01-03,sell,CNY,34000,1509.6,3.865,WSL030330
2026-01-03,sell,THB,25000,247.5,-2.733,WSL030330
2026-06-28,buy,USD,2000000,620806.371,-1146.371,WSL030330
2026-06-28,buy,TRY,2000000,13618.901,893.039,WSL030330
2026-06-28,buy,KWD,150000,149748.671,251.329,WSL030330
2026-06-22,buy,GBP,50000,20490.015,-72.627,WSL030330
2026-06-22,buy,USD,2000000,619398.01,-1298.01,WSL030330
2026-06-22,buy,TRY,6000000,40843.612,2582.588,WSL030330
2026-06-22,buy,GBP,50000,20520.92,-103.532,WSL030330
2026-06-22,buy,CNY,200000,9211.624,27.538,WSL030330
2026-06-22,buy,KWD,65000,64696.457,303.543,WSL030330
2026-06-22,buy,KWD,150000,149854.534,145.466,WSL030330
2026-06-22,buy,USD,500000,154849.503,-324.503,WSL030330
2026-06-15,buy,JPY,2000000,3872.301,-7.261,WSL030330
2026-06-15,buy,USD,10000,3099.495,-6.495,WSL030330
2026-06-15,buy,EUR,100000,35786.01,148.464,WSL030330
2026-06-15,buy,GBP,50000,20743.204,68.046,WSL030330
2026-06-15,buy,USD,1500000,464924.295,-974.295,WSL030330
2026-06-15,buy,USD,20000,6207.651,-21.651,WSL030330
2026-06-15,buy,INR,3000000,10042.208,383.662,WSL030330
2026-06-15,buy,INR,3000000,10042.208,383.662,WSL030330
2026-06-15,buy,PHP,1000000,5142.145,332.155,WSL030330
2026-06-15,buy,EUR,200000,71572.02,296.928,WSL030330
2026-06-15,buy,KWD,35000,34864.734,135.266,WSL030330
2026-06-15,buy,KWD,225000,224274.895,725.105,WSL030330
2026-06-08,buy,EUR,200000,71657.908,-210.868,WSL030330
2026-06-08,buy,EUR,100000,35819.651,-96.131,WSL030330
2026-06-08,buy,GBP,50000,20753.442,-85.277,WSL030330
2026-06-07,buy,AED,300000,25348.774,6.908,WSL030330
2026-06-07,buy,INR,5000000,16816.703,604.697,WSL030330
2026-06-07,buy,PHP,2000000,10319.467,755.453,WSL030330
2026-06-07,buy,SAR,500000,41346.667,55.203,WSL030330
2026-06-07,buy,THB,4500000,43229.554,789.896,WSL030330
2026-06-07,buy,USD,2000000,621502.42,-1302.42,WSL030330
2026-06-07,buy,JPY,2000000,3894.506,-23.346,WSL030330
2026-06-07,buy,PHP,2000000,10319.467,755.453,WSL030330
2026-06-07,buy,SAR,500000,41346.667,55.203,WSL030330
2026-06-07,buy,USD,2000000,621502.42,-1302.42,WSL030330
2026-06-07,buy,KWD,89150,89178.758,-28.758,WSL030330
2026-06-07,buy,KWD,10850,10853.5,-3.5,WSL030330
2026-06-01,buy,KWD,50000,49911.433,88.567,WSL030330
2026-06-01,buy,KWD,20000,19983.882,16.118,WSL030330
2026-06-01,buy,EUR,150000,54331.136,-158.075,WSL030330
2026-06-01,buy,GBP,50000,20960.369,-92.985,WSL030330
2026-06-01,buy,INR,3000000,10118.063,329.737,WSL030330
2026-06-01,buy,JPY,1000000,1952.441,-8.811,WSL030330
2026-06-01,buy,PHP,1000000,5152.951,381.829,WSL030330
2026-06-01,buy,USD,500000,155300.448,-325.448,WSL030330
2026-06-01,buy,USD,1000000,310507.91,-557.91,WSL030330
2026-05-25,buy,EUR,150000,54328.077,-223.056,WSL030330
2026-05-25,buy,GBP,50000,21004.44,-108.43,WSL030330
2026-05-25,buy,PHP,2500000,12886.855,943.395,WSL030330
2026-05-25,buy,THB,3000000,28773.994,543.926,WSL030330
2026-05-25,buy,USD,200000,62034.352,-74.352,WSL030330
2026-05-25,buy,USD,1000000,310450.58,-650.58,WSL030330
2026-05-25,buy,EUR,100000,36107.19,-37.176,WSL030330
2026-05-25,buy,SAR,1500000,123920,331.33,WSL030330
2026-05-25,buy,CNY,200000,9213.383,34.379,WSL030330
2026-05-25,buy,JOD,50000,21933.84,-15.49,WSL030330
2026-05-25,buy,KWD,230000,229703.417,296.583,WSL030330
2026-05-25,buy,AED,100000,8441.417,2.301,WSL030330
2026-05-25,buy,USD,300000,93088.704,-148.704,WSL030330
2026-05-23,buy,EUR,50000,18028.432,-48.034,WSL030330
2026-05-23,buy,GBP,50000,20902.755,-71.277,WSL030330
2026-05-23,buy,GBP,50000,20840.775,-9.297,WSL030330
2026-05-23,buy,EUR,100000,36016.578,-55.782,WSL030330
2026-05-23,buy,INR,2000000,6773.77,190.31,WSL030330
2026-05-23,buy,KWD,100000,100048.426,-48.426,WSL030330
2026-05-23,buy,KWD,40000,40064.641,-64.641,WSL030330
2026-05-23,buy,EUR,50000,17997.443,-17.044,WSL030330
2026-05-23,buy,EUR,100000,36004.182,-43.386,WSL030330
2026-05-23,buy,EUR,100000,36010.38,-49.584,WSL030330
2026-05-23,buy,USD,1000000,310488.81,-588.81,WSL030330
2026-05-23,buy,EUR,100000,36072.36,-111.564,WSL030330
2026-05-23,buy,CHF,20000,7880.483,16.064,WSL030330
2026-05-23,buy,CAD,20000,4514.202,-28.099,WSL030330
2026-05-23,buy,BDT,1500000,3922.785,154.875,WSL030330
2026-05-23,buy,AED,200000,16888.283,4.603,WSL030330
2026-05-23,buy,SAR,1000000,82640,220.96,WSL030330
2026-05-23,buy,USD,1000000,310488.81,-588.81,WSL030330
2026-05-23,buy,THB,4000000,38377.709,725.491,WSL030330
2026-05-23,buy,USD,2000000,620977.62,-1177.62,WSL030330
2026-05-18,buy,EUR,100000,36074.225,-55.737,WSL030330
2026-05-18,buy,KWD,60000,60048.481,-48.481,WSL030330
2026-05-18,buy,PHP,1000000,5163.415,446.205,WSL030330
2026-05-18,buy,CAD,10000,2264.351,-12.678,WSL030330
2026-05-18,buy,CAD,20000,4512.204,-8.859,WSL030330
2026-05-18,buy,CNY,100000,4604.461,17.181,WSL030330
2026-05-18,buy,INR,1000000,3384.153,95.077,WSL030330
2026-05-18,buy,JPY,2000000,3915.903,-19.963,WSL030330
2026-05-18,buy,USD,300000,92987.895,-92.895,WSL030330
2026-05-18,buy,USD,300000,93071.5,-176.5,WSL030330
2026-05-18,buy,USD,700000,216971.755,-216.755,WSL030330
2026-05-17,buy,GBP,50000,20707.844,-85.154,WSL030330
2026-05-17,buy,EUR,50000,18037.112,-43.351,WSL030330
2026-05-17,buy,EUR,50000,18037.112,-43.351,WSL030330
2026-05-16,buy,GBP,50000,20677.75,-85.03,WSL030330
2026-05-16,buy,EUR,100000,36343.368,-408.144,WSL030330
2026-05-16,buy,EUR,50000,18150.04,-182.428,WSL030330
2026-05-16,buy,EUR,50000,18143.856,-176.244,WSL030330
2026-05-16,buy,AED,100000,8425.068,2.296,WSL030330
2026-05-16,buy,CNY,300000,13783.061,61.714,WSL030330
2026-05-16,buy,INR,4000000,13516.94,379.74,WSL030330
2026-05-16,buy,THB,10000000,96174.184,1984.416,WSL030330
2026-05-16,buy,USD,1000000,309787.48,-587.48,WSL030330
2026-05-16,buy,KWD,240000,239922.405,77.595,WSL030330
2026-05-16,buy,KWD,80000,79974.135,25.865,WSL030330
2026-05-16,buy,JPY,1000000,1968.173,-20.823,WSL030330
2026-05-16,buy,AED,200000,16850.136,4.592,WSL030330
2026-05-16,buy,USD,1000000,309787.48,-587.48,WSL030330
2026-05-16,buy,INR,1000000,3379.235,94.935,WSL030330
2026-05-16,buy,SAR,400000,33025.367,44.153,WSL030330
2026-05-11,buy,EUR,100000,36336.78,-52.394,WSL030330
2026-05-11,buy,GBP,50000,21030.027,-66.263,WSL030330
2026-05-11,buy,EUR,100000,36293.632,-9.246,WSL030330
2026-05-11,buy,EUR,100000,36392.256,-107.87,WSL030330
2026-05-11,buy,JPY,2000000,3951.282,-26.422,WSL030330
2026-05-11,buy,USD,500000,154392.79,-292.79,WSL030330
2026-05-11,buy,INR,2000000,6751.369,294.091,WSL030330
2026-05-11,buy,SAR,3000000,246560,659.26,WSL030330
2026-05-11,buy,THB,1000000,9601.246,276.564,WSL030330
2026-05-11,buy,USD,1500000,463178.37,-878.37,WSL030330
2026-05-11,buy,INR,1000000,3375.685,147.045,WSL030330
2026-05-09,buy,USD,1500000,464455.792,-880.792,WSL030330
2026-05-09,buy,EUR,100000,36443.176,-24.724,WSL030330
2026-05-09,buy,KWD,180000,180000,0,WSL030330
2026-05-09,buy,KWD,150000,150000,0,WSL030330
2026-05-09,buy,KWD,540000,538130.4,1869.6,WSL030330
2026-02-19,buy,KWD,100000,99983.708,16.292,WSL030330
2026-02-19,buy,KWD,190000,189938.03,61.97,WSL030330
2026-02-17,buy,KWD,100000,99853.563,146.437,WSL030330
2026-02-17,buy,USD,700000,215106.453,-311.453,WSL030330
2026-02-09,buy,KWD,175000,174926.047,73.953,WSL030330
2026-02-09,buy,USD,500000,153972.938,-222.938,WSL030330
2026-02-04,buy,KWD,150000,149936.399,63.601,WSL030330
2026-02-04,buy,USD,500000,153872.793,-222.793,WSL030330
2026-01-14,buy,KWD,25000,24890.511,109.489,WSL030330
2026-01-14,buy,USD,1000000,307345.005,-445.005,WSL030330
2026-01-11,buy,USD,1500000,460183.356,-643.356,WSL030330
2026-01-07,buy,KWD,20000,19927.183,72.817,WSL030330
2026-01-07,buy,KWD,61524,61300,224,WSL030330
2026-01-07,buy,KWD,198476,197753.378,722.622,WSL030330
2026-01-05,buy,KWD,40000,39951.901,48.099,WSL030330
2026-01-05,buy,KWD,50000,49834.604,165.396,WSL030330
2026-01-05,buy,KWD,100000,99750.081,249.919,WSL030330
2026-07-25,sell,TRY,600000,4020,-317.064,WSL030330
2026-07-25,sell,USD,30000,9337.5,34.5,WSL030330
2026-07-25,sell,USD,70000,21756,49,WSL030330
2026-07-25,sell,EGP,300000,2052,-189.093,WSL030330
2026-07-25,sell,EGP,70000,483,-39.922,WSL030330
2026-07-25,sell,INR,200000,642,-47.104,WSL030330
2026-07-25,sell,JOD,25000,10982.5,12.712,WSL030330
2026-07-25,sell,PHP,200000,1046,-41.83,WSL030330
2026-07-25,sell,SAR,170000,14072.6,14.734,WSL030330
2026-07-25,sell,USD,200000,62220,200,WSL030330
2026-07-25,sell,EGP,100000,690,-57.031,WSL030330
2026-07-25,sell,JOD,10000,4393,5.085,WSL030330
2026-07-25,sell,SAR,111000,9185.25,6.29,WSL030330
2026-07-25,sell,THB,300000,2796,-78.627,WSL030330
2026-07-25,sell,TRY,100000,670,-52.844,WSL030330
2026-07-25,sell,USD,50000,15557.5,52.5,WSL030330
2026-07-25,sell,AZN,20000,3700,-63.35,WSL010420
2026-07-25,sell,IQD,5000000,1075,-48.55,WSL010420
2026-07-25,sell,JOD,25000,10985,15.212,WSL010420
2026-07-25,sell,EGP,40000,276,-22.812,WSL030330
2026-07-25,sell,EUR,15000,5313.75,24.529,WSL030330
2026-07-25,sell,JOD,10000,4392.5,4.585,WSL030330
2026-07-25,sell,USD,50000,15560,55,WSL030330
2026-07-25,sell,EUR,50000,17705,74.264,WSL010420
2026-07-25,sell,GBP,20000,8303,39.455,WSL010420
2026-07-25,sell,JOD,10000,4392.5,4.585,WSL010420
2026-07-25,sell,PKR,500000,600,-8.03,WSL010420
2026-07-25,sell,TRY,1000000,6700,-528.44,WSL010420
2026-07-25,sell,JOD,2200,965.8,0.459,WSL010420
2026-07-25,sell,GBP,50000,20850,191.138,WSL030330
2026-07-25,sell,USD,510000,158559,408,WSL030330
2026-07-23,sell,BDT,100000,273,-8.881,WSL030330
2026-07-23,sell,EGP,20000,139,-10.406,WSL030330
2026-07-23,sell,EUR,5000,1778.75,15.211,WSL030330
2026-07-23,sell,GEL,10000,1210,3.385,WSL030330
2026-07-23,sell,INR,600000,1938,-129.312,WSL030330
2026-07-23,sell,JOD,3000,1318.5,2.126,WSL030330
2026-07-23,sell,PHP,25000,131.25,-4.729,WSL030330
2026-07-23,sell,SAR,15000,1241.25,0.85,WSL030330
2026-07-23,sell,USD,60000,18645,39,WSL030330
2026-07-23,sell,THB,500000,4660,-138,WSL010420
2026-07-23,sell,USD,30000,9315,-1.5,WSL030330
2026-07-23,sell,EUR,40000,14220,45.256,WSL010420
2026-07-23,sell,SAR,250000,20700,-3.332,WSL010420
2026-07-23,sell,USD,50000,15537.5,10,WSL010420
2026-07-23,sell,USD,50000,15557.5,30,WSL010420
2026-07-23,sell,TRY,140000,938,-75.45,WSL010420
2026-07-23,sell,TRY,400000,2680,-215.572,WSL010420
2026-07-23,sell,USD,50000,15537.5,10,WSL010420
2026-07-23,sell,MYR,10000,767.5,-18.702,WSL010420
2026-07-23,sell,SAR,100000,8275,-6.333,WSL010420
2026-07-23,sell,EUR,10000,3555,9.451,WSL010420
2026-07-23,sell,JOD,20000,8786,-2.565,WSL010420
2026-07-23,sell,TRY,600000,4020,-323.358,WSL010420
2026-07-23,sell,USD,100000,31110,55,WSL010420
2026-07-23,sell,IDR,100000000,1765,-129,WSL010420
2026-07-23,sell,USD,100000,31110,55,WSL010420
2026-07-23,sell,EUR,10000,3557.5,11.951,WSL010420
2026-07-23,sell,USD,10000,3112,6.5,WSL010420
2026-07-23,sell,USD,120000,37290,24,WSL010420
2026-07-23,sell,USD,30000,9337.5,21,WSL010420
2026-07-23,sell,PLN,10000,849,29.65,WSL030330
2026-07-23,sell,EUR,30000,10657.5,12.467,WSL030330
2026-07-23,sell,THB,500000,4660,-138,WSL030330
2026-07-23,sell,SAR,74150,6136,-4.608,WSL030330
2026-07-23,sell,THB,200000,1864,-55.2,WSL030330
2026-07-23,sell,BAM,20000,3820,-37.764,WSL030330
2026-07-23,sell,EUR,50000,17775,33.278,WSL030330
2026-07-23,sell,INR,1000000,3230,-220.52,WSL030330
2026-07-23,sell,USD,60000,18675,42,WSL030330
2026-07-23,sell,USD,300000,93210,45,WSL030330
2026-07-23,sell,TRY,400000,2680,-215.572,WSL030330
2026-07-23,sell,USD,70000,21749,10.5,WSL030330
2026-07-23,sell,USD,30000,9334.5,18,WSL030330
2026-07-23,sell,EUR,15000,5323.5,-1.811,WSL030330
2026-07-23,sell,EUR,85000,30260,83.235,WSL030330
2026-07-23,buy,BHD,20000,16466.066,4.366,WSL030330
2026-07-23,buy,CAD,20000,4428.521,-12.595,WSL030330
2026-07-23,buy,EUR,200000,71153.216,-149.064,WSL030330
2026-07-23,buy,GBP,85000,35450.835,-108.226,WSL030330
2026-07-23,buy,JOD,250000,109779.425,77.637,WSL030330
2026-07-23,buy,JPY,2000000,3839.876,-32.016,WSL030330
2026-07-23,buy,KWD,40000,39942.122,57.878,WSL030330
2026-07-23,buy,OMR,20000,16124.091,8.377,WSL030330
2026-07-23,buy,SAR,1500000,124120.704,99.291,WSL030330
2026-07-23,buy,SYP,1000000,2545.492,-61.092,WSL030330
2026-07-22,sell,EUR,50000,17787.5,67.517,WSL010420
2026-07-22,sell,SYP,500000,1312.5,70.3,WSL010420
2026-07-22,sell,THB,200000,1864,-55.2,WSL010420
2026-07-22,sell,USD,100000,31125,70,WSL010420
2026-07-22,sell,EUR,90000,31972.5,76.531,WSL030330
2026-07-22,sell,INR,1000000,3230,-220.52,WSL030330
2026-07-22,sell,THB,1000000,9320,-276,WSL030330
2026-07-22,sell,USD,100000,31120,65,WSL030330
2026-07-22,sell,EUR,8000,2842,6.803,WSL030330
2026-07-22,sell,IQD,5000000,1075,-50.15,WSL030330
2026-07-22,sell,TRY,100000,670,-53.893,WSL030330
2026-07-22,sell,CHF,10000,3855,29.877,WSL010420
2026-07-22,sell,INR,500000,1615,-110.54,WSL010420
2026-07-22,sell,IQD,5000000,1075,-50.35,WSL010420
2026-07-22,sell,THB,400000,3728,-111.016,WSL010420
2026-07-22,sell,USD,70000,21756,14,WSL030330
2026-07-22,sell,INR,100000,324,-21.108,WSL030330
2026-07-22,sell,SAR,93000,7695.75,-7.13,WSL030330
2026-07-22,sell,SYP,200000,525,28.04,WSL030330
2026-07-22,sell,TRY,200000,1340,-108.018,WSL030330
2026-07-22,sell,USD,20000,6216,4,WSL030330
2026-07-22,sell,EUR,70000,24899,95.726,WSL030330
2026-07-22,sell,GBP,30000,12531,70.039,WSL030330
2026-07-22,buy,BHD,20000,16465.129,-10.909,WSL030330
2026-07-22,buy,EGP,2000000,13797.778,1159.702,WSL030330
2026-07-22,buy,EUR,200000,71006.124,-173.852,WSL030330
2026-07-22,buy,GBP,50000,20838.956,-60.538,WSL030330
2026-07-22,buy,INR,3000000,9601.545,746.685,WSL030330
2026-07-22,buy,KWD,94735,94506.686,228.314,WSL030330
2026-07-22,buy,OMR,10000,8061.542,2.094,WSL030330
2026-07-22,buy,THB,4000000,37179.64,1191.96,WSL030330
2026-07-22,buy,TRY,7000000,46784.715,3871.485,WSL030330
2026-07-22,buy,USD,600000,186419.016,-149.016,WSL030330
2026-07-21,sell,EUR,15000,5328.75,10.667,WSL030330
2026-07-21,sell,USD,30000,9337.5,25.5,WSL030330
2026-07-21,sell,USD,20000,6224,16,WSL030330
2026-07-21,sell,USD,8500,2639.25,0.85,WSL010420
2026-07-21,sell,USD,100000,31125,85,WSL010420
2026-07-21,sell,USD,410000,127428,164,WSL030330
2026-07-21,sell,USD,140000,43512,56,WSL030330
2026-07-21,sell,EUR,10000,3552.5,6.801,WSL030330
2026-07-21,sell,TRY,200000,1344,-103.086,WSL030330
2026-07-21,sell,USD,20000,6216,8,WSL030330
2026-07-21,sell,EUR,10000,3549,3.301,WSL010420
2026-07-21,sell,EUR,20000,7108,16.602,WSL010420
2026-07-21,sell,GBP,10000,4185,9.499,WSL010420
2026-07-21,buy,AED,310,25.844,0.382,WSL030330
2026-07-21,buy,BHD,100,81.223,1.035,WSL030330
2026-07-21,buy,OMR,12,9.555,0.12,WSL030330
2026-07-21,buy,SAR,100,7.95,0.327,WSL030330
2026-07-21,buy,USD,220,66.44,1.848,WSL030330
2026-07-21,sell,AED,500000,42085,-106.335,WSL030330
2026-07-21,sell,BDT,2000000,5460,-168.52,WSL030330
2026-07-21,sell,EUR,200000,71050,343.552,WSL030330
2026-07-21,sell,GBP,50000,20925,112.14,WSL030330
2026-07-21,sell,GEL,20000,2400,-9.339,WSL030330
2026-07-21,sell,INR,7000000,22575,-1504.79,WSL030330
2026-07-21,sell,JOD,100000,43875,66.6,WSL030330
2026-07-21,sell,PHP,2000000,10380,-480.76,WSL030330
2026-07-21,sell,SAR,1000000,82650,90,WSL030330
2026-07-21,sell,THB,1500000,14025,-324.96,WSL030330
2026-07-21,sell,TRY,1500000,10095,-730.17,WSL030330
2026-07-21,sell,USD,2000000,621500,2300,WSL030330
2026-07-20,sell,CNY,50000,2305,-8.902,WSL010420
2026-07-20,sell,GBP,5000,2092,7.154,WSL010420
2026-07-20,sell,JOD,10000,4390,9.16,WSL010420
2026-07-20,sell,SAR,100000,8270,14,WSL010420
2026-07-20,sell,USD,50000,15525,45,WSL010420
2026-07-20,sell,EUR,10000,3551,9.486,WSL010420
2026-07-20,sell,JOD,10000,4390,9.16,WSL010420
2026-07-20,sell,USD,50000,15525,45,WSL010420
2026-07-20,sell,EUR,13600,4829,12.54,WSL030330
2026-07-20,sell,JOD,19000,8341,17.404,WSL030330
2026-07-20,sell,SAR,300000,24795,27,WSL030330
2026-07-20,sell,SYP,500000,1312.5,74.1,WSL030330
2026-07-20,sell,USD,50000,15525,45,WSL030330
2026-07-20,sell,JOD,50000,21950,45.8,WSL030330
2026-07-20,sell,USD,160000,49728,192,WSL030330
2026-07-20,sell,TRY,400000,2688,-198.712,WSL030330
2026-07-20,sell,USD,40000,12420,36,WSL030330
2026-07-20,sell,EUR,5000,1775,3.624,WSL030330
2026-07-20,sell,SYP,200000,525,29.64,WSL030330
2026-07-20,sell,TRY,200000,1344,-99.356,WSL030330
2026-07-20,sell,USD,65000,20182.5,58.5,WSL030330
2026-07-20,sell,CHF,10000,3857.5,22.494,WSL010420
2026-07-20,sell,EUR,40000,14200,28.989,WSL010420
2026-07-20,sell,SAR,200000,16530,18,WSL010420
2026-07-20,sell,SYP,2000000,5200,246.4,WSL010420
2026-07-20,sell,JOD,12800,5619.2,11.725,WSL010420
2026-07-20,sell,THB,100000,935,-21.664,WSL010420
2026-07-20,sell,TRY,1000000,6720,-496.78,WSL010420
2026-07-20,sell,USD,30000,9315,27,WSL010420
2026-07-20,sell,EUR,100000,35500,91.048,WSL030330
2026-07-20,sell,EGP,100000,700,-45.826,WSL030330
2026-07-20,sell,INR,150000,480,-35.996,WSL030330
2026-07-20,sell,JOD,36000,15795,23.976,WSL030330
2026-07-20,sell,SAR,200000,16530,18,WSL030330
2026-07-20,sell,USD,250000,77600,200,WSL030330
2026-07-20,buy,INR,3500000,11252.5,787.395,WSL030330
2026-07-20,sell,EUR,20000,7100,18.21,WSL030330
2026-07-20,sell,USD,200000,62160,240,WSL030330
2026-07-20,buy,CHF,26000,10011.94,-40.925,WSL030330
2026-07-20,buy,EUR,300000,106496.208,-269.352,WSL030330
2026-07-20,buy,GBP,50000,20898,-57.276,WSL030330
2026-07-20,buy,JOD,250000,109443.6,77.4,WSL030330
2026-07-20,buy,SAR,1000000,82494.005,65.995,WSL030330
2026-07-20,buy,SYP,3500000,8881.967,-213.167,WSL030330
2026-07-20,buy,BDT,7000000,18554.795,1145.025,WSL030330
2026-07-20,buy,KWD,29250,29118.328,131.672,WSL030330
2026-07-20,buy,NPR,1500000,3167.804,432.226,WSL030330
2026-07-19,sell,USD,34000,10560.4,34,WSL030330
2026-07-19,sell,BAM,10000,1910,-12.981,WSL010420
2026-07-19,sell,CNY,50000,2302.5,-11.402,WSL010420
2026-07-19,sell,SAR,400000,33060,36,WSL010420
2026-07-19,sell,PLN,20000,1700,66.83,WSL030330
2026-07-19,sell,CNY,100000,4600,-27.803,WSL030330
2026-07-19,sell,THB,2000000,18720,-413.28,WSL030330
2026-07-19,sell,USD,300000,93150,270,WSL030330
2026-07-19,buy,EUR,200000,71050,-201.136,WSL030330
2026-07-18,sell,TRY,3000000,20175,-1475.34,WSL030330
2026-07-18,sell,BAM,30000,5730,-38.944,WSL010420
2026-07-18,sell,CNY,60000,2766,-10.682,WSL010420
2026-07-18,sell,SAR,100000,8265,9,WSL010420
2026-07-18,sell,USD,100000,31085,125,WSL010420
2026-07-18,sell,SAR,200000,16530,18,WSL010420
2026-07-18,sell,USD,100000,31040,80,WSL010420
2026-07-18,sell,USD,40000,12416,32,WSL010420
2026-07-18,sell,USD,40000,12418,34,WSL030330
2026-07-18,sell,TRY,140000,939.4,-70.949,WSL010420
2026-07-18,sell,EUR,10000,3549,6.557,WSL010420
2026-07-18,sell,EUR,10000,3565,22.557,WSL010420
2026-07-18,sell,GBP,5000,2081.75,-0.929,WSL010420
2026-07-18,sell,THB,900000,8415,-194.976,WSL010420
2026-07-18,sell,USD,30000,9315,27,WSL010420
2026-07-18,sell,USD,110000,34144,88,WSL030330
2026-07-18,sell,EGP,3000000,21150,-1224.78,WSL030330
2026-07-18,sell,EUR,25000,8858.75,2.642,WSL030330
2026-07-18,sell,PLN,100000,8500,334.151,WSL030330
2026-07-18,sell,SAR,420000,34734,58.8,WSL030330
2026-07-18,sell,THB,1000000,9350,-216.64,WSL030330
2026-07-18,sell,USD,200000,62160,240,WSL030330
2026-07-18,sell,TRY,40000,269.2,-19.471,WSL030330
2026-07-18,sell,USD,50000,15540,60,WSL030330
2026-07-18,sell,EUR,50000,17765,52.784,WSL030330
2026-07-18,sell,GBP,30000,12510,13.925,WSL030330
2026-07-18,sell,USD,300000,93150,270,WSL030330
2026-07-16,sell,CHF,7500,2902.5,25.582,WSL010420
2026-07-16,sell,THB,1000000,9400,-177.15,WSL010420
2026-07-16,sell,JOD,10000,4390,4.349,WSL010420
2026-07-16,sell,SAR,200000,16530,-0.134,WSL010420
2026-07-16,sell,THB,700000,6545,-159.005,WSL010420
2026-07-16,sell,VND,50000000,595,5,WSL010420
2026-07-16,sell,KRW,500000,105,0.225,WSL010420
2026-07-16,sell,EUR,10000,3565,10.298,WSL010420
2026-07-16,sell,USD,20000,6222,23.2,WSL010420
2026-07-16,sell,QAR,36000,3051,-7.618,WSL030330
2026-07-16,sell,USD,30000,9315,16.8,WSL030330
2026-07-16,sell,EGP,270000,1890,-125.942,WSL030330
2026-07-16,sell,INR,300000,960,-73.122,WSL030330
2026-07-16,sell,JOD,19000,8339.1,6.363,WSL030330
2026-07-16,sell,PHP,100000,517,-26.635,WSL030330
2026-07-16,sell,USD,200000,62080,92,WSL030330
2026-07-16,sell,EUR,20000,7130,20.596,WSL030330
2026-07-16,sell,USD,40000,12420,22.4,WSL030330
2026-07-16,sell,EUR,50000,17717.5,-56.01,WSL030330
2026-07-16,sell,THB,1000000,9370,-207.15,WSL030330
2026-07-16,sell,USD,600000,186300,336,WSL030330
2026-07-16,buy,AED,500000,42214.654,23.011,WSL030330
2026-07-16,buy,CNY,200000,9169.822,95.948,WSL030330
2026-07-16,buy,INR,3000000,9536.615,794.605,WSL030330
2026-07-16,buy,PHP,2000000,10245.946,626.754,WSL030330
2026-07-16,buy,SAR,1500000,123810.917,165.088,WSL030330
2026-07-16,buy,THB,5000000,46439.905,1445.845,WSL030330
2026-07-15,sell,SAR,100000,8270,0.933,WSL010420
2026-07-15,sell,USD,1000000,310950,860,WSL030330
2026-07-15,sell,CHF,2500,967.5,10.55,WSL010420
2026-07-15,sell,BAM,10000,1910,-16.025,WSL010420
2026-07-15,sell,GEL,10000,1200,-6.576,WSL010420
2026-07-15,sell,JOD,25000,10975,5.566,WSL010420
2026-07-15,sell,JPY,1000000,1930,19.05,WSL010420
2026-07-15,sell,MYR,30000,2301,-54.114,WSL010420
2026-07-15,sell,SAR,200000,16540,1.866,WSL010420
2026-07-15,sell,EUR,30000,10632,4.595,WSL010420
2026-07-15,sell,TRY,400000,2700,-191.284,WSL030330
2026-07-15,sell,USD,50000,15537.5,33,WSL030330
2026-07-15,sell,EUR,150000,53325,187.977,WSL030330
2026-07-15,sell,USD,300000,93270,243,WSL030330
2026-07-15,sell,IQD,5000000,1077,-46.5,WSL030330
2026-07-15,sell,USD,20000,6222,20.2,WSL030330
2026-07-15,sell,USD,40000,12440,36.4,WSL030330
2026-07-15,sell,EUR,20000,7087,2.064,WSL030330
2026-07-15,sell,USD,200000,62230,212,WSL030330
2026-07-15,buy,EUR,300000,106627.547,-297.686,WSL030330
2026-07-15,buy,GEL,100000,11935.72,130.039,WSL030330
2026-07-15,buy,KWD,62641,62457.71,183.29,WSL030330
2026-07-15,buy,PLN,200000,16898.638,-509.104,WSL030330
2026-07-15,buy,TRY,10000000,67119.05,5163.05,WSL030330
2026-07-15,buy,USD,1000000,310400.09,-310.09,WSL030330
2026-07-15,buy,USD,2000000,620490.09,-310.09,WSL030330
2026-07-15,sell,CHF,80000,31232,579.338,WSL030330
2026-07-15,sell,AED,500000,42110,-148.11,WSL030330
2026-07-15,sell,BHD,10000,8202.5,-15.07,WSL030330
2026-07-15,sell,CAD,20000,4415,1.85,WSL030330
2026-07-15,sell,EGP,1000000,7115,-355.07,WSL030330
2026-07-15,sell,EUR,400000,142100,153.2,WSL030330
2026-07-15,sell,GBP,50000,20835,27.961,WSL030330
2026-07-15,sell,INR,10000000,32400,-2054.1,WSL030330
2026-07-15,sell,JOD,100000,43900,22.265,WSL030330
2026-07-15,sell,PHP,2000000,10340,-537.96,WSL030330
2026-07-15,sell,SAR,1000000,82750,59.33,WSL030330
2026-07-15,sell,SGD,10000,2410,6.015,WSL030330
2026-07-15,sell,THB,1000000,9390,-191.78,WSL030330
2026-07-15,sell,TRY,1000000,6780,-448.21,WSL030330
2026-07-15,sell,USD,2000000,622200,2020,WSL030330
2026-07-15,buy,AED,500000,42240.839,17.271,WSL030330
2026-07-15,buy,CHF,80000,30759.082,-79.884,WSL030330
2026-07-15,buy,EGP,1300000,9120.294,590.797,WSL030330
2026-07-15,buy,EGP,2000000,14289.862,650.278,WSL030330
2026-07-15,buy,EGP,3000000,20904.944,1505.266,WSL030330
2026-07-15,buy,EGP,3000000,20952.027,1458.183,WSL030330
2026-07-15,buy,EUR,200000,70960.996,12.404,WSL030330
2026-07-15,buy,GBP,30000,12474.921,9.302,WSL030330
2026-07-15,buy,KWD,14000,13950.064,49.936,WSL030330
2026-07-15,buy,PHP,1500000,7700.911,457.559,WSL030330
2026-07-15,buy,PKR,2000000,2340.302,91.738,WSL030330
2026-07-15,buy,SAR,1000000,82646.588,44.082,WSL030330
2026-07-15,buy,USD,1000000,310741.189,-651.189,WSL030330
2026-07-14,sell,JOD,20000,8780,1.34,WSL010420
2026-07-14,sell,PLN,10000,850,28.8,WSL010420
2026-07-14,sell,SAR,100000,8270,-2,WSL010420
2026-07-14,sell,THB,2000000,18740,-430.36,WSL010420
2026-07-14,sell,EUR,50000,17775,92.049,WSL030330
2026-07-14,sell,PLN,10000,850,35.142,WSL030330
2026-07-14,sell,SAR,500000,41350,-10,WSL030330
2026-07-14,sell,SYP,300000,795,50.52,WSL030330
2026-07-14,sell,KRW,4500000,945,10.395,WSL010420
2026-07-14,sell,PLN,30000,2550,105.941,WSL010420
2026-07-14,sell,USD,150000,46657.5,127.5,WSL010420
2026-07-14,buy,EUR,150000,53175,-158.718,WSL030330
2026-07-14,sell,TRY,400000,2728,-164.308,WSL010420
2026-07-14,sell,TRY,500000,3380,-235.385,WSL010420
2026-07-14,sell,EGP,100000,720,-27.272,WSL030330
2026-07-14,sell,EUR,10000,3545,10.581,WSL030330
2026-07-14,sell,IDR,30000000,540,-27.3,WSL030330
2026-07-14,sell,EGP,180000,1287,-58.09,WSL030330
2026-07-14,sell,INR,250000,805,-56.658,WSL030330
2026-07-14,sell,JOD,38000,16678.2,-1.254,WSL030330
2026-07-14,sell,TRY,20000,135.2,-9.415,WSL030330
2026-07-14,sell,USD,200000,62200,160,WSL030330
2026-07-14,buy,BDT,1000000,2651.282,168.438,WSL030330
2026-07-14,buy,BHD,300,246.615,0,WSL030330
2026-07-14,buy,INR,7000000,22339.506,1786.904,WSL030330
2026-07-14,buy,PHP,1300000,6687.563,385.62,WSL030330
2026-07-14,buy,THB,8000000,74792.04,1889.4,WSL030330
2026-07-14,sell,EUR,50000,17717.5,50.059,WSL030330
2026-07-14,sell,USD,300000,93345,285,WSL030330
2026-07-14,sell,EUR,20000,7110,43.024,WSL010420
2026-07-14,sell,EUR,30000,10639.5,39.035,WSL010420
2026-07-14,sell,GBP,15000,6245.25,28.377,WSL010420
2026-07-13,sell,EUR,100000,35490,12.426,WSL030330
2026-07-13,sell,THB,1000000,9400,-185.18,WSL030330
2026-07-13,sell,THB,2000000,18780,-390.36,WSL030330
2026-07-13,sell,USD,200000,62230,190,WSL030330
2026-07-13,sell,EUR,20000,7093,-2.515,WSL010420
2026-07-13,sell,TRY,1000000,6780,-450.77,WSL010420
2026-07-13,sell,VND,150000000,1792.5,21,WSL010420
2026-07-13,sell,AZN,10000,1847.5,-34.782,WSL030330
2026-07-13,sell,EUR,20000,7098,1.865,WSL030330
2026-07-13,sell,GEL,10000,1210,2.996,WSL030330
2026-07-13,sell,INR,400000,1320,-58.652,WSL030330
2026-07-13,sell,JOD,10000,4390,0.67,WSL030330
2026-07-13,sell,THB,400000,3760,-74.072,WSL030330
2026-07-13,sell,TRY,400000,2720,-172.308,WSL030330
2026-07-13,sell,USD,100000,31130,110,WSL030330
2026-07-13,sell,GEL,20000,2395,-19.008,WSL010420
2026-07-13,sell,THB,1000000,9400,-185.18,WSL010420
2026-07-13,sell,EUR,10000,3547.5,-0.568,WSL030330
2026-07-13,sell,IDR,20000000,360,-18.2,WSL030330
2026-07-13,sell,JOD,10000,4390,0.67,WSL030330
2026-07-13,sell,SYP,200000,530,33.68,WSL030330
2026-07-13,sell,THB,100000,940,-18.518,WSL030330
2026-07-13,sell,USD,40000,12448,40,WSL030330
2026-07-13,sell,JOD,10000,4395,5.67,WSL010420
2026-07-13,sell,SAR,100000,8275,3,WSL010420
2026-07-13,sell,TRY,400000,2708,-184.308,WSL010420
2026-07-13,sell,EUR,8000,2838,-0.454,WSL030330
2026-07-13,sell,USD,30000,9336,30,WSL030330
2026-07-13,sell,JOD,25000,10987.5,14.175,WSL010420
2026-07-13,sell,PLN,30000,2550,92.321,WSL010420
2026-07-13,sell,SAR,200000,16550,6,WSL010420
2026-07-13,sell,SYP,500000,1325,84.2,WSL010420
2026-07-13,sell,THB,1000000,9370,-215.18,WSL010420
2026-07-13,sell,GBP,2500,1041.5,2.252,WSL030330
2026-07-13,sell,USD,5000,1555,4,WSL030330
2026-07-13,sell,USD,40000,12448,40,WSL030330
2026-07-13,sell,EUR,10000,3547.5,8.118,WSL030330
2026-07-13,sell,PLN,30000,2550,100.021,WSL030330
2026-07-13,sell,THB,479000,4500,-91.301,WSL030330
2026-07-13,sell,USD,20000,6224,20,WSL030330
2026-07-13,buy,USD,500,151,4.1,WSL030330
2026-07-13,sell,EUR,50000,17760,63.09,WSL030330
2026-07-13,sell,USD,30000,9333,27,WSL030330
2026-07-13,buy,SAR,150,11.925,0.483,WSL030330
2026-07-13,buy,SAR,500,39.75,1.61,WSL030330
2026-07-13,buy,USD,10,3.02,0.082,WSL030330
2026-07-13,buy,USD,100,30.2,0.82,WSL030330
2026-07-13,sell,USD,110000,34210,88,WSL030330
2026-07-13,buy,AED,500000,42261.581,11.519,WSL030330
2026-07-13,buy,CAD,20000,4393.768,-12.412,WSL030330
2026-07-13,buy,EUR,200000,70880.7,-142.692,WSL030330
2026-07-13,buy,JOD,250000,109655.7,77.55,WSL030330
2026-07-13,buy,SAR,1500000,123980.816,99.184,WSL030330
2026-07-13,buy,SYP,1000000,2585,-103.4,WSL030330
2026-07-13,buy,TRY,1500000,10181.619,664.536,WSL030330
2026-07-12,sell,USD,1000,311.3,1.1,WSL030330
2026-07-12,sell,JOD,1000,439.5,0.567,WSL030330
2026-07-12,sell,USD,55000,17121.5,60.5,WSL030330
2026-07-12,sell,SYP,1000000,2625,143.4,WSL010420
2026-07-12,sell,IQD,4240000,848,-105.067,WSL010420
2026-07-12,buy,SYP,1000000,2600,-118.4,WSL010420
2026-07-12,sell,EUR,1000,355.75,1.564,WSL030330
2026-07-12,sell,EUR,8000,2841.6,8.109,WSL030330
2026-07-12,sell,TRY,200000,1356,-90.154,WSL030330
2026-07-12,sell,EUR,30000,10650,24.409,WSL030330
2026-07-12,sell,INR,500000,1630,-93.315,WSL030330
2026-07-12,sell,TRY,1000000,6780,-450.77,WSL030330
2026-07-12,sell,USD,20000,6260,56,WSL030330
2026-07-12,sell,USD,50000,15562.5,52.5,WSL030330
2026-07-12,sell,BAM,10000,1915,-11.708,WSL010420
2026-07-12,sell,EUR,50000,17800,90.682,WSL010420
2026-07-12,sell,TRY,400000,2728,-164.308,WSL010420
2026-07-12,sell,SAR,100000,8278,6,WSL030330
2026-07-12,sell,THB,200000,1880,-37.036,WSL030330
2026-07-12,sell,TRY,600000,4068,-270.462,WSL030330
2026-07-12,sell,BAM,20000,3820,-33.416,WSL010420
2026-07-12,sell,PLN,40000,3400,127.416,WSL010420
2026-07-12,sell,PLN,6000,513,22.112,WSL030330
2026-07-12,sell,CAD,10000,2205,13.703,WSL030330
2026-07-12,sell,INR,1000000,3250,-196.63,WSL030330
2026-07-12,sell,USD,330000,102696,330,WSL030330
2026-07-12,sell,USD,30000,9337.5,31.5,WSL030330
2026-07-12,sell,USD,30000,9337.5,31.5,WSL030330
2026-07-11,buy,BDT,1500000,3976.923,252.657,WSL030330
2026-07-11,buy,CNY,200000,9197.924,75.618,WSL030330
2026-07-11,buy,IDR,200000000,3494.2,287.8,WSL030330
2026-07-11,buy,INR,3000000,9593.814,746.076,WSL030330
2026-07-11,buy,MYR,100000,7655.479,197.686,WSL030330
2026-07-11,buy,PHP,2500000,12807.598,794.677,WSL030330
2026-07-11,buy,QAR,8750,740.587,3.451,WSL030330
2026-07-11,buy,THB,3000000,28089.345,666.195,WSL030330
2026-07-11,sell,USD,1000,319,8.8,WSL030330
2026-07-11,sell,EUR,20000,7098,14.273,WSL030330
2026-07-11,sell,INR,500000,1625,-98.315,WSL030330
2026-07-11,sell,USD,50000,15557.5,47.5,WSL030330
2026-07-11,sell,INR,100000,326,-18.663,WSL030330
2026-07-11,sell,JOD,31000,13616.75,9.827,WSL030330
2026-07-11,sell,PHP,100000,514,-30.091,WSL030330
2026-07-11,sell,SAR,140000,11578,-2.8,WSL030330
2026-07-11,sell,USD,210000,65352,210,WSL030330
2026-07-11,sell,CNY,80000,3688,-21.417,WSL010420
2026-07-11,sell,MYR,50000,3837.5,-89.082,WSL010420
2026-07-11,sell,PLN,70000,5950,222.979,WSL010420
2026-07-11,sell,USD,100000,31125,105,WSL010420
2026-07-11,sell,BAM,20000,3825,-28.416,WSL030330
2026-07-11,sell,BAM,10000,1910,-16.708,WSL010420
2026-07-11,sell,CZK,50000,755,24.843,WSL010420
2026-07-11,sell,USD,150000,46687.5,157.5,WSL010420
2026-07-11,sell,CNY,70000,3227,-18.74,WSL010420
2026-07-11,sell,USD,150000,46687.5,157.5,WSL010420
2026-07-11,sell,EUR,50000,17762.5,53.182,WSL030330
2026-07-11,sell,JOD,50000,21975,28.35,WSL030330
2026-07-11,sell,PLN,100000,8500,318.541,WSL030330
2026-07-11,sell,SAR,500000,41365,5,WSL030330
2026-07-11,sell,USD,270000,84024,270,WSL030330
2026-07-11,sell,AZN,20000,3700,-64.563,WSL030330
2026-07-11,sell,EUR,20000,7105,21.273,WSL030330
2026-07-11,sell,USD,100000,31090,70,WSL030330
2026-07-11,sell,JOD,5000,2197,2.335,WSL030330
2026-07-11,sell,SAR,90000,7447.5,2.7,WSL030330
2026-07-11,sell,THB,100000,940,-18.518,WSL030330
2026-07-11,sell,TRY,200000,1358,-88.154,WSL030330
2026-07-11,sell,USD,30000,9337.5,31.5,WSL030330
2026-07-11,sell,EUR,20000,7103,19.273,WSL030330
2026-07-11,sell,GBP,5000,2087,8.505,WSL030330
2026-07-11,sell,USD,50000,15562.5,52.5,WSL030330
2026-07-11,sell,USD,20000,6218,14,WSL030330
2026-07-11,sell,AZN,10000,1850,-32.282,WSL010420
2026-07-11,sell,CNY,100000,4610,-26.771,WSL010420
2026-07-11,sell,CZK,100000,1510,49.686,WSL010420
2026-07-11,sell,PLN,20000,1720,83.708,WSL010420
2026-07-11,sell,THB,500000,4700,-92.59,WSL010420
2026-07-11,sell,USD,50000,15562.5,52.5,WSL010420
2026-07-11,sell,TRY,60000,409.2,-24.646,WSL010420
2026-07-11,sell,EUR,150000,53325,197.046,WSL030330
2026-07-11,sell,GBP,50000,20865,80.049,WSL030330
2026-07-11,sell,USD,520000,161590,286,WSL030330
2026-07-10,buy,EUR,10000,3553.341,-7.755,WSL030330
2026-07-10,buy,IDR,100000000,1751.6,139.4,WSL030330
2026-07-10,buy,INR,2000000,6395.876,497.384,WSL030330
2026-07-10,buy,KRW,10000000,2047.52,13.58,WSL030330
2026-07-10,buy,KWD,3736,3721.603,14.397,WSL030330
2026-07-10,buy,MYR,100000,7642.276,210.889,WSL030330
2026-07-10,buy,PHP,1000000,5072.772,368.138,WSL030330
2026-07-10,buy,THB,6000000,56144.796,1366.284,WSL030330
2026-07-10,buy,BAM,120000,22329.934,790.563,WSL030330
2026-07-10,buy,CHF,40000,15432.836,-55.466,WSL030330
2026-07-10,buy,CZK,200000,2975.54,-52.572,WSL030330
2026-07-10,buy,EUR,200000,71004.78,-93.06,WSL030330
2026-07-10,buy,GBP,100000,41573.004,71.346,WSL030330
2026-07-10,buy,PLN,200000,16767.568,-453.274,WSL030330
2026-07-10,buy,TRY,6000000,40329.36,3055.26,WSL030330
2026-07-10,buy,USD,4280000,1329381.953,-1725.953,WSL030330
2026-07-09,sell,GEL,10000,1197.5,-9.504,WSL010420
2026-07-09,sell,JOD,30000,13182,14.01,WSL010420
2026-07-09,sell,PLN,10000,865,42.254,WSL010420
2026-07-09,buy,IQD,4240000,826.8,126.267,WSL010420
2026-07-09,sell,SYP,1000000,2625,141.96,WSL010420
2026-07-09,sell,GEL,20000,2395,-20.409,WSL010420
2026-07-09,sell,JOD,15000,6594,6.184,WSL010420
2026-07-09,sell,CHF,10000,3877.5,27.587,WSL010420
2026-07-09,sell,JOD,25000,10987.5,7.808,WSL010420
2026-07-09,sell,USD,100000,31165,127,WSL010420
2026-07-09,sell,SAR,250000,20687.5,-4.5,WSL010420
2026-07-09,sell,EUR,30000,10665,15.552,WSL010420
2026-07-09,sell,USD,50000,15587.5,68.5,WSL010420
2026-07-09,sell,GEL,1500,180,-1.156,WSL030330
2026-07-09,sell,EUR,20000,7113,12.126,WSL030330
2026-07-09,sell,INR,500000,1640,-84.315,WSL030330
2026-07-09,sell,PHP,500000,2565,-157.035,WSL030330
2026-07-09,sell,USD,80000,24880,49.6,WSL030330
2026-07-09,sell,TRY,2000000,13600,-869.92,WSL030330
2026-07-09,sell,THB,400000,3768,-68.296,WSL030330
2026-07-09,sell,TRY,400000,2720,-173.984,WSL030330
2026-07-09,sell,USD,40000,12470,54.8,WSL030330
2026-07-09,sell,EGP,160000,1168,-28.328,WSL010420
2026-07-09,sell,SAR,100000,8280,3.2,WSL010420
2026-07-09,sell,SYP,400000,1060,66.784,WSL010420
2026-07-09,sell,TRY,200000,1360,-86.992,WSL010420
2026-07-09,sell,USD,60000,18705,82.2,WSL010420
2026-07-09,sell,CHF,80000,31180,395.968,WSL030330
2026-07-09,sell,THB,100000,940,-19.074,WSL030330
2026-07-09,sell,TRY,100000,682,-41.496,WSL030330
2026-07-09,sell,USD,60000,18705,82.2,WSL030330
2026-07-09,sell,EUR,13800,4918.3,18.697,WSL030330
2026-07-09,sell,IDR,20000000,365,-13.6,WSL030330
2026-07-09,sell,JOD,5000,2197.5,1.562,WSL030330
2026-07-09,sell,SAR,100000,8275,-1.8,WSL030330
2026-07-09,sell,SYP,100000,265,16.696,WSL030330
2026-07-09,sell,TRY,100000,680,-43.496,WSL030330
2026-07-09,sell,USD,50000,15587.5,68.5,WSL030330
2026-07-09,sell,EUR,55700,19843.125,67.192,WSL010420
2026-07-09,sell,THB,500000,4700,-95.37,WSL010420
2026-07-09,sell,USD,20000,6240,32.4,WSL010420
2026-07-09,sell,USD,50000,15582.5,63.5,WSL010420
2026-07-09,sell,USD,50000,15585,66,WSL010420
2026-07-09,sell,USD,50000,15587.5,68.5,WSL010420
2026-07-09,sell,TRY,140000,954.8,-58.094,WSL010420
2026-07-09,sell,USD,20000,6236,28.4,WSL010420
2026-07-09,buy,AED,1000000,84549.169,46.091,WSL030330
2026-07-09,buy,EUR,100000,35603.69,-74.491,WSL030330
2026-07-09,buy,EUR,200000,71145.304,-86.906,WSL030330
2026-07-09,buy,JOD,250000,109719.33,77.595,WSL030330
2026-07-09,buy,KWD,55000,54872.71,127.29,WSL030330
2026-07-09,buy,SAR,1000000,82701.839,66.161,WSL030330
2026-07-09,buy,SYP,1500000,3879.75,-155.19,WSL030330
2026-07-09,sell,USD,200000,62300,224,WSL030330
2026-07-08,sell,PLN,10000,865.5,44.519,WSL010420
2026-07-08,sell,INR,400000,1308,-71.452,WSL030330
2026-07-08,sell,CAD,10000,2205,13.515,WSL010420
2026-07-08,sell,EUR,50000,17782.5,72.217,WSL010420
2026-07-08,sell,TRY,1000000,6800,-434.96,WSL010420
2026-07-08,sell,THB,1000000,9400,-190.74,WSL010420
2026-07-08,sell,MYR,10000,767.5,-18.272,WSL010420
2026-07-08,sell,SAR,250000,20687.5,-4.5,WSL010420
2026-07-08,sell,THB,2500000,23500,-476.85,WSL010420
2026-07-08,sell,CHF,10000,3869,24.333,WSL010420
2026-07-08,sell,TRY,1000000,6800,-434.96,WSL010420
2026-07-08,sell,CZK,100000,1510,47.116,WSL030330
2026-07-08,sell,JOD,40000,17570,2.492,WSL030330
2026-07-08,sell,PHP,1000000,5100,-344.07,WSL030330
2026-07-08,sell,USD,100000,31120,82,WSL030330
2026-07-08,sell,USD,300000,93420,306,WSL030330
2026-07-08,sell,EUR,20000,7108,17.679,WSL030330
2026-07-08,sell,INR,150000,490.5,-26.794,WSL030330
2026-07-08,sell,USD,100000,31130,92,WSL030330
2026-07-08,sell,USD,60000,18678,55.2,WSL030330
2026-07-08,sell,EUR,150000,53400,231.906,WSL030330
2026-07-08,sell,GBP,50000,20825,93.168,WSL030330
2026-07-08,buy,AZN,200000,36950,717.476,WSL030330
2026-07-08,buy,BAM,100000,18925.61,352.651,WSL030330
2026-07-08,buy,CHF,50000,19314.25,-109.944,WSL030330
2026-07-08,buy,EUR,300000,106652.776,-316.588,WSL030330
2026-07-08,buy,GBP,50000,20803.22,-71.388,WSL030330
2026-07-08,buy,GEL,100000,11937.692,139.351,WSL030330
2026-07-08,buy,KWD,4979,4966.838,12.162,WSL030330
2026-07-08,buy,PLN,200000,16868.478,-381.266,WSL030330
2026-07-08,buy,TRY,5000000,33884.28,2290.52,WSL030330
2026-07-08,buy,USD,1000000,310752.456,-372.456,WSL030330
2026-07-08,buy,BDT,1000000,2652.821,168.529,WSL030330
2026-07-08,buy,CAD,20000,4402.553,-26.689,WSL030330
2026-07-08,buy,CHF,50000,19338.318,-134.012,WSL030330
2026-07-08,buy,EUR,100000,35529.199,-83.803,WSL030330
2026-07-08,buy,GBP,50000,20764.422,-32.59,WSL030330
2026-07-08,buy,INR,10000000,31997.94,2488.36,WSL030330
2026-07-08,buy,PHP,3000000,15202.287,1129.923,WSL030330
2026-07-08,buy,SAR,1500000,123986.685,165.315,WSL030330
2026-07-08,buy,THB,3000000,28156.638,615.582,WSL030330
2026-07-08,buy,USD,38000,11794.44,0,WSL030330
2026-07-07,sell,EUR,2800,997.5,3.551,WSL010420
2026-07-07,sell,THB,2000000,18800,-381.48,WSL030330
2026-07-07,sell,THB,500000,4712.5,-82.87,WSL030330
2026-07-07,sell,TRY,1000000,6810,-424.96,WSL030330
2026-07-07,sell,USD,40000,12448,32.8,WSL030330
2026-07-07,sell,BAM,520,99.476,-0.842,WSL030330
2026-07-07,sell,USD,100000,31120,60,WSL030330
2026-07-07,sell,USD,100000,31150,90,WSL030330
2026-07-07,sell,EGP,200000,1460,-36.47,WSL010420
2026-07-07,sell,USD,150000,46665,75,WSL010420
2026-07-07,sell,JOD,20000,8788,-1.98,WSL010420
2026-07-07,sell,TRY,500000,3405,-215.045,WSL010420
2026-07-07,sell,USD,100000,31110,50,WSL010420
2026-07-07,sell,BAM,10000,1915,-14.192,WSL010420
2026-07-07,sell,USD,100000,31110,50,WSL010420
2026-07-07,sell,EUR,50000,17700,-50.79,WSL010420
2026-07-07,sell,USD,50000,15560,30,WSL010420
2026-07-07,sell,JOD,5000,2197,-0.495,WSL030330
2026-07-07,sell,PHP,100000,515,-29.792,WSL030330
2026-07-07,sell,USD,30000,9342,24,WSL030330
2026-07-07,sell,JOD,10000,4394,-0.99,WSL030330
2026-07-07,sell,USD,120000,37368,96,WSL030330
2026-07-06,sell,INR,600000,1974,-96.648,WSL030330
2026-07-06,sell,THB,40000,377.2,-6.702,WSL030330
2026-07-06,sell,USD,30000,9337.5,19.5,WSL030330
2026-07-06,sell,JOD,20000,8788,-1.98,WSL030330
2026-07-06,sell,TRY,1000000,6800,-440.09,WSL030330
2026-07-06,sell,MYR,50000,3845,-86.646,WSL030330
2026-07-06,sell,THB,1000000,9400,-197.54,WSL030330
2026-07-06,sell,TRY,1000000,6810,-430.09,WSL030330
2026-07-06,sell,USD,100000,31150,90,WSL030330
2026-07-06,sell,EUR,1000,356.5,1.733,WSL030330
2026-07-06,sell,EUR,30000,10620,-20.224,WSL010420
2026-07-06,sell,GBP,15000,6235.5,20.86,WSL010420
2026-07-06,sell,THB,1000000,9425,-172.54,WSL010420
2026-07-06,sell,EUR,20000,7080,-18.452,WSL010420
2026-07-06,sell,GBP,10000,4102.5,-44.321,WSL010420
2026-07-06,sell,TRY,500000,3440,-180.045,WSL010420
2026-07-06,sell,EUR,10000,3562.5,14.516,WSL030330
2026-07-06,sell,JOD,5000,2197.5,0.005,WSL030330
2026-07-06,sell,USD,30000,9337.5,19.5,WSL030330
2026-07-06,buy,INR,1000000,3275,176.08,WSL010420
2026-07-06,sell,AED,500000,42087.5,-240.11,WSL030330
2026-07-06,sell,EGP,1000000,7360,-122.35,WSL030330
2026-07-06,sell,EUR,300000,106995,555.486,WSL030330
2026-07-06,sell,GBP,50000,20825,117.298,WSL030330
2026-07-06,sell,INR,10000000,32900,-1610.8,WSL030330
2026-07-06,sell,JOD,100000,43960,10.1,WSL030330
2026-07-06,sell,PHP,2000000,10290,-605.84,WSL030330
2026-07-06,sell,SAR,1500000,124350,109.995,WSL030330
2026-07-06,sell,THB,1000000,9400,-197.54,WSL030330
2026-07-06,sell,TRY,2000000,13650,-830.18,WSL030330
2026-07-06,sell,USD,2000000,623600,2400,WSL030330
2026-07-06,buy,BHD,20000,16466.534,-4.364,WSL030330
2026-07-06,buy,EUR,300000,106709.736,-270.222,WSL030330
2026-07-06,buy,GBP,40000,16629.524,-63.362,WSL030330
2026-07-06,buy,JOD,250000,109797.1,77.65,WSL030330
2026-07-06,buy,KWD,65000,64812.199,187.801,WSL030330
2026-07-06,buy,SAR,1000000,82771.486,55.184,WSL030330
2026-07-06,buy,USD,100000,31122.12,-62.12,WSL030330
2026-07-05,sell,EUR,10000,3565,12.047,WSL030330
2026-07-05,sell,USD,100000,31120,60,WSL030330
2026-07-05,sell,USD,100000,31120,60,WSL030330
2026-07-05,sell,USD,1000,311.25,0.65,WSL030330
2026-07-05,sell,EUR,13000,4634.5,15.661,WSL030330
2026-07-05,sell,JOD,1000,439.4,-0.099,WSL030330
2026-07-05,sell,SAR,85000,7042.25,1.983,WSL030330
2026-07-05,sell,EUR,10000,3565,12.047,WSL010420
2026-07-05,sell,USD,20000,6224,12,WSL010420
2026-07-05,sell,GEL,19000,2278.1,-18.165,WSL030330
2026-07-05,sell,JOD,20000,8786,-3.98,WSL030330
2026-07-05,sell,TRY,600000,4092,-252.054,WSL030330
2026-07-05,sell,USD,120000,37380,108,WSL030330
2026-07-05,sell,EUR,80000,28520,96.373,WSL010420
2026-07-05,sell,USD,50000,15560,30,WSL010420
2026-07-05,sell,GBP,10000,4162,13.316,WSL010420
2026-07-05,sell,JOD,20000,8785,-4.98,WSL010420
2026-07-05,sell,MYR,20000,1538,-34.658,WSL010420
2026-07-05,sell,PLN,20000,1730,73.378,WSL010420
2026-07-05,sell,USD,100000,31120,60,WSL010420
2026-07-05,sell,USD,50000,15560,30,WSL010420
2026-07-05,sell,JOD,10000,4392.5,-2.49,WSL010420
2026-07-05,sell,TRY,1000000,6825,-415.09,WSL010420
2026-07-05,sell,USD,100000,31110,50,WSL010420
2026-07-05,sell,EUR,10000,3565,12.047,WSL030330
2026-07-05,sell,THB,200000,1888,-31.508,WSL030330
2026-07-05,sell,USD,20000,6224,12,WSL030330
2026-07-05,sell,USD,20000,6230,18,WSL030330
2026-07-05,sell,THB,200000,1888,-31.508,WSL030330
2026-07-05,sell,USD,30000,9336,18,WSL030330
2026-07-05,buy,INR,5000000,16275,980.4,WSL010420
2026-07-05,buy,PHP,1000000,5100,347.92,WSL010420
2026-07-05,sell,EUR,100000,35620,90.466,WSL030330
2026-07-05,sell,USD,500000,155700,400,WSL030330
2026-07-05,sell,EUR,10000,3552.5,-0.453,WSL010420
2026-07-05,sell,GBP,20000,8205,-92.368,WSL010420
2026-07-05,sell,USD,9600,2985.6,3.84,WSL010420
2026-07-05,sell,USD,40000,12460,36,WSL010420
2026-07-05,sell,PLN,10000,865.5,37.189,WSL010420
2026-07-05,sell,USD,400,124.4,0.16,WSL010420
2026-07-05,sell,EUR,15000,5347.5,18.07,WSL030330
2026-07-05,sell,USD,40000,12444,20,WSL030330
2026-07-05,sell,EUR,20000,7124,18.093,WSL030330
2026-07-05,sell,USD,200000,62280,160,WSL030330
2026-07-05,sell,EUR,5000,1782.5,6.023,WSL030330
2026-07-05,buy,EUR,200000,71239.216,-180.148,WSL030330
2026-07-05,buy,KWD,3709.5,3701.753,7.747,WSL030330
2026-07-05,buy,PLN,100000,8486.339,-203.231,WSL030330
2026-07-05,buy,TRY,7000000,47575.493,3105.137,WSL030330
2026-07-05,buy,USD,2000000,622007.56,-807.56,WSL030330
2026-07-05,buy,EGP,2000000,14446.512,518.188,WSL030330
2026-07-05,buy,EUR,200000,71282.7,-223.632,WSL030330
2026-07-05,buy,GBP,50000,20797.776,-54.355,WSL030330
2026-07-05,buy,KWD,45711.25,45593.816,117.434,WSL030330
2026-07-05,buy,LKR,2000000,1991.026,267.874,WSL030330
2026-07-05,buy,SAR,500000,41369.206,44.129,WSL030330
2026-07-05,buy,SAR,500000,41391.258,22.077,WSL030330
2026-07-05,buy,USD,1500000,467064.75,-1164.75,WSL030330
2026-07-04,sell,EUR,20000,7080,-25.907,WSL010420
2026-07-04,sell,GBP,5000,2051.25,-23.092,WSL010420
2026-07-04,sell,TRY,400000,2730,-166.036,WSL010420
2026-07-04,sell,USD,60000,18690,54,WSL010420
2026-07-04,sell,GBP,15000,6240,16.974,WSL010420
2026-07-04,sell,EUR,30000,10677,18.14,WSL010420
2026-07-04,sell,AZN,30000,5535,-119.126,WSL010420
2026-07-04,sell,EGP,300000,2205,-39.705,WSL010420
2026-07-04,sell,GEL,20000,2400,-17.121,WSL010420
2026-07-04,sell,JOD,15000,6588.75,-3.735,WSL010420
2026-07-04,sell,USD,100000,31140,80,WSL010420
2026-07-04,sell,GBP,5000,2080,5.658,WSL010420
2026-07-04,sell,INR,1000000,3290,-161.08,WSL010420
2026-07-04,sell,JOD,10000,4392.5,-2.49,WSL010420
2026-07-04,sell,PLN,40000,3460,146.757,WSL010420
2026-07-04,sell,USD,100000,31140,80,WSL010420
2026-07-04,sell,EUR,100000,35600,70.466,WSL010420
2026-07-04,sell,SAR,150000,12420,-4,WSL010420
2026-07-04,sell,SAR,150000,12420,-4,WSL010420
2026-07-04,sell,IDR,20000000,367,-11.8,WSL030330
2026-07-04,sell,EGP,200000,1470,-26.47,WSL030330
2026-07-04,sell,EUR,21010,7475,10.245,WSL030330
2026-07-04,sell,JOD,20000,8785,-4.98,WSL030330
2026-07-04,sell,EUR,10000,3540.5,-12.453,WSL010420
2026-07-04,sell,THB,300000,2826,-53.262,WSL010420
2026-07-04,sell,TRY,60000,414,-20.405,WSL010420
2026-07-04,sell,USD,30000,9330,12,WSL010420
2026-07-04,sell,CAD,5000,1100,6.492,WSL030330
2026-07-04,sell,CNY,20000,926,-2.55,WSL030330
2026-07-04,sell,EUR,20000,7118,12.093,WSL030330
2026-07-04,sell,IQD,5000000,1080,-45.35,WSL030330
2026-07-04,sell,THB,200000,1894,-25.508,WSL030330
2026-07-04,sell,USD,5000,1555,2,WSL030330
2026-07-04,sell,USD,30000,9342,24,WSL030330
2026-07-04,sell,GEL,20000,2400,-17.121,WSL030330
2026-07-04,sell,USD,20000,6220,8,WSL030330
2026-07-04,sell,USD,100000,31150,90,WSL030330
2026-07-04,sell,JOD,10000,4392.5,-2.49,WSL030330
2026-07-04,sell,USD,50000,15562.5,32.5,WSL030330
2026-07-04,sell,EGP,150000,1102.5,-19.852,WSL030330
2026-07-04,sell,EUR,10000,3559,6.047,WSL030330
2026-07-04,sell,INR,300000,990,-45.324,WSL030330
2026-07-04,sell,JOD,5000,2196.25,-1.245,WSL030330
2026-07-04,sell,TRY,200000,1364,-84.018,WSL030330
2026-07-04,sell,USD,60000,18684,48,WSL030330
2026-07-04,sell,EUR,30000,10650,-8.86,WSL010420
2026-07-04,sell,EUR,50000,17762.5,-2.267,WSL010420
2026-07-04,buy,AED,200000,16921.82,9.224,WSL030330
2026-07-04,buy,CNY,100000,4601.482,41.268,WSL030330
2026-07-04,buy,INR,3000000,9721.44,631.8,WSL030330
2026-07-04,buy,THB,1500000,14054.298,342.012,WSL030330
2026-07-04,buy,THB,3000000,28066.266,726.354,WSL030330
2026-07-04,buy,THB,7000000,65428.832,1753.948,WSL030330
2026-07-04,sell,GBP,30000,12465,18.947,WSL030330
2026-07-02,sell,THB,1000000,9400,-197.54,WSL010420
2026-07-02,sell,EUR,2800,993.7,-2.084,WSL030330
2026-07-02,sell,CAD,5000,1097.5,1.909,WSL010420
2026-07-02,sell,EGP,200000,1480,-16.47,WSL010420
2026-07-02,sell,EUR,50000,17742.5,-39.35,WSL010420
2026-07-02,sell,GBP,35000,14490,-51.05,WSL010420
2026-07-02,sell,JOD,30000,13177.5,-7.47,WSL010420
2026-07-02,sell,USD,10000,3115,9,WSL010420
2026-07-02,sell,USD,20000,6222,10,WSL010420
2026-07-02,sell,BAM,20000,3830,-28.385,WSL010420
2026-07-02,sell,GEL,20000,2400,-17.121,WSL010420
2026-07-02,sell,PLN,20000,1740,87.609,WSL010420
2026-07-02,sell,SAR,400000,33120,-10.668,WSL010420
2026-07-02,sell,TRY,1085000,7410.55,-444.948,WSL010420
2026-07-02,sell,EUR,100000,35470,70.475,WSL030330
2026-07-02,sell,USD,510000,158814,586.5,WSL030330
2026-07-02,sell,EGP,500000,3690,-46.96,WSL030330
2026-07-02,sell,CNY,20000,922,-5.504,WSL030330
2026-07-02,sell,THB,2000000,18800,-373.44,WSL010420
2026-07-02,sell,USD,100000,31135,110,WSL010420
2026-07-02,sell,USD,150000,46702.5,165,WSL010420
2026-07-02,sell,USD,170000,52929.5,187,WSL010420
2026-07-02,sell,USD,180000,56043,198,WSL010420
2026-07-02,sell,TRY,1000000,6830,-401.93,WSL010420
2026-07-02,sell,USD,150000,46702.5,165,WSL010420
2026-07-02,sell,EUR,30000,10644,17.627,WSL010420
2026-07-02,sell,GBP,5000,2070,-0.919,WSL010420
2026-07-02,sell,JOD,5000,2196.25,1.231,WSL010420
2026-07-02,sell,LKR,1000000,1050,-78.18,WSL010420
2026-07-02,sell,USD,50000,15575,62.5,WSL010420
2026-07-02,sell,USD,400000,124380,280,WSL010420
2026-07-02,sell,SYP,200000,550,53.6,WSL010420
2026-07-02,sell,USD,50000,15572.5,60,WSL010420
2026-07-02,sell,EUR,30000,10647,20.627,WSL010420
2026-07-02,sell,GBP,10000,4130,-11.838,WSL010420
2026-07-02,sell,INR,300000,990,-44.157,WSL010420
2026-07-02,sell,JOD,10000,4392.5,2.462,WSL010420
2026-07-02,sell,THB,500000,4700,-93.36,WSL010420
2026-07-02,sell,USD,20000,6230,25,WSL010420
2026-07-02,sell,USD,60000,18660,45,WSL010420
2026-07-02,sell,CHF,10000,3860,14.084,WSL010420
2026-07-02,sell,EUR,20000,7080,1.336,WSL010420
2026-07-02,sell,GBP,15000,6153.75,-52.956,WSL010420
2026-07-02,sell,USD,100000,31100,75,WSL010420
2026-07-02,sell,AZN,30000,5539.5,-108.255,WSL030330
2026-07-02,sell,CNY,60000,2763,-19.511,WSL030330
2026-07-02,sell,GEL,20000,2398,-16.397,WSL030330
2026-07-02,sell,USD,50000,15565,52.5,WSL030330
2026-07-02,sell,JOD,5000,2196.25,1.231,WSL030330
2026-07-02,sell,TRY,100000,684,-39.193,WSL030330
2026-07-02,sell,USD,100000,31150,125,WSL030330
2026-07-02,sell,CNY,45000,2074.5,-12.384,WSL030330
2026-07-02,sell,EUR,10000,3547.55,10.39,WSL030330
2026-07-02,sell,JOD,5000,2196.25,1.231,WSL030330
2026-07-02,sell,SAR,56500,4678.2,3.767,WSL030330
2026-07-02,sell,THB,100000,940,-18.672,WSL030330
2026-07-02,sell,USD,20000,6228,23,WSL030330
2026-07-02,sell,USD,30000,9330,22.5,WSL030330
2026-07-02,sell,JOD,10000,4392.5,2.462,WSL030330
2026-07-02,sell,GBP,6000,2485.5,5.61,WSL030330
2026-07-02,sell,IQD,5000000,1080,-44.1,WSL030330
2026-07-02,sell,JOD,10000,4392.5,2.462,WSL030330
2026-07-02,sell,PKR,500000,560,-48.325,WSL030330
2026-07-02,sell,TRY,400000,2732,-160.772,WSL030330
2026-07-02,sell,USD,350000,108990,402.5,WSL030330
2026-07-02,sell,EUR,10000,3548,14.873,WSL030330
2026-07-02,sell,USD,50000,15570,57.5,WSL030330
2026-07-02,sell,INR,100000,330,-14.719,WSL030330
2026-07-02,sell,JOD,10000,4392.5,2.462,WSL030330
2026-07-02,sell,PHP,100000,515,-29.178,WSL030330
2026-07-02,sell,SAR,170000,14076,11.334,WSL030330
2026-07-02,sell,USD,160000,49832,192,WSL030330
2026-07-02,buy,TRY,2000000,13650,813.86,WSL010420
2026-07-02,buy,BHD,620,509.752,0,WSL030330
2026-07-02,buy,CAD,20000,4396.033,-29.697,WSL030330
2026-07-02,buy,CNY,200000,9172.21,102.828,WSL030330
2026-07-02,buy,EUR,18000,6383.084,-23.455,WSL030330
2026-07-02,buy,GBP,50000,20616.113,12.409,WSL030330
2026-07-02,buy,INR,3000000,9756.288,585.282,WSL030330
2026-07-02,buy,KRW,10000000,2029.1,-33.9,WSL030330
2026-07-02,buy,THB,3000000,28034.64,725.52,WSL030330
2026-07-02,buy,USD,36000,11169,0,WSL030330
2026-07-02,buy,USD,1000000,310405.125,-155.125,WSL030330
2026-07-02,buy,EGP,2000000,14600,347.84,WSL030330
2026-07-02,buy,EGP,2000000,14773.81,174.03,WSL030330
2026-07-02,buy,EUR,100000,35439.858,-117.896,WSL030330
2026-07-02,buy,EUR,200000,70923.15,-279.226,WSL030330
2026-07-02,buy,GBP,30000,12353.845,18.615,WSL030330
2026-07-02,buy,KWD,20000,19919.743,80.257,WSL030330
2026-07-02,buy,SAR,500000,41344.616,22.049,WSL030330
2026-07-02,buy,USD,1000000,310932.55,-682.55,WSL030330
2026-07-02,buy,EUR,150000,53113.249,-130.306,WSL030330
2026-07-02,buy,GBP,50000,20693.675,-72.909,WSL030330
2026-07-02,buy,JOD,220000,96512.57,68.255,WSL030330
2026-07-02,buy,KWD,135000,134566.265,433.735,WSL030330
2026-07-02,buy,SAR,1000000,82678.215,55.115,WSL030330
2026-07-01,sell,THB,700000,6583.5,-127.204,WSL030330
2026-07-01,sell,GEL,20000,2400,-14.397,WSL010420
2026-07-01,sell,PLN,20000,1740,94.461,WSL010420
2026-07-01,sell,AZN,20000,3690,-75.17,WSL010420
2026-07-01,sell,EUR,50000,17750,59.545,WSL010420
2026-07-01,sell,PLN,10000,870,47.536,WSL010420
2026-07-01,sell,TRY,1500000,10260,-587.895,WSL010420
2026-07-01,sell,USD,50000,15570,57.5,WSL010420
2026-07-01,sell,CZK,100000,1540,82.675,WSL030330
2026-07-01,sell,THB,2000000,18800,-373.44,WSL030330
2026-07-01,sell,TRY,1000000,6850,-381.93,WSL030330
2026-07-01,sell,CNY,100000,4610,-27.519,WSL010420
2026-07-01,sell,INR,700000,2310,-103.033,WSL010420
2026-07-01,sell,JOD,15000,6585,-0.056,WSL010420
2026-07-01,sell,THB,3500000,32900,-653.52,WSL010420
2026-07-01,sell,JOD,10000,4390,-0.038,WSL010420
2026-07-01,sell,SAR,200000,16550,3.334,WSL010420
2026-07-01,sell,EUR,50000,17735,44.545,WSL010420
2026-07-01,sell,PLN,20000,1734,89.071,WSL010420
2026-07-01,sell,SAR,100000,8280,6.667,WSL030330
2026-07-01,sell,THB,200000,1884,-33.344,WSL030330
2026-07-01,sell,CHF,10000,3877.5,45.834,WSL030330
2026-07-01,sell,EUR,50000,17745,70.058,WSL030330
2026-07-01,sell,JOD,27000,11850.3,-2.801,WSL030330
2026-07-01,sell,SAR,130000,10751,-4.333,WSL030330
2026-07-01,sell,TRY,140000,966,-46.47,WSL010420
2026-07-01,sell,AED,500000,42125,-154.915,WSL030330
2026-07-01,sell,BDT,1000000,2850,29.83,WSL030330
2026-07-01,sell,BHD,10000,8207.5,-14.31,WSL030330
2026-07-01,sell,CAD,30000,6589.5,40.457,WSL030330
2026-07-01,sell,CHF,20000,7720,52.88,WSL030330
2026-07-01,sell,EGP,1000000,7380,-93.92,WSL030330
2026-07-01,sell,EUR,230000,81604,213.636,WSL030330
2026-07-01,sell,GBP,50000,20600,55.245,WSL030330
2026-07-01,sell,INR,10000000,33000,-1471.9,WSL030330
2026-07-01,sell,JOD,100000,43915,14.625,WSL030330
2026-07-01,sell,PHP,2000000,10360,-523.56,WSL030330
2026-07-01,sell,SAR,1000000,82680,-53.33,WSL030330
2026-07-01,sell,THB,1000000,9410,-176.72,WSL030330
2026-07-01,sell,TRY,1000000,6880,-351.93,WSL030330
2026-07-01,sell,USD,2000000,622700,2200,WSL030330
2026-07-01,buy,CZK,100000,1524.6,-66.521,WSL010420
2026-07-01,buy,EUR,100000,35442.96,-55.845,WSL030330
2026-07-01,buy,EUR,100000,35477.088,-89.973,WSL030330
2026-07-01,buy,EUR,100000,35486.395,-99.28,WSL030330
2026-07-01,buy,IDR,200000000,3515.6,268.4,WSL030330
2026-07-01,buy,KWD,269852,269201.231,650.769,WSL030330
2026-07-01,buy,MAD,200000,7567.073,189.177,WSL030330
2026-07-01,buy,PLN,200000,16976.744,-512.618,WSL030330
2026-07-01,buy,TRY,7000000,47730.767,2892.743,WSL030330
2026-07-01,buy,AED,700000,59143.519,48.362,WSL030330
2026-07-01,buy,BDT,1000000,2651.709,168.461,WSL030330
2026-07-01,buy,BHD,2080,1710.136,0,WSL030330
2026-07-01,buy,CHF,20000,7698.511,-31.391,WSL030330
2026-07-01,buy,CNY,5000,229.441,2.435,WSL030330
2026-07-01,buy,EUR,50000,17730.788,-37.23,WSL030330
2026-07-01,buy,EUR,100000,35477.088,-89.973,WSL030330
2026-07-01,buy,GBP,65000,26720.281,-12.099,WSL030330
2026-07-01,buy,INR,10000000,32520.96,1950.94,WSL030330
2026-07-01,buy,KWD,2832.75,2828.192,4.558,WSL030330
2026-07-01,buy,OMR,10000,8056.349,2.093,WSL030330
2026-07-01,buy,PHP,2000000,10073.052,810.508,WSL030330
2026-07-01,buy,SAR,1000000,82645.179,88.151,WSL030330
2026-07-01,buy,THB,4000000,37345.772,1001.108,WSL030330
2026-07-01,buy,THB,7000000,65315.789,1791.251,WSL030330
2026-07-21,buy,KWD,30000,29941.973,58.027,WSL030330
2026-07-21,buy,INR,2000000,6416.58,463.36,WSL030330
2026-07-21,buy,USD,3000000,930704.04,-1904.04,WSL030330
2026-07-18,buy,KWD,35000,34842.444,157.556,WSL030330
2026-07-18,buy,KWD,125000,124597.553,402.447,WSL030330
2026-07-18,buy,USD,2000000,620469.36,-1269.36,WSL030330
2026-07-18,buy,USD,1000000,310234.68,-634.68,WSL030330
2026-07-14,buy,GBP,50000,20798.91,-80.652,WSL030330
2026-07-14,buy,EUR,200000,70849.68,-204.732,WSL030330
2026-07-11,buy,KWD,65000,64832.797,167.203,WSL030330
2026-07-11,buy,EUR,100000,35517.9,-99.264,WSL030330
2026-07-11,buy,KWD,75000,74783.028,216.972,WSL030330
2026-07-11,buy,AED,500000,42261.58,11.52,WSL030330
2026-07-11,buy,USD,2000000,621671.82,-1271.82,WSL030330
2026-07-05,buy,KWD,50000,49919.64,80.36,WSL030330
2026-07-05,buy,USD,2000000,622442.4,-1242.4,WSL030330
2026-07-02,buy,KWD,25000,24991.945,8.055,WSL030330
2026-07-02,buy,KWD,25000,24931.694,68.306,WSL030330
2026-07-02,buy,USD,2000000,621803.05,-1303.05,WSL030330
